flat_stacks,percent_stacks,skill_stacks,speed_stacks,crit_chance_stacks,crit_damage_stacks,all_attributes_present,path_count,expected_dps,ttk_seconds
15,0,0,0,0,0,False,1,200.0,47.0
14,1,0,0,0,0,False,15,264.0,36.0
14,0,1,0,0,0,False,15,211.20000000000002,45.0
14,0,0,1,0,0,False,15,211.20000000000002,44.54545454545454
14,0,0,0,1,0,False,15,211.20000000000002,45.0
13,2,0,0,0,0,False,105,328.0,29.0
13,1,1,0,0,0,False,210,281.6,34.0
13,1,0,1,0,0,False,210,281.6,33.63636363636363
13,1,0,0,1,0,False,210,281.6,34.0
13,0,2,0,0,0,False,105,220.8,43.0
13,0,1,1,0,0,False,210,222.64000000000004,42.72727272727273
13,0,1,0,1,0,False,210,222.64000000000007,43.0
13,0,0,2,0,0,False,105,220.79999999999998,43.333333333333336
13,0,0,1,1,0,False,210,222.64000000000004,42.72727272727273
13,0,0,0,2,0,False,105,220.8,43.0
13,0,0,0,1,1,False,105,213.44000000000003,45.0
12,3,0,0,0,0,False,455,392.0,24.0
12,2,1,0,0,0,False,1365,352.00000000000006,27.0
12,2,0,1,0,0,False,1365,352.0,27.27272727272727
12,2,0,0,1,0,False,1365,352.00000000000006,27.0
12,1,2,0,0,0,False,1365,297.6,32.0
12,1,1,1,0,0,False,2730,300.08000000000004,31.818181818181817
12,1,1,0,1,0,False,2730,300.08000000000004,32.0
12,1,0,2,0,0,False,1365,297.59999999999997,31.666666666666668
12,1,0,1,1,0,False,2730,300.08000000000004,31.818181818181817
12,1,0,0,2,0,False,1365,297.6,32.0
12,1,0,0,1,1,False,1365,287.68,33.0
12,0,3,0,0,0,False,455,228.8,42.0
12,0,2,1,0,0,False,1365,232.32000000000005,40.90909090909091
12,0,2,0,1,0,False,1365,232.32000000000005,41.0
12,0,1,2,0,0,False,1365,232.32000000000002,40.833333333333336
12,0,1,1,1,0,False,2730,234.25600000000006,40.90909090909091
12,0,1,0,2,0,False,1365,232.32000000000005,41.0
12,0,1,0,1,1,False,1365,224.57600000000008,42.0
12,0,0,3,0,0,False,455,228.8,41.53846153846154
12,0,0,2,1,0,False,1365,232.32000000000002,40.833333333333336
12,0,0,1,2,0,False,1365,232.32000000000005,40.90909090909091
12,0,0,1,1,1,False,1365,224.57600000000008,42.72727272727273
12,0,0,0,3,0,False,455,228.8,42.0
12,0,0,0,2,1,False,910,232.32000000000005,41.0
12,0,0,0,1,2,False,455,214.72,44.0
11,4,0,0,0,0,False,1365,456.0,21.0
11,3,1,0,0,0,False,5460,422.40000000000003,23.0
11,3,0,1,0,0,False,5460,422.40000000000003,22.727272727272727
11,3,0,0,1,0,False,5460,422.40000000000003,23.0
11,2,2,0,0,0,False,8190,374.40000000000003,26.0
11,2,1,1,0,0,False,16380,377.5200000000001,25.454545454545453
11,2,1,0,1,0,False,16380,377.5200000000001,25.0
11,2,0,2,0,0,False,8190,374.4,25.833333333333336
11,2,0,1,1,0,False,16380,377.5200000000001,25.454545454545453
11,2,0,0,2,0,False,8190,374.40000000000003,26.0
11,2,0,0,1,1,False,8190,361.9200000000001,26.0
11,1,3,0,0,0,False,5460,312.0,31.0
11,1,2,1,0,0,False,16380,316.8,29.999999999999996
11,1,2,0,1,0,False,16380,316.80000000000007,30.0
11,1,1,2,0,0,False,16380,316.8,30.0
11,1,1,1,1,0,False,32760,319.44000000000005,29.999999999999996
11,1,1,0,2,0,False,16380,316.8,30.0
11,1,1,0,1,1,False,16380,306.24000000000007,31.0
11,1,0,3,0,0,False,5460,312.0,30.769230769230766
11,1,0,2,1,0,False,16380,316.8,30.0
11,1,0,1,2,0,False,16380,316.8,29.999999999999996
11,1,0,1,1,1,False,16380,306.24000000000007,30.909090909090907
11,1,0,0,3,0,False,5460,312.0,31.0
11,1,0,0,2,1,False,10920,316.8,30.0
11,1,0,0,1,2,False,5460,292.8,33.0
11,0,4,0,0,0,False,1365,235.20000000000002,40.0
11,0,3,1,0,0,False,5460,240.24000000000004,40.0
11,0,3,0,1,0,False,5460,240.24,40.0
11,0,2,2,0,0,False,8190,241.92000000000002,39.16666666666667
11,0,2,1,1,0,False,16380,243.93600000000006,39.090909090909086
11,0,2,0,2,0,False,8190,241.92,39.0
11,0,2,0,1,1,False,8190,233.85600000000005,41.0
11,0,1,3,0,0,False,5460,240.24000000000007,39.230769230769226
11,0,1,2,1,0,False,16380,243.93600000000006,39.16666666666667
11,0,1,1,2,0,False,16380,243.93600000000006,39.090909090909086
11,0,1,1,1,1,False,16380,235.8048000000001,40.0
11,0,1,0,3,0,False,5460,240.24000000000007,40.0
11,0,1,0,2,1,False,10920,243.93600000000006,39.0
11,0,1,0,1,2,False,5460,225.45600000000005,42.0
11,0,0,4,0,0,False,1365,235.2,40.0
11,0,0,3,1,0,False,5460,240.24000000000007,39.230769230769226
11,0,0,2,2,0,False,8190,241.92000000000002,39.16666666666667
11,0,0,2,1,1,False,8190,233.85600000000002,40.833333333333336
11,0,0,1,3,0,False,5460,240.24000000000004,40.0
11,0,0,1,2,1,False,10920,243.936,39.090909090909086
11,0,0,1,1,2,False,5460,225.45600000000002,41.81818181818181
11,0,0,0,4,0,False,1365,235.20000000000002,40.0
11,0,0,0,3,1,False,4095,248.64000000000001,38.0
11,0,0,0,2,2,False,4095,241.92,39.0
11,0,0,0,1,3,False,1365,215.04000000000002,44.0
10,5,0,0,0,0,False,3003,520.0,19.0
10,4,1,0,0,0,False,15015,492.8,20.0
10,4,0,1,0,0,False,15015,492.80000000000007,19.09090909090909
10,4,0,0,1,0,False,15015,492.8,20.0
10,3,2,0,0,0,False,30030,451.20000000000005,21.0
10,3,1,1,0,0,False,60060,454.96000000000004,20.909090909090907
10,3,1,0,1,0,False,60060,454.96000000000004,21.0
10,3,0,2,0,0,False,30030,451.2,20.833333333333336
10,3,0,1,1,0,False,60060,454.96000000000004,20.909090909090907
10,3,0,0,2,0,False,30030,451.20000000000005,21.0
10,3,0,0,1,1,False,30030,436.1600000000001,22.0
10,2,3,0,0,0,False,30030,395.20000000000005,24.0
10,2,2,1,0,0,False,90090,401.28000000000003,23.636363636363633
10,2,2,0,1,0,False,90090,401.28000000000003,24.0
10,2,1,2,0,0,False,90090,401.2800000000001,24.166666666666668
10,2,1,1,1,0,False,180180,404.6240000000002,23.636363636363633
10,2,1,0,2,0,False,90090,401.28000000000003,24.0
10,2,1,0,1,1,False,90090,387.9040000000001,25.0
10,2,0,3,0,0,False,30030,395.2,23.846153846153847
10,2,0,2,1,0,False,90090,401.2800000000001,24.166666666666668
10,2,0,1,2,0,False,90090,401.28000000000003,23.636363636363633
10,2,0,1,1,1,False,90090,387.90400000000017,24.545454545454543
10,2,0,0,3,0,False,30030,395.20000000000005,24.0
10,2,0,0,2,1,False,60060,401.28000000000003,24.0
10,2,0,0,1,2,False,30030,370.88,26.0
10,1,4,0,0,0,False,15015,324.8,29.0
10,1,3,1,0,0,False,60060,331.76000000000005,29.09090909090909
10,1,3,0,1,0,False,60060,331.76000000000005,29.0
10,1,2,2,0,0,False,90090,334.08000000000004,28.333333333333336
10,1,2,1,1,0,False,180180,336.86400000000003,28.18181818181818
10,1,2,0,2,0,False,90090,334.08,29.0
10,1,2,0,1,1,False,90090,322.9440000000001,30.0
10,1,1,3,0,0,False,60060,331.76000000000005,28.46153846153846
10,1,1,2,1,0,False,180180,336.86400000000003,28.333333333333336
10,1,1,1,2,0,False,180180,336.86400000000003,28.18181818181818
10,1,1,1,1,1,True,180180,325.63520000000005,29.09090909090909
10,1,1,0,3,0,False,60060,331.76,29.0
10,1,1,0,2,1,False,120120,336.86400000000003,28.0
10,1,1,0,1,2,False,60060,311.34400000000005,31.0
10,1,0,4,0,0,False,15015,324.79999999999995,29.28571428571429
10,1,0,3,1,0,False,60060,331.76000000000005,28.46153846153846
10,1,0,2,2,0,False,90090,334.08000000000004,28.333333333333336
10,1,0,2,1,1,False,90090,322.9440000000001,29.166666666666668
10,1,0,1,3,0,False,60060,331.76000000000005,29.09090909090909
10,1,0,1,2,1,False,120120,336.86400000000003,28.18181818181818
10,1,0,1,1,2,False,60060,311.34400000000005,30.909090909090907
10,1,0,0,4,0,False,15015,324.8,29.0
10,1,0,0,3,1,False,45045,343.36,28.0
10,1,0,0,2,2,False,45045,334.08,29.0
10,1,0,0,1,3,False,15015,296.96,32.0
10,0,5,0,0,0,False,3003,240.0,40.0
10,0,4,1,0,0,False,15015,246.40000000000003,38.18181818181818
10,0,4,0,1,0,False,15015,246.4,39.0
10,0,3,2,0,0,False,30030,249.6,38.333333333333336
10,0,3,1,1,0,False,60060,251.68000000000004,38.18181818181818
10,0,3,0,2,0,False,30030,249.60000000000002,38.0
10,0,3,0,1,1,False,30030,241.28000000000003,39.0
10,0,2,3,0,0,False,30030,249.60000000000002,37.69230769230769
10,0,2,2,1,0,False,90090,253.44,37.5
10,0,2,1,2,0,False,90090,253.44000000000003,37.272727272727266
10,0,2,1,1,1,False,90090,244.99200000000005,39.090909090909086
10,0,2,0,3,0,False,30030,249.60000000000002,38.0
10,0,2,0,2,1,False,60060,253.44000000000003,38.0
10,0,2,0,1,2,False,30030,234.24,41.0
10,0,1,4,0,0,False,15015,246.40000000000003,38.57142857142858
10,0,1,3,1,0,False,60060,251.68000000000006,37.69230769230769
10,0,1,2,2,0,False,90090,253.44,37.5
10,0,1,2,1,1,False,90090,244.99200000000008,39.16666666666667
10,0,1,1,3,0,False,60060,251.6800000000001,38.18181818181818
10,0,1,1,2,1,False,120120,255.55200000000008,37.272727272727266
10,0,1,1,1,2,False,60060,236.19200000000004,40.0
10,0,1,0,4,0,False,15015,246.4,39.0
10,0,1,0,3,1,False,45045,260.48,37.0
10,0,1,0,2,2,False,45045,253.44000000000003,38.0
10,0,1,0,1,3,False,15015,225.28000000000003,42.0
10,0,0,5,0,0,False,3003,240.0,39.333333333333336
10,0,0,4,1,0,False,15015,246.40000000000003,38.57142857142858
10,0,0,3,2,0,False,30030,249.60000000000002,37.69230769230769
10,0,0,3,1,1,False,30030,241.28000000000003,39.230769230769226
10,0,0,2,3,0,False,30030,249.6,38.333333333333336
10,0,0,2,2,1,False,60060,253.44,37.5
10,0,0,2,1,2,False,30030,234.24,40.833333333333336
10,0,0,1,4,0,False,15015,246.40000000000003,38.18181818181818
10,0,0,1,3,1,False,45045,260.48,36.36363636363636
10,0,0,1,2,2,False,45045,253.44000000000003,37.272727272727266
10,0,0,1,1,3,False,15015,225.28000000000003,41.81818181818181
10,0,0,0,5,0,False,3003,240.0,40.0
10,0,0,0,4,1,False,12012,262.40000000000003,36.0
10,0,0,0,3,2,False,18018,265.6,36.0
10,0,0,0,2,3,False,12012,249.60000000000002,38.0
10,0,0,0,1,4,False,3003,214.4,44.0
9,6,0,0,0,0,False,5005,584.0,17.0
9,5,1,0,0,0,False,30030,563.2,17.0
9,5,0,1,0,0,False,30030,563.2,17.27272727272727
9,5,0,0,1,0,False,30030,563.2,17.0
9,4,2,0,0,0,False,75075,528.0,18.0
9,4,1,1,0,0,False,150150,532.4000000000001,18.18181818181818
9,4,1,0,1,0,False,150150,532.4,18.0
9,4,0,2,0,0,False,75075,528.0,18.333333333333336
9,4,0,1,1,0,False,150150,532.4000000000001,18.18181818181818
9,4,0,0,2,0,False,75075,528.0,18.0
9,4,0,0,1,1,False,75075,510.4000000000001,19.0
9,3,3,0,0,0,False,100100,478.40000000000003,20.0
9,3,2,1,0,0,False,300300,485.76000000000005,20.0
9,3,2,0,1,0,False,300300,485.76000000000005,20.0
9,3,1,2,0,0,False,300300,485.76000000000005,20.0
9,3,1,1,1,0,False,600600,489.8080000000002,20.0
9,3,1,0,2,0,False,300300,485.76000000000005,20.0
9,3,1,0,1,1,False,300300,469.56800000000015,21.0
9,3,0,3,0,0,False,100100,478.40000000000003,20.0
9,3,0,2,1,0,False,300300,485.76000000000005,20.0
9,3,0,1,2,0,False,300300,485.76000000000005,20.0
9,3,0,1,1,1,False,300300,469.5680000000001,20.909090909090907
9,3,0,0,3,0,False,100100,478.40000000000003,20.0
9,3,0,0,2,1,False,200200,485.76000000000005,20.0
9,3,0,0,1,2,False,100100,448.96,21.0
9,2,4,0,0,0,False,75075,414.40000000000003,23.0
9,2,3,1,0,0,False,300300,423.28000000000003,22.727272727272727
9,2,3,0,1,0,False,300300,423.28000000000003,23.0
9,2,2,2,0,0,False,450450,426.24000000000007,22.5
9,2,2,1,1,0,False,900900,429.7920000000001,22.727272727272727
9,2,2,0,2,0,False,450450,426.24,23.0
9,2,2,0,1,1,False,450450,412.0320000000001,23.0
9,2,1,3,0,0,False,300300,423.28000000000014,22.307692307692307
9,2,1,2,1,0,False,900900,429.7920000000001,22.5
9,2,1,1,2,0,False,900900,429.7920000000001,22.727272727272727
9,2,1,1,1,1,True,900900,415.46560000000017,22.727272727272727
9,2,1,0,3,0,False,300300,423.28000000000014,23.0
9,2,1,0,2,1,False,600600,429.79200000000014,22.0
9,2,1,0,1,2,False,300300,397.2320000000001,24.0
9,2,0,4,0,0,False,75075,414.4,22.857142857142858
9,2,0,3,1,0,False,300300,423.28000000000014,22.307692307692307
9,2,0,2,2,0,False,450450,426.24000000000007,22.5
9,2,0,2,1,1,False,450450,412.0320000000001,23.333333333333336
9,2,0,1,3,0,False,300300,423.28000000000003,22.727272727272727
9,2,0,1,2,1,False,600600,429.7920000000001,22.727272727272727
9,2,0,1,1,2,False,300300,397.232,24.545454545454543
9,2,0,0,4,0,False,75075,414.40000000000003,23.0
9,2,0,0,3,1,False,225225,438.08000000000004,22.0
9,2,0,0,2,2,False,225225,426.24,23.0
9,2,0,0,1,3,False,75075,378.88000000000005,25.0
9,1,5,0,0,0,False,30030,336.0,28.0
9,1,4,1,0,0,False,150150,344.96000000000004,27.27272727272727
9,1,4,0,1,0,False,150150,344.96000000000004,28.0
9,1,3,2,0,0,False,300300,349.44,27.5
9,1,3,1,1,0,False,600600,352.3520000000001,27.27272727272727
9,1,3,0,2,0,False,300300,349.44000000000005,27.0
9,1,3,0,1,1,False,300300,337.7920000000001,28.0
9,1,2,3,0,0,False,300300,349.44000000000005,26.923076923076923
9,1,2,2,1,0,False,900900,354.816,26.666666666666668
9,1,2,1,2,0,False,900900,354.81600000000003,27.27272727272727
9,1,2,1,1,1,True,900900,342.9888000000001,28.18181818181818
9,1,2,0,3,0,False,300300,349.44000000000005,27.0
9,1,2,0,2,1,False,600600,354.81600000000003,27.0
9,1,2,0,1,2,False,300300,327.93600000000004,29.0
9,1,1,4,0,0,False,150150,344.96,27.857142857142858
9,1,1,3,1,0,False,600600,352.35200000000003,26.923076923076923
9,1,1,2,2,0,False,900900,354.816,26.666666666666668
9,1,1,2,1,1,True,900900,342.9888,27.5
9,1,1,1,3,0,False,600600,352.3520000000001,27.27272727272727
9,1,1,1,2,1,True,1201200,357.7728000000001,26.36363636363636
9,1,1,1,1,2,True,600600,330.66880000000003,29.09090909090909
9,1,1,0,4,0,False,150150,344.96000000000004,28.0
9,1,1,0,3,1,False,450450,364.672,26.0
9,1,1,0,2,2,False,450450,354.81600000000003,27.0
9,1,1,0,1,3,False,150150,315.39200000000005,30.0
9,1,0,5,0,0,False,30030,336.0,28.0
9,1,0,4,1,0,False,150150,344.96,27.857142857142858
9,1,0,3,2,0,False,300300,349.44000000000005,26.923076923076923
9,1,0,3,1,1,False,300300,337.79200000000014,28.46153846153846
9,1,0,2,3,0,False,300300,349.44,27.5
9,1,0,2,2,1,False,600600,354.816,26.666666666666668
9,1,0,2,1,2,False,300300,327.936,29.166666666666668
9,1,0,1,4,0,False,150150,344.96000000000004,27.27272727272727
9,1,0,1,3,1,False,450450,364.672,26.36363636363636
9,1,0,1,2,2,False,450450,354.81600000000003,27.27272727272727
9,1,0,1,1,3,False,150150,315.39200000000005,29.999999999999996
9,1,0,0,5,0,False,30030,336.0,28.0
9,1,0,0,4,1,False,120120,367.36000000000007,26.0
9,1,0,0,3,2,False,180180,371.8400000000001,26.0
9,1,0,0,2,3,False,120120,349.44000000000005,27.0
9,1,0,0,1,4,False,30030,300.16,32.0
9,0,6,0,0,0,False,5005,243.20000000000002,39.0
9,0,5,1,0,0,False,30030,250.8,38.18181818181818
9,0,5,0,1,0,False,30030,250.8,38.0
9,0,4,2,0,0,False,75075,255.36,37.5
9,0,4,1,1,0,False,150150,257.48800000000006,37.272727272727266
9,0,4,0,2,0,False,75075,255.36,37.0
9,0,4,0,1,1,False,75075,246.84800000000007,39.0
9,0,3,3,0,0,False,100100,256.88000000000005,36.92307692307692
9,0,3,2,1,0,False,300300,260.83200000000005,36.66666666666667
9,0,3,1,2,0,False,300300,260.83200000000005,36.36363636363636
9,0,3,1,1,1,False,300300,252.13760000000005,38.18181818181818
9,0,3,0,3,0,False,100100,256.88000000000005,37.0
9,0,3,0,2,1,False,200200,260.83200000000005,37.0
9,0,3,0,1,2,False,100100,241.072,39.0
9,0,2,4,0,0,False,75075,255.35999999999999,37.142857142857146
9,0,2,3,1,0,False,300300,260.83200000000005,36.15384615384615
9,0,2,2,2,0,False,450450,262.656,35.833333333333336
9,0,2,2,1,1,False,450450,253.90080000000003,37.5
9,0,2,1,3,0,False,300300,260.83200000000005,36.36363636363636
9,0,2,1,2,1,False,600600,264.8448000000001,36.36363636363636
9,0,2,1,1,2,False,300300,244.7808,39.090909090909086
9,0,2,0,4,0,False,75075,255.36,37.0
9,0,2,0,3,1,False,225225,269.952,35.0
9,0,2,0,2,2,False,225225,262.656,36.0
9,0,2,0,1,3,False,75075,233.47200000000004,41.0
9,0,1,5,0,0,False,30030,250.80000000000007,38.0
9,0,1,4,1,0,False,150150,257.4880000000001,37.142857142857146
9,0,1,3,2,0,False,300300,260.83200000000005,36.15384615384615
9,0,1,3,1,1,False,300300,252.13760000000008,37.69230769230769
9,0,1,2,3,0,False,300300,260.83200000000005,36.66666666666667
9,0,1,2,2,1,False,600600,264.8448000000001,35.833333333333336
9,0,1,2,1,2,False,300300,244.78080000000003,39.16666666666667
9,0,1,1,4,0,False,150150,257.48800000000006,37.272727272727266
9,0,1,1,3,1,False,450450,272.2016000000001,34.54545454545454
9,0,1,1,2,2,False,450450,264.8448000000001,36.36363636363636
9,0,1,1,1,3,False,150150,235.41760000000008,40.0
9,0,1,0,5,0,False,30030,250.80000000000007,38.0
9,0,1,0,4,1,False,120120,274.208,35.0
9,0,1,0,3,2,False,180180,277.5520000000001,34.0
9,0,1,0,2,3,False,120120,260.83200000000005,37.0
9,0,1,0,1,4,False,30030,224.04800000000006,42.0
9,0,0,6,0,0,False,5005,243.20000000000002,38.75
9,0,0,5,1,0,False,30030,250.80000000000007,38.0
9,0,0,4,2,0,False,75075,255.35999999999999,37.142857142857146
9,0,0,4,1,1,False,75075,246.84800000000004,38.57142857142858
9,0,0,3,3,0,False,100100,256.88000000000005,36.92307692307692
9,0,0,3,2,1,False,200200,260.83200000000005,36.15384615384615
9,0,0,3,1,2,False,100100,241.072,39.230769230769226
9,0,0,2,4,0,False,75075,255.36,37.5
9,0,0,2,3,1,False,225225,269.952,35.0
9,0,0,2,2,2,False,225225,262.656,35.833333333333336
9,0,0,2,1,3,False,75075,233.47200000000004,40.833333333333336
9,0,0,1,5,0,False,30030,250.8,38.18181818181818
9,0,0,1,4,1,False,120120,274.208,34.54545454545454
9,0,0,1,3,2,False,180180,277.5520000000001,34.54545454545454
9,0,0,1,2,3,False,120120,260.83200000000005,36.36363636363636
9,0,0,1,1,4,False,30030,224.04800000000006,42.72727272727273
9,0,0,0,6,0,False,5005,228.0,42.0
9,0,0,0,5,1,False,25025,273.6,35.0
9,0,0,0,4,2,False,50050,285.76000000000005,33.0
9,0,0,0,3,3,False,50050,279.68,34.0
9,0,0,0,2,4,False,25025,255.36000000000004,37.0
9,0,0,0,1,5,False,5005,212.8,45.0
8,7,0,0,0,0,False,6435,648.0000000000001,15.0
8,6,1,0,0,0,False,45045,633.6000000000001,15.0
8,6,0,1,0,0,False,45045,633.6,15.454545454545453
8,6,0,0,1,0,False,45045,633.6000000000001,15.0
8,5,2,0,0,0,False,135135,604.8000000000001,16.0
8,5,1,1,0,0,False,270270,609.84,15.454545454545453
8,5,1,0,1,0,False,270270,609.84,16.0
8,5,0,2,0,0,False,135135,604.8,15.833333333333334
8,5,0,1,1,0,False,270270,609.84,15.454545454545453
8,5,0,0,2,0,False,135135,604.8000000000001,16.0
8,5,0,0,1,1,False,135135,584.6400000000001,17.0
8,4,3,0,0,0,False,225225,561.6,17.0
8,4,2,1,0,0,False,675675,570.24,17.27272727272727
8,4,2,0,1,0,False,675675,570.2400000000001,17.0
8,4,1,2,0,0,False,675675,570.24,16.666666666666668
8,4,1,1,1,0,False,1351350,574.9920000000002,16.363636363636363
8,4,1,0,2,0,False,675675,570.24,17.0
8,4,1,0,1,1,False,675675,551.2320000000001,18.0
8,4,0,3,0,0,False,225225,561.6,16.923076923076923
8,4,0,2,1,0,False,675675,570.24,16.666666666666668
8,4,0,1,2,0,False,675675,570.24,17.27272727272727
8,4,0,1,1,1,False,675675,551.2320000000002,17.27272727272727
8,4,0,0,3,0,False,225225,561.6,17.0
8,4,0,0,2,1,False,450450,570.2400000000001,17.0
8,4,0,0,1,2,False,225225,527.04,18.0
8,3,4,0,0,0,False,225225,504.0,19.0
8,3,3,1,0,0,False,900900,514.8000000000001,19.09090909090909
8,3,3,0,1,0,False,900900,514.8000000000001,19.0
8,3,2,2,0,0,False,1351350,518.4,18.333333333333336
8,3,2,1,1,0,False,2702700,522.7200000000001,18.18181818181818
8,3,2,0,2,0,False,1351350,518.4,19.0
8,3,2,0,1,1,False,1351350,501.1200000000001,19.0
8,3,1,3,0,0,False,900900,514.8000000000001,18.46153846153846
8,3,1,2,1,0,False,2702700,522.7200000000001,18.333333333333336
8,3,1,1,2,0,False,2702700,522.7200000000001,18.18181818181818
8,3,1,1,1,1,True,2702700,505.29600000000016,19.09090909090909
8,3,1,0,3,0,False,900900,514.8000000000001,19.0
8,3,1,0,2,1,False,1801800,522.7200000000001,18.0
8,3,1,0,1,2,False,900900,483.1200000000001,20.0
8,3,0,4,0,0,False,225225,503.99999999999994,19.28571428571429
8,3,0,3,1,0,False,900900,514.8000000000001,18.46153846153846
8,3,0,2,2,0,False,1351350,518.4,18.333333333333336
8,3,0,2,1,1,False,1351350,501.1200000000001,19.166666666666668
8,3,0,1,3,0,False,900900,514.8000000000001,19.09090909090909
8,3,0,1,2,1,False,1801800,522.7200000000001,18.18181818181818
8,3,0,1,1,2,False,900900,483.12000000000006,20.0
8,3,0,0,4,0,False,225225,504.0,19.0
8,3,0,0,3,1,False,675675,532.8000000000001,18.0
8,3,0,0,2,2,False,675675,518.4,19.0
8,3,0,0,1,3,False,225225,460.8,21.0
8,2,5,0,0,0,False,135135,432.0,22.0
8,2,4,1,0,0,False,675675,443.52000000000004,21.818181818181817
8,2,4,0,1,0,False,675675,443.52,22.0
8,2,3,2,0,0,False,1351350,449.28000000000003,21.666666666666668
8,2,3,1,1,0,False,2702700,453.0240000000001,20.909090909090907
8,2,3,0,2,0,False,1351350,449.28000000000003,21.0
8,2,3,0,1,1,False,1351350,434.3040000000001,22.0
8,2,2,3,0,0,False,1351350,449.28000000000003,21.538461538461537
8,2,2,2,1,0,False,4054050,456.19200000000006,20.833333333333336
8,2,2,1,2,0,False,4054050,456.19200000000006,20.909090909090907
8,2,2,1,1,1,True,4054050,440.9856000000001,21.818181818181817
8,2,2,0,3,0,False,1351350,449.28000000000003,21.0
8,2,2,0,2,1,False,2702700,456.192,21.0
8,2,2,0,1,2,False,1351350,421.632,23.0
8,2,1,4,0,0,False,675675,443.5200000000001,21.42857142857143
8,2,1,3,1,0,False,2702700,453.0240000000001,20.76923076923077
8,2,1,2,2,0,False,4054050,456.19200000000006,20.833333333333336
8,2,1,2,1,1,True,4054050,440.98560000000015,21.666666666666668
8,2,1,1,3,0,False,2702700,453.0240000000001,20.909090909090907
8,2,1,1,2,1,True,5405400,459.9936000000002,20.909090909090907
8,2,1,1,1,2,True,2702700,425.1456000000001,22.727272727272727
8,2,1,0,4,0,False,675675,443.5200000000001,22.0
8,2,1,0,3,1,False,2027025,468.86400000000003,21.0
8,2,1,0,2,2,False,2027025,456.192,21.0
8,2,1,0,1,3,False,675675,405.50400000000013,24.0
8,2,0,5,0,0,False,135135,432.0,22.0
8,2,0,4,1,0,False,675675,443.5200000000001,21.42857142857143
8,2,0,3,2,0,False,1351350,449.28000000000003,21.538461538461537
8,2,0,3,1,1,False,1351350,434.3040000000001,22.307692307692307
8,2,0,2,3,0,False,1351350,449.28000000000003,21.666666666666668
8,2,0,2,2,1,False,2702700,456.19200000000006,20.833333333333336
8,2,0,2,1,2,False,1351350,421.632,22.5
8,2,0,1,4,0,False,675675,443.52000000000004,21.818181818181817
8,2,0,1,3,1,False,2027025,468.86400000000003,20.909090909090907
8,2,0,1,2,2,False,2027025,456.19200000000006,20.909090909090907
8,2,0,1,1,3,False,675675,405.5040000000001,23.636363636363633
8,2,0,0,5,0,False,135135,432.0,22.0
8,2,0,0,4,1,False,540540,472.3200000000001,20.0
8,2,0,0,3,2,False,810810,478.08000000000004,20.0
8,2,0,0,2,3,False,540540,449.28000000000003,21.0
8,2,0,0,1,4,False,135135,385.9200000000001,25.0
8,1,6,0,0,0,False,45045,345.6,28.0
8,1,5,1,0,0,False,270270,356.40000000000003,27.27272727272727
8,1,5,0,1,0,False,270270,356.4000000000001,27.0
8,1,4,2,0,0,False,675675,362.88000000000005,26.666666666666668
8,1,4,1,1,0,False,1351350,365.90400000000005,26.36363636363636
8,1,4,0,2,0,False,675675,362.88,26.0
8,1,4,0,1,1,False,675675,350.7840000000001,27.0
8,1,3,3,0,0,False,900900,365.04,26.153846153846153
8,1,3,2,1,0,False,2702700,370.65600000000006,25.833333333333336
8,1,3,1,2,0,False,2702700,370.65600000000006,25.454545454545453
8,1,3,1,1,1,True,2702700,358.3008000000001,26.36363636363636
8,1,3,0,3,0,False,900900,365.04,26.0
8,1,3,0,2,1,False,1801800,370.65600000000006,26.0
8,1,3,0,1,2,False,900900,342.576,28.0
8,1,2,4,0,0,False,675675,362.87999999999994,26.42857142857143
8,1,2,3,1,0,False,2702700,370.6560000000001,25.384615384615383
8,1,2,2,2,0,False,4054050,373.248,25.833333333333336
8,1,2,2,1,1,True,4054050,360.8064,26.666666666666668
8,1,2,1,3,0,False,2702700,370.65600000000006,25.454545454545453
8,1,2,1,2,1,True,5405400,376.3584,25.454545454545453
8,1,2,1,1,2,True,2702700,347.8464,27.27272727272727
8,1,2,0,4,0,False,675675,362.88,26.0
8,1,2,0,3,1,False,2027025,383.616,25.0
8,1,2,0,2,2,False,2027025,373.24800000000005,26.0
8,1,2,0,1,3,False,675675,331.77600000000007,29.0
8,1,1,5,0,0,False,270270,356.40000000000003,26.666666666666668
8,1,1,4,1,0,False,1351350,365.90400000000005,25.714285714285715
8,1,1,3,2,0,False,2702700,370.656,25.384615384615383
8,1,1,3,1,1,True,2702700,358.3008000000001,26.923076923076923
8,1,1,2,3,0,False,2702700,370.65600000000006,25.833333333333336
8,1,1,2,2,1,True,5405400,376.3584000000001,25.0
8,1,1,2,1,2,True,2702700,347.8464,27.5
8,1,1,1,4,0,False,1351350,365.904,26.36363636363636
8,1,1,1,3,1,True,4054050,386.81280000000004,24.545454545454543
8,1,1,1,2,2,True,4054050,376.3584,25.454545454545453
8,1,1,1,1,3,True,1351350,334.54080000000005,28.18181818181818
8,1,1,0,5,0,False,270270,356.40000000000003,27.0
8,1,1,0,4,1,False,1081080,389.66400000000004,25.0
8,1,1,0,3,2,False,1621620,394.41600000000005,24.0
8,1,1,0,2,3,False,1081080,370.656,26.0
8,1,1,0,1,4,False,270270,318.384,30.0
8,1,0,6,0,0,False,45045,345.6,27.5
8,1,0,5,1,0,False,270270,356.40000000000003,26.666666666666668
8,1,0,4,2,0,False,675675,362.87999999999994,26.42857142857143
8,1,0,4,1,1,False,675675,350.78400000000005,27.142857142857146
8,1,0,3,3,0,False,900900,365.04,26.153846153846153
8,1,0,3,2,1,False,1801800,370.6560000000001,25.384615384615383
8,1,0,3,1,2,False,900900,342.57599999999996,27.69230769230769
8,1,0,2,4,0,False,675675,362.88000000000005,26.666666666666668
8,1,0,2,3,1,False,2027025,383.61600000000004,25.0
8,1,0,2,2,2,False,2027025,373.248,25.833333333333336
8,1,0,2,1,3,False,675675,331.776,28.333333333333336
8,1,0,1,5,0,False,270270,356.40000000000003,27.27272727272727
8,1,0,1,4,1,False,1081080,389.66400000000004,24.545454545454543
8,1,0,1,3,2,False,1621620,394.4160000000001,24.545454545454543
8,1,0,1,2,3,False,1081080,370.65600000000006,25.454545454545453
8,1,0,1,1,4,False,270270,318.384,29.999999999999996
8,1,0,0,6,0,False,45045,324.0,30.0
8,1,0,0,5,1,False,225225,388.8,25.0
8,1,0,0,4,2,False,450450,406.08000000000004,24.0
8,1,0,0,3,3,False,450450,397.44000000000005,24.0
8,1,0,0,2,4,False,225225,362.88000000000005,26.0
8,1,0,0,1,5,False,45045,302.40000000000003,32.0
8,0,7,0,0,0,False,6435,244.80000000000007,39.0
8,0,6,1,0,0,False,45045,253.44000000000003,37.272727272727266
8,0,6,0,1,0,False,45045,253.44000000000003,38.0
8,0,5,2,0,0,False,135135,259.2,36.66666666666667
8,0,5,1,1,0,False,270270,261.36000000000007,36.36363636363636
8,0,5,0,2,0,False,135135,259.2,37.0
8,0,5,0,1,1,False,135135,250.56000000000006,38.0
8,0,4,3,0,0,False,225225,262.08,36.15384615384615
8,0,4,2,1,0,False,675675,266.11199999999997,35.833333333333336
8,0,4,1,2,0,False,675675,266.112,35.45454545454545
8,0,4,1,1,1,False,675675,257.2416,37.272727272727266
8,0,4,0,3,0,False,225225,262.08,36.0
8,0,4,0,2,1,False,450450,266.112,36.0
8,0,4,0,1,2,False,225225,245.95199999999997,39.0
8,0,3,4,0,0,False,225225,262.08,36.42857142857143
8,0,3,3,1,0,False,900900,267.6960000000001,35.38461538461539
8,0,3,2,2,0,False,1351350,269.568,35.0
8,0,3,2,1,1,False,1351350,260.58240000000006,36.66666666666667
8,0,3,1,3,0,False,900900,267.696,35.45454545454545
8,0,3,1,2,1,False,1801800,271.81440000000003,35.45454545454545
8,0,3,1,1,2,False,900900,251.22240000000005,38.18181818181818
8,0,3,0,4,0,False,225225,262.08,36.0
8,0,3,0,3,1,False,675675,277.056,34.0
8,0,3,0,2,2,False,675675,269.568,35.0
8,0,3,0,1,3,False,225225,239.61599999999999,40.0
8,0,2,5,0,0,False,135135,259.20000000000005,36.666666666666664
8,0,2,4,1,0,False,675675,266.112,35.714285714285715
8,0,2,3,2,0,False,1351350,269.56800000000004,35.38461538461539
8,0,2,3,1,1,False,1351350,260.58240000000006,36.15384615384615
8,0,2,2,3,0,False,1351350,269.568,35.0
8,0,2,2,2,1,False,2702700,273.7152,35.0
8,0,2,2,1,2,False,1351350,252.9792,37.5
8,0,2,1,4,0,False,675675,266.112,35.45454545454545
8,0,2,1,3,1,False,2027025,281.31840000000005,33.63636363636363
8,0,2,1,2,2,False,2027025,273.71520000000004,34.54545454545454
8,0,2,1,1,3,False,675675,243.30240000000003,39.090909090909086
8,0,2,0,5,0,False,135135,259.2,37.0
8,0,2,0,4,1,False,540540,283.392,34.0
8,0,2,0,3,2,False,810810,286.84800000000007,33.0
8,0,2,0,2,3,False,540540,269.56800000000004,35.0
8,0,2,0,1,4,False,135135,231.55200000000002,41.0
8,0,1,6,0,0,False,45045,253.44000000000005,37.5
8,0,1,5,1,0,False,270270,261.36000000000007,36.0
8,0,1,4,2,0,False,675675,266.112,35.714285714285715
8,0,1,4,1,1,False,675675,257.24160000000006,37.142857142857146
8,0,1,3,3,0,False,900900,267.6960000000001,35.38461538461539
8,0,1,3,2,1,False,1801800,271.8144000000001,34.61538461538461
8,0,1,3,1,2,False,900900,251.22240000000008,37.69230769230769
8,0,1,2,4,0,False,675675,266.112,35.833333333333336
8,0,1,2,3,1,False,2027025,281.3184,34.16666666666667
8,0,1,2,2,2,False,2027025,273.7152,35.0
8,0,1,2,1,3,False,675675,243.30240000000006,39.16666666666667
8,0,1,1,5,0,False,270270,261.36000000000007,36.36363636363636
8,0,1,1,4,1,False,1081080,285.7536000000001,33.63636363636363
8,0,1,1,3,2,False,1621620,289.2384000000001,32.72727272727273
8,0,1,1,2,3,False,1081080,271.8144000000001,35.45454545454545
8,0,1,1,1,4,False,270270,233.48160000000007,40.90909090909091
8,0,1,0,6,0,False,45045,237.60000000000005,40.0
8,0,1,0,5,1,False,225225,285.12000000000006,33.0
8,0,1,0,4,2,False,450450,297.7920000000001,32.0
8,0,1,0,3,3,False,450450,291.4560000000001,33.0
8,0,1,0,2,4,False,225225,266.1120000000001,36.0
8,0,1,0,1,5,False,45045,221.76000000000005,43.0
8,0,0,7,0,0,False,6435,244.8,38.8235294117647
8,0,0,6,1,0,False,45045,253.44000000000005,37.5
8,0,0,5,2,0,False,135135,259.20000000000005,36.666666666666664
8,0,0,5,1,1,False,135135,250.56000000000003,38.0
8,0,0,4,3,0,False,225225,262.08,36.42857142857143
8,0,0,4,2,1,False,450450,266.112,35.714285714285715
8,0,0,4,1,2,False,225225,245.952,38.57142857142858
8,0,0,3,4,0,False,225225,262.08,36.15384615384615
8,0,0,3,3,1,False,675675,277.05600000000004,34.61538461538461
8,0,0,3,2,2,False,675675,269.56800000000004,35.38461538461539
8,0,0,3,1,3,False,225225,239.61600000000004,39.230769230769226
8,0,0,2,5,0,False,135135,259.2,36.66666666666667
8,0,0,2,4,1,False,540540,283.39200000000005,33.333333333333336
8,0,0,2,3,2,False,810810,286.848,33.333333333333336
8,0,0,2,2,3,False,540540,269.568,35.0
8,0,0,2,1,4,False,135135,231.55200000000002,40.833333333333336
8,0,0,1,6,0,False,45045,237.60000000000002,40.0
8,0,0,1,5,1,False,225225,285.12,33.63636363636363
8,0,0,1,4,2,False,450450,297.79200000000003,31.818181818181817
8,0,0,1,3,3,False,450450,291.456,32.72727272727273
8,0,0,1,2,4,False,225225,266.1120000000001,35.45454545454545
8,0,0,1,1,5,False,45045,221.76000000000002,42.72727272727273
8,0,0,0,7,0,False,6435,216.0,44.0
8,0,0,0,6,1,False,38610,259.2,37.0
8,0,0,0,5,2,False,96525,302.40000000000003,32.0
8,0,0,0,4,3,False,128700,305.28000000000003,31.0
8,0,0,0,3,4,False,96525,290.88000000000005,33.0
8,0,0,0,2,5,False,38610,259.2,37.0
8,0,0,0,1,6,False,6435,210.24,45.0
7,8,0,0,0,0,False,6435,712.0,14.0
7,7,1,0,0,0,False,51480,704.0000000000002,14.0
7,7,0,1,0,0,False,51480,704.0000000000002,13.636363636363635
7,7,0,0,1,0,False,51480,704.0000000000002,14.0
7,6,2,0,0,0,False,180180,681.6,14.0
7,6,1,1,0,0,False,360360,687.2800000000002,14.545454545454545
7,6,1,0,1,0,False,360360,687.2800000000002,14.0
7,6,0,2,0,0,False,180180,681.6,14.166666666666668
7,6,0,1,1,0,False,360360,687.2800000000002,14.545454545454545
7,6,0,0,2,0,False,180180,681.6,14.0
7,6,0,0,1,1,False,180180,658.8800000000001,15.0
7,5,3,0,0,0,False,360360,644.8000000000001,15.0
7,5,2,1,0,0,False,1081080,654.7200000000001,14.545454545454545
7,5,2,0,1,0,False,1081080,654.7200000000001,15.0
7,5,1,2,0,0,False,1081080,654.72,15.0
7,5,1,1,1,0,False,2162160,660.1760000000002,14.545454545454545
7,5,1,0,2,0,False,1081080,654.72,15.0
7,5,1,0,1,1,False,1081080,632.8960000000002,15.0
7,5,0,3,0,0,False,360360,644.8000000000001,14.615384615384615
7,5,0,2,1,0,False,1081080,654.72,15.0
7,5,0,1,2,0,False,1081080,654.7200000000001,14.545454545454545
7,5,0,1,1,1,False,1081080,632.8960000000001,15.454545454545453
7,5,0,0,3,0,False,360360,644.8000000000001,15.0
7,5,0,0,2,1,False,720720,654.7200000000001,15.0
7,5,0,0,1,2,False,360360,605.12,16.0
7,4,4,0,0,0,False,450450,593.6,16.0
7,4,3,1,0,0,False,1801800,606.32,16.363636363636363
7,4,3,0,1,0,False,1801800,606.32,16.0
7,4,2,2,0,0,False,2702700,610.56,15.833333333333334
7,4,2,1,1,0,False,5405400,615.6480000000001,15.454545454545453
7,4,2,0,2,0,False,2702700,610.56,16.0
7,4,2,0,1,1,False,2702700,590.2080000000001,16.0
7,4,1,3,0,0,False,1801800,606.32,16.153846153846153
7,4,1,2,1,0,False,5405400,615.648,15.833333333333334
7,4,1,1,2,0,False,5405400,615.6480000000001,15.454545454545453
7,4,1,1,1,1,True,5405400,595.1264000000002,16.363636363636363
7,4,1,0,3,0,False,1801800,606.32,16.0
7,4,1,0,2,1,False,3603600,615.6480000000001,16.0
7,4,1,0,1,2,False,1801800,569.008,17.0
7,4,0,4,0,0,False,450450,593.5999999999999,16.42857142857143
7,4,0,3,1,0,False,1801800,606.32,16.153846153846153
7,4,0,2,2,0,False,2702700,610.56,15.833333333333334
7,4,0,2,1,1,False,2702700,590.2080000000001,16.666666666666668
7,4,0,1,3,0,False,1801800,606.32,16.363636363636363
7,4,0,1,2,1,False,3603600,615.6480000000001,15.454545454545453
7,4,0,1,1,2,False,1801800,569.0080000000002,17.27272727272727
7,4,0,0,4,0,False,450450,593.6,16.0
7,4,0,0,3,1,False,1351350,627.52,15.0
7,4,0,0,2,2,False,1351350,610.56,16.0
7,4,0,0,1,3,False,450450,542.72,18.0
7,3,5,0,0,0,False,360360,528.0,18.0
7,3,4,1,0,0,False,1801800,542.08,18.18181818181818
7,3,4,0,1,0,False,1801800,542.08,18.0
7,3,3,2,0,0,False,3603600,549.12,17.5
7,3,3,1,1,0,False,7207200,553.6960000000001,17.27272727272727
7,3,3,0,2,0,False,3603600,549.12,18.0
7,3,3,0,1,1,False,3603600,530.8160000000001,18.0
7,3,2,3,0,0,False,3603600,549.1200000000001,17.692307692307693
7,3,2,2,1,0,False,10810800,557.5680000000001,17.5
7,3,2,1,2,0,False,10810800,557.5680000000001,17.27272727272727
7,3,2,1,1,1,True,10810800,538.9824000000001,18.18181818181818
7,3,2,0,3,0,False,3603600,549.12,18.0
7,3,2,0,2,1,False,7207200,557.5680000000001,17.0
7,3,2,0,1,2,False,3603600,515.328,19.0
7,3,1,4,0,0,False,1801800,542.08,17.857142857142858
7,3,1,3,1,0,False,7207200,553.6960000000001,17.692307692307693
7,3,1,2,2,0,False,10810800,557.5680000000001,17.5
7,3,1,2,1,1,True,10810800,538.9824000000002,17.5
7,3,1,1,3,0,False,7207200,553.6960000000001,17.27272727272727
7,3,1,1,2,1,True,14414400,562.2144000000002,17.27272727272727
7,3,1,1,1,2,True,7207200,519.6224000000001,18.18181818181818
7,3,1,0,4,0,False,1801800,542.08,18.0
7,3,1,0,3,1,False,5405400,573.056,17.0
7,3,1,0,2,2,False,5405400,557.5680000000001,17.0
7,3,1,0,1,3,False,1801800,495.6160000000001,19.0
7,3,0,5,0,0,False,360360,528.0,18.0
7,3,0,4,1,0,False,1801800,542.08,17.857142857142858
7,3,0,3,2,0,False,3603600,549.1200000000001,17.692307692307693
7,3,0,3,1,1,False,3603600,530.8160000000001,18.46153846153846
7,3,0,2,3,0,False,3603600,549.12,17.5
7,3,0,2,2,1,False,7207200,557.5680000000001,17.5
7,3,0,2,1,2,False,3603600,515.328,18.333333333333336
7,3,0,1,4,0,False,1801800,542.08,18.18181818181818
7,3,0,1,3,1,False,5405400,573.056,17.27272727272727
7,3,0,1,2,2,False,5405400,557.5680000000001,17.27272727272727
7,3,0,1,1,3,False,1801800,495.6160000000001,19.09090909090909
7,3,0,0,5,0,False,360360,528.0,18.0
7,3,0,0,4,1,False,1441440,577.2800000000001,17.0
7,3,0,0,3,2,False,2162160,584.32,17.0
7,3,0,0,2,3,False,1441440,549.12,18.0
7,3,0,0,1,4,False,360360,471.68000000000006,20.0
7,2,6,0,0,0,False,180180,448.0,21.0
7,2,5,1,0,0,False,1081080,462.00000000000006,20.909090909090907
7,2,5,0,1,0,False,1081080,462.0,21.0
7,2,4,2,0,0,False,2702700,470.4,20.0
7,2,4,1,1,0,False,5405400,474.3200000000001,20.0
7,2,4,0,2,0,False,2702700,470.3999999999999,20.0
7,2,4,0,1,1,False,2702700,454.72,21.0
7,2,3,3,0,0,False,3603600,473.2,20.0
7,2,3,2,1,0,False,10810800,480.4800000000001,20.0
7,2,3,1,2,0,False,10810800,480.4800000000001,20.0
7,2,3,1,1,1,True,10810800,464.4640000000001,20.909090909090907
7,2,3,0,3,0,False,3603600,473.20000000000005,20.0
7,2,3,0,2,1,False,7207200,480.48,20.0
7,2,3,0,1,2,False,3603600,444.08000000000004,22.0
7,2,2,4,0,0,False,2702700,470.4,20.0
7,2,2,3,1,0,False,10810800,480.48000000000013,20.0
7,2,2,2,2,0,False,16216200,483.84000000000003,20.0
7,2,2,2,1,1,True,16216200,467.71200000000005,20.833333333333336
7,2,2,1,3,0,False,10810800,480.4800000000001,20.0
7,2,2,1,2,1,True,21621600,487.872,20.0
7,2,2,1,1,2,True,10810800,450.91200000000003,20.909090909090907
7,2,2,0,4,0,False,2702700,470.40000000000003,20.0
7,2,2,0,3,1,False,8108100,497.28000000000003,19.0
7,2,2,0,2,2,False,8108100,483.84,20.0
7,2,2,0,1,3,False,2702700,430.08000000000004,22.0
7,2,1,5,0,0,False,1081080,462.0000000000001,20.666666666666668
7,2,1,4,1,0,False,5405400,474.32000000000016,20.0
7,2,1,3,2,0,False,10810800,480.48000000000013,20.0
7,2,1,3,1,1,True,10810800,464.4640000000002,20.76923076923077
7,2,1,2,3,0,False,10810800,480.4800000000001,20.0
7,2,1,2,2,1,True,21621600,487.8720000000001,20.0
7,2,1,2,1,2,True,10810800,450.91200000000003,21.666666666666668
7,2,1,1,4,0,False,5405400,474.3200000000001,20.0
7,2,1,1,3,1,True,16216200,501.42400000000015,19.09090909090909
7,2,1,1,2,2,True,16216200,487.8720000000001,20.0
7,2,1,1,1,3,True,5405400,433.6640000000001,21.818181818181817
7,2,1,0,5,0,False,1081080,462.0000000000001,21.0
7,2,1,0,4,1,False,4324320,505.1200000000001,19.0
7,2,1,0,3,2,False,6486480,511.28000000000014,19.0
7,2,1,0,2,3,False,4324320,480.48000000000013,20.0
7,2,1,0,1,4,False,1081080,412.7200000000001,23.0
7,2,0,6,0,0,False,180180,448.0,21.25
7,2,0,5,1,0,False,1081080,462.0000000000001,20.666666666666668
7,2,0,4,2,0,False,2702700,470.4,20.0
7,2,0,4,1,1,False,2702700,454.7200000000001,20.714285714285715
7,2,0,3,3,0,False,3603600,473.2,20.0
7,2,0,3,2,1,False,7207200,480.48,20.0
7,2,0,3,1,2,False,3603600,444.08000000000004,21.538461538461537
7,2,0,2,4,0,False,2702700,470.4,20.0
7,2,0,2,3,1,False,8108100,497.28000000000003,19.166666666666668
7,2,0,2,2,2,False,8108100,483.84000000000003,20.0
7,2,0,2,1,3,False,2702700,430.08000000000004,22.5
7,2,0,1,5,0,False,1081080,462.00000000000006,20.909090909090907
7,2,0,1,4,1,False,4324320,505.1200000000001,19.09090909090909
7,2,0,1,3,2,False,6486480,511.28000000000003,19.09090909090909
7,2,0,1,2,3,False,4324320,480.4800000000001,20.0
7,2,0,1,1,4,False,1081080,412.7200000000001,23.636363636363633
7,2,0,0,6,0,False,180180,420.0,23.0
7,2,0,0,5,1,False,900900,504.0,19.0
7,2,0,0,4,2,False,1801800,526.4,18.0
7,2,0,0,3,3,False,1801800,515.2,19.0
7,2,0,0,2,4,False,900900,470.40000000000003,20.0
7,2,0,0,1,5,False,180180,392.0,24.0
7,1,7,0,0,0,False,51480,353.6000000000001,27.0
7,1,6,1,0,0,False,360360,366.08000000000004,26.36363636363636
7,1,6,0,1,0,False,360360,366.08000000000004,26.0
7,1,5,2,0,0,False,1081080,374.4,25.833333333333336
7,1,5,1,1,0,False,2162160,377.5200000000001,25.454545454545453
7,1,5,0,2,0,False,1081080,374.40000000000003,26.0
7,1,5,0,1,1,False,1081080,361.9200000000001,26.0
7,1,4,3,0,0,False,1801800,378.56,25.384615384615383
7,1,4,2,1,0,False,5405400,384.38400000000007,25.0
7,1,4,1,2,0,False,5405400,384.38400000000007,24.545454545454543
7,1,4,1,1,1,True,5405400,371.57120000000015,25.454545454545453
7,1,4,0,3,0,False,1801800,378.56,25.0
7,1,4,0,2,1,False,3603600,384.384,25.0
7,1,4,0,1,2,False,1801800,355.264,27.0
7,1,3,4,0,0,False,1801800,378.56,25.0
7,1,3,3,1,0,False,7207200,386.672,24.615384615384613
7,1,3,2,2,0,False,10810800,389.37600000000003,24.166666666666668
7,1,3,2,1,1,True,10810800,376.39680000000004,25.0
7,1,3,1,3,0,False,7207200,386.6720000000001,24.545454545454543
7,1,3,1,2,1,True,14414400,392.6208000000001,24.545454545454543
7,1,3,1,1,2,True,7207200,362.87680000000006,26.36363636363636
7,1,3,0,4,0,False,1801800,378.56,25.0
7,1,3,0,3,1,False,5405400,400.192,24.0
7,1,3,0,2,2,False,5405400,389.376,25.0
7,1,3,0,1,3,False,1801800,346.112,28.0
7,1,2,5,0,0,False,1081080,374.40000000000003,25.333333333333332
7,1,2,4,1,0,False,5405400,384.38400000000007,25.0
7,1,2,3,2,0,False,10810800,389.376,24.615384615384613
7,1,2,3,1,1,True,10810800,376.3968000000001,25.384615384615383
7,1,2,2,3,0,False,10810800,389.37600000000003,24.166666666666668
7,1,2,2,2,1,True,21621600,395.36640000000006,24.166666666666668
7,1,2,2,1,2,True,10810800,365.4144,25.833333333333336
7,1,2,1,4,0,False,5405400,384.384,24.545454545454543
7,1,2,1,3,1,True,16216200,406.34880000000004,23.636363636363633
7,1,2,1,2,2,True,16216200,395.3664,24.545454545454543
7,1,2,1,1,3,True,5405400,351.43680000000006,27.27272727272727
7,1,2,0,5,0,False,1081080,374.40000000000003,26.0
7,1,2,0,4,1,False,4324320,409.34400000000005,23.0
7,1,2,0,3,2,False,6486480,414.33600000000007,23.0
7,1,2,0,2,3,False,4324320,389.37600000000003,25.0
7,1,2,0,1,4,False,1081080,334.46400000000006,29.0
7,1,1,6,0,0,False,360360,366.08000000000004,26.25
7,1,1,5,1,0,False,2162160,377.52000000000004,25.333333333333332
7,1,1,4,2,0,False,5405400,384.38399999999996,25.0
7,1,1,4,1,1,True,5405400,371.5712000000001,25.714285714285715
7,1,1,3,3,0,False,7207200,386.672,24.615384615384613
7,1,1,3,2,1,True,14414400,392.62080000000003,24.615384615384613
7,1,1,3,1,2,True,7207200,362.87680000000006,26.153846153846153
7,1,1,2,4,0,False,5405400,384.38399999999996,25.0
7,1,1,2,3,1,True,16216200,406.34880000000004,23.333333333333336
7,1,1,2,2,2,True,16216200,395.36639999999994,24.166666666666668
7,1,1,2,1,3,True,5405400,351.43679999999995,27.5
7,1,1,1,5,0,False,2162160,377.5200000000001,25.454545454545453
7,1,1,1,4,1,True,8648640,412.75520000000006,23.636363636363633
7,1,1,1,3,2,True,12972960,417.7888000000001,22.727272727272727
7,1,1,1,2,3,True,8648640,392.6208000000001,24.545454545454543
7,1,1,1,1,4,True,2162160,337.2512000000001,28.18181818181818
7,1,1,0,6,0,False,360360,343.20000000000005,28.0
7,1,1,0,5,1,False,1801800,411.8400000000001,23.0
7,1,1,0,4,2,False,3603600,430.14400000000006,22.0
7,1,1,0,3,3,False,3603600,420.992,23.0
7,1,1,0,2,4,False,1801800,384.384,25.0
7,1,1,0,1,5,False,360360,320.32,30.0
7,1,0,7,0,0,False,51480,353.6,27.05882352941176
7,1,0,6,1,0,False,360360,366.08000000000004,26.25
7,1,0,5,2,0,False,1081080,374.40000000000003,25.333333333333332
7,1,0,5,1,1,False,1081080,361.9200000000001,26.0
7,1,0,4,3,0,False,1801800,378.56,25.0
7,1,0,4,2,1,False,3603600,384.38399999999996,25.0
7,1,0,4,1,2,False,1801800,355.26399999999995,27.142857142857146
7,1,0,3,4,0,False,1801800,378.56,25.384615384615383
7,1,0,3,3,1,False,5405400,400.19200000000006,23.846153846153847
7,1,0,3,2,2,False,5405400,389.376,24.615384615384613
7,1,0,3,1,3,False,1801800,346.112,27.69230769230769
7,1,0,2,5,0,False,1081080,374.4,25.833333333333336
7,1,0,2,4,1,False,4324320,409.34400000000005,23.333333333333336
7,1,0,2,3,2,False,6486480,414.336,23.333333333333336
7,1,0,2,2,3,False,4324320,389.37600000000003,24.166666666666668
7,1,0,2,1,4,False,1081080,334.464,28.333333333333336
7,1,0,1,6,0,False,360360,343.20000000000005,28.18181818181818
7,1,0,1,5,1,False,1801800,411.8400000000001,23.636363636363633
7,1,0,1,4,2,False,3603600,430.14400000000006,22.727272727272727
7,1,0,1,3,3,False,3603600,420.9920000000001,22.727272727272727
7,1,0,1,2,4,False,1801800,384.38400000000007,24.545454545454543
7,1,0,1,1,5,False,360360,320.32,29.999999999999996
7,1,0,0,7,0,False,51480,312.0,31.0
7,1,0,0,6,1,False,308880,374.40000000000003,26.0
7,1,0,0,5,2,False,772200,436.8,22.0
7,1,0,0,4,3,False,1029600,440.96000000000004,22.0
7,1,0,0,3,4,False,772200,420.16000000000014,23.0
7,1,0,0,2,5,False,308880,374.40000000000003,26.0
7,1,0,0,1,6,False,51480,303.68,31.0
7,0,8,0,0,0,False,6435,244.8,39.0
7,0,7,1,0,0,False,51480,254.32000000000008,37.272727272727266
7,0,7,0,1,0,False,51480,254.32000000000008,37.0
7,0,6,2,0,0,False,180180,261.12,36.66666666666667
7,0,6,1,1,0,False,360360,263.29600000000005,36.36363636363636
7,0,6,0,2,0,False,180180,261.12,36.0
7,0,6,0,1,1,False,180180,252.41600000000005,38.0
7,0,5,3,0,0,False,360360,265.2,36.15384615384615
7,0,5,2,1,0,False,1081080,269.28,35.0
7,0,5,1,2,0,False,1081080,269.28000000000003,35.45454545454545
7,0,5,1,1,1,False,1081080,260.30400000000003,36.36363636363636
7,0,5,0,3,0,False,360360,265.2,36.0
7,0,5,0,2,1,False,720720,269.28000000000003,35.0
7,0,5,0,1,2,False,360360,248.88,38.0
7,0,4,4,0,0,False,450450,266.55999999999995,35.714285714285715
7,0,4,3,1,0,False,1801800,272.27200000000005,34.61538461538461
7,0,4,2,2,0,False,2702700,274.176,35.0
7,0,4,2,1,1,False,2702700,265.03679999999997,35.833333333333336
7,0,4,1,3,0,False,1801800,272.272,34.54545454545454
7,0,4,1,2,1,False,3603600,276.4608,34.54545454545454
7,0,4,1,1,2,False,1801800,255.5168,37.272727272727266
7,0,4,0,4,0,False,450450,266.55999999999995,36.0
7,0,4,0,3,1,False,1351350,281.792,34.0
7,0,4,0,2,2,False,1351350,274.176,35.0
7,0,4,0,1,3,False,450450,243.712,39.0
7,0,3,5,0,0,False,360360,265.20000000000005,36.0
7,0,3,4,1,0,False,1801800,272.272,35.0
7,0,3,3,2,0,False,3603600,275.808,34.61538461538461
7,0,3,3,1,1,False,3603600,266.61440000000005,35.38461538461539
7,0,3,2,3,0,False,3603600,275.80800000000005,34.16666666666667
7,0,3,2,2,1,False,7207200,280.05120000000005,34.16666666666667
7,0,3,2,1,2,False,3603600,258.83520000000004,36.66666666666667
7,0,3,1,4,0,False,1801800,272.272,34.54545454545454
7,0,3,1,3,1,False,5405400,287.8304,32.72727272727273
7,0,3,1,2,2,False,5405400,280.05120000000005,33.63636363636363
7,0,3,1,1,3,False,1801800,248.9344,38.18181818181818
7,0,3,0,5,0,False,360360,265.2,36.0
7,0,3,0,4,1,False,1441440,289.95200000000006,33.0
7,0,3,0,3,2,False,2162160,293.488,33.0
7,0,3,0,2,3,False,1441440,275.808,35.0
7,0,3,0,1,4,False,360360,236.91200000000003,40.0
7,0,2,6,0,0,False,180180,261.12000000000006,36.25
7,0,2,5,1,0,False,1081080,269.28000000000003,35.333333333333336
7,0,2,4,2,0,False,2702700,274.176,34.285714285714285
7,0,2,4,1,1,False,2702700,265.0368,35.714285714285715
7,0,2,3,3,0,False,3603600,275.808,34.61538461538461
7,0,2,3,2,1,False,7207200,280.05120000000005,33.84615384615385
7,0,2,3,1,2,False,3603600,258.83520000000004,36.92307692307692
7,0,2,2,4,0,False,2702700,274.176,35.0
7,0,2,2,3,1,False,8108100,289.8432,32.5
7,0,2,2,2,2,False,8108100,282.0096,33.333333333333336
7,0,2,2,1,3,False,2702700,250.67520000000002,37.5
7,0,2,1,5,0,False,1081080,269.28000000000003,35.45454545454545
7,0,2,1,4,1,False,4324320,294.41280000000006,32.72727272727273
7,0,2,1,3,2,False,6486480,298.00320000000005,31.818181818181817
7,0,2,1,2,3,False,4324320,280.05120000000005,33.63636363636363
7,0,2,1,1,4,False,1081080,240.55680000000004,39.090909090909086
7,0,2,0,6,0,False,180180,244.8,39.0
7,0,2,0,5,1,False,900900,293.76,32.0
7,0,2,0,4,2,False,1801800,306.81600000000003,31.0
7,0,2,0,3,3,False,1801800,300.288,32.0
7,0,2,0,2,4,False,900900,274.17600000000004,35.0
7,0,2,0,1,5,False,180180,228.48,42.0
7,0,1,7,0,0,False,51480,254.32000000000008,37.05882352941176
7,0,1,6,1,0,False,360360,263.2960000000001,36.25
7,0,1,5,2,0,False,1081080,269.2800000000001,35.333333333333336
7,0,1,5,1,1,False,1081080,260.3040000000001,36.666666666666664
7,0,1,4,3,0,False,1801800,272.27200000000005,35.0
7,0,1,4,2,1,False,3603600,276.46080000000006,34.285714285714285
7,0,1,4,1,2,False,1801800,255.51680000000007,37.142857142857146
7,0,1,3,4,0,False,1801800,272.27200000000005,34.61538461538461
7,0,1,3,3,1,False,5405400,287.83040000000005,33.07692307692307
7,0,1,3,2,2,False,5405400,280.05120000000005,33.84615384615385
7,0,1,3,1,3,False,1801800,248.93440000000007,38.46153846153846
7,0,1,2,5,0,False,1081080,269.2800000000001,35.0
7,0,1,2,4,1,False,4324320,294.41280000000006,32.5
7,0,1,2,3,2,False,6486480,298.00320000000005,31.666666666666668
7,0,1,2,2,3,False,4324320,280.05120000000005,34.16666666666667
7,0,1,2,1,4,False,1081080,240.55680000000007,39.16666666666667
7,0,1,1,6,0,False,360360,246.8400000000001,38.18181818181818
7,0,1,1,5,1,False,1801800,296.20800000000014,31.818181818181817
7,0,1,1,4,2,False,3603600,309.3728000000001,30.909090909090907
7,0,1,1,3,3,False,3603600,302.7904000000001,31.818181818181817
7,0,1,1,2,4,False,1801800,276.4608000000001,34.54545454545454
7,0,1,1,1,5,False,360360,230.38400000000004,40.90909090909091
7,0,1,0,7,0,False,51480,224.40000000000006,42.0
7,0,1,0,6,1,False,308880,269.2800000000001,35.0
7,0,1,0,5,2,False,772200,314.1600000000001,30.0
7,0,1,0,4,3,False,1029600,317.15200000000004,30.0
7,0,1,0,3,4,False,772200,302.1920000000001,32.0
7,0,1,0,2,5,False,308880,269.2800000000001,35.0
7,0,1,0,1,6,False,51480,218.41600000000005,44.0
7,0,0,8,0,0,False,6435,244.8,38.888888888888886
7,0,0,7,1,0,False,51480,254.32000000000008,37.05882352941176
7,0,0,6,2,0,False,180180,261.12000000000006,36.25
7,0,0,6,1,1,False,180180,252.41600000000005,37.5
7,0,0,5,3,0,False,360360,265.20000000000005,36.0
7,0,0,5,2,1,False,720720,269.28000000000003,35.333333333333336
7,0,0,5,1,2,False,360360,248.88000000000002,38.0
7,0,0,4,4,0,False,450450,266.55999999999995,35.714285714285715
7,0,0,4,3,1,False,1351350,281.792,33.57142857142858
7,0,0,4,2,2,False,1351350,274.176,34.285714285714285
7,0,0,4,1,3,False,450450,243.712,38.57142857142858
7,0,0,3,5,0,False,360360,265.2,36.15384615384615
7,0,0,3,4,1,False,1441440,289.95200000000006,33.07692307692307
7,0,0,3,3,2,False,2162160,293.48800000000006,32.30769230769231
7,0,0,3,2,3,False,1441440,275.808,34.61538461538461
7,0,0,3,1,4,False,360360,236.912,40.0
7,0,0,2,6,0,False,180180,244.79999999999998,39.16666666666667
7,0,0,2,5,1,False,900900,293.76,32.5
7,0,0,2,4,2,False,1801800,306.81600000000003,30.833333333333336
7,0,0,2,3,3,False,1801800,300.288,31.666666666666668
7,0,0,2,2,4,False,900900,274.176,35.0
7,0,0,2,1,5,False,180180,228.47999999999996,41.66666666666667
7,0,0,1,7,0,False,51480,224.4,42.72727272727273
7,0,0,1,6,1,False,308880,269.28000000000003,35.45454545454545
7,0,0,1,5,2,False,772200,314.16,29.999999999999996
7,0,0,1,4,3,False,1029600,317.1520000000001,29.999999999999996
7,0,0,1,3,4,False,772200,302.1920000000001,31.818181818181817
7,0,0,1,2,5,False,308880,269.28000000000003,35.45454545454545
7,0,0,1,1,6,False,51480,218.41600000000003,43.63636363636363
7,0,0,0,8,0,False,6435,204.0,47.0
7,0,0,0,7,1,False,45045,244.8,39.0
7,0,0,0,6,2,False,135135,285.6,33.0
7,0,0,0,5,3,False,225225,326.40000000000003,29.0
7,0,0,0,4,4,False,225225,320.96000000000004,30.0
7,0,0,0,3,5,False,135135,299.20000000000005,32.0
7,0,0,0,2,6,False,45045,261.12,36.0
7,0,0,0,1,7,False,6435,206.72,46.0
6,9,0,0,0,0,False,5005,776.0,13.0
6,8,1,0,0,0,False,45045,774.4000000000001,13.0
6,8,0,1,0,0,False,45045,774.4000000000001,12.727272727272727
6,8,0,0,1,0,False,45045,774.4000000000001,13.0
6,7,2,0,0,0,False,180180,758.4000000000001,13.0
6,7,1,1,0,0,False,360360,764.7200000000004,12.727272727272727
6,7,1,0,1,0,False,360360,764.7200000000003,13.0
6,7,0,2,0,0,False,180180,758.4000000000001,12.5
6,7,0,1,1,0,False,360360,764.7200000000004,12.727272727272727
6,7,0,0,2,0,False,180180,758.4000000000001,13.0
6,7,0,0,1,1,False,180180,733.1200000000002,13.0
6,6,3,0,0,0,False,420420,728.0,13.0
6,6,2,1,0,0,False,1261260,739.2,12.727272727272727
6,6,2,0,1,0,False,1261260,739.2000000000002,13.0
6,6,1,2,0,0,False,1261260,739.2000000000002,13.333333333333334
6,6,1,1,1,0,False,2522520,745.3600000000004,12.727272727272727
6,6,1,0,2,0,False,1261260,739.2000000000002,13.0
6,6,1,0,1,1,False,1261260,714.5600000000003,14.0
6,6,0,3,0,0,False,420420,728.0,13.076923076923077
6,6,0,2,1,0,False,1261260,739.2000000000002,13.333333333333334
6,6,0,1,2,0,False,1261260,739.2,12.727272727272727
6,6,0,1,1,1,False,1261260,714.5600000000002,13.636363636363635
6,6,0,0,3,0,False,420420,728.0,13.0
6,6,0,0,2,1,False,840840,739.2,13.0
6,6,0,0,1,2,False,420420,683.2,14.0
6,5,4,0,0,0,False,630630,683.2,14.0
6,5,3,1,0,0,False,2522520,697.8400000000001,13.636363636363635
6,5,3,0,1,0,False,2522520,697.8400000000001,14.0
6,5,2,2,0,0,False,3783780,702.72,14.166666666666668
6,5,2,1,1,0,False,7567560,708.5760000000001,13.636363636363635
6,5,2,0,2,0,False,3783780,702.72,14.0
6,5,2,0,1,1,False,3783780,679.2960000000002,14.0
6,5,1,3,0,0,False,2522520,697.8400000000001,13.846153846153845
6,5,1,2,1,0,False,7567560,708.576,13.333333333333334
6,5,1,1,2,0,False,7567560,708.576,13.636363636363635
6,5,1,1,1,1,True,7567560,684.9568000000002,14.545454545454545
6,5,1,0,3,0,False,2522520,697.8400000000001,14.0
6,5,1,0,2,1,False,5045040,708.576,14.0
6,5,1,0,1,2,False,2522520,654.8960000000001,15.0
6,5,0,4,0,0,False,630630,683.1999999999999,14.285714285714286
6,5,0,3,1,0,False,2522520,697.8400000000001,13.846153846153845
6,5,0,2,2,0,False,3783780,702.72,14.166666666666668
6,5,0,2,1,1,False,3783780,679.2960000000002,14.166666666666668
6,5,0,1,3,0,False,2522520,697.8400000000001,13.636363636363635
6,5,0,1,2,1,False,5045040,708.5760000000001,13.636363636363635
6,5,0,1,1,2,False,2522520,654.8960000000001,14.545454545454545
6,5,0,0,4,0,False,630630,683.2,14.0
6,5,0,0,3,1,False,1891890,722.24,14.0
6,5,0,0,2,2,False,1891890,702.72,14.0
6,5,0,0,1,3,False,630630,624.6400000000001,16.0
6,4,5,0,0,0,False,630630,624.0,16.0
6,4,4,1,0,0,False,3153150,640.64,15.454545454545453
6,4,4,0,1,0,False,3153150,640.6400000000001,15.0
6,4,3,2,0,0,False,6306300,648.96,15.0
6,4,3,1,1,0,False,12612600,654.368,14.545454545454545
6,4,3,0,2,0,False,6306300,648.96,15.0
6,4,3,0,1,1,False,6306300,627.3280000000001,15.0
6,4,2,3,0,0,False,6306300,648.96,14.615384615384615
6,4,2,2,1,0,False,18918900,658.9440000000001,15.0
6,4,2,1,2,0,False,18918900,658.944,14.545454545454545
6,4,2,1,1,1,True,18918900,636.9792000000002,15.454545454545453
6,4,2,0,3,0,False,6306300,648.96,15.0
6,4,2,0,2,1,False,12612600,658.9440000000001,15.0
6,4,2,0,1,2,False,6306300,609.024,16.0
6,4,1,4,0,0,False,3153150,640.64,15.000000000000002
6,4,1,3,1,0,False,12612600,654.3680000000002,14.615384615384615
6,4,1,2,2,0,False,18918900,658.944,15.0
6,4,1,2,1,1,True,18918900,636.9792000000001,15.0
6,4,1,1,3,0,False,12612600,654.368,14.545454545454545
6,4,1,1,2,1,True,25225200,664.4352000000001,14.545454545454545
6,4,1,1,1,2,True,12612600,614.0992000000001,15.454545454545453
6,4,1,0,4,0,False,3153150,640.64,15.0
6,4,1,0,3,1,False,9459450,677.248,14.0
6,4,1,0,2,2,False,9459450,658.944,15.0
6,4,1,0,1,3,False,3153150,585.728,17.0
6,4,0,5,0,0,False,630630,624.0,15.333333333333334
6,4,0,4,1,0,False,3153150,640.64,15.000000000000002
6,4,0,3,2,0,False,6306300,648.96,14.615384615384615
6,4,0,3,1,1,False,6306300,627.3280000000001,15.384615384615383
6,4,0,2,3,0,False,6306300,648.96,15.0
6,4,0,2,2,1,False,12612600,658.944,15.0
6,4,0,2,1,2,False,6306300,609.024,15.833333333333334
6,4,0,1,4,0,False,3153150,640.64,15.454545454545453
6,4,0,1,3,1,False,9459450,677.2480000000002,14.545454545454545
6,4,0,1,2,2,False,9459450,658.944,14.545454545454545
6,4,0,1,1,3,False,3153150,585.7280000000001,16.363636363636363
6,4,0,0,5,0,False,630630,624.0,16.0
6,4,0,0,4,1,False,2522520,682.2400000000001,14.0
6,4,0,0,3,2,False,3783780,690.5600000000001,14.0
6,4,0,0,2,3,False,2522520,648.96,15.0
6,4,0,0,1,4,False,630630,557.44,17.0
6,3,6,0,0,0,False,420420,550.4,18.0
6,3,5,1,0,0,False,2522520,567.6,17.27272727272727
6,3,5,0,1,0,False,2522520,567.6000000000001,17.0
6,3,4,2,0,0,False,6306300,577.92,16.666666666666668
6,3,4,1,1,0,False,12612600,582.7360000000002,16.363636363636363
6,3,4,0,2,0,False,6306300,577.92,17.0
6,3,4,0,1,1,False,6306300,558.6560000000001,17.0
6,3,3,3,0,0,False,8408400,581.3600000000001,16.923076923076923
6,3,3,2,1,0,False,25225200,590.3040000000001,16.666666666666668
6,3,3,1,2,0,False,25225200,590.3040000000001,16.363636363636363
6,3,3,1,1,1,True,25225200,570.6272000000001,17.27272727272727
6,3,3,0,3,0,False,8408400,581.36,17.0
6,3,3,0,2,1,False,16816800,590.304,16.0
6,3,3,0,1,2,False,8408400,545.5840000000001,18.0
6,3,2,4,0,0,False,6306300,577.92,16.42857142857143
6,3,2,3,1,0,False,25225200,590.3040000000001,16.153846153846153
6,3,2,2,2,0,False,37837800,594.4319999999999,15.833333333333334
6,3,2,2,1,1,True,37837800,574.6176,16.666666666666668
6,3,2,1,3,0,False,25225200,590.3040000000002,16.363636363636363
6,3,2,1,2,1,True,50450400,599.3856000000002,16.363636363636363
6,3,2,1,1,2,True,25225200,553.9776,17.27272727272727
6,3,2,0,4,0,False,6306300,577.92,17.0
6,3,2,0,3,1,False,18918900,610.944,16.0
6,3,2,0,2,2,False,18918900,594.432,16.0
6,3,2,0,1,3,False,6306300,528.384,18.0
6,3,1,5,0,0,False,2522520,567.6000000000001,16.666666666666668
6,3,1,4,1,0,False,12612600,582.7360000000001,16.42857142857143
6,3,1,3,2,0,False,25225200,590.3040000000001,16.153846153846153
6,3,1,3,1,1,True,25225200,570.6272000000002,16.923076923076923
6,3,1,2,3,0,False,25225200,590.3040000000001,16.666666666666668
6,3,1,2,2,1,True,50450400,599.3856000000001,15.833333333333334
6,3,1,2,1,2,True,25225200,553.9776,17.5
6,3,1,1,4,0,False,12612600,582.7360000000002,16.363636363636363
6,3,1,1,3,1,True,37837800,616.0352000000001,15.454545454545453
6,3,1,1,2,2,True,37837800,599.3856000000002,16.363636363636363
6,3,1,1,1,3,True,12612600,532.7872000000001,18.18181818181818
6,3,1,0,5,0,False,2522520,567.6000000000001,17.0
6,3,1,0,4,1,False,10090080,620.5760000000001,16.0
6,3,1,0,3,2,False,15135120,628.1440000000002,15.0
6,3,1,0,2,3,False,10090080,590.3040000000001,16.0
6,3,1,0,1,4,False,2522520,507.05600000000015,19.0
6,3,0,6,0,0,False,420420,550.4,17.5
6,3,0,5,1,0,False,2522520,567.6000000000001,16.666666666666668
6,3,0,4,2,0,False,6306300,577.92,16.42857142857143
6,3,0,4,1,1,False,6306300,558.6560000000001,17.142857142857142
6,3,0,3,3,0,False,8408400,581.3600000000001,16.923076923076923
6,3,0,3,2,1,False,16816800,590.3040000000001,16.153846153846153
6,3,0,3,1,2,False,8408400,545.5840000000001,17.692307692307693
6,3,0,2,4,0,False,6306300,577.92,16.666666666666668
6,3,0,2,3,1,False,18918900,610.944,15.833333333333334
6,3,0,2,2,2,False,18918900,594.4319999999999,15.833333333333334
6,3,0,2,1,3,False,6306300,528.384,18.333333333333336
6,3,0,1,5,0,False,2522520,567.6,17.27272727272727
6,3,0,1,4,1,False,10090080,620.5760000000001,15.454545454545453
6,3,0,1,3,2,False,15135120,628.1440000000001,15.454545454545453
6,3,0,1,2,3,False,10090080,590.3040000000002,16.363636363636363
6,3,0,1,1,4,False,2522520,507.0560000000001,19.09090909090909
6,3,0,0,6,0,False,420420,516.0,19.0
6,3,0,0,5,1,False,2102100,619.2,16.0
6,3,0,0,4,2,False,4204200,646.7200000000001,15.0
6,3,0,0,3,3,False,4204200,632.96,15.0
6,3,0,0,2,4,False,2102100,577.9200000000001,17.0
6,3,0,0,1,5,False,420420,481.6,20.0
6,2,7,0,0,0,False,180180,462.4000000000001,21.0
6,2,6,1,0,0,False,1261260,478.7200000000001,20.0
6,2,6,0,1,0,False,1261260,478.7200000000001,20.0
6,2,5,2,0,0,False,3783780,489.59999999999997,20.0
6,2,5,1,1,0,False,7567560,493.68000000000006,19.09090909090909
6,2,5,0,2,0,False,3783780,489.6,20.0
6,2,5,0,1,1,False,3783780,473.28000000000003,20.0
6,2,4,3,0,0,False,6306300,495.03999999999996,19.23076923076923
6,2,4,2,1,0,False,18918900,502.65600000000006,19.166666666666668
6,2,4,1,2,0,False,18918900,502.656,19.09090909090909
6,2,4,1,1,1,True,18918900,485.90080000000006,20.0
6,2,4,0,3,0,False,6306300,495.03999999999996,19.0
6,2,4,0,2,1,False,12612600,502.65599999999995,19.0
6,2,4,0,1,2,False,6306300,464.57599999999996,21.0
6,2,3,4,0,0,False,6306300,495.04,19.28571428571429
6,2,3,3,1,0,False,25225200,505.6480000000001,19.23076923076923
6,2,3,2,2,0,False,37837800,509.18399999999997,19.166666666666668
6,2,3,2,1,1,True,37837800,492.2112,19.166666666666668
6,2,3,1,3,0,False,25225200,505.64800000000014,19.09090909090909
6,2,3,1,2,1,True,50450400,513.4272000000001,19.09090909090909
6,2,3,1,1,2,True,25225200,474.53120000000007,20.0
6,2,3,0,4,0,False,6306300,495.03999999999996,19.0
6,2,3,0,3,1,False,18918900,523.328,18.0
6,2,3,0,2,2,False,18918900,509.184,19.0
6,2,3,0,1,3,False,6306300,452.608,21.0
6,2,2,5,0,0,False,3783780,489.6,19.333333333333332
6,2,2,4,1,0,False,18918900,502.656,19.28571428571429
6,2,2,3,2,0,False,37837800,509.184,18.46153846153846
6,2,2,3,1,1,True,37837800,492.21120000000013,19.23076923076923
6,2,2,2,3,0,False,37837800,509.18399999999997,19.166666666666668
6,2,2,2,2,1,True,75675600,517.0176,18.333333333333336
6,2,2,2,1,2,True,37837800,477.8496,20.0
6,2,2,1,4,0,False,18918900,502.656,19.09090909090909
6,2,2,1,3,1,True,56756700,531.3792000000001,18.18181818181818
6,2,2,1,2,2,True,56756700,517.0176,18.18181818181818
6,2,2,1,1,3,True,18918900,459.5712000000001,20.909090909090907
6,2,2,0,5,0,False,3783780,489.6,20.0
6,2,2,0,4,1,False,15135120,535.296,18.0
6,2,2,0,3,2,False,22702680,541.8240000000001,18.0
6,2,2,0,2,3,False,15135120,509.184,19.0
6,2,2,0,1,4,False,3783780,437.37600000000003,22.0
6,2,1,6,0,0,False,1261260,478.7200000000001,20.0
6,2,1,5,1,0,False,7567560,493.6800000000002,19.333333333333332
6,2,1,4,2,0,False,18918900,502.65600000000006,19.28571428571429
6,2,1,4,1,1,True,18918900,485.9008000000001,20.0
6,2,1,3,3,0,False,25225200,505.64800000000014,19.23076923076923
6,2,1,3,2,1,True,50450400,513.4272000000002,18.46153846153846
6,2,1,3,1,2,True,25225200,474.5312000000002,20.0
6,2,1,2,4,0,False,18918900,502.65600000000006,19.166666666666668
6,2,1,2,3,1,True,56756700,531.3792000000001,18.333333333333336
6,2,1,2,2,2,True,56756700,517.0176,18.333333333333336
6,2,1,2,1,3,True,18918900,459.57120000000015,20.833333333333336
6,2,1,1,5,0,False,7567560,493.6800000000002,19.09090909090909
6,2,1,1,4,1,True,30270240,539.7568000000001,18.18181818181818
6,2,1,1,3,2,True,45405360,546.3392000000002,17.27272727272727
6,2,1,1,2,3,True,30270240,513.4272000000001,19.09090909090909
6,2,1,1,1,4,True,7567560,441.0208000000002,21.818181818181817
6,2,1,0,6,0,False,1261260,448.8000000000001,21.0
6,2,1,0,5,1,False,6306300,538.5600000000002,18.0
6,2,1,0,4,2,False,12612600,562.4960000000001,17.0
6,2,1,0,3,3,False,12612600,550.5280000000001,18.0
6,2,1,0,2,4,False,6306300,502.6560000000002,19.0
6,2,1,0,1,5,False,1261260,418.88000000000005,23.0
6,2,0,7,0,0,False,180180,462.40000000000003,20.588235294117645
6,2,0,6,1,0,False,1261260,478.7200000000001,20.0
6,2,0,5,2,0,False,3783780,489.6,19.333333333333332
6,2,0,5,1,1,False,3783780,473.2800000000001,20.0
6,2,0,4,3,0,False,6306300,495.04,19.28571428571429
6,2,0,4,2,1,False,12612600,502.656,19.28571428571429
6,2,0,4,1,2,False,6306300,464.576,20.714285714285715
6,2,0,3,4,0,False,6306300,495.03999999999996,19.23076923076923
6,2,0,3,3,1,False,18918900,523.328,18.46153846153846
6,2,0,3,2,2,False,18918900,509.184,18.46153846153846
6,2,0,3,1,3,False,6306300,452.60800000000006,20.76923076923077
6,2,0,2,5,0,False,3783780,489.59999999999997,20.0
6,2,0,2,4,1,False,15135120,535.296,18.333333333333336
6,2,0,2,3,2,False,22702680,541.8240000000001,17.5
6,2,0,2,2,3,False,15135120,509.18399999999997,19.166666666666668
6,2,0,2,1,4,False,3783780,437.37600000000003,21.666666666666668
6,2,0,1,6,0,False,1261260,448.8,21.818181818181817
6,2,0,1,5,1,False,6306300,538.5600000000001,18.18181818181818
6,2,0,1,4,2,False,12612600,562.4960000000001,17.27272727272727
6,2,0,1,3,3,False,12612600,550.528,17.27272727272727
6,2,0,1,2,4,False,6306300,502.65600000000006,19.09090909090909
6,2,0,1,1,5,False,1261260,418.88,22.727272727272727
6,2,0,0,7,0,False,180180,408.0,24.0
6,2,0,0,6,1,False,1081080,489.6,20.0
6,2,0,0,5,2,False,2702700,571.2,17.0
6,2,0,0,4,3,False,3603600,576.6400000000001,17.0
6,2,0,0,3,4,False,2702700,549.4400000000002,18.0
6,2,0,0,2,5,False,1081080,489.6,20.0
6,2,0,0,1,6,False,180180,397.12,24.0
6,1,8,0,0,0,False,45045,360.0,27.0
6,1,7,1,0,0,False,360360,374.0000000000001,25.454545454545453
6,1,7,0,1,0,False,360360,374.0000000000001,26.0
6,1,6,2,0,0,False,1261260,384.0,25.0
6,1,6,1,1,0,False,2522520,387.2000000000001,24.545454545454543
6,1,6,0,2,0,False,1261260,384.0,25.0
6,1,6,0,1,1,False,1261260,371.20000000000005,26.0
6,1,5,3,0,0,False,2522520,390.0,24.615384615384613
6,1,5,2,1,0,False,7567560,396.00000000000006,24.166666666666668
6,1,5,1,2,0,False,7567560,396.00000000000006,24.545454545454543
6,1,5,1,1,1,True,7567560,382.80000000000007,25.454545454545453
6,1,5,0,3,0,False,2522520,390.0,25.0
6,1,5,0,2,1,False,5045040,396.0,24.0
6,1,5,0,1,2,False,2522520,366.0,26.0
6,1,4,4,0,0,False,3153150,392.0,24.28571428571429
6,1,4,3,1,0,False,12612600,400.4000000000001,23.846153846153847
6,1,4,2,2,0,False,18918900,403.2,23.333333333333336
6,1,4,2,1,1,True,18918900,389.76000000000005,24.166666666666668
6,1,4,1,3,0,False,12612600,400.40000000000003,23.636363636363633
6,1,4,1,2,1,True,25225200,406.56000000000006,23.636363636363633
6,1,4,1,1,2,True,12612600,375.76000000000005,25.454545454545453
6,1,4,0,4,0,False,3153150,392.0,24.0
6,1,4,0,3,1,False,9459450,414.40000000000003,23.0
6,1,4,0,2,2,False,9459450,403.20000000000005,24.0
6,1,4,0,1,3,False,3153150,358.40000000000003,27.0
6,1,3,5,0,0,False,2522520,390.0,24.666666666666668
6,1,3,4,1,0,False,12612600,400.40000000000003,23.571428571428573
6,1,3,3,2,0,False,25225200,405.6,23.846153846153847
6,1,3,3,1,1,True,25225200,392.0800000000001,24.615384615384613
6,1,3,2,3,0,False,25225200,405.59999999999997,23.333333333333336
6,1,3,2,2,1,True,50450400,411.84000000000003,23.333333333333336
6,1,3,2,1,2,True,25225200,380.64000000000004,25.0
6,1,3,1,4,0,False,12612600,400.40000000000003,23.636363636363633
6,1,3,1,3,1,True,37837800,423.28000000000003,22.727272727272727
6,1,3,1,2,2,True,37837800,411.8400000000001,23.636363636363633
6,1,3,1,1,3,True,12612600,366.08000000000004,26.36363636363636
6,1,3,0,5,0,False,2522520,390.0,25.0
6,1,3,0,4,1,False,10090080,426.40000000000003,23.0
6,1,3,0,3,2,False,15135120,431.6,22.0
6,1,3,0,2,3,False,10090080,405.6,24.0
6,1,3,0,1,4,False,2522520,348.40000000000003,27.0
6,1,2,6,0,0,False,1261260,384.0,25.0
6,1,2,5,1,0,False,7567560,396.0,24.0
6,1,2,4,2,0,False,18918900,403.2,23.571428571428573
6,1,2,4,1,1,True,18918900,389.76000000000005,24.28571428571429
6,1,2,3,3,0,False,25225200,405.6,23.846153846153847
6,1,2,3,2,1,True,50450400,411.84000000000003,23.076923076923077
6,1,2,3,1,2,True,25225200,380.64000000000004,25.384615384615383
6,1,2,2,4,0,False,18918900,403.2,23.333333333333336
6,1,2,2,3,1,True,56756700,426.24000000000007,22.5
6,1,2,2,2,2,True,56756700,414.72,23.333333333333336
6,1,2,2,1,3,True,18918900,368.64000000000004,25.833333333333336
6,1,2,1,5,0,False,7567560,396.00000000000006,24.545454545454543
6,1,2,1,4,1,True,30270240,432.96000000000015,21.818181818181817
6,1,2,1,3,2,True,45405360,438.2400000000001,21.818181818181817
6,1,2,1,2,3,True,30270240,411.8400000000001,23.636363636363633
6,1,2,1,1,4,True,7567560,353.76000000000005,27.27272727272727
6,1,2,0,6,0,False,1261260,360.0,27.0
6,1,2,0,5,1,False,6306300,432.0,22.0
6,1,2,0,4,2,False,12612600,451.20000000000005,21.0
6,1,2,0,3,3,False,12612600,441.6,22.0
6,1,2,0,2,4,False,6306300,403.20000000000005,24.0
6,1,2,0,1,5,False,1261260,336.0,28.0
6,1,1,7,0,0,False,360360,374.00000000000006,25.294117647058822
6,1,1,6,1,0,False,2522520,387.20000000000005,24.375
6,1,1,5,2,0,False,7567560,396.0,24.0
6,1,1,5,1,1,True,7567560,382.80000000000007,24.666666666666668
6,1,1,4,3,0,False,12612600,400.4,23.571428571428573
6,1,1,4,2,1,True,25225200,406.56,23.571428571428573
6,1,1,4,1,2,True,12612600,375.76000000000005,25.714285714285715
6,1,1,3,4,0,False,12612600,400.40000000000003,23.846153846153847
6,1,1,3,3,1,True,37837800,423.28000000000003,22.307692307692307
6,1,1,3,2,2,True,37837800,411.84000000000003,23.076923076923077
6,1,1,3,1,3,True,12612600,366.08000000000004,26.153846153846153
6,1,1,2,5,0,False,7567560,396.0,24.166666666666668
6,1,1,2,4,1,True,30270240,432.9600000000001,22.5
6,1,1,2,3,2,True,45405360,438.24000000000007,21.666666666666668
6,1,1,2,2,3,True,30270240,411.84000000000003,23.333333333333336
6,1,1,2,1,4,True,7567560,353.76,26.666666666666668
6,1,1,1,6,0,False,2522520,363.00000000000006,26.36363636363636
6,1,1,1,5,1,True,12612600,435.6,21.818181818181817
6,1,1,1,4,2,True,25225200,454.96000000000004,20.909090909090907
6,1,1,1,3,3,True,25225200,445.28000000000003,21.818181818181817
6,1,1,1,2,4,True,12612600,406.5600000000001,23.636363636363633
6,1,1,1,1,5,True,2522520,338.8,28.18181818181818
6,1,1,0,7,0,False,360360,330.0,29.0
6,1,1,0,6,1,False,2162160,396.0,24.0
6,1,1,0,5,2,False,5405400,462.0,21.0
6,1,1,0,4,3,False,7207200,466.40000000000003,21.0
6,1,1,0,3,4,False,5405400,444.4000000000001,22.0
6,1,1,0,2,5,False,2162160,396.0,24.0
6,1,1,0,1,6,False,360360,321.20000000000005,30.0
6,1,0,8,0,0,False,45045,360.0,26.11111111111111
6,1,0,7,1,0,False,360360,374.00000000000006,25.294117647058822
6,1,0,6,2,0,False,1261260,384.0,25.0
6,1,0,6,1,1,False,1261260,371.2000000000001,25.625
6,1,0,5,3,0,False,2522520,390.0,24.666666666666668
6,1,0,5,2,1,False,5045040,396.0,24.0
6,1,0,5,1,2,False,2522520,366.0,26.0
6,1,0,4,4,0,False,3153150,392.0,24.28571428571429
6,1,0,4,3,1,False,9459450,414.4,22.857142857142858
6,1,0,4,2,2,False,9459450,403.2,23.571428571428573
6,1,0,4,1,3,False,3153150,358.4,26.42857142857143
6,1,0,3,5,0,False,2522520,390.0,24.615384615384613
6,1,0,3,4,1,False,10090080,426.4000000000001,22.307692307692307
6,1,0,3,3,2,False,15135120,431.6000000000001,22.307692307692307
6,1,0,3,2,3,False,10090080,405.6,23.846153846153847
6,1,0,3,1,4,False,2522520,348.40000000000003,27.69230769230769
6,1,0,2,6,0,False,1261260,360.0,26.666666666666668
6,1,0,2,5,1,False,6306300,432.0,22.5
6,1,0,2,4,2,False,12612600,451.20000000000005,20.833333333333336
6,1,0,2,3,3,False,12612600,441.59999999999997,21.666666666666668
6,1,0,2,2,4,False,6306300,403.20000000000005,23.333333333333336
6,1,0,2,1,5,False,1261260,336.0,28.333333333333336
6,1,0,1,7,0,False,360360,330.0,29.09090909090909
6,1,0,1,6,1,False,2162160,396.00000000000006,24.545454545454543
6,1,0,1,5,2,False,5405400,462.00000000000006,20.909090909090907
6,1,0,1,4,3,False,7207200,466.40000000000003,20.909090909090907
6,1,0,1,3,4,False,5405400,444.40000000000015,21.818181818181817
6,1,0,1,2,5,False,2162160,396.00000000000006,24.545454545454543
6,1,0,1,1,6,False,360360,321.20000000000005,29.999999999999996
6,1,0,0,8,0,False,45045,300.0,32.0
6,1,0,0,7,1,False,315315,360.0,27.0
6,1,0,0,6,2,False,945945,420.0,23.0
6,1,0,0,5,3,False,1576575,480.0,20.0
6,1,0,0,4,4,False,1576575,472.0000000000001,20.0
6,1,0,0,3,5,False,945945,440.0,22.0
6,1,0,0,2,6,False,315315,384.0,25.0
6,1,0,0,1,7,False,45045,304.0,31.0
6,0,9,0,0,0,False,5005,243.20000000000002,39.0
6,0,8,1,0,0,False,45045,253.44000000000003,37.272727272727266
6,0,8,0,1,0,False,45045,253.44000000000003,38.0
6,0,7,2,0,0,False,180180,261.12,36.66666666666667
6,0,7,1,1,0,False,360360,263.29600000000005,36.36363636363636
6,0,7,0,2,0,False,180180,261.12,36.0
6,0,7,0,1,1,False,180180,252.41600000000005,38.0
6,0,6,3,0,0,False,420420,266.24,35.38461538461539
6,0,6,2,1,0,False,1261260,270.336,35.0
6,0,6,1,2,0,False,1261260,270.336,35.45454545454545
6,0,6,1,1,1,False,1261260,261.32480000000004,36.36363636363636
6,0,6,0,3,0,False,420420,266.24,36.0
6,0,6,0,2,1,False,840840,270.336,35.0
6,0,6,0,1,2,False,420420,249.856,38.0
6,0,5,4,0,0,False,630630,268.79999999999995,35.0
6,0,5,3,1,0,False,2522520,274.56000000000006,34.61538461538461
6,0,5,2,2,0,False,3783780,276.48,34.16666666666667
6,0,5,2,1,1,False,3783780,267.264,35.833333333333336
6,0,5,1,3,0,False,2522520,274.56000000000006,34.54545454545454
6,0,5,1,2,1,False,5045040,278.78400000000005,34.54545454545454
6,0,5,1,1,2,False,2522520,257.66400000000004,37.272727272727266
6,0,5,0,4,0,False,630630,268.8,35.0
6,0,5,0,3,1,False,1891890,284.16,34.0
6,0,5,0,2,2,False,1891890,276.47999999999996,34.0
6,0,5,0,1,3,False,630630,245.76,39.0
6,0,4,5,0,0,False,630630,268.8,35.333333333333336
6,0,4,4,1,0,False,3153150,275.968,34.285714285714285
6,0,4,3,2,0,False,6306300,279.552,33.84615384615385
6,0,4,3,1,1,False,6306300,270.2336000000001,35.38461538461539
6,0,4,2,3,0,False,6306300,279.552,34.16666666666667
6,0,4,2,2,1,False,12612600,283.8528,33.333333333333336
6,0,4,2,1,2,False,6306300,262.3488,35.833333333333336
6,0,4,1,4,0,False,3153150,275.968,34.54545454545454
6,0,4,1,3,1,False,9459450,291.73760000000004,32.72727272727273
6,0,4,1,2,2,False,9459450,283.8528,33.63636363636363
6,0,4,1,1,3,False,3153150,252.31360000000006,37.272727272727266
6,0,4,0,5,0,False,630630,268.8,35.0
6,0,4,0,4,1,False,2522520,293.88800000000003,32.0
6,0,4,0,3,2,False,3783780,297.47200000000004,32.0
6,0,4,0,2,3,False,2522520,279.552,34.0
6,0,4,0,1,4,False,630630,240.12800000000004,40.0
6,0,3,6,0,0,False,420420,266.24,35.625
6,0,3,5,1,0,False,2522520,274.56000000000006,34.666666666666664
6,0,3,4,2,0,False,6306300,279.55199999999996,34.285714285714285
6,0,3,4,1,1,False,6306300,270.2336,35.0
6,0,3,3,3,0,False,8408400,281.21600000000007,33.84615384615385
6,0,3,3,2,1,False,16816800,285.54240000000004,33.07692307692307
6,0,3,3,1,2,False,8408400,263.91040000000004,36.15384615384615
6,0,3,2,4,0,False,6306300,279.552,34.16666666666667
6,0,3,2,3,1,False,18918900,295.52639999999997,32.5
6,0,3,2,2,2,False,18918900,287.5392,33.333333333333336
6,0,3,2,1,3,False,6306300,255.59040000000002,37.5
6,0,3,1,5,0,False,2522520,274.56000000000006,34.54545454545454
6,0,3,1,4,1,False,10090080,300.1856,31.818181818181817
6,0,3,1,3,2,False,15135120,303.8464000000001,31.818181818181817
6,0,3,1,2,3,False,10090080,285.54240000000004,33.63636363636363
6,0,3,1,1,4,False,2522520,245.27360000000004,39.090909090909086
6,0,3,0,6,0,False,420420,249.60000000000002,38.0
6,0,3,0,5,1,False,2102100,299.52000000000004,32.0
6,0,3,0,4,2,False,4204200,312.83200000000005,31.0
6,0,3,0,3,3,False,4204200,306.17600000000004,31.0
6,0,3,0,2,4,False,2102100,279.5520000000001,34.0
6,0,3,0,1,5,False,420420,232.96,41.0
6,0,2,7,0,0,False,180180,261.12000000000006,36.470588235294116
6,0,2,6,1,0,False,1261260,270.33600000000007,35.0
6,0,2,5,2,0,False,3783780,276.48,34.0
6,0,2,5,1,1,False,3783780,267.26400000000007,35.333333333333336
6,0,2,4,3,0,False,6306300,279.552,34.285714285714285
6,0,2,4,2,1,False,12612600,283.8528,33.57142857142858
6,0,2,4,1,2,False,6306300,262.34880000000004,36.42857142857143
6,0,2,3,4,0,False,6306300,279.55199999999996,33.84615384615385
6,0,2,3,3,1,False,18918900,295.52639999999997,32.30769230769231
6,0,2,3,2,2,False,18918900,287.53920000000005,33.07692307692307
6,0,2,3,1,3,False,6306300,255.59040000000002,36.92307692307692
6,0,2,2,5,0,False,3783780,276.48,34.16666666666667
6,0,2,2,4,1,False,15135120,302.28479999999996,31.666666666666668
6,0,2,2,3,2,False,22702680,305.9712,30.833333333333336
6,0,2,2,2,3,False,15135120,287.5392,33.333333333333336
6,0,2,2,1,4,False,3783780,246.98880000000003,38.333333333333336
6,0,2,1,6,0,False,1261260,253.44000000000003,37.272727272727266
6,0,2,1,5,1,False,6306300,304.12800000000004,30.909090909090907
6,0,2,1,4,2,False,12612600,317.64480000000003,29.999999999999996
6,0,2,1,3,3,False,12612600,310.88640000000004,30.909090909090907
6,0,2,1,2,4,False,6306300,283.8528000000001,33.63636363636363
6,0,2,1,1,5,False,1261260,236.54399999999998,40.0
6,0,2,0,7,0,False,180180,230.4,41.0
6,0,2,0,6,1,False,1081080,276.48,34.0
6,0,2,0,5,2,False,2702700,322.56000000000006,30.0
6,0,2,0,4,3,False,3603600,325.63200000000006,29.0
6,0,2,0,3,4,False,2702700,310.2720000000001,31.0
6,0,2,0,2,5,False,1081080,276.48,34.0
6,0,2,0,1,6,False,180180,224.256,42.0
6,0,1,8,0,0,False,45045,253.44000000000003,37.22222222222222
6,0,1,7,1,0,False,360360,263.29600000000005,35.882352941176464
6,0,1,6,2,0,False,1261260,270.336,35.0
6,0,1,6,1,1,False,1261260,261.32480000000004,36.25
6,0,1,5,3,0,False,2522520,274.56000000000006,34.666666666666664
6,0,1,5,2,1,False,5045040,278.78400000000005,34.0
6,0,1,5,1,2,False,2522520,257.664,36.666666666666664
6,0,1,4,4,0,False,3153150,275.96799999999996,34.285714285714285
6,0,1,4,3,1,False,9459450,291.7376,32.85714285714286
6,0,1,4,2,2,False,9459450,283.8528,33.57142857142858
6,0,1,4,1,3,False,3153150,252.3136,37.85714285714286
6,0,1,3,5,0,False,2522520,274.56000000000006,34.61538461538461
6,0,1,3,4,1,False,10090080,300.1856000000001,31.538461538461537
6,0,1,3,3,2,False,15135120,303.8464000000001,31.538461538461537
6,0,1,3,2,3,False,10090080,285.54240000000004,33.07692307692307
6,0,1,3,1,4,False,2522520,245.27360000000004,38.46153846153846
6,0,1,2,6,0,False,1261260,253.44,37.5
6,0,1,2,5,1,False,6306300,304.12800000000004,31.666666666666668
6,0,1,2,4,2,False,12612600,317.6448,30.0
6,0,1,2,3,3,False,12612600,310.88640000000004,30.833333333333336
6,0,1,2,2,4,False,6306300,283.8528,33.333333333333336
6,0,1,2,1,5,False,1261260,236.54399999999998,40.0
6,0,1,1,7,0,False,360360,232.32000000000005,40.90909090909091
6,0,1,1,6,1,False,2162160,278.78400000000005,34.54545454545454
6,0,1,1,5,2,False,5405400,325.24800000000005,29.09090909090909
6,0,1,1,4,3,False,7207200,328.34560000000005,29.09090909090909
6,0,1,1,3,4,False,5405400,312.85760000000016,30.909090909090907
6,0,1,1,2,5,False,2162160,278.78400000000005,34.54545454545454
6,0,1,1,1,6,False,360360,226.1248,41.81818181818181
6,0,1,0,8,0,False,45045,211.20000000000002,45.0
6,0,1,0,7,1,False,315315,253.44000000000003,38.0
6,0,1,0,6,2,False,945945,295.68,32.0
6,0,1,0,5,3,False,1576575,337.92,28.0
6,0,1,0,4,4,False,1576575,332.28800000000007,29.0
6,0,1,0,3,5,False,945945,309.76000000000005,31.0
6,0,1,0,2,6,False,315315,270.33599999999996,35.0
6,0,1,0,1,7,False,45045,214.016,44.0
6,0,0,9,0,0,False,5005,243.2,38.94736842105263
6,0,0,8,1,0,False,45045,253.44000000000003,37.22222222222222
6,0,0,7,2,0,False,180180,261.12000000000006,36.470588235294116
6,0,0,7,1,1,False,180180,252.41600000000005,37.647058823529406
6,0,0,6,3,0,False,420420,266.24,35.625
6,0,0,6,2,1,False,840840,270.33600000000007,35.0
6,0,0,6,1,2,False,420420,249.856,38.125
6,0,0,5,4,0,False,630630,268.8,35.333333333333336
6,0,0,5,3,1,False,1891890,284.16,33.333333333333336
6,0,0,5,2,2,False,1891890,276.48,34.0
6,0,0,5,1,3,False,630630,245.76000000000005,38.666666666666664
6,0,0,4,5,0,False,630630,268.79999999999995,35.0
6,0,0,4,4,1,False,2522520,293.88800000000003,32.142857142857146
6,0,0,4,3,2,False,3783780,297.472,32.142857142857146
6,0,0,4,2,3,False,2522520,279.552,34.285714285714285
6,0,0,4,1,4,False,630630,240.128,39.285714285714285
6,0,0,3,6,0,False,420420,249.60000000000002,37.69230769230769
6,0,0,3,5,1,False,2102100,299.52000000000004,31.538461538461537
6,0,0,3,4,2,False,4204200,312.83200000000005,30.769230769230766
6,0,0,3,3,3,False,4204200,306.17600000000004,30.769230769230766
6,0,0,3,2,4,False,2102100,279.552,33.84615384615385
6,0,0,3,1,5,False,420420,232.96000000000004,40.76923076923077
6,0,0,2,7,0,False,180180,230.39999999999998,40.833333333333336
6,0,0,2,6,1,False,1081080,276.48,34.16666666666667
6,0,0,2,5,2,False,2702700,322.56,29.166666666666668
6,0,0,2,4,3,False,3603600,325.63200000000006,29.166666666666668
6,0,0,2,3,4,False,2702700,310.27200000000005,30.833333333333336
6,0,0,2,2,5,False,1081080,276.48,34.16666666666667
6,0,0,2,1,6,False,180180,224.256,42.5
6,0,0,1,8,0,False,45045,211.20000000000002,44.54545454545454
6,0,0,1,7,1,False,315315,253.44000000000003,37.272727272727266
6,0,0,1,6,2,False,945945,295.68000000000006,31.818181818181817
6,0,0,1,5,3,False,1576575,337.9200000000001,28.18181818181818
6,0,0,1,4,4,False,1576575,332.28800000000007,29.09090909090909
6,0,0,1,3,5,False,945945,309.76000000000005,30.909090909090907
6,0,0,1,2,6,False,315315,270.336,35.45454545454545
6,0,0,1,1,7,False,45045,214.01600000000002,44.54545454545454
6,0,0,0,9,0,False,5005,192.0,49.0
6,0,0,0,8,1,False,40040,230.4,41.0
6,0,0,0,7,2,False,140140,268.8,35.0
6,0,0,0,6,3,False,280280,307.20000000000005,31.0
6,0,0,0,5,4,False,350350,345.6,28.0
6,0,0,0,4,5,False,280280,332.8,29.0
6,0,0,0,3,6,False,140140,304.64,31.0
6,0,0,0,2,7,False,40040,261.12,36.0
6,0,0,0,1,8,False,5005,202.24,47.0
5,10,0,0,0,0,False,3003,840.0,12.0
5,9,1,0,0,0,False,30030,844.8000000000001,12.0
5,9,0,1,0,0,False,30030,844.8000000000001,11.818181818181817
5,9,0,0,1,0,False,30030,844.8000000000001,12.0
5,8,2,0,0,0,False,135135,835.2,12.0
5,8,1,1,0,0,False,270270,842.1600000000002,11.818181818181817
5,8,1,0,1,0,False,270270,842.1600000000003,12.0
5,8,0,2,0,0,False,135135,835.1999999999999,11.666666666666668
5,8,0,1,1,0,False,270270,842.1600000000002,11.818181818181817
5,8,0,0,2,0,False,135135,835.2,12.0
5,8,0,0,1,1,False,135135,807.3600000000001,12.0
5,7,3,0,0,0,False,360360,811.2000000000003,12.0
5,7,2,1,0,0,False,1081080,823.6800000000003,11.818181818181817
5,7,2,0,1,0,False,1081080,823.6800000000002,12.0
5,7,1,2,0,0,False,1081080,823.6800000000002,11.666666666666668
5,7,1,1,1,0,False,2162160,830.5440000000004,11.818181818181817
5,7,1,0,2,0,False,1081080,823.6800000000002,12.0
5,7,1,0,1,1,False,1081080,796.2240000000004,12.0
5,7,0,3,0,0,False,360360,811.2000000000002,12.307692307692307
5,7,0,2,1,0,False,1081080,823.6800000000002,11.666666666666668
5,7,0,1,2,0,False,1081080,823.6800000000003,11.818181818181817
5,7,0,1,1,1,False,1081080,796.2240000000004,11.818181818181817
5,7,0,0,3,0,False,360360,811.2000000000003,12.0
5,7,0,0,2,1,False,720720,823.6800000000002,12.0
5,7,0,0,1,2,False,360360,761.2800000000002,13.0
5,6,4,0,0,0,False,630630,772.8,13.0
5,6,3,1,0,0,False,2522520,789.3600000000001,12.727272727272727
5,6,3,0,1,0,False,2522520,789.3600000000001,12.0
5,6,2,2,0,0,False,3783780,794.8800000000001,12.5
5,6,2,1,1,0,False,7567560,801.5040000000001,11.818181818181817
5,6,2,0,2,0,False,3783780,794.88,12.0
5,6,2,0,1,1,False,3783780,768.3840000000001,13.0
5,6,1,3,0,0,False,2522520,789.3600000000002,12.307692307692307
5,6,1,2,1,0,False,7567560,801.5040000000002,12.5
5,6,1,1,2,0,False,7567560,801.5040000000001,11.818181818181817
5,6,1,1,1,1,True,7567560,774.7872000000004,12.727272727272727
5,6,1,0,3,0,False,2522520,789.3600000000001,12.0
5,6,1,0,2,1,False,5045040,801.5040000000002,12.0
5,6,1,0,1,2,False,2522520,740.7840000000001,13.0
5,6,0,4,0,0,False,630630,772.8,12.857142857142858
5,6,0,3,1,0,False,2522520,789.3600000000002,12.307692307692307
5,6,0,2,2,0,False,3783780,794.8800000000001,12.5
5,6,0,2,1,1,False,3783780,768.3840000000001,12.5
5,6,0,1,3,0,False,2522520,789.3600000000001,12.727272727272727
5,6,0,1,2,1,False,5045040,801.5040000000001,11.818181818181817
5,6,0,1,1,2,False,2522520,740.7840000000001,12.727272727272727
5,6,0,0,4,0,False,630630,772.8,13.0
5,6,0,0,3,1,False,1891890,816.96,12.0
5,6,0,0,2,2,False,1891890,794.88,12.0
5,6,0,0,1,3,False,630630,706.5600000000001,14.0
5,5,5,0,0,0,False,756756,720.0,14.0
5,5,4,1,0,0,False,3783780,739.2,12.727272727272727
5,5,4,0,1,0,False,3783780,739.2000000000002,13.0
5,5,3,2,0,0,False,7567560,748.8,13.333333333333334
5,5,3,1,1,0,False,15135120,755.0400000000002,12.727272727272727
5,5,3,0,2,0,False,7567560,748.8000000000001,13.0
5,5,3,0,1,1,False,7567560,723.8400000000001,13.0
5,5,2,3,0,0,False,7567560,748.8000000000001,13.076923076923077
5,5,2,2,1,0,False,22702680,760.3200000000002,12.5
5,5,2,1,2,0,False,22702680,760.3200000000002,12.727272727272727
5,5,2,1,1,1,True,22702680,734.9760000000001,13.636363636363635
5,5,2,0,3,0,False,7567560,748.8000000000001,13.0
5,5,2,0,2,1,False,15135120,760.3200000000002,13.0
5,5,2,0,1,2,False,7567560,702.72,14.0
5,5,1,4,0,0,False,3783780,739.1999999999999,12.857142857142858
5,5,1,3,1,0,False,15135120,755.0400000000001,13.076923076923077
5,5,1,2,2,0,False,22702680,760.32,12.5
5,5,1,2,1,1,True,22702680,734.9760000000001,13.333333333333334
5,5,1,1,3,0,False,15135120,755.0400000000002,12.727272727272727
5,5,1,1,2,1,True,30270240,766.6560000000001,12.727272727272727
5,5,1,1,1,2,True,15135120,708.576,13.636363636363635
5,5,1,0,4,0,False,3783780,739.1999999999999,13.0
5,5,1,0,3,1,False,11351340,781.44,13.0
5,5,1,0,2,2,False,11351340,760.32,13.0
5,5,1,0,1,3,False,3783780,675.8400000000001,14.0
5,5,0,5,0,0,False,756756,720.0,13.333333333333334
5,5,0,4,1,0,False,3783780,739.1999999999999,12.857142857142858
5,5,0,3,2,0,False,7567560,748.8000000000001,13.076923076923077
5,5,0,3,1,1,False,7567560,723.8400000000001,13.076923076923077
5,5,0,2,3,0,False,7567560,748.8,13.333333333333334
5,5,0,2,2,1,False,15135120,760.32,12.5
5,5,0,2,1,2,False,7567560,702.72,14.166666666666668
5,5,0,1,4,0,False,3783780,739.2,12.727272727272727
5,5,0,1,3,1,False,11351340,781.4400000000002,12.727272727272727
5,5,0,1,2,2,False,11351340,760.3200000000002,12.727272727272727
5,5,0,1,1,3,False,3783780,675.8400000000001,14.545454545454545
5,5,0,0,5,0,False,756756,720.0,14.0
5,5,0,0,4,1,False,3027024,787.2000000000002,12.0
5,5,0,0,3,2,False,4540536,796.8000000000002,12.0
5,5,0,0,2,3,False,3027024,748.8000000000001,13.0
5,5,0,0,1,4,False,756756,643.2,15.0
5,4,6,0,0,0,False,630630,652.8000000000001,15.0
5,4,5,1,0,0,False,3783780,673.2,14.545454545454545
5,4,5,0,1,0,False,3783780,673.2000000000002,14.0
5,4,4,2,0,0,False,9459450,685.44,14.166666666666668
5,4,4,1,1,0,False,18918900,691.1520000000003,13.636363636363635
5,4,4,0,2,0,False,9459450,685.44,14.0
5,4,4,0,1,1,False,9459450,662.5920000000001,15.0
5,4,3,3,0,0,False,12612600,689.52,13.846153846153845
5,4,3,2,1,0,False,37837800,700.128,14.166666666666668
5,4,3,1,2,0,False,37837800,700.128,13.636363636363635
5,4,3,1,1,1,True,37837800,676.7904000000002,14.545454545454545
5,4,3,0,3,0,False,12612600,689.52,14.0
5,4,3,0,2,1,False,25225200,700.1280000000002,14.0
5,4,3,0,1,2,False,12612600,647.0880000000001,15.0
5,4,2,4,0,0,False,9459450,685.4399999999999,14.285714285714286
5,4,2,3,1,0,False,37837800,700.1280000000002,13.846153846153845
5,4,2,2,2,0,False,56756700,705.024,13.333333333333334
5,4,2,2,1,1,True,56756700,681.5232,14.166666666666668
5,4,2,1,3,0,False,37837800,700.128,13.636363636363635
5,4,2,1,2,1,True,75675600,710.8992000000001,13.636363636363635
5,4,2,1,1,2,True,37837800,657.0432000000001,14.545454545454545
5,4,2,0,4,0,False,9459450,685.44,14.0
5,4,2,0,3,1,False,28378350,724.6080000000001,13.0
5,4,2,0,2,2,False,28378350,705.024,14.0
5,4,2,0,1,3,False,9459450,626.6880000000001,15.0
5,4,1,5,0,0,False,3783780,673.2,14.0
5,4,1,4,1,0,False,18918900,691.152,14.285714285714286
5,4,1,3,2,0,False,37837800,700.1279999999999,13.846153846153845
5,4,1,3,1,1,True,37837800,676.7904000000001,14.615384615384615
5,4,1,2,3,0,False,37837800,700.128,14.166666666666668
5,4,1,2,2,1,True,75675600,710.8992000000001,13.333333333333334
5,4,1,2,1,2,True,37837800,657.0432,15.0
5,4,1,1,4,0,False,18918900,691.1520000000002,13.636363636363635
5,4,1,1,3,1,True,56756700,730.6464000000001,13.636363636363635
5,4,1,1,2,2,True,56756700,710.8992,13.636363636363635
5,4,1,1,1,3,True,18918900,631.9104000000001,15.454545454545453
5,4,1,0,5,0,False,3783780,673.2,14.0
5,4,1,0,4,1,False,15135120,736.0320000000002,13.0
5,4,1,0,3,2,False,22702680,745.0080000000002,13.0
5,4,1,0,2,3,False,15135120,700.1280000000002,14.0
5,4,1,0,1,4,False,3783780,601.392,16.0
5,4,0,6,0,0,False,630630,652.8000000000001,15.0
5,4,0,5,1,0,False,3783780,673.2,14.0
5,4,0,4,2,0,False,9459450,685.4399999999999,14.285714285714286
5,4,0,4,1,1,False,9459450,662.592,14.285714285714286
5,4,0,3,3,0,False,12612600,689.52,13.846153846153845
5,4,0,3,2,1,False,25225200,700.1280000000002,13.846153846153845
5,4,0,3,1,2,False,12612600,647.088,14.615384615384615
5,4,0,2,4,0,False,9459450,685.44,14.166666666666668
5,4,0,2,3,1,False,28378350,724.6080000000001,13.333333333333334
5,4,0,2,2,2,False,28378350,705.024,13.333333333333334
5,4,0,2,1,3,False,9459450,626.6880000000001,15.0
5,4,0,1,5,0,False,3783780,673.2,14.545454545454545
5,4,0,1,4,1,False,15135120,736.0320000000002,13.636363636363635
5,4,0,1,3,2,False,22702680,745.0080000000002,12.727272727272727
5,4,0,1,2,3,False,15135120,700.128,13.636363636363635
5,4,0,1,1,4,False,3783780,601.3920000000002,16.363636363636363
5,4,0,0,6,0,False,630630,612.0,16.0
5,4,0,0,5,1,False,3153150,734.4000000000001,13.0
5,4,0,0,4,2,False,6306300,767.0400000000001,13.0
5,4,0,0,3,3,False,6306300,750.7200000000001,13.0
5,4,0,0,2,4,False,3153150,685.44,14.0
5,4,0,0,1,5,False,630630,571.2,17.0
5,3,7,0,0,0,False,360360,571.2000000000002,17.0
5,3,6,1,0,0,False,2522520,591.3600000000001,16.363636363636363
5,3,6,0,1,0,False,2522520,591.36,16.0
5,3,5,2,0,0,False,7567560,604.8,15.833333333333334
5,3,5,1,1,0,False,15135120,609.84,15.454545454545453
5,3,5,0,2,0,False,7567560,604.8000000000001,16.0
5,3,5,0,1,1,False,7567560,584.6400000000001,17.0
5,3,4,3,0,0,False,12612600,611.5200000000001,15.384615384615383
5,3,4,2,1,0,False,37837800,620.928,15.833333333333334
5,3,4,1,2,0,False,37837800,620.9280000000001,15.454545454545453
5,3,4,1,1,1,True,37837800,600.2304000000001,16.363636363636363
5,3,4,0,3,0,False,12612600,611.52,16.0
5,3,4,0,2,1,False,25225200,620.9280000000001,16.0
5,3,4,0,1,2,False,12612600,573.888,17.0
5,3,3,4,0,0,False,12612600,611.52,15.714285714285715
5,3,3,3,1,0,False,50450400,624.624,15.384615384615383
5,3,3,2,2,0,False,75675600,628.992,15.0
5,3,3,2,1,1,True,75675600,608.0256,15.833333333333334
5,3,3,1,3,0,False,50450400,624.6240000000001,15.454545454545453
5,3,3,1,2,1,True,100900800,634.2336,15.454545454545453
5,3,3,1,1,2,True,50450400,586.1856000000001,16.363636363636363
5,3,3,0,4,0,False,12612600,611.52,16.0
5,3,3,0,3,1,False,37837800,646.464,15.0
5,3,3,0,2,2,False,37837800,628.9920000000001,15.0
5,3,3,0,1,3,False,12612600,559.104,17.0
5,3,2,5,0,0,False,7567560,604.8000000000001,16.0
5,3,2,4,1,0,False,37837800,620.9280000000001,15.714285714285715
5,3,2,3,2,0,False,75675600,628.992,15.384615384615383
5,3,2,3,1,1,True,75675600,608.0256000000002,16.153846153846153
5,3,2,2,3,0,False,75675600,628.9920000000001,15.0
5,3,2,2,2,1,True,151351200,638.6688,15.0
5,3,2,2,1,2,True,75675600,590.2848,16.666666666666668
5,3,2,1,4,0,False,37837800,620.928,15.454545454545453
5,3,2,1,3,1,True,113513400,656.4096000000001,14.545454545454545
5,3,2,1,2,2,True,113513400,638.6688000000001,15.454545454545453
5,3,2,1,1,3,True,37837800,567.7056,17.27272727272727
5,3,2,0,5,0,False,7567560,604.8000000000001,16.0
5,3,2,0,4,1,False,30270240,661.248,15.0
5,3,2,0,3,2,False,45405360,669.3120000000001,15.0
5,3,2,0,2,3,False,30270240,628.9920000000001,15.0
5,3,2,0,1,4,False,7567560,540.288,18.0
5,3,1,6,0,0,False,2522520,591.3600000000001,16.25
5,3,1,5,1,0,False,15135120,609.8400000000001,16.0
5,3,1,4,2,0,False,37837800,620.9280000000001,15.714285714285715
5,3,1,4,1,1,True,37837800,600.2304000000001,15.714285714285715
5,3,1,3,3,0,False,50450400,624.6240000000001,15.384615384615383
5,3,1,3,2,1,True,100900800,634.2336000000001,15.384615384615383
5,3,1,3,1,2,True,50450400,586.1856000000001,16.153846153846153
5,3,1,2,4,0,False,37837800,620.928,15.833333333333334
5,3,1,2,3,1,True,113513400,656.4096000000002,15.0
5,3,1,2,2,2,True,113513400,638.6688,15.0
5,3,1,2,1,3,True,37837800,567.7056000000001,16.666666666666668
5,3,1,1,5,0,False,15135120,609.8400000000001,15.454545454545453
5,3,1,1,4,1,True,60540480,666.7584000000002,14.545454545454545
5,3,1,1,3,2,True,90810720,674.8896000000002,14.545454545454545
5,3,1,1,2,3,True,60540480,634.2336000000003,15.454545454545453
5,3,1,1,1,4,True,15135120,544.7904000000002,17.27272727272727
5,3,1,0,6,0,False,2522520,554.4000000000001,17.0
5,3,1,0,5,1,False,12612600,665.2800000000002,15.0
5,3,1,0,4,2,False,25225200,694.8480000000002,14.0
5,3,1,0,3,3,False,25225200,680.0640000000002,14.0
5,3,1,0,2,4,False,12612600,620.9280000000002,16.0
5,3,1,0,1,5,False,2522520,517.44,19.0
5,3,0,7,0,0,False,360360,571.2,16.470588235294116
5,3,0,6,1,0,False,2522520,591.3600000000001,16.25
5,3,0,5,2,0,False,7567560,604.8000000000001,16.0
5,3,0,5,1,1,False,7567560,584.6400000000001,16.666666666666668
5,3,0,4,3,0,False,12612600,611.52,15.714285714285715
5,3,0,4,2,1,False,25225200,620.9279999999999,15.714285714285715
5,3,0,4,1,2,False,12612600,573.888,16.42857142857143
5,3,0,3,4,0,False,12612600,611.5200000000001,15.384615384615383
5,3,0,3,3,1,False,37837800,646.464,14.615384615384615
5,3,0,3,2,2,False,37837800,628.992,15.384615384615383
5,3,0,3,1,3,False,12612600,559.104,16.923076923076923
5,3,0,2,5,0,False,7567560,604.8,15.833333333333334
5,3,0,2,4,1,False,30270240,661.248,15.0
5,3,0,2,3,2,False,45405360,669.3120000000001,14.166666666666668
5,3,0,2,2,3,False,30270240,628.9920000000001,15.0
5,3,0,2,1,4,False,7567560,540.288,17.5
5,3,0,1,6,0,False,2522520,554.4000000000001,17.27272727272727
5,3,0,1,5,1,False,12612600,665.2800000000001,14.545454545454545
5,3,0,1,4,2,False,25225200,694.8480000000001,13.636363636363635
5,3,0,1,3,3,False,25225200,680.0640000000002,14.545454545454545
5,3,0,1,2,4,False,12612600,620.9280000000001,15.454545454545453
5,3,0,1,1,5,False,2522520,517.44,18.18181818181818
5,3,0,0,7,0,False,360360,504.0,19.0
5,3,0,0,6,1,False,2162160,604.8000000000001,16.0
5,3,0,0,5,2,False,5405400,705.6,14.0
5,3,0,0,4,3,False,7207200,712.3200000000002,14.0
5,3,0,0,3,4,False,5405400,678.7200000000003,14.0
5,3,0,0,2,5,False,2162160,604.8000000000001,16.0
5,3,0,0,1,6,False,360360,490.55999999999995,20.0
5,2,8,0,0,0,False,135135,475.20000000000005,20.0
5,2,7,1,0,0,False,1081080,493.6800000000002,19.09090909090909
5,2,7,0,1,0,False,1081080,493.6800000000001,20.0
5,2,6,2,0,0,False,3783780,506.88,19.166666666666668
5,2,6,1,1,0,False,7567560,511.10400000000016,19.09090909090909
5,2,6,0,2,0,False,3783780,506.88000000000005,19.0
5,2,6,0,1,1,False,3783780,489.98400000000004,20.0
5,2,5,3,0,0,False,7567560,514.8000000000001,18.46153846153846
5,2,5,2,1,0,False,22702680,522.72,18.333333333333336
5,2,5,1,2,0,False,22702680,522.7200000000001,18.18181818181818
5,2,5,1,1,1,True,22702680,505.2960000000001,19.09090909090909
5,2,5,0,3,0,False,7567560,514.8000000000001,19.0
5,2,5,0,2,1,False,15135120,522.72,18.0
5,2,5,0,1,2,False,7567560,483.12,20.0
5,2,4,4,0,0,False,9459450,517.4399999999999,18.571428571428573
5,2,4,3,1,0,False,37837800,528.528,18.46153846153846
5,2,4,2,2,0,False,56756700,532.2239999999999,18.333333333333336
5,2,4,2,1,1,True,56756700,514.4832,18.333333333333336
5,2,4,1,3,0,False,37837800,528.528,18.18181818181818
5,2,4,1,2,1,True,75675600,536.6591999999999,18.18181818181818
5,2,4,1,1,2,True,37837800,496.00319999999994,19.09090909090909
5,2,4,0,4,0,False,9459450,517.4399999999999,19.0
5,2,4,0,3,1,False,28378350,547.0079999999999,18.0
5,2,4,0,2,2,False,28378350,532.2239999999999,18.0
5,2,4,0,1,3,False,9459450,473.08799999999997,20.0
5,2,3,5,0,0,False,7567560,514.8000000000001,18.666666666666668
5,2,3,4,1,0,False,37837800,528.528,17.857142857142858
5,2,3,3,2,0,False,75675600,535.3919999999999,17.692307692307693
5,2,3,3,1,1,True,75675600,517.5456000000001,18.46153846153846
5,2,3,2,3,0,False,75675600,535.392,18.333333333333336
5,2,3,2,2,1,True,151351200,543.6288,17.5
5,2,3,2,1,2,True,75675600,502.4448,19.166666666666668
5,2,3,1,4,0,False,37837800,528.528,18.18181818181818
5,2,3,1,3,1,True,113513400,558.7296,17.27272727272727
5,2,3,1,2,2,True,113513400,543.6288000000001,18.18181818181818
5,2,3,1,1,3,True,37837800,483.2256000000001,20.0
5,2,3,0,5,0,False,7567560,514.8000000000001,19.0
5,2,3,0,4,1,False,30270240,562.8480000000001,17.0
5,2,3,0,3,2,False,45405360,569.7120000000001,17.0
5,2,3,0,2,3,False,30270240,535.392,18.0
5,2,3,0,1,4,False,7567560,459.88800000000003,21.0
5,2,2,6,0,0,False,3783780,506.88000000000005,18.75
5,2,2,5,1,0,False,22702680,522.72,18.0
5,2,2,4,2,0,False,56756700,532.224,17.857142857142858
5,2,2,4,1,1,True,56756700,514.4832,18.571428571428573
5,2,2,3,3,0,False,75675600,535.3920000000002,17.692307692307693
5,2,2,3,2,1,True,151351200,543.6288000000001,17.692307692307693
5,2,2,3,1,2,True,75675600,502.44480000000004,19.23076923076923
5,2,2,2,4,0,False,56756700,532.2239999999999,18.333333333333336
5,2,2,2,3,1,True,170270100,562.6368,17.5
5,2,2,2,2,2,True,170270100,547.4304,17.5
5,2,2,2,1,3,True,56756700,486.6048,20.0
5,2,2,1,5,0,False,22702680,522.7200000000001,18.18181818181818
5,2,2,1,4,1,True,90810720,571.5072000000001,17.27272727272727
5,2,2,1,3,2,True,136216080,578.4768000000001,16.363636363636363
5,2,2,1,2,3,True,90810720,543.6288000000001,18.18181818181818
5,2,2,1,1,4,True,22702680,466.96320000000003,20.909090909090907
5,2,2,0,6,0,False,3783780,475.20000000000005,20.0
5,2,2,0,5,1,False,18918900,570.2400000000001,17.0
5,2,2,0,4,2,False,37837800,595.5840000000001,16.0
5,2,2,0,3,3,False,37837800,582.912,17.0
5,2,2,0,2,4,False,18918900,532.224,18.0
5,2,2,0,1,5,False,3783780,443.52,22.0
5,2,1,7,0,0,False,1081080,493.6800000000001,19.41176470588235
5,2,1,6,1,0,False,7567560,511.1040000000001,18.75
5,2,1,5,2,0,False,22702680,522.7200000000001,18.0
5,2,1,5,1,1,True,22702680,505.29600000000016,18.666666666666668
5,2,1,4,3,0,False,37837800,528.5280000000001,17.857142857142858
5,2,1,4,2,1,True,75675600,536.6592,17.857142857142858
5,2,1,4,1,2,True,37837800,496.00320000000005,19.28571428571429
5,2,1,3,4,0,False,37837800,528.5280000000001,18.46153846153846
5,2,1,3,3,1,True,113513400,558.7296000000002,16.923076923076923
5,2,1,3,2,2,True,113513400,543.6288000000001,17.692307692307693
5,2,1,3,1,3,True,37837800,483.22560000000016,20.0
5,2,1,2,5,0,False,22702680,522.7200000000001,18.333333333333336
5,2,1,2,4,1,True,90810720,571.5072000000001,16.666666666666668
5,2,1,2,3,2,True,136216080,578.4768000000001,16.666666666666668
5,2,1,2,2,3,True,90810720,543.6288000000001,17.5
5,2,1,2,1,4,True,22702680,466.96320000000014,20.833333333333336
5,2,1,1,6,0,False,7567560,479.1600000000002,20.0
5,2,1,1,5,1,True,37837800,574.9920000000002,16.363636363636363
5,2,1,1,4,2,True,75675600,600.5472000000002,16.363636363636363
5,2,1,1,3,3,True,75675600,587.7696000000002,16.363636363636363
5,2,1,1,2,4,True,37837800,536.6592000000002,18.18181818181818
5,2,1,1,1,5,True,7567560,447.2160000000001,21.818181818181817
5,2,1,0,7,0,False,1081080,435.60000000000014,22.0
5,2,1,0,6,1,False,6486480,522.7200000000001,18.0
5,2,1,0,5,2,False,16216200,609.8400000000001,16.0
5,2,1,0,4,3,False,21621600,615.6480000000001,16.0
5,2,1,0,3,4,False,16216200,586.6080000000003,17.0
5,2,1,0,2,5,False,6486480,522.7200000000001,18.0
5,2,1,0,1,6,False,1081080,423.98400000000004,23.0
5,2,0,8,0,0,False,135135,475.2,20.0
5,2,0,7,1,0,False,1081080,493.6800000000001,19.41176470588235
5,2,0,6,2,0,False,3783780,506.88000000000005,18.75
5,2,0,6,1,1,False,3783780,489.98400000000015,19.375
5,2,0,5,3,0,False,7567560,514.8000000000001,18.666666666666668
5,2,0,5,2,1,False,15135120,522.72,18.0
5,2,0,5,1,2,False,7567560,483.12,20.0
5,2,0,4,4,0,False,9459450,517.4399999999999,18.571428571428573
5,2,0,4,3,1,False,28378350,547.008,17.857142857142858
5,2,0,4,2,2,False,28378350,532.224,17.857142857142858
5,2,0,4,1,3,False,9459450,473.0880000000001,20.0
5,2,0,3,5,0,False,7567560,514.8000000000001,18.46153846153846
5,2,0,3,4,1,False,30270240,562.8480000000001,16.923076923076923
5,2,0,3,3,2,False,45405360,569.7120000000001,16.923076923076923
5,2,0,3,2,3,False,30270240,535.3920000000002,17.692307692307693
5,2,0,3,1,4,False,7567560,459.8880000000001,20.76923076923077
5,2,0,2,6,0,False,3783780,475.2,20.0
5,2,0,2,5,1,False,18918900,570.24,16.666666666666668
5,2,0,2,4,2,False,37837800,595.5840000000001,15.833333333333334
5,2,0,2,3,3,False,37837800,582.912,16.666666666666668
5,2,0,2,2,4,False,18918900,532.224,18.333333333333336
5,2,0,2,1,5,False,3783780,443.5199999999999,21.666666666666668
5,2,0,1,7,0,False,1081080,435.6,21.818181818181817
5,2,0,1,6,1,False,6486480,522.7200000000001,18.18181818181818
5,2,0,1,5,2,False,16216200,609.84,15.454545454545453
5,2,0,1,4,3,False,21621600,615.6480000000001,15.454545454545453
5,2,0,1,3,4,False,16216200,586.6080000000002,16.363636363636363
5,2,0,1,2,5,False,6486480,522.7200000000001,18.18181818181818
5,2,0,1,1,6,False,1081080,423.9840000000001,22.727272727272727
5,2,0,0,8,0,False,135135,396.0,24.0
5,2,0,0,7,1,False,945945,475.20000000000005,20.0
5,2,0,0,6,2,False,2837835,554.4,17.0
5,2,0,0,5,3,False,4729725,633.6,15.0
5,2,0,0,4,4,False,4729725,623.0400000000001,16.0
5,2,0,0,3,5,False,2837835,580.8000000000001,17.0
5,2,0,0,2,6,False,945945,506.88000000000005,19.0
5,2,0,0,1,7,False,135135,401.28000000000003,24.0
5,1,9,0,0,0,False,30030,364.8,26.0
5,1,8,1,0,0,False,270270,380.1600000000001,25.454545454545453
5,1,8,0,1,0,False,270270,380.1600000000001,25.0
5,1,7,2,0,0,False,1081080,391.6800000000001,24.166666666666668
5,1,7,1,1,0,False,2162160,394.9440000000002,24.545454545454543
5,1,7,0,2,0,False,1081080,391.68000000000006,24.0
5,1,7,0,1,1,False,1081080,378.62400000000014,25.0
5,1,6,3,0,0,False,2522520,399.36000000000007,23.846153846153847
5,1,6,2,1,0,False,7567560,405.5040000000001,23.333333333333336
5,1,6,1,2,0,False,7567560,405.504,23.636363636363633
5,1,6,1,1,1,True,7567560,391.98720000000014,24.545454545454543
5,1,6,0,3,0,False,2522520,399.36000000000007,24.0
5,1,6,0,2,1,False,5045040,405.504,24.0
5,1,6,0,1,2,False,2522520,374.78400000000005,26.0
5,1,5,4,0,0,False,3783780,403.2,23.571428571428573
5,1,5,3,1,0,False,15135120,411.8400000000001,23.076923076923077
5,1,5,2,2,0,False,22702680,414.72,23.333333333333336
5,1,5,2,1,1,True,22702680,400.896,24.166666666666668
5,1,5,1,3,0,False,15135120,411.8400000000001,23.636363636363633
5,1,5,1,2,1,True,30270240,418.1760000000001,22.727272727272727
5,1,5,1,1,2,True,15135120,386.49600000000004,24.545454545454543
5,1,5,0,4,0,False,3783780,403.2,24.0
5,1,5,0,3,1,False,11351340,426.24,23.0
5,1,5,0,2,2,False,11351340,414.72,23.0
5,1,5,0,1,3,False,3783780,368.64000000000004,26.0
5,1,4,5,0,0,False,3783780,403.20000000000005,23.333333333333332
5,1,4,4,1,0,False,18918900,413.952,22.857142857142858
5,1,4,3,2,0,False,37837800,419.32800000000003,23.076923076923077
5,1,4,3,1,1,True,37837800,405.3504000000001,23.846153846153847
5,1,4,2,3,0,False,37837800,419.32800000000003,22.5
5,1,4,2,2,1,True,75675600,425.7792,22.5
5,1,4,2,1,2,True,37837800,393.52320000000003,24.166666666666668
5,1,4,1,4,0,False,18918900,413.952,22.727272727272727
5,1,4,1,3,1,True,56756700,437.60640000000006,21.818181818181817
5,1,4,1,2,2,True,56756700,425.77920000000006,22.727272727272727
5,1,4,1,1,3,True,18918900,378.47040000000004,25.454545454545453
5,1,4,0,5,0,False,3783780,403.20000000000005,24.0
5,1,4,0,4,1,False,15135120,440.8320000000001,22.0
5,1,4,0,3,2,False,22702680,446.208,22.0
5,1,4,0,2,3,False,15135120,419.328,23.0
5,1,4,0,1,4,False,3783780,360.192,27.0
5,1,3,6,0,0,False,2522520,399.36000000000007,23.75
5,1,3,5,1,0,False,15135120,411.8400000000001,23.333333333333332
5,1,3,4,2,0,False,37837800,419.328,22.857142857142858
5,1,3,4,1,1,True,37837800,405.35040000000004,23.571428571428573
5,1,3,3,3,0,False,50450400,421.824,22.307692307692307
5,1,3,3,2,1,True,100900800,428.31360000000006,22.307692307692307
5,1,3,3,1,2,True,50450400,395.86560000000003,23.846153846153847
5,1,3,2,4,0,False,37837800,419.328,22.5
5,1,3,2,3,1,True,113513400,443.2896,21.666666666666668
5,1,3,2,2,2,True,113513400,431.30879999999996,22.5
5,1,3,2,1,3,True,37837800,383.38560000000007,25.0
5,1,3,1,5,0,False,15135120,411.8400000000001,23.636363636363633
5,1,3,1,4,1,True,60540480,450.2784000000001,20.909090909090907
5,1,3,1,3,2,True,90810720,455.76960000000014,20.909090909090907
5,1,3,1,2,3,True,60540480,428.31360000000006,22.727272727272727
5,1,3,1,1,4,True,15135120,367.9104000000001,26.36363636363636
5,1,3,0,6,0,False,2522520,374.40000000000003,26.0
5,1,3,0,5,1,False,12612600,449.28000000000003,21.0
5,1,3,0,4,2,False,25225200,469.24800000000005,21.0
5,1,3,0,3,3,False,25225200,459.26400000000007,21.0
5,1,3,0,2,4,False,12612600,419.3280000000001,23.0
5,1,3,0,1,5,False,2522520,349.44,27.0
5,1,2,7,0,0,False,1081080,391.68000000000006,24.117647058823525
5,1,2,6,1,0,False,7567560,405.5040000000001,23.75
5,1,2,5,2,0,False,22702680,414.7199999999999,22.666666666666668
5,1,2,5,1,1,True,22702680,400.8960000000001,24.0
5,1,2,4,3,0,False,37837800,419.32800000000003,22.857142857142858
5,1,2,4,2,1,True,75675600,425.77920000000006,22.142857142857146
5,1,2,4,1,2,True,37837800,393.52320000000003,24.28571428571429
5,1,2,3,4,0,False,37837800,419.32800000000003,23.076923076923077
5,1,2,3,3,1,True,113513400,443.28960000000006,21.538461538461537
5,1,2,3,2,2,True,113513400,431.3088,22.307692307692307
5,1,2,3,1,3,True,37837800,383.3856,24.615384615384613
5,1,2,2,5,0,False,22702680,414.72,23.333333333333336
5,1,2,2,4,1,True,90810720,453.4272,20.833333333333336
5,1,2,2,3,2,True,136216080,458.95680000000004,20.833333333333336
5,1,2,2,2,3,True,90810720,431.3088,22.5
5,1,2,2,1,4,True,22702680,370.48320000000007,25.833333333333336
5,1,2,1,6,0,False,7567560,380.1600000000001,25.454545454545453
5,1,2,1,5,1,True,37837800,456.19200000000006,20.909090909090907
5,1,2,1,4,2,True,75675600,476.4672000000001,20.0
5,1,2,1,3,3,True,75675600,466.32960000000014,20.909090909090907
5,1,2,1,2,4,True,37837800,425.7792000000001,22.727272727272727
5,1,2,1,1,5,True,7567560,354.81600000000003,27.27272727272727
5,1,2,0,7,0,False,1081080,345.6,28.0
5,1,2,0,6,1,False,6486480,414.72,23.0
5,1,2,0,5,2,False,16216200,483.8400000000001,20.0
5,1,2,0,4,3,False,21621600,488.4480000000001,20.0
5,1,2,0,3,4,False,16216200,465.40800000000013,21.0
5,1,2,0,2,5,False,6486480,414.72,23.0
5,1,2,0,1,6,False,1081080,336.384,28.0
5,1,1,8,0,0,False,270270,380.16,25.0
5,1,1,7,1,0,False,2162160,394.94400000000013,24.117647058823525
5,1,1,6,2,0,False,7567560,405.5040000000001,23.75
5,1,1,6,1,1,True,7567560,391.98720000000003,24.375
5,1,1,5,3,0,False,15135120,411.84000000000003,23.333333333333332
5,1,1,5,2,1,True,30270240,418.17600000000004,22.666666666666668
5,1,1,5,1,2,True,15135120,386.496,24.666666666666668
5,1,1,4,4,0,False,18918900,413.952,22.857142857142858
5,1,1,4,3,1,True,56756700,437.6064,22.142857142857146
5,1,1,4,2,2,True,56756700,425.77919999999995,22.142857142857146
5,1,1,4,1,3,True,18918900,378.4704,25.0
5,1,1,3,5,0,False,15135120,411.84000000000003,23.076923076923077
5,1,1,3,4,1,True,60540480,450.2784000000001,21.538461538461537
5,1,1,3,3,2,True,90810720,455.7696000000001,20.76923076923077
5,1,1,3,2,3,True,60540480,428.31360000000006,22.307692307692307
5,1,1,3,1,4,True,15135120,367.91040000000004,26.153846153846153
5,1,1,2,6,0,False,7567560,380.16,25.0
5,1,1,2,5,1,True,37837800,456.192,20.833333333333336
5,1,1,2,4,2,True,75675600,476.46720000000005,20.0
5,1,1,2,3,3,True,75675600,466.3296,20.833333333333336
5,1,1,2,2,4,True,37837800,425.7792,22.5
5,1,1,2,1,5,True,7567560,354.816,26.666666666666668
5,1,1,1,7,0,False,2162160,348.48,27.27272727272727
5,1,1,1,6,1,True,12972960,418.17600000000004,22.727272727272727
5,1,1,1,5,2,True,32432400,487.872,20.0
5,1,1,1,4,3,True,43243200,492.51840000000016,19.09090909090909
5,1,1,1,3,4,True,32432400,469.2864000000001,20.909090909090907
5,1,1,1,2,5,True,12972960,418.17600000000004,22.727272727272727
5,1,1,1,1,6,True,2162160,339.1872000000001,28.18181818181818
5,1,1,0,8,0,False,270270,316.8,30.0
5,1,1,0,7,1,False,1891890,380.16,25.0
5,1,1,0,6,2,False,5675670,443.52,22.0
5,1,1,0,5,3,False,9459450,506.88000000000005,19.0
5,1,1,0,4,4,False,9459450,498.4320000000001,19.0
5,1,1,0,3,5,False,5675670,464.6400000000001,21.0
5,1,1,0,2,6,False,1891890,405.504,24.0
5,1,1,0,1,7,False,270270,321.02400000000006,30.0
5,1,0,9,0,0,False,30030,364.79999999999995,25.789473684210527
5,1,0,8,1,0,False,270270,380.16,25.0
5,1,0,7,2,0,False,1081080,391.68000000000006,24.117647058823525
5,1,0,7,1,1,False,1081080,378.6240000000001,25.294117647058822
5,1,0,6,3,0,False,2522520,399.36000000000007,23.75
5,1,0,6,2,1,False,5045040,405.5040000000001,23.75
5,1,0,6,1,2,False,2522520,374.78400000000005,25.625
5,1,0,5,4,0,False,3783780,403.20000000000005,23.333333333333332
5,1,0,5,3,1,False,11351340,426.24,22.666666666666668
5,1,0,5,2,2,False,11351340,414.7199999999999,22.666666666666668
5,1,0,5,1,3,False,3783780,368.64,26.0
5,1,0,4,5,0,False,3783780,403.2,23.571428571428573
5,1,0,4,4,1,False,15135120,440.83200000000005,21.42857142857143
5,1,0,4,3,2,False,22702680,446.208,21.42857142857143
5,1,0,4,2,3,False,15135120,419.32800000000003,22.857142857142858
5,1,0,4,1,4,False,3783780,360.192,26.42857142857143
5,1,0,3,6,0,False,2522520,374.40000000000003,25.384615384615383
5,1,0,3,5,1,False,12612600,449.28000000000003,21.538461538461537
5,1,0,3,4,2,False,25225200,469.24800000000005,20.76923076923077
5,1,0,3,3,3,False,25225200,459.26400000000007,20.76923076923077
5,1,0,3,2,4,False,12612600,419.3280000000001,23.076923076923077
5,1,0,3,1,5,False,2522520,349.44000000000005,26.923076923076923
5,1,0,2,7,0,False,1081080,345.59999999999997,27.5
5,1,0,2,6,1,False,6486480,414.72,23.333333333333336
5,1,0,2,5,2,False,16216200,483.84000000000003,20.0
5,1,0,2,4,3,False,21621600,488.448,20.0
5,1,0,2,3,4,False,16216200,465.40800000000013,20.833333333333336
5,1,0,2,2,5,False,6486480,414.72,23.333333333333336
5,1,0,2,1,6,False,1081080,336.38399999999996,28.333333333333336
5,1,0,1,8,0,False,270270,316.8,29.999999999999996
5,1,0,1,7,1,False,1891890,380.1600000000001,25.454545454545453
5,1,0,1,6,2,False,5675670,443.5200000000001,21.818181818181817
5,1,0,1,5,3,False,9459450,506.88000000000005,19.09090909090909
5,1,0,1,4,4,False,9459450,498.4320000000002,19.09090909090909
5,1,0,1,3,5,False,5675670,464.6400000000001,20.909090909090907
5,1,0,1,2,6,False,1891890,405.504,23.636363636363633
5,1,0,1,1,7,False,270270,321.02400000000006,29.999999999999996
5,1,0,0,9,0,False,30030,288.0,33.0
5,1,0,0,8,1,False,240240,345.6,28.0
5,1,0,0,7,2,False,840840,403.20000000000005,24.0
5,1,0,0,6,3,False,1681680,460.8,21.0
5,1,0,0,5,4,False,2102100,518.4,19.0
5,1,0,0,4,5,False,1681680,499.20000000000005,19.0
5,1,0,0,3,6,False,840840,456.96,21.0
5,1,0,0,2,7,False,240240,391.68000000000006,24.0
5,1,0,0,1,8,False,30030,303.36000000000007,31.0
5,0,10,0,0,0,False,3003,240.0,40.0
5,0,9,1,0,0,False,30030,250.8,38.18181818181818
5,0,9,0,1,0,False,30030,250.8,38.0
5,0,8,2,0,0,False,135135,259.2,36.66666666666667
5,0,8,1,1,0,False,270270,261.36000000000007,36.36363636363636
5,0,8,0,2,0,False,135135,259.2,37.0
5,0,8,0,1,1,False,135135,250.56000000000006,38.0
5,0,7,3,0,0,False,360360,265.20000000000005,36.15384615384615
5,0,7,2,1,0,False,1081080,269.2800000000001,35.0
5,0,7,1,2,0,False,1081080,269.28000000000003,35.45454545454545
5,0,7,1,1,1,False,1081080,260.3040000000001,36.36363636363636
5,0,7,0,3,0,False,360360,265.20000000000005,36.0
5,0,7,0,2,1,False,720720,269.2800000000001,35.0
5,0,7,0,1,2,False,360360,248.88000000000002,38.0
5,0,6,4,0,0,False,630630,268.79999999999995,35.0
5,0,6,3,1,0,False,2522520,274.56000000000006,34.61538461538461
5,0,6,2,2,0,False,3783780,276.48,34.16666666666667
5,0,6,2,1,1,False,3783780,267.264,35.833333333333336
5,0,6,1,3,0,False,2522520,274.56000000000006,34.54545454545454
5,0,6,1,2,1,False,5045040,278.78400000000005,34.54545454545454
5,0,6,1,1,2,False,2522520,257.66400000000004,37.272727272727266
5,0,6,0,4,0,False,630630,268.8,35.0
5,0,6,0,3,1,False,1891890,284.16,34.0
5,0,6,0,2,2,False,1891890,276.47999999999996,34.0
5,0,6,0,1,3,False,630630,245.76,39.0
5,0,5,5,0,0,False,756756,270.0,35.333333333333336
5,0,5,4,1,0,False,3783780,277.20000000000005,34.285714285714285
5,0,5,3,2,0,False,7567560,280.8,33.84615384615385
5,0,5,3,1,1,False,7567560,271.4400000000001,35.38461538461539
5,0,5,2,3,0,False,7567560,280.8,34.16666666666667
5,0,5,2,2,1,False,15135120,285.12,33.333333333333336
5,0,5,2,1,2,False,7567560,263.52000000000004,35.833333333333336
5,0,5,1,4,0,False,3783780,277.20000000000005,34.54545454545454
5,0,5,1,3,1,False,11351340,293.0400000000001,32.72727272727273
5,0,5,1,2,2,False,11351340,285.12,33.63636363636363
5,0,5,1,1,3,False,3783780,253.44000000000003,37.272727272727266
5,0,5,0,5,0,False,756756,270.0,35.0
5,0,5,0,4,1,False,3027024,295.2,32.0
5,0,5,0,3,2,False,4540536,298.80000000000007,32.0
5,0,5,0,2,3,False,3027024,280.8,34.0
5,0,5,0,1,4,False,756756,241.20000000000002,39.0
5,0,4,6,0,0,False,630630,268.8,35.0
5,0,4,5,1,0,False,3783780,277.20000000000005,34.0
5,0,4,4,2,0,False,9459450,282.24,33.57142857142858
5,0,4,4,1,1,False,9459450,272.832,35.0
5,0,4,3,3,0,False,12612600,283.92,33.84615384615385
5,0,4,3,2,1,False,25225200,288.288,33.07692307692307
5,0,4,3,1,2,False,12612600,266.44800000000004,35.38461538461539
5,0,4,2,4,0,False,9459450,282.24,33.333333333333336
5,0,4,2,3,1,False,28378350,298.368,31.666666666666668
5,0,4,2,2,2,False,28378350,290.304,32.5
5,0,4,2,1,3,False,9459450,258.048,36.66666666666667
5,0,4,1,5,0,False,3783780,277.20000000000005,34.54545454545454
5,0,4,1,4,1,False,15135120,303.07200000000006,31.818181818181817
5,0,4,1,3,2,False,22702680,306.7680000000001,30.909090909090907
5,0,4,1,2,3,False,15135120,288.28800000000007,32.72727272727273
5,0,4,1,1,4,False,3783780,247.63200000000006,38.18181818181818
5,0,4,0,6,0,False,630630,252.0,38.0
5,0,4,0,5,1,False,3153150,302.40000000000003,32.0
5,0,4,0,4,2,False,6306300,315.84000000000003,30.0
5,0,4,0,3,3,False,6306300,309.12000000000006,31.0
5,0,4,0,2,4,False,3153150,282.24,34.0
5,0,4,0,1,5,False,630630,235.20000000000002,40.0
5,0,3,7,0,0,False,360360,265.20000000000005,35.882352941176464
5,0,3,6,1,0,False,2522520,274.56000000000006,34.375
5,0,3,5,2,0,False,7567560,280.8,34.0
5,0,3,5,1,1,False,7567560,271.44000000000005,34.666666666666664
5,0,3,4,3,0,False,12612600,283.92,33.57142857142858
5,0,3,4,2,1,False,25225200,288.28800000000007,32.85714285714286
5,0,3,4,1,2,False,12612600,266.44800000000004,35.714285714285715
5,0,3,3,4,0,False,12612600,283.92,33.84615384615385
5,0,3,3,3,1,False,37837800,300.14400000000006,31.538461538461537
5,0,3,3,2,2,False,37837800,292.03200000000004,32.30769230769231
5,0,3,3,1,3,False,12612600,259.584,36.92307692307692
5,0,3,2,5,0,False,7567560,280.8,34.16666666666667
5,0,3,2,4,1,False,30270240,307.00800000000004,30.833333333333336
5,0,3,2,3,2,False,45405360,310.752,30.833333333333336
5,0,3,2,2,3,False,30270240,292.032,32.5
5,0,3,2,1,4,False,7567560,250.848,37.5
5,0,3,1,6,0,False,2522520,257.40000000000003,37.272727272727266
5,0,3,1,5,1,False,12612600,308.88000000000005,30.909090909090907
5,0,3,1,4,2,False,25225200,322.60800000000006,29.999999999999996
5,0,3,1,3,3,False,25225200,315.744,29.999999999999996
5,0,3,1,2,4,False,12612600,288.28800000000007,32.72727272727273
5,0,3,1,1,5,False,2522520,240.24000000000004,40.0
5,0,3,0,7,0,False,360360,234.0,41.0
5,0,3,0,6,1,False,2162160,280.8,34.0
5,0,3,0,5,2,False,5405400,327.6,29.0
5,0,3,0,4,3,False,7207200,330.72,29.0
5,0,3,0,3,4,False,5405400,315.1200000000001,30.0
5,0,3,0,2,5,False,2162160,280.8,34.0
5,0,3,0,1,6,False,360360,227.76,42.0
5,0,2,8,0,0,False,135135,259.2,36.666666666666664
5,0,2,7,1,0,False,1081080,269.2800000000001,35.29411764705882
5,0,2,6,2,0,False,3783780,276.48,34.375
5,0,2,6,1,1,False,3783780,267.26400000000007,35.625
5,0,2,5,3,0,False,7567560,280.8,34.0
5,0,2,5,2,1,False,15135120,285.12000000000006,33.333333333333336
5,0,2,5,1,2,False,7567560,263.52,36.0
5,0,2,4,4,0,False,9459450,282.23999999999995,33.57142857142858
5,0,2,4,3,1,False,28378350,298.368,32.142857142857146
5,0,2,4,2,2,False,28378350,290.304,32.85714285714286
5,0,2,4,1,3,False,9459450,258.048,36.42857142857143
5,0,2,3,5,0,False,7567560,280.8,33.84615384615385
5,0,2,3,4,1,False,30270240,307.0080000000001,30.769230769230766
5,0,2,3,3,2,False,45405360,310.752,30.769230769230766
5,0,2,3,2,3,False,30270240,292.03200000000004,32.30769230769231
5,0,2,3,1,4,False,7567560,250.84800000000007,37.69230769230769
5,0,2,2,6,0,False,3783780,259.2,36.66666666666667
5,0,2,2,5,1,False,18918900,311.03999999999996,30.833333333333336
5,0,2,2,4,2,False,37837800,324.86400000000003,29.166666666666668
5,0,2,2,3,3,False,37837800,317.95199999999994,30.0
5,0,2,2,2,4,False,18918900,290.30400000000003,32.5
5,0,2,2,1,5,False,3783780,241.92,39.16666666666667
5,0,2,1,7,0,False,1081080,237.60000000000002,40.0
5,0,2,1,6,1,False,6486480,285.12,33.63636363636363
5,0,2,1,5,2,False,16216200,332.64000000000004,29.09090909090909
5,0,2,1,4,3,False,21621600,335.80800000000005,28.18181818181818
5,0,2,1,3,4,False,16216200,319.9680000000001,29.999999999999996
5,0,2,1,2,5,False,6486480,285.12,33.63636363636363
5,0,2,1,1,6,False,1081080,231.26400000000004,40.90909090909091
5,0,2,0,8,0,False,135135,216.0,44.0
5,0,2,0,7,1,False,945945,259.2,37.0
5,0,2,0,6,2,False,2837835,302.40000000000003,32.0
5,0,2,0,5,3,False,4729725,345.6,28.0
5,0,2,0,4,4,False,4729725,339.8400000000001,28.0
5,0,2,0,3,5,False,2837835,316.80000000000007,30.0
5,0,2,0,2,6,False,945945,276.47999999999996,34.0
5,0,2,0,1,7,False,135135,218.88000000000002,43.0
5,0,1,9,0,0,False,30030,250.79999999999998,37.89473684210527
5,0,1,8,1,0,False,270270,261.36,36.11111111111111
5,0,1,7,2,0,False,1081080,269.28000000000003,35.29411764705882
5,0,1,7,1,1,False,1081080,260.3040000000001,36.470588235294116
5,0,1,6,3,0,False,2522520,274.56000000000006,34.375
5,0,1,6,2,1,False,5045040,278.78400000000005,33.75
5,0,1,6,1,2,False,2522520,257.664,36.875
5,0,1,5,4,0,False,3783780,277.2,34.0
5,0,1,5,3,1,False,11351340,293.04,32.666666666666664
5,0,1,5,2,2,False,11351340,285.12,33.333333333333336
5,0,1,5,1,3,False,3783780,253.44000000000005,37.333333333333336
5,0,1,4,5,0,False,3783780,277.2,34.285714285714285
5,0,1,4,4,1,False,15135120,303.072,31.42857142857143
5,0,1,4,3,2,False,22702680,306.76800000000003,30.714285714285715
5,0,1,4,2,3,False,15135120,288.28800000000007,32.85714285714286
5,0,1,4,1,4,False,3783780,247.632,38.57142857142858
5,0,1,3,6,0,False,2522520,257.40000000000003,36.92307692307692
5,0,1,3,5,1,False,12612600,308.88000000000005,30.769230769230766
5,0,1,3,4,2,False,25225200,322.60800000000006,29.23076923076923
5,0,1,3,3,3,False,25225200,315.744,30.0
5,0,1,3,2,4,False,12612600,288.28800000000007,33.07692307692307
5,0,1,3,1,5,False,2522520,240.23999999999998,39.230769230769226
5,0,1,2,7,0,False,1081080,237.6,40.0
5,0,1,2,6,1,False,6486480,285.12,33.333333333333336
5,0,1,2,5,2,False,16216200,332.64,28.333333333333336
5,0,1,2,4,3,False,21621600,335.80800000000005,28.333333333333336
5,0,1,2,3,4,False,16216200,319.968,30.0
5,0,1,2,2,5,False,6486480,285.12,33.333333333333336
5,0,1,2,1,6,False,1081080,231.264,40.833333333333336
5,0,1,1,8,0,False,270270,217.8,43.63636363636363
5,0,1,1,7,1,False,1891890,261.36000000000007,36.36363636363636
5,0,1,1,6,2,False,5675670,304.92,30.909090909090907
5,0,1,1,5,3,False,9459450,348.48,27.27272727272727
5,0,1,1,4,4,False,9459450,342.6720000000001,28.18181818181818
5,0,1,1,3,5,False,5675670,319.44000000000005,29.999999999999996
5,0,1,1,2,6,False,1891890,278.78400000000005,34.54545454545454
5,0,1,1,1,7,False,270270,220.70400000000004,42.72727272727273
5,0,1,0,9,0,False,30030,198.0,48.0
5,0,1,0,8,1,False,240240,237.60000000000002,40.0
5,0,1,0,7,2,False,840840,277.2,34.0
5,0,1,0,6,3,False,1681680,316.8,30.0
5,0,1,0,5,4,False,2102100,356.4000000000001,27.0
5,0,1,0,4,5,False,1681680,343.20000000000005,28.0
5,0,1,0,3,6,False,840840,314.16,30.0
5,0,1,0,2,7,False,240240,269.28000000000003,35.0
5,0,1,0,1,8,False,30030,208.56,46.0
5,0,0,10,0,0,False,3003,240.0,39.5
5,0,0,9,1,0,False,30030,250.79999999999998,37.89473684210527
5,0,0,8,2,0,False,135135,259.2,36.666666666666664
5,0,0,8,1,1,False,135135,250.56000000000003,37.77777777777778
5,0,0,7,3,0,False,360360,265.20000000000005,35.882352941176464
5,0,0,7,2,1,False,720720,269.28000000000003,35.29411764705882
5,0,0,7,1,2,False,360360,248.88000000000002,38.23529411764706
5,0,0,6,4,0,False,630630,268.8,35.0
5,0,0,6,3,1,False,1891890,284.16,33.125
5,0,0,6,2,2,False,1891890,276.48,34.375
5,0,0,6,1,3,False,630630,245.76000000000005,38.75
5,0,0,5,5,0,False,756756,270.0,35.333333333333336
5,0,0,5,4,1,False,3027024,295.20000000000005,32.0
5,0,0,5,3,2,False,4540536,298.80000000000007,32.0
5,0,0,5,2,3,False,3027024,280.8,34.0
5,0,0,5,1,4,False,756756,241.20000000000002,39.333333333333336
5,0,0,4,6,0,False,630630,251.99999999999997,37.85714285714286
5,0,0,4,5,1,False,3153150,302.4,31.42857142857143
5,0,0,4,4,2,False,6306300,315.84000000000003,30.000000000000004
5,0,0,4,3,3,False,6306300,309.12,30.714285714285715
5,0,0,4,2,4,False,3153150,282.24,33.57142857142858
5,0,0,4,1,5,False,630630,235.2,40.0
5,0,0,3,7,0,False,360360,234.0,40.76923076923077
5,0,0,3,6,1,False,2162160,280.8,33.84615384615385
5,0,0,3,5,2,False,5405400,327.6,29.23076923076923
5,0,0,3,4,3,False,7207200,330.72,28.46153846153846
5,0,0,3,3,4,False,5405400,315.1200000000001,30.0
5,0,0,3,2,5,False,2162160,280.8,33.84615384615385
5,0,0,3,1,6,False,360360,227.76000000000002,41.53846153846154
5,0,0,2,8,0,False,135135,216.0,44.16666666666667
5,0,0,2,7,1,False,945945,259.2,36.66666666666667
5,0,0,2,6,2,False,2837835,302.4,31.666666666666668
5,0,0,2,5,3,False,4729725,345.59999999999997,27.5
5,0,0,2,4,4,False,4729725,339.84000000000003,28.333333333333336
5,0,0,2,3,5,False,2837835,316.8,30.0
5,0,0,2,2,6,False,945945,276.48,34.16666666666667
5,0,0,2,1,7,False,135135,218.88,43.333333333333336
5,0,0,1,9,0,False,30030,198.00000000000003,48.18181818181818
5,0,0,1,8,1,False,240240,237.60000000000002,40.0
5,0,0,1,7,2,False,840840,277.20000000000005,34.54545454545454
5,0,0,1,6,3,False,1681680,316.8,29.999999999999996
5,0,0,1,5,4,False,2102100,356.40000000000003,27.27272727272727
5,0,0,1,4,5,False,1681680,343.20000000000005,28.18181818181818
5,0,0,1,3,6,False,840840,314.16,29.999999999999996
5,0,0,1,2,7,False,240240,269.28000000000003,35.45454545454545
5,0,0,1,1,8,False,30030,208.56000000000003,45.45454545454545
5,0,0,0,10,0,False,3003,180.0,53.0
5,0,0,0,9,1,False,27027,216.0,44.0
5,0,0,0,8,2,False,108108,252.0,38.0
5,0,0,0,7,3,False,252252,288.0,33.0
5,0,0,0,6,4,False,378378,324.0,30.0
5,0,0,0,5,5,False,378378,360.0,27.0
5,0,0,0,4,6,False,252252,340.8,28.0
5,0,0,0,3,7,False,108108,307.20000000000005,31.0
5,0,0,0,2,8,False,27027,259.2,37.0
5,0,0,0,1,9,False,3003,196.79999999999998,48.0
4,11,0,0,0,0,False,1365,904.0,11.0
4,10,1,0,0,0,False,15015,915.2,11.0
4,10,0,1,0,0,False,15015,915.2,10.909090909090908
4,10,0,0,1,0,False,15015,915.2,11.0
4,9,2,0,0,0,False,75075,912.0,11.0
4,9,1,1,0,0,False,150150,919.6,10.909090909090908
4,9,1,0,1,0,False,150150,919.6,11.0
4,9,0,2,0,0,False,75075,912.0,10.833333333333334
4,9,0,1,1,0,False,150150,919.6,10.909090909090908
4,9,0,0,2,0,False,75075,912.0,11.0
4,9,0,0,1,1,False,75075,881.6000000000003,11.0
4,8,3,0,0,0,False,225225,894.4000000000001,11.0
4,8,2,1,0,0,False,675675,908.1600000000001,10.909090909090908
4,8,2,0,1,0,False,675675,908.1600000000001,11.0
4,8,1,2,0,0,False,675675,908.1600000000002,10.833333333333334
4,8,1,1,1,0,False,1351350,915.7280000000002,10.909090909090908
4,8,1,0,2,0,False,675675,908.1600000000001,11.0
4,8,1,0,1,1,False,675675,877.8880000000004,11.0
4,8,0,3,0,0,False,225225,894.4,10.769230769230768
4,8,0,2,1,0,False,675675,908.1600000000002,10.833333333333334
4,8,0,1,2,0,False,675675,908.1600000000001,10.909090909090908
4,8,0,1,1,1,False,675675,877.8880000000003,10.909090909090908
4,8,0,0,3,0,False,225225,894.4000000000001,11.0
4,8,0,0,2,1,False,450450,908.1600000000001,11.0
4,8,0,0,1,2,False,225225,839.3600000000001,12.0
4,7,4,0,0,0,False,450450,862.4000000000001,11.0
4,7,3,1,0,0,False,1801800,880.8800000000002,10.909090909090908
4,7,3,0,1,0,False,1801800,880.8800000000003,11.0
4,7,2,2,0,0,False,2702700,887.0400000000002,10.833333333333334
4,7,2,1,1,0,False,5405400,894.4320000000004,10.909090909090908
4,7,2,0,2,0,False,2702700,887.0400000000002,11.0
4,7,2,0,1,1,False,2702700,857.4720000000003,11.0
4,7,1,3,0,0,False,1801800,880.8800000000003,10.769230769230768
4,7,1,2,1,0,False,5405400,894.4320000000002,10.833333333333334
4,7,1,1,2,0,False,5405400,894.4320000000004,10.909090909090908
4,7,1,1,1,1,True,5405400,864.6176000000005,10.909090909090908
4,7,1,0,3,0,False,1801800,880.8800000000003,11.0
4,7,1,0,2,1,False,3603600,894.4320000000004,11.0
4,7,1,0,1,2,False,1801800,826.6720000000001,12.0
4,7,0,4,0,0,False,450450,862.4000000000001,11.428571428571429
4,7,0,3,1,0,False,1801800,880.8800000000003,10.769230769230768
4,7,0,2,2,0,False,2702700,887.0400000000002,10.833333333333334
4,7,0,2,1,1,False,2702700,857.4720000000003,11.666666666666668
4,7,0,1,3,0,False,1801800,880.8800000000002,10.909090909090908
4,7,0,1,2,1,False,3603600,894.4320000000004,10.909090909090908
4,7,0,1,1,2,False,1801800,826.6720000000001,11.818181818181817
4,7,0,0,4,0,False,450450,862.4000000000001,11.0
4,7,0,0,3,1,False,1351350,911.6800000000002,11.0
4,7,0,0,2,2,False,1351350,887.0400000000002,11.0
4,7,0,0,1,3,False,450450,788.4800000000001,12.0
4,6,5,0,0,0,False,630630,816.0,12.0
4,6,4,1,0,0,False,3153150,837.76,11.818181818181817
4,6,4,0,1,0,False,3153150,837.7600000000001,12.0
4,6,3,2,0,0,False,6306300,848.64,11.666666666666668
4,6,3,1,1,0,False,12612600,855.7120000000001,11.818181818181817
4,6,3,0,2,0,False,6306300,848.64,12.0
4,6,3,0,1,1,False,6306300,820.3520000000001,12.0
4,6,2,3,0,0,False,6306300,848.6400000000001,11.538461538461538
4,6,2,2,1,0,False,18918900,861.696,11.666666666666668
4,6,2,1,2,0,False,18918900,861.6960000000001,10.909090909090908
4,6,2,1,1,1,True,18918900,832.9728000000002,11.818181818181817
4,6,2,0,3,0,False,6306300,848.64,12.0
4,6,2,0,2,1,False,12612600,861.6960000000001,11.0
4,6,2,0,1,2,False,6306300,796.416,12.0
4,6,1,4,0,0,False,3153150,837.7600000000001,11.428571428571429
4,6,1,3,1,0,False,12612600,855.7120000000003,11.538461538461538
4,6,1,2,2,0,False,18918900,861.6960000000001,11.666666666666668
4,6,1,2,1,1,True,18918900,832.9728000000002,11.666666666666668
4,6,1,1,3,0,False,12612600,855.7120000000003,11.818181818181817
4,6,1,1,2,1,True,25225200,868.8768000000003,10.909090909090908
4,6,1,1,1,2,True,12612600,803.0528000000003,11.818181818181817
4,6,1,0,4,0,False,3153150,837.7600000000001,12.0
4,6,1,0,3,1,False,9459450,885.6320000000002,11.0
4,6,1,0,2,2,False,9459450,861.6960000000001,11.0
4,6,1,0,1,3,False,3153150,765.9520000000002,13.0
4,6,0,5,0,0,False,630630,816.0,12.0
4,6,0,4,1,0,False,3153150,837.7600000000001,11.428571428571429
4,6,0,3,2,0,False,6306300,848.6400000000001,11.538461538461538
4,6,0,3,1,1,False,6306300,820.3520000000001,11.538461538461538
4,6,0,2,3,0,False,6306300,848.64,11.666666666666668
4,6,0,2,2,1,False,12612600,861.696,11.666666666666668
4,6,0,2,1,2,False,6306300,796.416,12.5
4,6,0,1,4,0,False,3153150,837.76,11.818181818181817
4,6,0,1,3,1,False,9459450,885.6320000000001,10.909090909090908
4,6,0,1,2,2,False,9459450,861.6960000000001,10.909090909090908
4,6,0,1,1,3,False,3153150,765.9520000000001,12.727272727272727
4,6,0,0,5,0,False,630630,816.0,12.0
4,6,0,0,4,1,False,2522520,892.1600000000001,11.0
4,6,0,0,3,2,False,3783780,903.0400000000002,11.0
4,6,0,0,2,3,False,2522520,848.64,12.0
4,6,0,0,1,4,False,630630,728.96,13.0
4,5,6,0,0,0,False,630630,755.2,13.0
4,5,5,1,0,0,False,3783780,778.8000000000001,12.727272727272727
4,5,5,0,1,0,False,3783780,778.8000000000002,13.0
4,5,4,2,0,0,False,9459450,792.96,12.5
4,5,4,1,1,0,False,18918900,799.5680000000002,11.818181818181817
4,5,4,0,2,0,False,9459450,792.96,12.0
4,5,4,0,1,1,False,9459450,766.5280000000001,13.0
4,5,3,3,0,0,False,12612600,797.6800000000001,12.307692307692307
4,5,3,2,1,0,False,37837800,809.952,11.666666666666668
4,5,3,1,2,0,False,37837800,809.9520000000001,11.818181818181817
4,5,3,1,1,1,True,37837800,782.9536000000003,12.727272727272727
4,5,3,0,3,0,False,12612600,797.6800000000001,12.0
4,5,3,0,2,1,False,25225200,809.9520000000001,12.0
4,5,3,0,1,2,False,12612600,748.5920000000001,13.0
4,5,2,4,0,0,False,9459450,792.9599999999999,12.142857142857144
4,5,2,3,1,0,False,37837800,809.9520000000001,12.307692307692307
4,5,2,2,2,0,False,56756700,815.6160000000001,11.666666666666668
4,5,2,2,1,1,True,56756700,788.4288000000001,12.5
4,5,2,1,3,0,False,37837800,809.9520000000001,11.818181818181817
4,5,2,1,2,1,True,75675600,822.4128000000002,11.818181818181817
4,5,2,1,1,2,True,37837800,760.1088000000001,12.727272727272727
4,5,2,0,4,0,False,9459450,792.96,12.0
4,5,2,0,3,1,False,28378350,838.2719999999999,12.0
4,5,2,0,2,2,False,28378350,815.616,12.0
4,5,2,0,1,3,False,9459450,724.9920000000001,13.0
4,5,1,5,0,0,False,3783780,778.8000000000001,12.666666666666666
4,5,1,4,1,0,False,18918900,799.5680000000001,12.142857142857144
4,5,1,3,2,0,False,37837800,809.952,12.307692307692307
4,5,1,3,1,1,True,37837800,782.9536000000003,12.307692307692307
4,5,1,2,3,0,False,37837800,809.952,11.666666666666668
4,5,1,2,2,1,True,75675600,822.4128000000001,11.666666666666668
4,5,1,2,1,2,True,37837800,760.1088,12.5
4,5,1,1,4,0,False,18918900,799.5680000000001,11.818181818181817
4,5,1,1,3,1,True,56756700,845.2576000000001,11.818181818181817
4,5,1,1,2,2,True,56756700,822.4128000000001,11.818181818181817
4,5,1,1,1,3,True,18918900,731.0336000000001,13.636363636363635
4,5,1,0,5,0,False,3783780,778.8000000000001,13.0
4,5,1,0,4,1,False,15135120,851.4880000000002,12.0
4,5,1,0,3,2,False,22702680,861.8720000000002,11.0
4,5,1,0,2,3,False,15135120,809.9520000000001,12.0
4,5,1,0,1,4,False,3783780,695.7280000000001,14.0
4,5,0,6,0,0,False,630630,755.2,12.5
4,5,0,5,1,0,False,3783780,778.8000000000001,12.666666666666666
4,5,0,4,2,0,False,9459450,792.9599999999999,12.142857142857144
4,5,0,4,1,1,False,9459450,766.5280000000001,12.857142857142858
4,5,0,3,3,0,False,12612600,797.6800000000001,12.307692307692307
4,5,0,3,2,1,False,25225200,809.9520000000001,12.307692307692307
4,5,0,3,1,2,False,12612600,748.5920000000001,13.076923076923077
4,5,0,2,4,0,False,9459450,792.96,12.5
4,5,0,2,3,1,False,28378350,838.272,11.666666666666668
4,5,0,2,2,2,False,28378350,815.6160000000001,11.666666666666668
4,5,0,2,1,3,False,9459450,724.9920000000001,13.333333333333334
4,5,0,1,5,0,False,3783780,778.8000000000001,12.727272727272727
4,5,0,1,4,1,False,15135120,851.4880000000002,11.818181818181817
4,5,0,1,3,2,False,22702680,861.8720000000002,10.909090909090908
4,5,0,1,2,3,False,15135120,809.9520000000001,11.818181818181817
4,5,0,1,1,4,False,3783780,695.7280000000001,13.636363636363635
4,5,0,0,6,0,False,630630,708.0,14.0
4,5,0,0,5,1,False,3153150,849.6,12.0
4,5,0,0,4,2,False,6306300,887.3600000000001,11.0
4,5,0,0,3,3,False,6306300,868.4800000000001,11.0
4,5,0,0,2,4,False,3153150,792.96,12.0
4,5,0,0,1,5,False,630630,660.8000000000001,15.0
4,4,7,0,0,0,False,450450,680.0000000000001,14.0
4,4,6,1,0,0,False,3153150,704.0,13.636363636363635
4,4,6,0,1,0,False,3153150,704.0000000000001,14.0
4,4,5,2,0,0,False,9459450,720.0,13.333333333333334
4,4,5,1,1,0,False,18918900,726.0000000000002,13.636363636363635
4,4,5,0,2,0,False,9459450,720.0,14.0
4,4,5,0,1,1,False,9459450,696.0000000000001,14.0
4,4,4,3,0,0,False,15765750,728.0,13.076923076923077
4,4,4,2,1,0,False,47297250,739.2000000000002,13.333333333333334
4,4,4,1,2,0,False,47297250,739.2,12.727272727272727
4,4,4,1,1,1,True,47297250,714.5600000000002,13.636363636363635
4,4,4,0,3,0,False,15765750,728.0,13.0
4,4,4,0,2,1,False,31531500,739.2,13.0
4,4,4,0,1,2,False,15765750,683.2,14.0
4,4,3,4,0,0,False,15765750,728.0,13.571428571428573
4,4,3,3,1,0,False,63063000,743.6000000000001,13.076923076923077
4,4,3,2,2,0,False,94594500,748.8,13.333333333333334
4,4,3,2,1,1,True,94594500,723.8400000000001,13.333333333333334
4,4,3,1,3,0,False,63063000,743.6,12.727272727272727
4,4,3,1,2,1,True,126126000,755.0400000000002,12.727272727272727
4,4,3,1,1,2,True,63063000,697.8400000000001,13.636363636363635
4,4,3,0,4,0,False,15765750,728.0,13.0
4,4,3,0,3,1,False,47297250,769.6,13.0
4,4,3,0,2,2,False,47297250,748.8000000000001,13.0
4,4,3,0,1,3,False,15765750,665.6,15.0
4,4,2,5,0,0,False,9459450,720.0,13.333333333333334
4,4,2,4,1,0,False,47297250,739.1999999999999,12.857142857142858
4,4,2,3,2,0,False,94594500,748.8000000000001,13.076923076923077
4,4,2,3,1,1,True,94594500,723.8400000000001,13.076923076923077
4,4,2,2,3,0,False,94594500,748.8,13.333333333333334
4,4,2,2,2,1,True,189189000,760.32,12.5
4,4,2,2,1,2,True,94594500,702.72,14.166666666666668
4,4,2,1,4,0,False,47297250,739.2,12.727272727272727
4,4,2,1,3,1,True,141891750,781.4400000000002,12.727272727272727
4,4,2,1,2,2,True,141891750,760.3200000000002,12.727272727272727
4,4,2,1,1,3,True,47297250,675.8400000000001,14.545454545454545
4,4,2,0,5,0,False,9459450,720.0,14.0
4,4,2,0,4,1,False,37837800,787.2000000000002,12.0
4,4,2,0,3,2,False,56756700,796.8000000000002,12.0
4,4,2,0,2,3,False,37837800,748.8000000000001,13.0
4,4,2,0,1,4,False,9459450,643.2,15.0
4,4,1,6,0,0,False,3153150,704.0,13.75
4,4,1,5,1,0,False,18918900,726.0,13.333333333333334
4,4,1,4,2,0,False,47297250,739.1999999999999,12.857142857142858
4,4,1,4,1,1,True,47297250,714.5600000000001,13.571428571428573
4,4,1,3,3,0,False,63063000,743.6,13.076923076923077
4,4,1,3,2,1,True,126126000,755.0400000000001,13.076923076923077
4,4,1,3,1,2,True,63063000,697.8400000000001,13.846153846153845
4,4,1,2,4,0,False,47297250,739.1999999999999,13.333333333333334
4,4,1,2,3,1,True,141891750,781.44,12.5
4,4,1,2,2,2,True,141891750,760.32,12.5
4,4,1,2,1,3,True,47297250,675.84,14.166666666666668
4,4,1,1,5,0,False,18918900,726.0000000000001,13.636363636363635
4,4,1,1,4,1,True,75675600,793.7600000000002,12.727272727272727
4,4,1,1,3,2,True,113513400,803.4400000000002,11.818181818181817
4,4,1,1,2,3,True,75675600,755.0400000000002,12.727272727272727
4,4,1,1,1,4,True,18918900,648.5600000000001,14.545454545454545
4,4,1,0,6,0,False,3153150,660.0,15.0
4,4,1,0,5,1,False,15765750,792.0,12.0
4,4,1,0,4,2,False,31531500,827.2,12.0
4,4,1,0,3,3,False,31531500,809.6,12.0
4,4,1,0,2,4,False,15765750,739.2000000000002,13.0
4,4,1,0,1,5,False,3153150,616.0,16.0
4,4,0,7,0,0,False,450450,680.0000000000001,14.117647058823527
4,4,0,6,1,0,False,3153150,704.0,13.75
4,4,0,5,2,0,False,9459450,720.0,13.333333333333334
4,4,0,5,1,1,False,9459450,696.0000000000002,14.0
4,4,0,4,3,0,False,15765750,728.0,13.571428571428573
4,4,0,4,2,1,False,31531500,739.1999999999999,12.857142857142858
4,4,0,4,1,2,False,15765750,683.1999999999999,14.285714285714286
4,4,0,3,4,0,False,15765750,728.0,13.076923076923077
4,4,0,3,3,1,False,47297250,769.6,12.307692307692307
4,4,0,3,2,2,False,47297250,748.8000000000001,13.076923076923077
4,4,0,3,1,3,False,15765750,665.6,14.615384615384615
4,4,0,2,5,0,False,9459450,720.0,13.333333333333334
4,4,0,2,4,1,False,37837800,787.2000000000002,12.5
4,4,0,2,3,2,False,56756700,796.8000000000001,12.5
4,4,0,2,2,3,False,37837800,748.8,13.333333333333334
4,4,0,2,1,4,False,9459450,643.1999999999999,15.0
4,4,0,1,6,0,False,3153150,660.0,14.545454545454545
4,4,0,1,5,1,False,15765750,792.0000000000001,12.727272727272727
4,4,0,1,4,2,False,31531500,827.2000000000002,11.818181818181817
4,4,0,1,3,3,False,31531500,809.6,11.818181818181817
4,4,0,1,2,4,False,15765750,739.2000000000002,12.727272727272727
4,4,0,1,1,5,False,3153150,616.0,15.454545454545453
4,4,0,0,7,0,False,450450,600.0,16.0
4,4,0,0,6,1,False,2702700,720.0,14.0
4,4,0,0,5,2,False,6756750,840.0,12.0
4,4,0,0,4,3,False,9009000,848.0,12.0
4,4,0,0,3,4,False,6756750,808.0000000000002,12.0
4,4,0,0,2,5,False,2702700,720.0,14.0
4,4,0,0,1,6,False,450450,584.0,17.0
4,3,8,0,0,0,False,225225,590.4,16.0
4,3,7,1,0,0,False,1801800,613.3600000000002,15.454545454545453
4,3,7,0,1,0,False,1801800,613.3600000000001,16.0
4,3,6,2,0,0,False,6306300,629.7600000000001,15.0
4,3,6,1,1,0,False,12612600,635.0080000000002,15.454545454545453
4,3,6,0,2,0,False,6306300,629.76,15.0
4,3,6,0,1,1,False,6306300,608.768,16.0
4,3,5,3,0,0,False,12612600,639.6,15.384615384615383
4,3,5,2,1,0,False,37837800,649.44,15.0
4,3,5,1,2,0,False,37837800,649.44,14.545454545454545
4,3,5,1,1,1,True,37837800,627.7920000000003,15.454545454545453
4,3,5,0,3,0,False,12612600,639.6,15.0
4,3,5,0,2,1,False,25225200,649.44,15.0
4,3,5,0,1,2,False,12612600,600.24,16.0
4,3,4,4,0,0,False,15765750,642.88,15.000000000000002
4,3,4,3,1,0,False,63063000,656.6560000000002,14.615384615384615
4,3,4,2,2,0,False,94594500,661.2479999999999,15.0
4,3,4,2,1,1,True,94594500,639.2064,15.0
4,3,4,1,3,0,False,63063000,656.6560000000001,14.545454545454545
4,3,4,1,2,1,True,126126000,666.7584000000002,14.545454545454545
4,3,4,1,1,2,True,63063000,616.2464000000001,15.454545454545453
4,3,4,0,4,0,False,15765750,642.88,15.0
4,3,4,0,3,1,False,47297250,679.616,14.0
4,3,4,0,2,2,False,47297250,661.248,15.0
4,3,4,0,1,3,False,15765750,587.7760000000001,16.0
4,3,3,5,0,0,False,12612600,639.6,15.333333333333334
4,3,3,4,1,0,False,63063000,656.6560000000001,15.000000000000002
4,3,3,3,2,0,False,126126000,665.1840000000001,14.615384615384615
4,3,3,3,1,1,True,126126000,643.0112000000001,15.384615384615383
4,3,3,2,3,0,False,126126000,665.1840000000001,14.166666666666668
4,3,3,2,2,1,True,252252000,675.4176000000001,14.166666666666668
4,3,3,2,1,2,True,126126000,624.2496,15.833333333333334
4,3,3,1,4,0,False,63063000,656.656,14.545454545454545
4,3,3,1,3,1,True,189189000,694.1792000000002,13.636363636363635
4,3,3,1,2,2,True,189189000,675.4176,14.545454545454545
4,3,3,1,1,3,True,63063000,600.3712,16.363636363636363
4,3,3,0,5,0,False,12612600,639.6,15.0
4,3,3,0,4,1,False,50450400,699.2960000000002,14.0
4,3,3,0,3,2,False,75675600,707.8240000000001,14.0
4,3,3,0,2,3,False,50450400,665.1840000000001,15.0
4,3,3,0,1,4,False,12612600,571.3760000000001,17.0
4,3,2,6,0,0,False,6306300,629.7600000000001,15.0
4,3,2,5,1,0,False,37837800,649.44,14.666666666666666
4,3,2,4,2,0,False,94594500,661.2479999999999,14.285714285714286
4,3,2,4,1,1,True,94594500,639.2064,15.000000000000002
4,3,2,3,3,0,False,126126000,665.1840000000001,14.615384615384615
4,3,2,3,2,1,True,252252000,675.4176000000001,14.615384615384615
4,3,2,3,1,2,True,126126000,624.2496,15.384615384615383
4,3,2,2,4,0,False,94594500,661.2479999999999,15.0
4,3,2,2,3,1,True,283783500,699.0336,14.166666666666668
4,3,2,2,2,2,True,283783500,680.1408,14.166666666666668
4,3,2,2,1,3,True,94594500,604.5695999999999,15.833333333333334
4,3,2,1,5,0,False,37837800,649.44,14.545454545454545
4,3,2,1,4,1,True,151351200,710.0544000000002,13.636363636363635
4,3,2,1,3,2,True,227026800,718.7136000000002,13.636363636363635
4,3,2,1,2,3,True,151351200,675.4176,14.545454545454545
4,3,2,1,1,4,True,37837800,580.1664000000002,16.363636363636363
4,3,2,0,6,0,False,6306300,590.4,16.0
4,3,2,0,5,1,False,31531500,708.48,14.0
4,3,2,0,4,2,False,63063000,739.9680000000001,13.0
4,3,2,0,3,3,False,63063000,724.2240000000002,13.0
4,3,2,0,2,4,False,31531500,661.248,15.0
4,3,2,0,1,5,False,6306300,551.04,18.0
4,3,1,7,0,0,False,1801800,613.3600000000001,15.88235294117647
4,3,1,6,1,0,False,12612600,635.0080000000003,15.0
4,3,1,5,2,0,False,37837800,649.44,14.666666666666666
4,3,1,5,1,1,True,37837800,627.7920000000001,15.333333333333334
4,3,1,4,3,0,False,63063000,656.6560000000001,15.000000000000002
4,3,1,4,2,1,True,126126000,666.7584,14.285714285714286
4,3,1,4,1,2,True,63063000,616.2464,15.714285714285715
4,3,1,3,4,0,False,63063000,656.6560000000002,14.615384615384615
4,3,1,3,3,1,True,189189000,694.1792000000003,13.846153846153845
4,3,1,3,2,2,True,189189000,675.4176000000001,14.615384615384615
4,3,1,3,1,3,True,63063000,600.3712000000002,16.153846153846153
4,3,1,2,5,0,False,37837800,649.4400000000002,15.0
4,3,1,2,4,1,True,151351200,710.0544000000001,13.333333333333334
4,3,1,2,3,2,True,227026800,718.7136000000003,13.333333333333334
4,3,1,2,2,3,True,151351200,675.4176000000001,14.166666666666668
4,3,1,2,1,4,True,37837800,580.1664000000002,16.666666666666668
4,3,1,1,6,0,False,12612600,595.3200000000003,16.363636363636363
4,3,1,1,5,1,True,63063000,714.3840000000001,13.636363636363635
4,3,1,1,4,2,True,126126000,746.1344000000001,12.727272727272727
4,3,1,1,3,3,True,126126000,730.2592000000003,13.636363636363635
4,3,1,1,2,4,True,63063000,666.7584000000002,14.545454545454545
4,3,1,1,1,5,True,12612600,555.6320000000002,17.27272727272727
4,3,1,0,7,0,False,1801800,541.2000000000002,18.0
4,3,1,0,6,1,False,10810800,649.44,15.0
4,3,1,0,5,2,False,27027000,757.6800000000002,13.0
4,3,1,0,4,3,False,36036000,764.8960000000002,13.0
4,3,1,0,3,4,False,27027000,728.8160000000003,13.0
4,3,1,0,2,5,False,10810800,649.44,15.0
4,3,1,0,1,6,False,1801800,526.768,18.0
4,3,0,8,0,0,False,225225,590.4,16.11111111111111
4,3,0,7,1,0,False,1801800,613.3600000000001,15.88235294117647
4,3,0,6,2,0,False,6306300,629.7600000000001,15.0
4,3,0,6,1,1,False,6306300,608.7680000000001,15.625
4,3,0,5,3,0,False,12612600,639.6,15.333333333333334
4,3,0,5,2,1,False,25225200,649.44,14.666666666666666
4,3,0,5,1,2,False,12612600,600.24,16.0
4,3,0,4,4,0,False,15765750,642.88,15.000000000000002
4,3,0,4,3,1,False,47297250,679.616,14.285714285714286
4,3,0,4,2,2,False,47297250,661.2479999999999,14.285714285714286
4,3,0,4,1,3,False,15765750,587.776,16.42857142857143
4,3,0,3,5,0,False,12612600,639.6,15.384615384615383
4,3,0,3,4,1,False,50450400,699.2960000000002,13.846153846153845
4,3,0,3,3,2,False,75675600,707.8240000000001,13.846153846153845
4,3,0,3,2,3,False,50450400,665.1840000000001,14.615384615384615
4,3,0,3,1,4,False,12612600,571.376,16.923076923076923
4,3,0,2,6,0,False,6306300,590.4,16.666666666666668
4,3,0,2,5,1,False,31531500,708.4799999999999,13.333333333333334
4,3,0,2,4,2,False,63063000,739.9680000000001,13.333333333333334
4,3,0,2,3,3,False,63063000,724.2239999999999,13.333333333333334
4,3,0,2,2,4,False,31531500,661.248,15.0
4,3,0,2,1,5,False,6306300,551.0400000000001,17.5
4,3,0,1,7,0,False,1801800,541.2,18.18181818181818
4,3,0,1,6,1,False,10810800,649.44,14.545454545454545
4,3,0,1,5,2,False,27027000,757.6800000000002,12.727272727272727
4,3,0,1,4,3,False,36036000,764.8960000000002,12.727272727272727
4,3,0,1,3,4,False,27027000,728.8160000000003,13.636363636363635
4,3,0,1,2,5,False,10810800,649.44,14.545454545454545
4,3,0,1,1,6,False,1801800,526.7680000000001,18.18181818181818
4,3,0,0,8,0,False,225225,492.0,20.0
4,3,0,0,7,1,False,1576575,590.4,16.0
4,3,0,0,6,2,False,4729725,688.8000000000001,14.0
4,3,0,0,5,3,False,7882875,787.2,12.0
4,3,0,0,4,4,False,7882875,774.0800000000002,13.0
4,3,0,0,3,5,False,4729725,721.6000000000001,14.0
4,3,0,0,2,6,False,1576575,629.76,15.0
4,3,0,0,1,7,False,225225,498.56000000000006,19.0
4,2,9,0,0,0,False,75075,486.40000000000003,20.0
4,2,8,1,0,0,False,675675,506.88000000000005,19.09090909090909
4,2,8,0,1,0,False,675675,506.88000000000005,19.0
4,2,7,2,0,0,False,2702700,522.24,18.333333333333336
4,2,7,1,1,0,False,5405400,526.5920000000001,18.18181818181818
4,2,7,0,2,0,False,2702700,522.24,18.0
4,2,7,0,1,1,False,2702700,504.8320000000001,19.0
4,2,6,3,0,0,False,6306300,532.48,17.692307692307693
4,2,6,2,1,0,False,18918900,540.672,17.5
4,2,6,1,2,0,False,18918900,540.672,18.18181818181818
4,2,6,1,1,1,True,18918900,522.6496000000001,18.18181818181818
4,2,6,0,3,0,False,6306300,532.48,18.0
4,2,6,0,2,1,False,12612600,540.672,18.0
4,2,6,0,1,2,False,6306300,499.712,19.0
4,2,5,4,0,0,False,9459450,537.5999999999999,17.857142857142858
4,2,5,3,1,0,False,37837800,549.1200000000001,17.692307692307693
4,2,5,2,2,0,False,56756700,552.96,17.5
4,2,5,2,1,1,True,56756700,534.528,18.333333333333336
4,2,5,1,3,0,False,37837800,549.1200000000001,17.27272727272727
4,2,5,1,2,1,True,75675600,557.5680000000001,17.27272727272727
4,2,5,1,1,2,True,37837800,515.3280000000001,19.09090909090909
4,2,5,0,4,0,False,9459450,537.6,18.0
4,2,5,0,3,1,False,28378350,568.32,17.0
4,2,5,0,2,2,False,28378350,552.9599999999999,17.0
4,2,5,0,1,3,False,9459450,491.52,20.0
4,2,4,5,0,0,False,9459450,537.6,18.0
4,2,4,4,1,0,False,47297250,551.936,17.142857142857142
4,2,4,3,2,0,False,94594500,559.104,16.923076923076923
4,2,4,3,1,1,True,94594500,540.4672000000002,17.692307692307693
4,2,4,2,3,0,False,94594500,559.104,17.5
4,2,4,2,2,1,True,189189000,567.7056,16.666666666666668
4,2,4,2,1,2,True,94594500,524.6976,18.333333333333336
4,2,4,1,4,0,False,47297250,551.936,17.27272727272727
4,2,4,1,3,1,True,141891750,583.4752000000001,16.363636363636363
4,2,4,1,2,2,True,141891750,567.7056,17.27272727272727
4,2,4,1,1,3,True,47297250,504.62720000000013,19.09090909090909
4,2,4,0,5,0,False,9459450,537.6,18.0
4,2,4,0,4,1,False,37837800,587.7760000000001,16.0
4,2,4,0,3,2,False,56756700,594.9440000000001,16.0
4,2,4,0,2,3,False,37837800,559.104,17.0
4,2,4,0,1,4,False,9459450,480.2560000000001,20.0
4,2,3,6,0,0,False,6306300,532.48,18.125
4,2,3,5,1,0,False,37837800,549.1200000000001,17.333333333333332
4,2,3,4,2,0,False,94594500,559.1039999999999,17.142857142857142
4,2,3,4,1,1,True,94594500,540.4672,17.857142857142858
4,2,3,3,3,0,False,126126000,562.4320000000001,16.923076923076923
4,2,3,3,2,1,True,252252000,571.0848000000001,16.923076923076923
4,2,3,3,1,2,True,126126000,527.8208000000001,18.46153846153846
4,2,3,2,4,0,False,94594500,559.104,17.5
4,2,3,2,3,1,True,283783500,591.0527999999999,16.666666666666668
4,2,3,2,2,2,True,283783500,575.0784,16.666666666666668
4,2,3,2,1,3,True,94594500,511.18080000000003,19.166666666666668
4,2,3,1,5,0,False,37837800,549.1200000000001,17.27272727272727
4,2,3,1,4,1,True,151351200,600.3712,16.363636363636363
4,2,3,1,3,2,True,227026800,607.6928000000001,16.363636363636363
4,2,3,1,2,3,True,151351200,571.0848000000001,17.27272727272727
4,2,3,1,1,4,True,37837800,490.5472000000001,20.0
4,2,3,0,6,0,False,6306300,499.20000000000005,19.0
4,2,3,0,5,1,False,31531500,599.0400000000001,16.0
4,2,3,0,4,2,False,63063000,625.6640000000001,16.0
4,2,3,0,3,3,False,63063000,612.3520000000001,16.0
4,2,3,0,2,4,False,31531500,559.1040000000002,17.0
4,2,3,0,1,5,False,6306300,465.92,21.0
4,2,2,7,0,0,False,2702700,522.2400000000001,18.235294117647058
4,2,2,6,1,0,False,18918900,540.6720000000001,17.5
4,2,2,5,2,0,False,56756700,552.96,17.333333333333332
4,2,2,5,1,1,True,56756700,534.5280000000001,18.0
4,2,2,4,3,0,False,94594500,559.104,17.142857142857142
4,2,2,4,2,1,True,189189000,567.7056,17.142857142857142
4,2,2,4,1,2,True,94594500,524.6976000000001,18.571428571428573
4,2,2,3,4,0,False,94594500,559.1039999999999,16.923076923076923
4,2,2,3,3,1,True,283783500,591.0527999999999,16.153846153846153
4,2,2,3,2,2,True,283783500,575.0784000000001,16.923076923076923
4,2,2,3,1,3,True,94594500,511.18080000000003,18.46153846153846
4,2,2,2,5,0,False,56756700,552.96,17.5
4,2,2,2,4,1,True,227026800,604.5695999999999,15.833333333333334
4,2,2,2,3,2,True,340540200,611.9424,15.833333333333334
4,2,2,2,2,3,True,227026800,575.0784,16.666666666666668
4,2,2,2,1,4,True,56756700,493.97760000000005,19.166666666666668
4,2,2,1,6,0,False,18918900,506.88000000000005,19.09090909090909
4,2,2,1,5,1,True,94594500,608.2560000000001,15.454545454545453
4,2,2,1,4,2,True,189189000,635.2896000000001,15.454545454545453
4,2,2,1,3,3,True,189189000,621.7728000000001,15.454545454545453
4,2,2,1,2,4,True,94594500,567.7056000000002,17.27272727272727
4,2,2,1,1,5,True,18918900,473.08799999999997,20.0
4,2,2,0,7,0,False,2702700,460.8,21.0
4,2,2,0,6,1,False,16216200,552.96,17.0
4,2,2,0,5,2,False,40540500,645.1200000000001,15.0
4,2,2,0,4,3,False,54054000,651.2640000000001,15.0
4,2,2,0,3,4,False,40540500,620.5440000000002,16.0
4,2,2,0,2,5,False,16216200,552.96,17.0
4,2,2,0,1,6,False,2702700,448.512,21.0
4,2,1,8,0,0,False,675675,506.88000000000005,18.88888888888889
4,2,1,7,1,0,False,5405400,526.5920000000001,18.235294117647058
4,2,1,6,2,0,False,18918900,540.672,17.5
4,2,1,6,1,1,True,18918900,522.6496000000001,18.125
4,2,1,5,3,0,False,37837800,549.1200000000001,17.333333333333332
4,2,1,5,2,1,True,75675600,557.5680000000001,17.333333333333332
4,2,1,5,1,2,True,37837800,515.328,18.666666666666668
4,2,1,4,4,0,False,47297250,551.9359999999999,17.142857142857142
4,2,1,4,3,1,True,141891750,583.4752,16.42857142857143
4,2,1,4,2,2,True,141891750,567.7056,17.142857142857142
4,2,1,4,1,3,True,47297250,504.6272,19.28571428571429
4,2,1,3,5,0,False,37837800,549.1200000000001,17.692307692307693
4,2,1,3,4,1,True,151351200,600.3712000000002,16.153846153846153
4,2,1,3,3,2,True,227026800,607.6928000000001,16.153846153846153
4,2,1,3,2,3,True,151351200,571.0848000000001,16.923076923076923
4,2,1,3,1,4,True,37837800,490.5472000000001,19.23076923076923
4,2,1,2,6,0,False,18918900,506.88,19.166666666666668
4,2,1,2,5,1,True,94594500,608.2560000000001,15.833333333333334
4,2,1,2,4,2,True,189189000,635.2896,15.0
4,2,1,2,3,3,True,189189000,621.7728000000001,15.833333333333334
4,2,1,2,2,4,True,94594500,567.7056,16.666666666666668
4,2,1,2,1,5,True,18918900,473.08799999999997,20.0
4,2,1,1,7,0,False,5405400,464.6400000000001,20.909090909090907
4,2,1,1,6,1,True,32432400,557.5680000000001,17.27272727272727
4,2,1,1,5,2,True,81081000,650.4960000000001,14.545454545454545
4,2,1,1,4,3,True,108108000,656.6912000000001,14.545454545454545
4,2,1,1,3,4,True,81081000,625.7152000000003,15.454545454545453
4,2,1,1,2,5,True,32432400,557.5680000000001,17.27272727272727
4,2,1,1,1,6,True,5405400,452.2496,20.909090909090907
4,2,1,0,8,0,False,675675,422.40000000000003,23.0
4,2,1,0,7,1,False,4729725,506.88000000000005,19.0
4,2,1,0,6,2,False,14189175,591.36,16.0
4,2,1,0,5,3,False,23648625,675.84,14.0
4,2,1,0,4,4,False,23648625,664.5760000000001,15.0
4,2,1,0,3,5,False,14189175,619.5200000000001,16.0
4,2,1,0,2,6,False,4729725,540.6719999999999,18.0
4,2,1,0,1,7,False,675675,428.032,22.0
4,2,0,9,0,0,False,75075,486.4,19.473684210526315
4,2,0,8,1,0,False,675675,506.88000000000005,18.88888888888889
4,2,0,7,2,0,False,2702700,522.2400000000001,18.235294117647058
4,2,0,7,1,1,False,2702700,504.8320000000001,18.823529411764703
4,2,0,6,3,0,False,6306300,532.48,18.125
4,2,0,6,2,1,False,12612600,540.6720000000001,17.5
4,2,0,6,1,2,False,6306300,499.712,19.375
4,2,0,5,4,0,False,9459450,537.6,18.0
4,2,0,5,3,1,False,28378350,568.32,16.666666666666668
4,2,0,5,2,2,False,28378350,552.96,17.333333333333332
4,2,0,5,1,3,False,9459450,491.5200000000001,19.333333333333332
4,2,0,4,5,0,False,9459450,537.5999999999999,17.857142857142858
4,2,0,4,4,1,False,37837800,587.7760000000001,16.42857142857143
4,2,0,4,3,2,False,56756700,594.944,16.42857142857143
4,2,0,4,2,3,False,37837800,559.104,17.142857142857142
4,2,0,4,1,4,False,9459450,480.256,20.0
4,2,0,3,6,0,False,6306300,499.20000000000005,19.23076923076923
4,2,0,3,5,1,False,31531500,599.0400000000001,16.153846153846153
4,2,0,3,4,2,False,63063000,625.6640000000001,15.384615384615383
4,2,0,3,3,3,False,63063000,612.3520000000001,15.384615384615383
4,2,0,3,2,4,False,31531500,559.104,16.923076923076923
4,2,0,3,1,5,False,6306300,465.9200000000001,20.76923076923077
4,2,0,2,7,0,False,2702700,460.79999999999995,20.833333333333336
4,2,0,2,6,1,False,16216200,552.96,17.5
4,2,0,2,5,2,False,40540500,645.12,15.0
4,2,0,2,4,3,False,54054000,651.2640000000001,15.0
4,2,0,2,3,4,False,40540500,620.5440000000001,15.833333333333334
4,2,0,2,2,5,False,16216200,552.96,17.5
4,2,0,2,1,6,False,2702700,448.512,21.666666666666668
4,2,0,1,8,0,False,675675,422.40000000000003,22.727272727272727
4,2,0,1,7,1,False,4729725,506.88000000000005,19.09090909090909
4,2,0,1,6,2,False,14189175,591.3600000000001,16.363636363636363
4,2,0,1,5,3,False,23648625,675.8400000000001,14.545454545454545
4,2,0,1,4,4,False,23648625,664.5760000000001,14.545454545454545
4,2,0,1,3,5,False,14189175,619.5200000000001,15.454545454545453
4,2,0,1,2,6,False,4729725,540.672,18.18181818181818
4,2,0,1,1,7,False,675675,428.03200000000004,22.727272727272727
4,2,0,0,9,0,False,75075,384.0,25.0
4,2,0,0,8,1,False,600600,460.8,21.0
4,2,0,0,7,2,False,2102100,537.6,18.0
4,2,0,0,6,3,False,4204200,614.4000000000001,16.0
4,2,0,0,5,4,False,5255250,691.2,14.0
4,2,0,0,4,5,False,4204200,665.6,15.0
4,2,0,0,3,6,False,2102100,609.28,16.0
4,2,0,0,2,7,False,600600,522.24,18.0
4,2,0,0,1,8,False,75075,404.48,24.0
4,1,10,0,0,0,False,15015,368.0,26.0
4,1,9,1,0,0,False,150150,384.56000000000006,24.545454545454543
4,1,9,0,1,0,False,150150,384.56000000000006,25.0
4,1,8,2,0,0,False,675675,397.44000000000005,24.166666666666668
4,1,8,1,1,0,False,1351350,400.75200000000007,23.636363636363633
4,1,8,0,2,0,False,675675,397.44,24.0
4,1,8,0,1,1,False,675675,384.19200000000006,25.0
4,1,7,3,0,0,False,1801800,406.6400000000001,23.846153846153847
4,1,7,2,1,0,False,5405400,412.89600000000013,23.333333333333336
4,1,7,1,2,0,False,5405400,412.89600000000013,23.636363636363633
4,1,7,1,1,1,True,5405400,399.13280000000015,23.636363636363633
4,1,7,0,3,0,False,1801800,406.6400000000001,24.0
4,1,7,0,2,1,False,3603600,412.89600000000013,23.0
4,1,7,0,1,2,False,1801800,381.61600000000004,25.0
4,1,6,4,0,0,False,3153150,412.16,22.857142857142858
4,1,6,3,1,0,False,12612600,420.9920000000001,23.076923076923077
4,1,6,2,2,0,False,18918900,423.936,22.5
4,1,6,2,1,1,True,18918900,409.80480000000006,23.333333333333336
4,1,6,1,3,0,False,12612600,420.9920000000001,22.727272727272727
4,1,6,1,2,1,True,25225200,427.4688000000001,22.727272727272727
4,1,6,1,1,2,True,12612600,395.08480000000003,24.545454545454543
4,1,6,0,4,0,False,3153150,412.15999999999997,23.0
4,1,6,0,3,1,False,9459450,435.712,22.0
4,1,6,0,2,2,False,9459450,423.936,23.0
4,1,6,0,1,3,False,3153150,376.83200000000005,25.0
4,1,5,5,0,0,False,3783780,414.0,23.333333333333332
4,1,5,4,1,0,False,18918900,425.0400000000001,22.142857142857146
4,1,5,3,2,0,False,37837800,430.56000000000006,22.307692307692307
4,1,5,3,1,1,True,37837800,416.20800000000014,23.076923076923077
4,1,5,2,3,0,False,37837800,430.56,22.5
4,1,5,2,2,1,True,75675600,437.184,21.666666666666668
4,1,5,2,1,2,True,37837800,404.064,23.333333333333336
4,1,5,1,4,0,False,18918900,425.04,22.727272727272727
4,1,5,1,3,1,True,56756700,449.32800000000003,21.818181818181817
4,1,5,1,2,2,True,56756700,437.184,21.818181818181817
4,1,5,1,1,3,True,18918900,388.60800000000006,24.545454545454543
4,1,5,0,5,0,False,3783780,414.0,23.0
4,1,5,0,4,1,False,15135120,452.6400000000001,21.0
4,1,5,0,3,2,False,22702680,458.1600000000001,21.0
4,1,5,0,2,3,False,15135120,430.56000000000006,22.0
4,1,5,0,1,4,False,3783780,369.84000000000003,26.0
4,1,4,6,0,0,False,3153150,412.1600000000001,23.125
4,1,4,5,1,0,False,18918900,425.0400000000001,22.666666666666668
4,1,4,4,2,0,False,47297250,432.768,22.142857142857146
4,1,4,4,1,1,True,47297250,418.3424,22.857142857142858
4,1,4,3,3,0,False,63063000,435.3440000000001,22.307692307692307
4,1,4,3,2,1,True,126126000,442.0416000000001,21.538461538461537
4,1,4,3,1,2,True,63063000,408.5536,23.076923076923077
4,1,4,2,4,0,False,47297250,432.768,22.5
4,1,4,2,3,1,True,141891750,457.49760000000003,20.833333333333336
4,1,4,2,2,2,True,141891750,445.13280000000003,21.666666666666668
4,1,4,2,1,3,True,47297250,395.6736000000001,24.166666666666668
4,1,4,1,5,0,False,18918900,425.0400000000001,22.727272727272727
4,1,4,1,4,1,True,75675600,464.7104000000001,20.909090909090907
4,1,4,1,3,2,True,113513400,470.37760000000014,20.0
4,1,4,1,2,3,True,75675600,442.0416,21.818181818181817
4,1,4,1,1,4,True,18918900,379.70240000000007,25.454545454545453
4,1,4,0,6,0,False,3153150,386.40000000000003,25.0
4,1,4,0,5,1,False,15765750,463.68000000000006,21.0
4,1,4,0,4,2,False,31531500,484.288,20.0
4,1,4,0,3,3,False,31531500,473.98400000000004,20.0
4,1,4,0,2,4,False,15765750,432.76800000000003,22.0
4,1,4,0,1,5,False,3153150,360.64,27.0
4,1,3,7,0,0,False,1801800,406.64000000000004,23.52941176470588
4,1,3,6,1,0,False,12612600,420.99200000000013,22.5
4,1,3,5,2,0,False,37837800,430.56000000000006,22.0
4,1,3,5,1,1,True,37837800,416.2080000000001,22.666666666666668
4,1,3,4,3,0,False,63063000,435.34400000000005,22.142857142857146
4,1,3,4,2,1,True,126126000,442.0416,21.42857142857143
4,1,3,4,1,2,True,63063000,408.5536,23.571428571428573
4,1,3,3,4,0,False,63063000,435.344,22.307692307692307
4,1,3,3,3,1,True,189189000,460.22080000000005,20.76923076923077
4,1,3,3,2,2,True,189189000,447.78240000000005,21.538461538461537
4,1,3,3,1,3,True,63063000,398.02880000000005,23.846153846153847
4,1,3,2,5,0,False,37837800,430.56,22.5
4,1,3,2,4,1,True,151351200,470.74559999999997,20.0
4,1,3,2,3,2,True,227026800,476.48640000000006,20.0
4,1,3,2,2,3,True,151351200,447.78240000000005,21.666666666666668
4,1,3,2,1,4,True,37837800,384.6336,25.0
4,1,3,1,6,0,False,12612600,394.68000000000006,24.545454545454543
4,1,3,1,5,1,True,63063000,473.6160000000001,20.0
4,1,3,1,4,2,True,126126000,494.6656000000001,19.09090909090909
4,1,3,1,3,3,True,126126000,484.1408,20.0
4,1,3,1,2,4,True,63063000,442.0416000000001,21.818181818181817
4,1,3,1,1,5,True,12612600,368.36800000000005,26.36363636363636
4,1,3,0,7,0,False,1801800,358.8,27.0
4,1,3,0,6,1,False,10810800,430.56000000000006,22.0
4,1,3,0,5,2,False,27027000,502.32,19.0
4,1,3,0,4,3,False,36036000,507.10400000000004,19.0
4,1,3,0,3,4,False,27027000,483.18400000000014,20.0
4,1,3,0,2,5,False,10810800,430.56000000000006,22.0
4,1,3,0,1,6,False,1801800,349.23199999999997,27.0
4,1,2,8,0,0,False,675675,397.44000000000005,23.88888888888889
4,1,2,7,1,0,False,5405400,412.8960000000001,22.941176470588232
4,1,2,6,2,0,False,18918900,423.936,22.5
4,1,2,6,1,1,True,18918900,409.8048000000001,23.125
4,1,2,5,3,0,False,37837800,430.56000000000006,22.0
4,1,2,5,2,1,True,75675600,437.184,22.0
4,1,2,5,1,2,True,37837800,404.06399999999996,23.333333333333332
4,1,2,4,4,0,False,47297250,432.768,22.142857142857146
4,1,2,4,3,1,True,141891750,457.49760000000003,20.714285714285715
4,1,2,4,2,2,True,141891750,445.1328,21.42857142857143
4,1,2,4,1,3,True,47297250,395.6736,24.28571428571429
4,1,2,3,5,0,False,37837800,430.56000000000006,22.307692307692307
4,1,2,3,4,1,True,151351200,470.74560000000014,20.0
4,1,2,3,3,2,True,227026800,476.48640000000006,20.0
4,1,2,3,2,3,True,151351200,447.78240000000005,21.538461538461537
4,1,2,3,1,4,True,37837800,384.63360000000006,24.615384615384613
4,1,2,2,6,0,False,18918900,397.44000000000005,24.166666666666668
4,1,2,2,5,1,True,94594500,476.92800000000005,20.0
4,1,2,2,4,2,True,189189000,498.12480000000005,19.166666666666668
4,1,2,2,3,3,True,189189000,487.5264,20.0
4,1,2,2,2,4,True,94594500,445.1328000000001,21.666666666666668
4,1,2,2,1,5,True,18918900,370.944,25.833333333333336
4,1,2,1,7,0,False,5405400,364.3200000000001,26.36363636363636
4,1,2,1,6,1,True,32432400,437.1840000000001,21.818181818181817
4,1,2,1,5,2,True,81081000,510.0480000000001,19.09090909090909
4,1,2,1,4,3,True,108108000,514.9056,19.09090909090909
4,1,2,1,3,4,True,81081000,490.6176000000001,20.0
4,1,2,1,2,5,True,32432400,437.1840000000001,21.818181818181817
4,1,2,1,1,6,True,5405400,354.6048,27.27272727272727
4,1,2,0,8,0,False,675675,331.20000000000005,29.0
4,1,2,0,7,1,False,4729725,397.44000000000005,24.0
4,1,2,0,6,2,False,14189175,463.68000000000006,21.0
4,1,2,0,5,3,False,23648625,529.92,18.0
4,1,2,0,4,4,False,23648625,521.0880000000001,19.0
4,1,2,0,3,5,False,14189175,485.76000000000005,20.0
4,1,2,0,2,6,False,4729725,423.936,23.0
4,1,2,0,1,7,False,675675,335.616,29.0
4,1,1,9,0,0,False,150150,384.56000000000006,24.736842105263158
4,1,1,8,1,0,False,1351350,400.7520000000001,23.88888888888889
4,1,1,7,2,0,False,5405400,412.8960000000001,22.941176470588232
4,1,1,7,1,1,True,5405400,399.13280000000015,24.117647058823525
4,1,1,6,3,0,False,12612600,420.99200000000013,22.5
4,1,1,6,2,1,True,25225200,427.4688000000001,22.5
4,1,1,6,1,2,True,12612600,395.0848000000001,24.375
4,1,1,5,4,0,False,18918900,425.0400000000001,22.666666666666668
4,1,1,5,3,1,True,56756700,449.3280000000001,21.333333333333332
4,1,1,5,2,2,True,56756700,437.1840000000001,22.0
4,1,1,5,1,3,True,18918900,388.60800000000006,24.666666666666668
4,1,1,4,5,0,False,18918900,425.0400000000001,22.142857142857146
4,1,1,4,4,1,True,75675600,464.7104000000001,20.714285714285715
4,1,1,4,3,2,True,113513400,470.3776000000001,20.0
4,1,1,4,2,3,True,75675600,442.0416000000001,21.42857142857143
4,1,1,4,1,4,True,18918900,379.70240000000007,25.0
4,1,1,3,6,0,False,12612600,394.6800000000001,23.846153846153847
4,1,1,3,5,1,True,63063000,473.6160000000001,20.0
4,1,1,3,4,2,True,126126000,494.66560000000015,19.23076923076923
4,1,1,3,3,3,True,126126000,484.1408000000002,20.0
4,1,1,3,2,4,True,63063000,442.04160000000013,21.538461538461537
4,1,1,3,1,5,True,12612600,368.3680000000001,26.153846153846153
4,1,1,2,7,0,False,5405400,364.3200000000001,25.833333333333336
4,1,1,2,6,1,True,32432400,437.184,21.666666666666668
4,1,1,2,5,2,True,81081000,510.04800000000006,19.166666666666668
4,1,1,2,4,3,True,108108000,514.9056000000002,18.333333333333336
4,1,1,2,3,4,True,81081000,490.6176000000002,19.166666666666668
4,1,1,2,2,5,True,32432400,437.184,21.666666666666668
4,1,1,2,1,6,True,5405400,354.60480000000007,26.666666666666668
4,1,1,1,8,0,False,1351350,333.9600000000001,28.18181818181818
4,1,1,1,7,1,True,9459450,400.75200000000007,23.636363636363633
4,1,1,1,6,2,True,28378350,467.5440000000001,20.909090909090907
4,1,1,1,5,3,True,47297250,534.3360000000001,18.18181818181818
4,1,1,1,4,4,True,47297250,525.4304000000002,18.18181818181818
4,1,1,1,3,5,True,28378350,489.8080000000002,20.0
4,1,1,1,2,6,True,9459450,427.4688000000001,22.727272727272727
4,1,1,1,1,7,True,1351350,338.4128000000001,28.18181818181818
4,1,1,0,9,0,False,150150,303.6000000000001,31.0
4,1,1,0,8,1,False,1201200,364.32000000000005,26.0
4,1,1,0,7,2,False,4204200,425.0400000000001,23.0
4,1,1,0,6,3,False,8408400,485.76000000000005,20.0
4,1,1,0,5,4,False,10510500,546.4800000000001,18.0
4,1,1,0,4,5,False,8408400,526.2400000000001,18.0
4,1,1,0,3,6,False,4204200,481.712,20.0
4,1,1,0,2,7,False,1201200,412.89600000000013,23.0
4,1,1,0,1,8,False,150150,319.7920000000001,30.0
4,1,0,10,0,0,False,15015,368.0,26.0
4,1,0,9,1,0,False,150150,384.56000000000006,24.736842105263158
4,1,0,8,2,0,False,675675,397.44000000000005,23.88888888888889
4,1,0,8,1,1,False,675675,384.19200000000006,25.0
4,1,0,7,3,0,False,1801800,406.64000000000004,23.52941176470588
4,1,0,7,2,1,False,3603600,412.8960000000001,22.941176470588232
4,1,0,7,1,2,False,1801800,381.61600000000004,24.705882352941174
4,1,0,6,4,0,False,3153150,412.1600000000001,23.125
4,1,0,6,3,1,False,9459450,435.712,21.875
4,1,0,6,2,2,False,9459450,423.936,22.5
4,1,0,6,1,3,False,3153150,376.8320000000001,25.0
4,1,0,5,5,0,False,3783780,414.0,23.333333333333332
4,1,0,5,4,1,False,15135120,452.6400000000001,21.333333333333332
4,1,0,5,3,2,False,22702680,458.15999999999997,20.666666666666668
4,1,0,5,2,3,False,15135120,430.56000000000006,22.0
4,1,0,5,1,4,False,3783780,369.8400000000001,26.0
4,1,0,4,6,0,False,3153150,386.4,25.0
4,1,0,4,5,1,False,15765750,463.68,20.714285714285715
4,1,0,4,4,2,False,31531500,484.28800000000007,20.0
4,1,0,4,3,3,False,31531500,473.98400000000004,20.0
4,1,0,4,2,4,False,15765750,432.7680000000001,22.142857142857146
4,1,0,4,1,5,False,3153150,360.64,26.42857142857143
4,1,0,3,7,0,False,1801800,358.8,26.923076923076923
4,1,0,3,6,1,False,10810800,430.56000000000006,22.307692307692307
4,1,0,3,5,2,False,27027000,502.32000000000005,19.23076923076923
4,1,0,3,4,3,False,36036000,507.1040000000001,19.23076923076923
4,1,0,3,3,4,False,27027000,483.1840000000001,20.0
4,1,0,3,2,5,False,10810800,430.56000000000006,22.307692307692307
4,1,0,3,1,6,False,1801800,349.2320000000001,26.923076923076923
4,1,0,2,8,0,False,675675,331.2,29.166666666666668
4,1,0,2,7,1,False,4729725,397.44000000000005,24.166666666666668
4,1,0,2,6,2,False,14189175,463.68,20.833333333333336
4,1,0,2,5,3,False,23648625,529.92,18.333333333333336
4,1,0,2,4,4,False,23648625,521.0880000000001,18.333333333333336
4,1,0,2,3,5,False,14189175,485.76000000000005,20.0
4,1,0,2,2,6,False,4729725,423.936,22.5
4,1,0,2,1,7,False,675675,335.616,28.333333333333336
4,1,0,1,9,0,False,150150,303.6,31.818181818181817
4,1,0,1,8,1,False,1201200,364.3200000000001,26.36363636363636
4,1,0,1,7,2,False,4204200,425.0400000000001,22.727272727272727
4,1,0,1,6,3,False,8408400,485.76000000000005,20.0
4,1,0,1,5,4,False,10510500,546.48,17.27272727272727
4,1,0,1,4,5,False,8408400,526.2400000000001,18.18181818181818
4,1,0,1,3,6,False,4204200,481.71200000000005,20.0
4,1,0,1,2,7,False,1201200,412.8960000000001,23.636363636363633
4,1,0,1,1,8,False,150150,319.79200000000003,29.999999999999996
4,1,0,0,10,0,False,15015,276.0,35.0
4,1,0,0,9,1,False,135135,331.20000000000005,29.0
4,1,0,0,8,2,False,540540,386.40000000000003,25.0
4,1,0,0,7,3,False,1261260,441.6,22.0
4,1,0,0,6,4,False,1891890,496.8,19.0
4,1,0,0,5,5,False,1891890,552.0,18.0
4,1,0,0,4,6,False,1261260,522.56,18.0
4,1,0,0,3,7,False,540540,471.0400000000001,20.0
4,1,0,0,2,8,False,135135,397.44000000000005,24.0
4,1,0,0,1,9,False,15015,301.76,32.0
4,0,11,0,0,0,False,1365,235.20000000000002,40.0
4,0,10,1,0,0,False,15015,246.40000000000003,38.18181818181818
4,0,10,0,1,0,False,15015,246.4,39.0
4,0,9,2,0,0,False,75075,255.36,37.5
4,0,9,1,1,0,False,150150,257.48800000000006,37.272727272727266
4,0,9,0,2,0,False,75075,255.36,37.0
4,0,9,0,1,1,False,75075,246.84800000000007,39.0
4,0,8,3,0,0,False,225225,262.08000000000004,36.15384615384615
4,0,8,2,1,0,False,675675,266.112,35.833333333333336
4,0,8,1,2,0,False,675675,266.112,35.45454545454545
4,0,8,1,1,1,False,675675,257.24160000000006,37.272727272727266
4,0,8,0,3,0,False,225225,262.08000000000004,36.0
4,0,8,0,2,1,False,450450,266.112,36.0
4,0,8,0,1,2,False,225225,245.952,39.0
4,0,7,4,0,0,False,450450,266.56000000000006,35.714285714285715
4,0,7,3,1,0,False,1801800,272.2720000000001,34.61538461538461
4,0,7,2,2,0,False,2702700,274.176,35.0
4,0,7,2,1,1,False,2702700,265.0368,35.833333333333336
4,0,7,1,3,0,False,1801800,272.27200000000005,34.54545454545454
4,0,7,1,2,1,False,3603600,276.46080000000006,34.54545454545454
4,0,7,1,1,2,False,1801800,255.51680000000005,37.272727272727266
4,0,7,0,4,0,False,450450,266.56000000000006,36.0
4,0,7,0,3,1,False,1351350,281.7920000000001,34.0
4,0,7,0,2,2,False,1351350,274.17600000000004,35.0
4,0,7,0,1,3,False,450450,243.71200000000005,39.0
4,0,6,5,0,0,False,630630,268.8,35.333333333333336
4,0,6,4,1,0,False,3153150,275.968,34.285714285714285
4,0,6,3,2,0,False,6306300,279.552,33.84615384615385
4,0,6,3,1,1,False,6306300,270.2336000000001,35.38461538461539
4,0,6,2,3,0,False,6306300,279.552,34.16666666666667
4,0,6,2,2,1,False,12612600,283.8528,33.333333333333336
4,0,6,2,1,2,False,6306300,262.3488,35.833333333333336
4,0,6,1,4,0,False,3153150,275.968,34.54545454545454
4,0,6,1,3,1,False,9459450,291.73760000000004,32.72727272727273
4,0,6,1,2,2,False,9459450,283.8528,33.63636363636363
4,0,6,1,1,3,False,3153150,252.31360000000006,37.272727272727266
4,0,6,0,5,0,False,630630,268.8,35.0
4,0,6,0,4,1,False,2522520,293.88800000000003,32.0
4,0,6,0,3,2,False,3783780,297.47200000000004,32.0
4,0,6,0,2,3,False,2522520,279.552,34.0
4,0,6,0,1,4,False,630630,240.12800000000004,40.0
4,0,5,6,0,0,False,630630,268.8,35.0
4,0,5,5,1,0,False,3783780,277.20000000000005,34.0
4,0,5,4,2,0,False,9459450,282.24,33.57142857142858
4,0,5,4,1,1,False,9459450,272.832,35.0
4,0,5,3,3,0,False,12612600,283.92,33.84615384615385
4,0,5,3,2,1,False,25225200,288.288,33.07692307692307
4,0,5,3,1,2,False,12612600,266.44800000000004,35.38461538461539
4,0,5,2,4,0,False,9459450,282.24,33.333333333333336
4,0,5,2,3,1,False,28378350,298.368,31.666666666666668
4,0,5,2,2,2,False,28378350,290.304,32.5
4,0,5,2,1,3,False,9459450,258.048,36.66666666666667
4,0,5,1,5,0,False,3783780,277.20000000000005,34.54545454545454
4,0,5,1,4,1,False,15135120,303.07200000000006,31.818181818181817
4,0,5,1,3,2,False,22702680,306.7680000000001,30.909090909090907
4,0,5,1,2,3,False,15135120,288.28800000000007,32.72727272727273
4,0,5,1,1,4,False,3783780,247.63200000000006,38.18181818181818
4,0,5,0,6,0,False,630630,252.0,38.0
4,0,5,0,5,1,False,3153150,302.40000000000003,32.0
4,0,5,0,4,2,False,6306300,315.84000000000003,30.0
4,0,5,0,3,3,False,6306300,309.12000000000006,31.0
4,0,5,0,2,4,False,3153150,282.24,34.0
4,0,5,0,1,5,False,630630,235.20000000000002,40.0
4,0,4,7,0,0,False,450450,266.56000000000006,35.29411764705882
4,0,4,6,1,0,False,3153150,275.968,34.375
4,0,4,5,2,0,False,9459450,282.24,33.333333333333336
4,0,4,5,1,1,False,9459450,272.83200000000005,34.666666666666664
4,0,4,4,3,0,False,15765750,285.37600000000003,33.57142857142858
4,0,4,4,2,1,False,31531500,289.76640000000003,32.85714285714286
4,0,4,4,1,2,False,15765750,267.81440000000003,35.714285714285715
4,0,4,3,4,0,False,15765750,285.376,33.07692307692307
4,0,4,3,3,1,False,47297250,301.6832,31.538461538461537
4,0,4,3,2,2,False,47297250,293.5296000000001,32.30769230769231
4,0,4,3,1,3,False,15765750,260.9152,36.15384615384615
4,0,4,2,5,0,False,9459450,282.24,33.333333333333336
4,0,4,2,4,1,False,37837800,308.58239999999995,30.833333333333336
4,0,4,2,3,2,False,56756700,312.3456,30.833333333333336
4,0,4,2,2,3,False,37837800,293.5296,32.5
4,0,4,2,1,4,False,9459450,252.13440000000006,37.5
4,0,4,1,6,0,False,3153150,258.72,36.36363636363636
4,0,4,1,5,1,False,15765750,310.46400000000006,30.909090909090907
4,0,4,1,4,2,False,31531500,324.26240000000007,29.09090909090909
4,0,4,1,3,3,False,31531500,317.36320000000006,29.999999999999996
4,0,4,1,2,4,False,15765750,289.7664000000001,32.72727272727273
4,0,4,1,1,5,False,3153150,241.472,39.090909090909086
4,0,4,0,7,0,False,450450,235.20000000000002,40.0
4,0,4,0,6,1,False,2702700,282.24,34.0
4,0,4,0,5,2,False,6756750,329.28000000000003,29.0
4,0,4,0,4,3,False,9009000,332.41600000000005,29.0
4,0,4,0,3,4,False,6756750,316.7360000000001,30.0
4,0,4,0,2,5,False,2702700,282.24,34.0
4,0,4,0,1,6,False,450450,228.928,42.0
4,0,3,8,0,0,False,225225,262.08,36.11111111111111
4,0,3,7,1,0,False,1801800,272.27200000000005,34.705882352941174
4,0,3,6,2,0,False,6306300,279.5520000000001,33.75
4,0,3,6,1,1,False,6306300,270.2336000000001,35.0
4,0,3,5,3,0,False,12612600,283.92,33.333333333333336
4,0,3,5,2,1,False,25225200,288.288,32.666666666666664
4,0,3,5,1,2,False,12612600,266.448,35.333333333333336
4,0,3,4,4,0,False,15765750,285.376,33.57142857142858
4,0,3,4,3,1,False,47297250,301.6832,31.42857142857143
4,0,3,4,2,2,False,47297250,293.52959999999996,32.142857142857146
4,0,3,4,1,3,False,15765750,260.9152,36.42857142857143
4,0,3,3,5,0,False,12612600,283.92,33.84615384615385
4,0,3,3,4,1,False,50450400,310.41920000000005,30.769230769230766
4,0,3,3,3,2,False,75675600,314.20480000000003,30.0
4,0,3,3,2,3,False,50450400,295.27680000000004,32.30769230769231
4,0,3,3,1,4,False,12612600,253.63520000000005,37.69230769230769
4,0,3,2,6,0,False,6306300,262.08,36.66666666666667
4,0,3,2,5,1,False,31531500,314.49600000000004,30.0
4,0,3,2,4,2,False,63063000,328.4736,29.166666666666668
4,0,3,2,3,3,False,63063000,321.4848,30.0
4,0,3,2,2,4,False,31531500,293.5296000000001,32.5
4,0,3,2,1,5,False,6306300,244.608,39.16666666666667
4,0,3,1,7,0,False,1801800,240.24000000000004,40.0
4,0,3,1,6,1,False,10810800,288.28800000000007,32.72727272727273
4,0,3,1,5,2,False,27027000,336.336,28.18181818181818
4,0,3,1,4,3,False,36036000,339.53920000000005,28.18181818181818
4,0,3,1,3,4,False,27027000,323.5232000000001,29.09090909090909
4,0,3,1,2,5,False,10810800,288.28800000000007,32.72727272727273
4,0,3,1,1,6,False,1801800,233.83360000000002,40.90909090909091
4,0,3,0,8,0,False,225225,218.4,44.0
4,0,3,0,7,1,False,1576575,262.08000000000004,36.0
4,0,3,0,6,2,False,4729725,305.76,31.0
4,0,3,0,5,3,False,7882875,349.44000000000005,27.0
4,0,3,0,4,4,False,7882875,343.61600000000004,28.0
4,0,3,0,3,5,False,4729725,320.32000000000005,30.0
4,0,3,0,2,6,False,1576575,279.552,34.0
4,0,3,0,1,7,False,225225,221.312,43.0
4,0,2,9,0,0,False,75075,255.35999999999999,36.8421052631579
4,0,2,8,1,0,False,675675,266.112,35.55555555555556
4,0,2,7,2,0,False,2702700,274.17600000000004,34.705882352941174
4,0,2,7,1,1,False,2702700,265.0368000000001,35.882352941176464
4,0,2,6,3,0,False,6306300,279.5520000000001,33.75
4,0,2,6,2,1,False,12612600,283.85280000000006,33.125
4,0,2,6,1,2,False,6306300,262.34880000000004,36.25
4,0,2,5,4,0,False,9459450,282.24,33.333333333333336
4,0,2,5,3,1,False,28378350,298.368,32.0
4,0,2,5,2,2,False,28378350,290.304,32.666666666666664
4,0,2,5,1,3,False,9459450,258.048,36.666666666666664
4,0,2,4,5,0,False,9459450,282.24,33.57142857142858
4,0,2,4,4,1,False,37837800,308.58240000000006,30.714285714285715
4,0,2,4,3,2,False,56756700,312.3456,30.714285714285715
4,0,2,4,2,3,False,37837800,293.52959999999996,32.142857142857146
4,0,2,4,1,4,False,9459450,252.1344,37.85714285714286
4,0,2,3,6,0,False,6306300,262.08000000000004,36.15384615384615
4,0,2,3,5,1,False,31531500,314.4960000000001,30.0
4,0,2,3,4,2,False,63063000,328.47360000000003,29.23076923076923
4,0,2,3,3,3,False,63063000,321.48480000000006,30.0
4,0,2,3,2,4,False,31531500,293.5296000000001,32.30769230769231
4,0,2,3,1,5,False,6306300,244.608,38.46153846153846
4,0,2,2,7,0,False,2702700,241.92000000000002,39.16666666666667
4,0,2,2,6,1,False,16216200,290.30400000000003,32.5
4,0,2,2,5,2,False,40540500,338.688,28.333333333333336
4,0,2,2,4,3,False,54054000,341.91360000000003,27.5
4,0,2,2,3,4,False,40540500,325.78560000000004,29.166666666666668
4,0,2,2,2,5,False,16216200,290.30400000000003,32.5
4,0,2,2,1,6,False,2702700,235.46880000000002,40.0
4,0,2,1,8,0,False,675675,221.76000000000005,42.72727272727273
4,0,2,1,7,1,False,4729725,266.1120000000001,35.45454545454545
4,0,2,1,6,2,False,14189175,310.46400000000006,30.909090909090907
4,0,2,1,5,3,False,23648625,354.81600000000003,27.27272727272727
4,0,2,1,4,4,False,23648625,348.9024000000001,27.27272727272727
4,0,2,1,3,5,False,14189175,325.24800000000005,29.09090909090909
4,0,2,1,2,6,False,4729725,283.8528,33.63636363636363
4,0,2,1,1,7,False,675675,224.71680000000003,42.72727272727273
4,0,2,0,9,0,False,75075,201.60000000000002,47.0
4,0,2,0,8,1,False,600600,241.92000000000004,39.0
4,0,2,0,7,2,False,2102100,282.24,34.0
4,0,2,0,6,3,False,4204200,322.56,30.0
4,0,2,0,5,4,False,5255250,362.88000000000005,26.0
4,0,2,0,4,5,False,4204200,349.44000000000005,27.0
4,0,2,0,3,6,False,2102100,319.872,30.0
4,0,2,0,2,7,False,600600,274.17600000000004,35.0
4,0,2,0,1,8,False,75075,212.352,45.0
4,0,1,10,0,0,False,15015,246.4,38.5
4,0,1,9,1,0,False,150150,257.488,36.8421052631579
4,0,1,8,2,0,False,675675,266.112,35.55555555555556
4,0,1,8,1,1,False,675675,257.2416,36.666666666666664
4,0,1,7,3,0,False,1801800,272.27200000000005,34.705882352941174
4,0,1,7,2,1,False,3603600,276.46080000000006,34.11764705882353
4,0,1,7,1,2,False,1801800,255.51680000000002,37.05882352941176
4,0,1,6,4,0,False,3153150,275.968,34.375
4,0,1,6,3,1,False,9459450,291.73760000000004,32.5
4,0,1,6,2,2,False,9459450,283.85280000000006,33.125
4,0,1,6,1,3,False,3153150,252.31360000000006,37.5
4,0,1,5,5,0,False,3783780,277.20000000000005,34.0
4,0,1,5,4,1,False,15135120,303.07200000000006,31.333333333333332
4,0,1,5,3,2,False,22702680,306.76800000000003,30.666666666666668
4,0,1,5,2,3,False,15135120,288.288,32.666666666666664
4,0,1,5,1,4,False,3783780,247.63200000000003,38.0
4,0,1,4,6,0,False,3153150,258.72,36.42857142857143
4,0,1,4,5,1,False,15765750,310.46399999999994,30.714285714285715
4,0,1,4,4,2,False,31531500,324.2624,29.28571428571429
4,0,1,4,3,3,False,31531500,317.3632,30.000000000000004
4,0,1,4,2,4,False,15765750,289.76640000000003,32.85714285714286
4,0,1,4,1,5,False,3153150,241.472,39.285714285714285
4,0,1,3,7,0,False,1801800,240.24,39.230769230769226
4,0,1,3,6,1,False,10810800,288.288,33.07692307692307
4,0,1,3,5,2,False,27027000,336.33600000000007,28.46153846153846
4,0,1,3,4,3,False,36036000,339.53920000000005,27.69230769230769
4,0,1,3,3,4,False,27027000,323.52320000000014,29.23076923076923
4,0,1,3,2,5,False,10810800,288.288,33.07692307692307
4,0,1,3,1,6,False,1801800,233.83360000000002,40.76923076923077
4,0,1,2,8,0,False,675675,221.76000000000002,42.5
4,0,1,2,7,1,False,4729725,266.11199999999997,35.833333333333336
4,0,1,2,6,2,False,14189175,310.464,30.833333333333336
4,0,1,2,5,3,False,23648625,354.816,26.666666666666668
4,0,1,2,4,4,False,23648625,348.90240000000006,27.5
4,0,1,2,3,5,False,14189175,325.248,29.166666666666668
4,0,1,2,2,6,False,4729725,283.8528,33.333333333333336
4,0,1,2,1,7,False,675675,224.7168,42.5
4,0,1,1,9,0,False,150150,203.28000000000003,46.36363636363636
4,0,1,1,8,1,False,1201200,243.936,39.090909090909086
4,0,1,1,7,2,False,4204200,284.59200000000004,33.63636363636363
4,0,1,1,6,3,False,8408400,325.24800000000005,29.09090909090909
4,0,1,1,5,4,False,10510500,365.90400000000005,26.36363636363636
4,0,1,1,4,5,False,8408400,352.3520000000001,27.27272727272727
4,0,1,1,3,6,False,4204200,322.53760000000005,29.999999999999996
4,0,1,1,2,7,False,1201200,276.46080000000006,34.54545454545454
4,0,1,1,1,8,False,150150,214.12160000000006,44.54545454545454
4,0,1,0,10,0,False,15015,184.8,51.0
4,0,1,0,9,1,False,135135,221.76,43.0
4,0,1,0,8,2,False,540540,258.72,37.0
4,0,1,0,7,3,False,1261260,295.68,32.0
4,0,1,0,6,4,False,1891890,332.64000000000004,29.0
4,0,1,0,5,5,False,1891890,369.6,26.0
4,0,1,0,4,6,False,1261260,349.888,27.0
4,0,1,0,3,7,False,540540,315.39200000000005,30.0
4,0,1,0,2,8,False,135135,266.112,36.0
4,0,1,0,1,9,False,15015,202.048,47.0
4,0,0,11,0,0,False,1365,235.20000000000002,40.0
4,0,0,10,1,0,False,15015,246.4,38.5
4,0,0,9,2,0,False,75075,255.35999999999999,36.8421052631579
4,0,0,9,1,1,False,75075,246.84800000000007,38.42105263157895
4,0,0,8,3,0,False,225225,262.08,36.11111111111111
4,0,0,8,2,1,False,450450,266.112,35.55555555555556
4,0,0,8,1,2,False,225225,245.95199999999997,38.333333333333336
4,0,0,7,4,0,False,450450,266.56000000000006,35.29411764705882
4,0,0,7,3,1,False,1351350,281.79200000000003,33.52941176470588
4,0,0,7,2,2,False,1351350,274.17600000000004,34.705882352941174
4,0,0,7,1,3,False,450450,243.71200000000005,38.8235294117647
4,0,0,6,5,0,False,630630,268.8,35.0
4,0,0,6,4,1,False,2522520,293.8880000000001,32.5
4,0,0,6,3,2,False,3783780,297.4720000000001,31.875
4,0,0,6,2,3,False,2522520,279.5520000000001,33.75
4,0,0,6,1,4,False,630630,240.12800000000004,39.375
4,0,0,5,6,0,False,630630,252.0,37.333333333333336
4,0,0,5,5,1,False,3153150,302.40000000000003,31.333333333333332
4,0,0,5,4,2,False,6306300,315.84000000000003,30.0
4,0,0,5,3,3,False,6306300,309.12000000000006,30.666666666666668
4,0,0,5,2,4,False,3153150,282.24,33.333333333333336
4,0,0,5,1,5,False,630630,235.20000000000002,40.0
4,0,0,4,7,0,False,450450,235.2,40.0
4,0,0,4,6,1,False,2702700,282.24,33.57142857142858
4,0,0,4,5,2,False,6756750,329.28000000000003,28.571428571428573
4,0,0,4,4,3,False,9009000,332.416,28.571428571428573
4,0,0,4,3,4,False,6756750,316.73600000000005,30.000000000000004
4,0,0,4,2,5,False,2702700,282.24,33.57142857142858
4,0,0,4,1,6,False,450450,228.928,41.42857142857143
4,0,0,3,8,0,False,225225,218.4,43.07692307692307
4,0,0,3,7,1,False,1576575,262.08000000000004,36.15384615384615
4,0,0,3,6,2,False,4729725,305.76000000000005,30.769230769230766
4,0,0,3,5,3,False,7882875,349.44000000000005,26.923076923076923
4,0,0,3,4,4,False,7882875,343.6160000000001,27.69230769230769
4,0,0,3,3,5,False,4729725,320.32,30.0
4,0,0,3,2,6,False,1576575,279.552,33.84615384615385
4,0,0,3,1,7,False,225225,221.312,43.07692307692307
4,0,0,2,9,0,False,75075,201.6,46.66666666666667
4,0,0,2,8,1,False,600600,241.92000000000002,39.16666666666667
4,0,0,2,7,2,False,2102100,282.24,33.333333333333336
4,0,0,2,6,3,False,4204200,322.56,29.166666666666668
4,0,0,2,5,4,False,5255250,362.88000000000005,26.666666666666668
4,0,0,2,4,5,False,4204200,349.44,27.5
4,0,0,2,3,6,False,2102100,319.872,30.0
4,0,0,2,2,7,False,600600,274.176,35.0
4,0,0,2,1,8,False,75075,212.35200000000003,45.0
4,0,0,1,10,0,False,15015,184.8,50.90909090909091
4,0,0,1,9,1,False,135135,221.76000000000005,42.72727272727273
4,0,0,1,8,2,False,540540,258.72,36.36363636363636
4,0,0,1,7,3,False,1261260,295.68000000000006,31.818181818181817
4,0,0,1,6,4,False,1891890,332.64000000000004,29.09090909090909
4,0,0,1,5,5,False,1891890,369.6,25.454545454545453
4,0,0,1,4,6,False,1261260,349.88800000000003,27.27272727272727
4,0,0,1,3,7,False,540540,315.3920000000001,29.999999999999996
4,0,0,1,2,8,False,135135,266.1120000000001,35.45454545454545
4,0,0,1,1,9,False,15015,202.04800000000003,47.272727272727266
4,0,0,0,11,0,False,1365,168.0,56.0
4,0,0,0,10,1,False,13650,201.60000000000002,47.0
4,0,0,0,9,2,False,61425,235.20000000000002,40.0
4,0,0,0,8,3,False,163800,268.8,35.0
4,0,0,0,7,4,False,286650,302.40000000000003,32.0
4,0,0,0,6,5,False,343980,336.0,28.0
4,0,0,0,5,6,False,286650,369.6,26.0
4,0,0,0,4,7,False,163800,344.96000000000004,28.0
4,0,0,0,3,8,False,61425,306.88000000000005,31.0
4,0,0,0,2,9,False,13650,255.36,37.0
4,0,0,0,1,10,False,1365,190.40000000000003,50.0
3,12,0,0,0,0,False,455,968.0,10.0
3,11,1,0,0,0,False,5460,985.6,10.0
3,11,0,1,0,0,False,5460,985.6000000000001,10.0
3,11,0,0,1,0,False,5460,985.6,10.0
3,10,2,0,0,0,False,30030,988.8000000000001,10.0
3,10,1,1,0,0,False,60060,997.0400000000002,10.0
3,10,1,0,1,0,False,60060,997.0400000000002,10.0
3,10,0,2,0,0,False,30030,988.8,10.0
3,10,0,1,1,0,False,60060,997.0400000000002,10.0
3,10,0,0,2,0,False,30030,988.8000000000001,10.0
3,10,0,0,1,1,False,30030,955.8400000000001,10.0
3,9,3,0,0,0,False,100100,977.6,10.0
3,9,2,1,0,0,False,300300,992.6400000000002,10.0
3,9,2,0,1,0,False,300300,992.6400000000002,10.0
3,9,1,2,0,0,False,300300,992.64,10.0
3,9,1,1,1,0,False,600600,1000.9120000000001,10.0
3,9,1,0,2,0,False,300300,992.64,10.0
3,9,1,0,1,1,False,300300,959.5520000000001,10.0
3,9,0,3,0,0,False,100100,977.6,10.0
3,9,0,2,1,0,False,300300,992.64,10.0
3,9,0,1,2,0,False,300300,992.6400000000002,10.0
3,9,0,1,1,1,False,300300,959.5520000000002,10.0
3,9,0,0,3,0,False,100100,977.6,10.0
3,9,0,0,2,1,False,200200,992.64,10.0
3,9,0,0,1,2,False,100100,917.44,11.0
3,8,4,0,0,0,False,225225,952.0,10.0
3,8,3,1,0,0,False,900900,972.4000000000001,10.0
3,8,3,0,1,0,False,900900,972.4000000000001,10.0
3,8,2,2,0,0,False,1351350,979.1999999999999,10.0
3,8,2,1,1,0,False,2702700,987.3600000000001,10.0
3,8,2,0,2,0,False,1351350,979.2,10.0
3,8,2,0,1,1,False,1351350,946.5600000000001,10.0
3,8,1,3,0,0,False,900900,972.4000000000002,10.0
3,8,1,2,1,0,False,2702700,987.3600000000001,10.0
3,8,1,1,2,0,False,2702700,987.3600000000001,10.0
3,8,1,1,1,1,True,2702700,954.4480000000004,10.0
3,8,1,0,3,0,False,900900,972.4000000000002,10.0
3,8,1,0,2,1,False,1801800,987.3600000000002,10.0
3,8,1,0,1,2,False,900900,912.5600000000001,11.0
3,8,0,4,0,0,False,225225,951.9999999999999,10.0
3,8,0,3,1,0,False,900900,972.4000000000002,10.0
3,8,0,2,2,0,False,1351350,979.1999999999999,10.0
3,8,0,2,1,1,False,1351350,946.5600000000002,10.0
3,8,0,1,3,0,False,900900,972.4000000000001,10.0
3,8,0,1,2,1,False,1801800,987.3600000000001,10.0
3,8,0,1,1,2,False,900900,912.5600000000001,10.909090909090908
3,8,0,0,4,0,False,225225,952.0,10.0
3,8,0,0,3,1,False,675675,1006.4000000000001,10.0
3,8,0,0,2,2,False,675675,979.2,10.0
3,8,0,0,1,3,False,225225,870.4000000000001,11.0
3,7,5,0,0,0,False,360360,912.0000000000002,11.0
3,7,4,1,0,0,False,1801800,936.3200000000002,10.909090909090908
3,7,4,0,1,0,False,1801800,936.3200000000002,11.0
3,7,3,2,0,0,False,3603600,948.4800000000002,10.0
3,7,3,1,1,0,False,7207200,956.3840000000005,10.0
3,7,3,0,2,0,False,3603600,948.4800000000001,10.0
3,7,3,0,1,1,False,3603600,916.8640000000004,11.0
3,7,2,3,0,0,False,3603600,948.4800000000002,10.0
3,7,2,2,1,0,False,10810800,963.0720000000001,10.0
3,7,2,1,2,0,False,10810800,963.0720000000002,10.0
3,7,2,1,1,1,True,10810800,930.9696000000004,10.909090909090908
3,7,2,0,3,0,False,3603600,948.4800000000001,10.0
3,7,2,0,2,1,False,7207200,963.0720000000001,10.0
3,7,2,0,1,2,False,3603600,890.1120000000001,11.0
3,7,1,4,0,0,False,1801800,936.3200000000002,10.714285714285715
3,7,1,3,1,0,False,7207200,956.3840000000004,10.0
3,7,1,2,2,0,False,10810800,963.0720000000003,10.0
3,7,1,2,1,1,True,10810800,930.9696000000004,10.833333333333334
3,7,1,1,3,0,False,7207200,956.3840000000005,10.0
3,7,1,1,2,1,True,14414400,971.0976000000005,10.0
3,7,1,1,1,2,True,7207200,897.5296000000004,10.909090909090908
3,7,1,0,4,0,False,1801800,936.3200000000003,11.0
3,7,1,0,3,1,False,5405400,989.8240000000004,10.0
3,7,1,0,2,2,False,5405400,963.0720000000003,10.0
3,7,1,0,1,3,False,1801800,856.0640000000003,11.0
3,7,0,5,0,0,False,360360,912.0000000000002,10.666666666666666
3,7,0,4,1,0,False,1801800,936.3200000000002,10.714285714285715
3,7,0,3,2,0,False,3603600,948.4800000000002,10.0
3,7,0,3,1,1,False,3603600,916.8640000000003,10.769230769230768
3,7,0,2,3,0,False,3603600,948.4800000000002,10.0
3,7,0,2,2,1,False,7207200,963.0720000000001,10.0
3,7,0,2,1,2,False,3603600,890.1120000000002,10.833333333333334
3,7,0,1,4,0,False,1801800,936.3200000000002,10.909090909090908
3,7,0,1,3,1,False,5405400,989.8240000000003,10.0
3,7,0,1,2,2,False,5405400,963.0720000000002,10.0
3,7,0,1,1,3,False,1801800,856.0640000000003,11.818181818181817
3,7,0,0,5,0,False,360360,912.0000000000002,11.0
3,7,0,0,4,1,False,1441440,997.1200000000003,10.0
3,7,0,0,3,2,False,2162160,1009.2800000000003,10.0
3,7,0,0,2,3,False,1441440,948.4800000000001,10.0
3,7,0,0,1,4,False,360360,814.7200000000003,12.0
3,6,6,0,0,0,False,420420,857.6,11.0
3,6,5,1,0,0,False,2522520,884.4000000000001,10.909090909090908
3,6,5,0,1,0,False,2522520,884.4000000000001,11.0
3,6,4,2,0,0,False,6306300,900.4799999999999,10.833333333333334
3,6,4,1,1,0,False,12612600,907.9840000000002,10.909090909090908
3,6,4,0,2,0,False,6306300,900.48,11.0
3,6,4,0,1,1,False,6306300,870.4639999999999,11.0
3,6,3,3,0,0,False,8408400,905.8400000000001,10.769230769230768
3,6,3,2,1,0,False,25225200,919.776,10.833333333333334
3,6,3,1,2,0,False,25225200,919.7760000000002,10.909090909090908
3,6,3,1,1,1,True,25225200,889.1168000000002,10.909090909090908
3,6,3,0,3,0,False,8408400,905.84,11.0
3,6,3,0,2,1,False,16816800,919.7760000000001,11.0
3,6,3,0,1,2,False,8408400,850.096,12.0
3,6,2,4,0,0,False,6306300,900.48,10.714285714285715
3,6,2,3,1,0,False,25225200,919.7760000000002,10.769230769230768
3,6,2,2,2,0,False,37837800,926.208,10.833333333333334
3,6,2,2,1,1,True,37837800,895.3344000000001,10.833333333333334
3,6,2,1,3,0,False,25225200,919.7760000000002,10.909090909090908
3,6,2,1,2,1,True,50450400,933.9264000000001,10.909090909090908
3,6,2,1,1,2,True,25225200,863.1744000000001,10.909090909090908
3,6,2,0,4,0,False,6306300,900.48,11.0
3,6,2,0,3,1,False,18918900,951.9360000000001,10.0
3,6,2,0,2,2,False,18918900,926.2080000000001,11.0
3,6,2,0,1,3,False,6306300,823.2960000000002,12.0
3,6,1,5,0,0,False,2522520,884.4000000000002,10.666666666666666
3,6,1,4,1,0,False,12612600,907.9840000000002,10.714285714285715
3,6,1,3,2,0,False,25225200,919.7760000000002,10.769230769230768
3,6,1,3,1,1,True,25225200,889.1168000000002,10.769230769230768
3,6,1,2,3,0,False,25225200,919.7760000000002,10.833333333333334
3,6,1,2,2,1,True,50450400,933.9264000000002,10.833333333333334
3,6,1,2,1,2,True,25225200,863.1744000000001,11.666666666666668
3,6,1,1,4,0,False,12612600,907.9840000000003,10.909090909090908
3,6,1,1,3,1,True,37837800,959.8688000000003,10.0
3,6,1,1,2,2,True,37837800,933.9264000000003,10.909090909090908
3,6,1,1,1,3,True,12612600,830.1568000000002,11.818181818181817
3,6,1,0,5,0,False,2522520,884.4000000000002,11.0
3,6,1,0,4,1,False,10090080,966.9440000000003,10.0
3,6,1,0,3,2,False,15135120,978.7360000000003,10.0
3,6,1,0,2,3,False,10090080,919.7760000000003,11.0
3,6,1,0,1,4,False,2522520,790.0640000000002,12.0
3,6,0,6,0,0,False,420420,857.6,11.25
3,6,0,5,1,0,False,2522520,884.4000000000002,10.666666666666666
3,6,0,4,2,0,False,6306300,900.48,10.714285714285715
3,6,0,4,1,1,False,6306300,870.464,11.428571428571429
3,6,0,3,3,0,False,8408400,905.8400000000001,10.769230769230768
3,6,0,3,2,1,False,16816800,919.7760000000002,10.769230769230768
3,6,0,3,1,2,False,8408400,850.0960000000001,11.538461538461538
3,6,0,2,4,0,False,6306300,900.4799999999999,10.833333333333334
3,6,0,2,3,1,False,18918900,951.936,10.0
3,6,0,2,2,2,False,18918900,926.208,10.833333333333334
3,6,0,2,1,3,False,6306300,823.296,11.666666666666668
3,6,0,1,5,0,False,2522520,884.4000000000001,10.909090909090908
3,6,0,1,4,1,False,10090080,966.9440000000003,10.0
3,6,0,1,3,2,False,15135120,978.7360000000002,10.0
3,6,0,1,2,3,False,10090080,919.7760000000002,10.909090909090908
3,6,0,1,1,4,False,2522520,790.0640000000002,12.727272727272727
3,6,0,0,6,0,False,420420,804.0,12.0
3,6,0,0,5,1,False,2102100,964.8000000000001,10.0
3,6,0,0,4,2,False,4204200,1007.6800000000002,10.0
3,6,0,0,3,3,False,4204200,986.24,10.0
3,6,0,0,2,4,False,2102100,900.4800000000001,11.0
3,6,0,0,1,5,False,420420,750.4,13.0
3,5,7,0,0,0,False,360360,788.8000000000002,12.0
3,5,6,1,0,0,False,2522520,816.6400000000002,11.818181818181817
3,5,6,0,1,0,False,2522520,816.6400000000001,12.0
3,5,5,2,0,0,False,7567560,835.1999999999999,11.666666666666668
3,5,5,1,1,0,False,15135120,842.1600000000002,11.818181818181817
3,5,5,0,2,0,False,7567560,835.2,12.0
3,5,5,0,1,1,False,7567560,807.3600000000001,12.0
3,5,4,3,0,0,False,12612600,844.48,11.538461538461538
3,5,4,2,1,0,False,37837800,857.4720000000001,11.666666666666668
3,5,4,1,2,0,False,37837800,857.4720000000001,11.818181818181817
3,5,4,1,1,1,True,37837800,828.8896000000001,11.818181818181817
3,5,4,0,3,0,False,12612600,844.4800000000001,12.0
3,5,4,0,2,1,False,25225200,857.4720000000002,11.0
3,5,4,0,1,2,False,12612600,792.5120000000001,12.0
3,5,3,4,0,0,False,12612600,844.48,11.428571428571429
3,5,3,3,1,0,False,50450400,862.5760000000001,11.538461538461538
3,5,3,2,2,0,False,75675600,868.6080000000001,10.833333333333334
3,5,3,2,1,1,True,75675600,839.6544000000001,11.666666666666668
3,5,3,1,3,0,False,50450400,862.5760000000001,10.909090909090908
3,5,3,1,2,1,True,100900800,875.8464000000002,10.909090909090908
3,5,3,1,1,2,True,50450400,809.4944,11.818181818181817
3,5,3,0,4,0,False,12612600,844.48,12.0
3,5,3,0,3,1,False,37837800,892.7360000000001,11.0
3,5,3,0,2,2,False,37837800,868.6080000000001,11.0
3,5,3,0,1,3,False,12612600,772.096,13.0
3,5,2,5,0,0,False,7567560,835.2,11.333333333333334
3,5,2,4,1,0,False,37837800,857.472,11.428571428571429
3,5,2,3,2,0,False,75675600,868.608,11.538461538461538
3,5,2,3,1,1,True,75675600,839.6544000000002,11.538461538461538
3,5,2,2,3,0,False,75675600,868.6080000000002,10.833333333333334
3,5,2,2,2,1,True,151351200,881.9712000000001,10.833333333333334
3,5,2,2,1,2,True,75675600,815.1552,11.666666666666668
3,5,2,1,4,0,False,37837800,857.4720000000001,11.818181818181817
3,5,2,1,3,1,True,113513400,906.4704,10.909090909090908
3,5,2,1,2,2,True,113513400,881.9712000000001,10.909090909090908
3,5,2,1,1,3,True,37837800,783.9744000000002,12.727272727272727
3,5,2,0,5,0,False,7567560,835.2,12.0
3,5,2,0,4,1,False,30270240,913.152,11.0
3,5,2,0,3,2,False,45405360,924.2880000000001,11.0
3,5,2,0,2,3,False,30270240,868.6080000000001,11.0
3,5,2,0,1,4,False,7567560,746.1120000000001,13.0
3,5,1,6,0,0,False,2522520,816.6400000000001,11.875
3,5,1,5,1,0,False,15135120,842.1600000000001,11.333333333333334
3,5,1,4,2,0,False,37837800,857.472,11.428571428571429
3,5,1,4,1,1,True,37837800,828.8896000000001,11.428571428571429
3,5,1,3,3,0,False,50450400,862.576,11.538461538461538
3,5,1,3,2,1,True,100900800,875.8464000000001,10.769230769230768
3,5,1,3,1,2,True,50450400,809.4944000000002,12.307692307692307
3,5,1,2,4,0,False,37837800,857.4719999999999,11.666666666666668
3,5,1,2,3,1,True,113513400,906.4704,10.833333333333334
3,5,1,2,2,2,True,113513400,881.9712,10.833333333333334
3,5,1,2,1,3,True,37837800,783.9744,12.5
3,5,1,1,5,0,False,15135120,842.1600000000001,11.818181818181817
3,5,1,1,4,1,True,60540480,920.7616000000003,10.909090909090908
3,5,1,1,3,2,True,90810720,931.9904000000002,10.909090909090908
3,5,1,1,2,3,True,60540480,875.8464000000002,10.909090909090908
3,5,1,1,1,4,True,15135120,752.3296000000003,12.727272727272727
3,5,1,0,6,0,False,2522520,765.6,13.0
3,5,1,0,5,1,False,12612600,918.7200000000001,11.0
3,5,1,0,4,2,False,25225200,959.5520000000001,10.0
3,5,1,0,3,3,False,25225200,939.1360000000001,11.0
3,5,1,0,2,4,False,12612600,857.4720000000002,11.0
3,5,1,0,1,5,False,2522520,714.56,14.0
3,5,0,7,0,0,False,360360,788.8000000000001,12.352941176470587
3,5,0,6,1,0,False,2522520,816.6400000000001,11.875
3,5,0,5,2,0,False,7567560,835.2,11.333333333333334
3,5,0,5,1,1,False,7567560,807.3600000000001,12.0
3,5,0,4,3,0,False,12612600,844.48,11.428571428571429
3,5,0,4,2,1,False,25225200,857.472,11.428571428571429
3,5,0,4,1,2,False,12612600,792.5120000000001,12.142857142857144
3,5,0,3,4,0,False,12612600,844.48,11.538461538461538
3,5,0,3,3,1,False,37837800,892.7360000000001,10.769230769230768
3,5,0,3,2,2,False,37837800,868.608,11.538461538461538
3,5,0,3,1,3,False,12612600,772.096,12.307692307692307
3,5,0,2,5,0,False,7567560,835.1999999999999,11.666666666666668
3,5,0,2,4,1,False,30270240,913.152,10.833333333333334
3,5,0,2,3,2,False,45405360,924.2880000000001,10.833333333333334
3,5,0,2,2,3,False,30270240,868.6080000000002,10.833333333333334
3,5,0,2,1,4,False,7567560,746.1120000000001,13.333333333333334
3,5,0,1,6,0,False,2522520,765.6,12.727272727272727
3,5,0,1,5,1,False,12612600,918.7200000000001,10.909090909090908
3,5,0,1,4,2,False,25225200,959.5520000000002,10.0
3,5,0,1,3,3,False,25225200,939.1360000000002,10.909090909090908
3,5,0,1,2,4,False,12612600,857.4720000000002,11.818181818181817
3,5,0,1,1,5,False,2522520,714.5600000000001,13.636363636363635
3,5,0,0,7,0,False,360360,696.0,14.0
3,5,0,0,6,1,False,2162160,835.2,12.0
3,5,0,0,5,2,False,5405400,974.4000000000001,10.0
3,5,0,0,4,3,False,7207200,983.6800000000002,10.0
3,5,0,0,3,4,False,5405400,937.2800000000003,11.0
3,5,0,0,2,5,False,2162160,835.2,12.0
3,5,0,0,1,6,False,360360,677.44,14.0
3,4,8,0,0,0,False,225225,705.6,14.0
3,4,7,1,0,0,False,1801800,733.0400000000002,13.636363636363635
3,4,7,0,1,0,False,1801800,733.0400000000002,13.0
3,4,6,2,0,0,False,6306300,752.64,12.5
3,4,6,1,1,0,False,12612600,758.9120000000001,12.727272727272727
3,4,6,0,2,0,False,6306300,752.64,13.0
3,4,6,0,1,1,False,6306300,727.5520000000001,13.0
3,4,5,3,0,0,False,12612600,764.4,12.307692307692307
3,4,5,2,1,0,False,37837800,776.1600000000002,12.5
3,4,5,1,2,0,False,37837800,776.1600000000001,12.727272727272727
3,4,5,1,1,1,True,37837800,750.2880000000002,12.727272727272727
3,4,5,0,3,0,False,12612600,764.4000000000001,13.0
3,4,5,0,2,1,False,25225200,776.1600000000001,13.0
3,4,5,0,1,2,False,12612600,717.36,14.0
3,4,4,4,0,0,False,15765750,768.32,12.857142857142858
3,4,4,3,1,0,False,63063000,784.7840000000001,12.307692307692307
3,4,4,2,2,0,False,94594500,790.2719999999999,12.5
3,4,4,2,1,1,True,94594500,763.9296000000002,12.5
3,4,4,1,3,0,False,63063000,784.7840000000001,12.727272727272727
3,4,4,1,2,1,True,126126000,796.8576000000003,11.818181818181817
3,4,4,1,1,2,True,63063000,736.4896000000001,13.636363636363635
3,4,4,0,4,0,False,15765750,768.32,13.0
3,4,4,0,3,1,False,47297250,812.224,12.0
3,4,4,0,2,2,False,47297250,790.2719999999999,12.0
3,4,4,0,1,3,False,15765750,702.464,14.0
3,4,3,5,0,0,False,12612600,764.4000000000001,12.666666666666666
3,4,3,4,1,0,False,63063000,784.784,12.142857142857144
3,4,3,3,2,0,False,126126000,794.976,12.307692307692307
3,4,3,3,1,1,True,126126000,768.4768000000001,12.307692307692307
3,4,3,2,3,0,False,126126000,794.976,12.5
3,4,3,2,2,1,True,252252000,807.2064,11.666666666666668
3,4,3,2,1,2,True,126126000,746.0544,13.333333333333334
3,4,3,1,4,0,False,63063000,784.7840000000001,12.727272727272727
3,4,3,1,3,1,True,189189000,829.6288000000002,11.818181818181817
3,4,3,1,2,2,True,189189000,807.2064000000001,11.818181818181817
3,4,3,1,1,3,True,63063000,717.5168000000001,13.636363636363635
3,4,3,0,5,0,False,12612600,764.4000000000001,13.0
3,4,3,0,4,1,False,50450400,835.7440000000001,12.0
3,4,3,0,3,2,False,75675600,845.9360000000001,12.0
3,4,3,0,2,3,False,50450400,794.9760000000001,12.0
3,4,3,0,1,4,False,12612600,682.864,14.0
3,4,2,6,0,0,False,6306300,752.6400000000001,12.5
3,4,2,5,1,0,False,37837800,776.1600000000001,12.666666666666666
3,4,2,4,2,0,False,94594500,790.2719999999999,12.142857142857144
3,4,2,4,1,1,True,94594500,763.9296,12.857142857142858
3,4,2,3,3,0,False,126126000,794.976,12.307692307692307
3,4,2,3,2,1,True,252252000,807.2064000000001,12.307692307692307
3,4,2,3,1,2,True,126126000,746.0544000000001,13.076923076923077
3,4,2,2,4,0,False,94594500,790.2719999999999,12.5
3,4,2,2,3,1,True,283783500,835.4304,11.666666666666668
3,4,2,2,2,2,True,283783500,812.8512,11.666666666666668
3,4,2,2,1,3,True,94594500,722.5343999999999,13.333333333333334
3,4,2,1,5,0,False,37837800,776.1600000000001,12.727272727272727
3,4,2,1,4,1,True,151351200,848.6016000000002,11.818181818181817
3,4,2,1,3,2,True,227026800,858.9504000000001,11.818181818181817
3,4,2,1,2,3,True,151351200,807.2064000000001,11.818181818181817
3,4,2,1,1,4,True,37837800,693.3696000000002,13.636363636363635
3,4,2,0,6,0,False,6306300,705.6,14.0
3,4,2,0,5,1,False,31531500,846.7200000000001,12.0
3,4,2,0,4,2,False,63063000,884.3520000000001,11.0
3,4,2,0,3,3,False,63063000,865.5360000000001,11.0
3,4,2,0,2,4,False,31531500,790.2720000000002,12.0
3,4,2,0,1,5,False,6306300,658.56,15.0
3,4,1,7,0,0,False,1801800,733.0400000000002,12.941176470588234
3,4,1,6,1,0,False,12612600,758.9120000000003,12.5
3,4,1,5,2,0,False,37837800,776.1599999999999,12.666666666666666
3,4,1,5,1,1,True,37837800,750.2880000000002,12.666666666666666
3,4,1,4,3,0,False,63063000,784.784,12.142857142857144
3,4,1,4,2,1,True,126126000,796.8576,12.142857142857144
3,4,1,4,1,2,True,63063000,736.4896000000001,12.857142857142858
3,4,1,3,4,0,False,63063000,784.784,12.307692307692307
3,4,1,3,3,1,True,189189000,829.6288000000001,11.538461538461538
3,4,1,3,2,2,True,189189000,807.2064,12.307692307692307
3,4,1,3,1,3,True,63063000,717.5168000000001,13.846153846153845
3,4,1,2,5,0,False,37837800,776.1600000000001,12.5
3,4,1,2,4,1,True,151351200,848.6016000000001,11.666666666666668
3,4,1,2,3,2,True,227026800,858.9504000000002,11.666666666666668
3,4,1,2,2,3,True,151351200,807.2064,11.666666666666668
3,4,1,2,1,4,True,37837800,693.3696,14.166666666666668
3,4,1,1,6,0,False,12612600,711.4800000000001,13.636363636363635
3,4,1,1,5,1,True,63063000,853.7760000000002,11.818181818181817
3,4,1,1,4,2,True,126126000,891.7216000000002,10.909090909090908
3,4,1,1,3,3,True,126126000,872.7488000000001,10.909090909090908
3,4,1,1,2,4,True,63063000,796.8576000000003,11.818181818181817
3,4,1,1,1,5,True,12612600,664.048,14.545454545454545
3,4,1,0,7,0,False,1801800,646.8000000000001,15.0
3,4,1,0,6,1,False,10810800,776.1600000000001,13.0
3,4,1,0,5,2,False,27027000,905.5200000000001,11.0
3,4,1,0,4,3,False,36036000,914.1440000000001,11.0
3,4,1,0,3,4,False,27027000,871.0240000000002,11.0
3,4,1,0,2,5,False,10810800,776.1600000000001,13.0
3,4,1,0,1,6,False,1801800,629.552,15.0
3,4,0,8,0,0,False,225225,705.6,13.333333333333332
3,4,0,7,1,0,False,1801800,733.0400000000002,12.941176470588234
3,4,0,6,2,0,False,6306300,752.6400000000001,12.5
3,4,0,6,1,1,False,6306300,727.5520000000001,13.125
3,4,0,5,3,0,False,12612600,764.4000000000001,12.666666666666666
3,4,0,5,2,1,False,25225200,776.1600000000001,12.666666666666666
3,4,0,5,1,2,False,12612600,717.36,13.333333333333334
3,4,0,4,4,0,False,15765750,768.32,12.857142857142858
3,4,0,4,3,1,False,47297250,812.224,12.142857142857144
3,4,0,4,2,2,False,47297250,790.2719999999999,12.142857142857144
3,4,0,4,1,3,False,15765750,702.464,13.571428571428573
3,4,0,3,5,0,False,12612600,764.4,12.307692307692307
3,4,0,3,4,1,False,50450400,835.7440000000001,11.538461538461538
3,4,0,3,3,2,False,75675600,845.9360000000003,11.538461538461538
3,4,0,3,2,3,False,50450400,794.976,12.307692307692307
3,4,0,3,1,4,False,12612600,682.8640000000001,13.846153846153845
3,4,0,2,6,0,False,6306300,705.6,13.333333333333334
3,4,0,2,5,1,False,31531500,846.72,11.666666666666668
3,4,0,2,4,2,False,63063000,884.352,10.833333333333334
3,4,0,2,3,3,False,63063000,865.5360000000001,11.666666666666668
3,4,0,2,2,4,False,31531500,790.272,12.5
3,4,0,2,1,5,False,6306300,658.5600000000001,15.0
3,4,0,1,7,0,False,1801800,646.8000000000001,14.545454545454545
3,4,0,1,6,1,False,10810800,776.1600000000001,12.727272727272727
3,4,0,1,5,2,False,27027000,905.5200000000001,10.909090909090908
3,4,0,1,4,3,False,36036000,914.144,10.909090909090908
3,4,0,1,3,4,False,27027000,871.0240000000002,10.909090909090908
3,4,0,1,2,5,False,10810800,776.1600000000001,12.727272727272727
3,4,0,1,1,6,False,1801800,629.5520000000001,15.454545454545453
3,4,0,0,8,0,False,225225,588.0,16.0
3,4,0,0,7,1,False,1576575,705.6,14.0
3,4,0,0,6,2,False,4729725,823.2,12.0
3,4,0,0,5,3,False,7882875,940.8000000000001,10.0
3,4,0,0,4,4,False,7882875,925.1200000000001,11.0
3,4,0,0,3,5,False,4729725,862.4000000000001,11.0
3,4,0,0,2,6,False,1576575,752.64,13.0
3,4,0,0,1,7,False,225225,595.84,16.0
3,3,9,0,0,0,False,100100,608.0,16.0
3,3,8,1,0,0,False,900900,633.6,15.454545454545453
3,3,8,0,1,0,False,900900,633.6000000000001,15.0
3,3,7,2,0,0,False,3603600,652.8000000000001,15.0
3,3,7,1,1,0,False,7207200,658.2400000000002,14.545454545454545
3,3,7,0,2,0,False,3603600,652.8000000000002,15.0
3,3,7,0,1,1,False,3603600,631.0400000000002,15.0
3,3,6,3,0,0,False,8408400,665.6,14.615384615384615
3,3,6,2,1,0,False,25225200,675.84,14.166666666666668
3,3,6,1,2,0,False,25225200,675.8400000000001,14.545454545454545
3,3,6,1,1,1,True,25225200,653.3120000000001,14.545454545454545
3,3,6,0,3,0,False,8408400,665.6,15.0
3,3,6,0,2,1,False,16816800,675.8400000000001,14.0
3,3,6,0,1,2,False,8408400,624.64,16.0
3,3,5,4,0,0,False,12612600,672.0,14.285714285714286
3,3,5,3,1,0,False,50450400,686.4,13.846153846153845
3,3,5,2,2,0,False,75675600,691.1999999999999,14.166666666666668
3,3,5,2,1,1,True,75675600,668.1600000000001,14.166666666666668
3,3,5,1,3,0,False,50450400,686.4000000000001,14.545454545454545
3,3,5,1,2,1,True,100900800,696.96,13.636363636363635
3,3,5,1,1,2,True,50450400,644.1600000000001,15.454545454545453
3,3,5,0,4,0,False,12612600,672.0,14.0
3,3,5,0,3,1,False,37837800,710.4000000000001,14.0
3,3,5,0,2,2,False,37837800,691.2,14.0
3,3,5,0,1,3,False,12612600,614.4000000000001,16.0
3,3,4,5,0,0,False,12612600,672.0,14.0
3,3,4,4,1,0,False,63063000,689.92,14.285714285714286
3,3,4,3,2,0,False,126126000,698.8800000000001,13.846153846153845
3,3,4,3,1,1,True,126126000,675.5840000000003,14.615384615384615
3,3,4,2,3,0,False,126126000,698.88,14.166666666666668
3,3,4,2,2,1,True,252252000,709.632,13.333333333333334
3,3,4,2,1,2,True,126126000,655.872,15.0
3,3,4,1,4,0,False,63063000,689.9200000000001,13.636363636363635
3,3,4,1,3,1,True,189189000,729.344,13.636363636363635
3,3,4,1,2,2,True,189189000,709.6320000000001,13.636363636363635
3,3,4,1,1,3,True,63063000,630.7840000000001,15.454545454545453
3,3,4,0,5,0,False,12612600,672.0,14.0
3,3,4,0,4,1,False,50450400,734.7200000000001,13.0
3,3,4,0,3,2,False,75675600,743.6800000000002,13.0
3,3,4,0,2,3,False,50450400,698.8800000000001,14.0
3,3,4,0,1,4,False,12612600,600.32,16.0
3,3,3,6,0,0,False,8408400,665.6,14.375
3,3,3,5,1,0,False,50450400,686.4000000000001,14.0
3,3,3,4,2,0,False,126126000,698.88,13.571428571428573
3,3,3,4,1,1,True,126126000,675.5840000000001,14.285714285714286
3,3,3,3,3,0,False,168168000,703.0400000000001,13.846153846153845
3,3,3,3,2,1,True,336336000,713.856,13.846153846153845
3,3,3,3,1,2,True,168168000,659.776,14.615384615384615
3,3,3,2,4,0,False,126126000,698.88,14.166666666666668
3,3,3,2,3,1,True,378378000,738.816,13.333333333333334
3,3,3,2,2,2,True,378378000,718.848,13.333333333333334
3,3,3,2,1,3,True,126126000,638.976,15.0
3,3,3,1,5,0,False,50450400,686.4000000000001,14.545454545454545
3,3,3,1,4,1,True,201801600,750.4640000000002,12.727272727272727
3,3,3,1,3,2,True,302702400,759.6160000000001,12.727272727272727
3,3,3,1,2,3,True,201801600,713.8560000000001,13.636363636363635
3,3,3,1,1,4,True,50450400,613.1840000000001,15.454545454545453
3,3,3,0,6,0,False,8408400,624.0,16.0
3,3,3,0,5,1,False,42042000,748.8000000000001,13.0
3,3,3,0,4,2,False,84084000,782.08,13.0
3,3,3,0,3,3,False,84084000,765.44,13.0
3,3,3,0,2,4,False,42042000,698.8800000000001,14.0
3,3,3,0,1,5,False,8408400,582.4,17.0
3,3,2,7,0,0,False,3603600,652.8000000000001,14.705882352941176
3,3,2,6,1,0,False,25225200,675.8400000000001,14.375
3,3,2,5,2,0,False,75675600,691.2,14.0
3,3,2,5,1,1,True,75675600,668.1600000000001,14.666666666666666
3,3,2,4,3,0,False,126126000,698.88,13.571428571428573
3,3,2,4,2,1,True,252252000,709.6320000000001,13.571428571428573
3,3,2,4,1,2,True,126126000,655.872,15.000000000000002
3,3,2,3,4,0,False,126126000,698.8800000000001,13.846153846153845
3,3,2,3,3,1,True,378378000,738.8160000000001,13.076923076923077
3,3,2,3,2,2,True,378378000,718.848,13.076923076923077
3,3,2,3,1,3,True,126126000,638.976,15.384615384615383
3,3,2,2,5,0,False,75675600,691.1999999999999,14.166666666666668
3,3,2,2,4,1,True,302702400,755.7120000000001,12.5
3,3,2,2,3,2,True,454053600,764.928,12.5
3,3,2,2,2,3,True,302702400,718.8480000000001,13.333333333333334
3,3,2,2,1,4,True,75675600,617.4720000000001,15.833333333333334
3,3,2,1,6,0,False,25225200,633.6,15.454545454545453
3,3,2,1,5,1,True,126126000,760.3200000000002,12.727272727272727
3,3,2,1,4,2,True,252252000,794.1120000000002,12.727272727272727
3,3,2,1,3,3,True,252252000,777.2160000000001,12.727272727272727
3,3,2,1,2,4,True,126126000,709.6320000000002,13.636363636363635
3,3,2,1,1,5,True,25225200,591.3600000000001,16.363636363636363
3,3,2,0,7,0,False,3603600,576.0,17.0
3,3,2,0,6,1,False,21621600,691.2,14.0
3,3,2,0,5,2,False,54054000,806.4000000000001,12.0
3,3,2,0,4,3,False,72072000,814.08,12.0
3,3,2,0,3,4,False,54054000,775.6800000000003,13.0
3,3,2,0,2,5,False,21621600,691.2,14.0
3,3,2,0,1,6,False,3603600,560.64,17.0
3,3,1,8,0,0,False,900900,633.6000000000001,15.0
3,3,1,7,1,0,False,7207200,658.2400000000002,14.705882352941176
3,3,1,6,2,0,False,25225200,675.8400000000001,14.375
3,3,1,6,1,1,True,25225200,653.3120000000004,15.0
3,3,1,5,3,0,False,50450400,686.4000000000002,14.0
3,3,1,5,2,1,True,100900800,696.9600000000002,14.0
3,3,1,5,1,2,True,50450400,644.1600000000001,14.666666666666666
3,3,1,4,4,0,False,63063000,689.92,14.285714285714286
3,3,1,4,3,1,True,189189000,729.344,13.571428571428573
3,3,1,4,2,2,True,189189000,709.6320000000001,13.571428571428573
3,3,1,4,1,3,True,63063000,630.784,15.000000000000002
3,3,1,3,5,0,False,50450400,686.4000000000002,13.846153846153845
3,3,1,3,4,1,True,201801600,750.4640000000002,13.076923076923077
3,3,1,3,3,2,True,302702400,759.6160000000002,13.076923076923077
3,3,1,3,2,3,True,201801600,713.8560000000002,13.846153846153845
3,3,1,3,1,4,True,50450400,613.1840000000002,15.384615384615383
3,3,1,2,6,0,False,25225200,633.6000000000001,15.0
3,3,1,2,5,1,True,126126000,760.3200000000002,12.5
3,3,1,2,4,2,True,252252000,794.1120000000002,12.5
3,3,1,2,3,3,True,252252000,777.2160000000002,12.5
3,3,1,2,2,4,True,126126000,709.6320000000002,13.333333333333334
3,3,1,2,1,5,True,25225200,591.36,16.666666666666668
3,3,1,1,7,0,False,7207200,580.8000000000002,16.363636363636363
3,3,1,1,6,1,True,43243200,696.9600000000002,13.636363636363635
3,3,1,1,5,2,True,108108000,813.1200000000002,11.818181818181817
3,3,1,1,4,3,True,144144000,820.8640000000004,11.818181818181817
3,3,1,1,3,4,True,108108000,782.1440000000003,12.727272727272727
3,3,1,1,2,5,True,43243200,696.9600000000002,13.636363636363635
3,3,1,1,1,6,True,7207200,565.3120000000001,17.27272727272727
3,3,1,0,8,0,False,900900,528.0000000000001,18.0
3,3,1,0,7,1,False,6306300,633.6000000000001,15.0
3,3,1,0,6,2,False,18918900,739.2000000000002,13.0
3,3,1,0,5,3,False,31531500,844.8000000000001,12.0
3,3,1,0,4,4,False,31531500,830.7200000000003,12.0
3,3,1,0,3,5,False,18918900,774.4000000000002,13.0
3,3,1,0,2,6,False,6306300,675.8400000000001,14.0
3,3,1,0,1,7,False,900900,535.0400000000001,18.0
3,3,0,9,0,0,False,100100,608.0,15.789473684210527
3,3,0,8,1,0,False,900900,633.6000000000001,15.0
3,3,0,7,2,0,False,3603600,652.8000000000001,14.705882352941176
3,3,0,7,1,1,False,3603600,631.0400000000002,15.294117647058822
3,3,0,6,3,0,False,8408400,665.6,14.375
3,3,0,6,2,1,False,16816800,675.8400000000001,14.375
3,3,0,6,1,2,False,8408400,624.6400000000001,15.625
3,3,0,5,4,0,False,12612600,672.0,14.0
3,3,0,5,3,1,False,37837800,710.4000000000001,13.333333333333334
3,3,0,5,2,2,False,37837800,691.2,14.0
3,3,0,5,1,3,False,12612600,614.4000000000001,15.333333333333334
3,3,0,4,5,0,False,12612600,672.0,14.285714285714286
3,3,0,4,4,1,False,50450400,734.72,12.857142857142858
3,3,0,4,3,2,False,75675600,743.6800000000001,12.857142857142858
3,3,0,4,2,3,False,50450400,698.88,13.571428571428573
3,3,0,4,1,4,False,12612600,600.3199999999999,15.714285714285715
3,3,0,3,6,0,False,8408400,624.0,15.384615384615383
3,3,0,3,5,1,False,42042000,748.8000000000001,13.076923076923077
3,3,0,3,4,2,False,84084000,782.08,12.307692307692307
3,3,0,3,3,3,False,84084000,765.4400000000002,12.307692307692307
3,3,0,3,2,4,False,42042000,698.8800000000002,13.846153846153845
3,3,0,3,1,5,False,8408400,582.4,16.153846153846153
3,3,0,2,7,0,False,3603600,576.0,16.666666666666668
3,3,0,2,6,1,False,21621600,691.1999999999999,14.166666666666668
3,3,0,2,5,2,False,54054000,806.4,11.666666666666668
3,3,0,2,4,3,False,72072000,814.08,11.666666666666668
3,3,0,2,3,4,False,54054000,775.6800000000002,12.5
3,3,0,2,2,5,False,21621600,691.1999999999999,14.166666666666668
3,3,0,2,1,6,False,3603600,560.64,17.5
3,3,0,1,8,0,False,900900,528.0,18.18181818181818
3,3,0,1,7,1,False,6306300,633.6,15.454545454545453
3,3,0,1,6,2,False,18918900,739.2,12.727272727272727
3,3,0,1,5,3,False,31531500,844.8000000000001,11.818181818181817
3,3,0,1,4,4,False,31531500,830.7200000000003,11.818181818181817
3,3,0,1,3,5,False,18918900,774.4000000000002,12.727272727272727
3,3,0,1,2,6,False,6306300,675.8400000000001,14.545454545454545
3,3,0,1,1,7,False,900900,535.0400000000001,18.18181818181818
3,3,0,0,9,0,False,100100,480.0,20.0
3,3,0,0,8,1,False,800800,576.0,17.0
3,3,0,0,7,2,False,2802800,672.0,14.0
3,3,0,0,6,3,False,5605600,768.0,13.0
3,3,0,0,5,4,False,7007000,864.0,11.0
3,3,0,0,4,5,False,5605600,832.0,12.0
3,3,0,0,3,6,False,2802800,761.6,13.0
3,3,0,0,2,7,False,800800,652.8000000000001,15.0
3,3,0,0,1,8,False,100100,505.6,19.0
3,2,10,0,0,0,False,30030,496.0,19.0
3,2,9,1,0,0,False,300300,518.32,18.18181818181818
3,2,9,0,1,0,False,300300,518.32,19.0
3,2,8,2,0,0,False,1351350,535.6800000000001,18.333333333333336
3,2,8,1,1,0,False,2702700,540.1440000000001,18.18181818181818
3,2,8,0,2,0,False,1351350,535.6800000000001,18.0
3,2,8,0,1,1,False,1351350,517.8240000000001,19.0
3,2,7,3,0,0,False,3603600,548.08,17.692307692307693
3,2,7,2,1,0,False,10810800,556.5120000000001,17.5
3,2,7,1,2,0,False,10810800,556.5120000000001,17.27272727272727
3,2,7,1,1,1,True,10810800,537.9616000000001,18.18181818181818
3,2,7,0,3,0,False,3603600,548.08,18.0
3,2,7,0,2,1,False,7207200,556.5120000000001,17.0
3,2,7,0,1,2,False,3603600,514.352,19.0
3,2,6,4,0,0,False,6306300,555.52,17.142857142857142
3,2,6,3,1,0,False,25225200,567.4240000000001,16.923076923076923
3,2,6,2,2,0,False,37837800,571.3919999999999,16.666666666666668
3,2,6,2,1,1,True,37837800,552.3456000000001,17.5
3,2,6,1,3,0,False,25225200,567.4240000000001,17.27272727272727
3,2,6,1,2,1,True,50450400,576.1536000000001,16.363636363636363
3,2,6,1,1,2,True,25225200,532.5056000000001,18.18181818181818
3,2,6,0,4,0,False,6306300,555.52,17.0
3,2,6,0,3,1,False,18918900,587.264,17.0
3,2,6,0,2,2,False,18918900,571.392,17.0
3,2,6,0,1,3,False,6306300,507.904,19.0
3,2,5,5,0,0,False,7567560,558.0,17.333333333333332
3,2,5,4,1,0,False,37837800,572.88,16.42857142857143
3,2,5,3,2,0,False,75675600,580.32,16.923076923076923
3,2,5,3,1,1,True,75675600,560.9760000000001,16.923076923076923
3,2,5,2,3,0,False,75675600,580.32,16.666666666666668
3,2,5,2,2,1,True,151351200,589.248,16.666666666666668
3,2,5,2,1,2,True,75675600,544.608,17.5
3,2,5,1,4,0,False,37837800,572.8800000000001,17.27272727272727
3,2,5,1,3,1,True,113513400,605.6160000000001,16.363636363636363
3,2,5,1,2,2,True,113513400,589.2480000000002,16.363636363636363
3,2,5,1,1,3,True,37837800,523.7760000000002,18.18181818181818
3,2,5,0,5,0,False,7567560,558.0,17.0
3,2,5,0,4,1,False,30270240,610.08,16.0
3,2,5,0,3,2,False,45405360,617.5200000000001,16.0
3,2,5,0,2,3,False,30270240,580.32,17.0
3,2,5,0,1,4,False,7567560,498.48,19.0
3,2,4,6,0,0,False,6306300,555.5200000000001,17.5
3,2,4,5,1,0,False,37837800,572.8800000000001,16.666666666666668
3,2,4,4,2,0,False,94594500,583.2959999999999,16.42857142857143
3,2,4,4,1,1,True,94594500,563.8528,17.142857142857142
3,2,4,3,3,0,False,126126000,586.7680000000001,16.153846153846153
3,2,4,3,2,1,True,252252000,595.7952,16.153846153846153
3,2,4,3,1,2,True,126126000,550.6592,17.692307692307693
3,2,4,2,4,0,False,94594500,583.2959999999999,16.666666666666668
3,2,4,2,3,1,True,283783500,616.6272,15.833333333333334
3,2,4,2,2,2,True,283783500,599.9616,15.833333333333334
3,2,4,2,1,3,True,94594500,533.2991999999999,18.333333333333336
3,2,4,1,5,0,False,37837800,572.8800000000001,17.27272727272727
3,2,4,1,4,1,True,151351200,626.3488000000002,15.454545454545453
3,2,4,1,3,2,True,227026800,633.9872000000001,15.454545454545453
3,2,4,1,2,3,True,151351200,595.7952000000001,16.363636363636363
3,2,4,1,1,4,True,37837800,511.7728000000001,19.09090909090909
3,2,4,0,6,0,False,6306300,520.8000000000001,19.0
3,2,4,0,5,1,False,31531500,624.96,16.0
3,2,4,0,4,2,False,63063000,652.7360000000001,15.0
3,2,4,0,3,3,False,63063000,638.8480000000001,15.0
3,2,4,0,2,4,False,31531500,583.2960000000002,17.0
3,2,4,0,1,5,False,6306300,486.0799999999999,20.0
3,2,3,7,0,0,False,3603600,548.0800000000002,17.64705882352941
3,2,3,6,1,0,False,25225200,567.4240000000001,16.875
3,2,3,5,2,0,False,75675600,580.3199999999999,16.666666666666668
3,2,3,5,1,1,True,75675600,560.9760000000001,17.333333333333332
3,2,3,4,3,0,False,126126000,586.7679999999999,16.42857142857143
3,2,3,4,2,1,True,252252000,595.7952,16.42857142857143
3,2,3,4,1,2,True,126126000,550.6591999999999,17.142857142857142
3,2,3,3,4,0,False,126126000,586.7679999999999,16.153846153846153
3,2,3,3,3,1,True,378378000,620.2976,15.384615384615383
3,2,3,3,2,2,True,378378000,603.5328,16.153846153846153
3,2,3,3,1,3,True,126126000,536.4736,17.692307692307693
3,2,3,2,5,0,False,75675600,580.32,16.666666666666668
3,2,3,2,4,1,True,302702400,634.4832000000001,15.0
3,2,3,2,3,2,True,454053600,642.2208,15.0
3,2,3,2,2,3,True,302702400,603.5328000000001,15.833333333333334
3,2,3,2,1,4,True,75675600,518.4192,18.333333333333336
3,2,3,1,6,0,False,25225200,531.96,18.18181818181818
3,2,3,1,5,1,True,126126000,638.3520000000001,15.454545454545453
3,2,3,1,4,2,True,252252000,666.7232000000001,14.545454545454545
3,2,3,1,3,3,True,252252000,652.5376000000001,14.545454545454545
3,2,3,1,2,4,True,126126000,595.7952000000001,16.363636363636363
3,2,3,1,1,5,True,25225200,496.496,19.09090909090909
3,2,3,0,7,0,False,3603600,483.6,20.0
3,2,3,0,6,1,False,21621600,580.32,17.0
3,2,3,0,5,2,False,54054000,677.0400000000001,14.0
3,2,3,0,4,3,False,72072000,683.488,14.0
3,2,3,0,3,4,False,54054000,651.2480000000002,15.0
3,2,3,0,2,5,False,21621600,580.32,17.0
3,2,3,0,1,6,False,3603600,470.704,20.0
3,2,2,8,0,0,False,1351350,535.6800000000001,17.77777777777778
3,2,2,7,1,0,False,10810800,556.5120000000002,17.058823529411764
3,2,2,6,2,0,False,37837800,571.392,16.875
3,2,2,6,1,1,True,37837800,552.3456000000001,17.5
3,2,2,5,3,0,False,75675600,580.32,16.666666666666668
3,2,2,5,2,1,True,151351200,589.248,16.0
3,2,2,5,1,2,True,75675600,544.608,17.333333333333332
3,2,2,4,4,0,False,94594500,583.2959999999999,16.42857142857143
3,2,2,4,3,1,True,283783500,616.6271999999999,15.714285714285715
3,2,2,4,2,2,True,283783500,599.9616,15.714285714285715
3,2,2,4,1,3,True,94594500,533.2992,17.857142857142858
3,2,2,3,5,0,False,75675600,580.32,16.923076923076923
3,2,2,3,4,1,True,302702400,634.4832000000001,15.384615384615383
3,2,2,3,3,2,True,454053600,642.2208000000002,15.384615384615383
3,2,2,3,2,3,True,302702400,603.5328000000002,16.153846153846153
3,2,2,3,1,4,True,75675600,518.4192,18.46153846153846
3,2,2,2,6,0,False,37837800,535.6800000000001,18.333333333333336
3,2,2,2,5,1,True,189189000,642.816,15.0
3,2,2,2,4,2,True,378378000,671.3856000000001,14.166666666666668
3,2,2,2,3,3,True,378378000,657.1008,15.0
3,2,2,2,2,4,True,189189000,599.9616000000001,15.833333333333334
3,2,2,2,1,5,True,37837800,499.96799999999996,19.166666666666668
3,2,2,1,7,0,False,10810800,491.0400000000001,20.0
3,2,2,1,6,1,True,64864800,589.2480000000002,16.363636363636363
3,2,2,1,5,2,True,162162000,687.4560000000001,14.545454545454545
3,2,2,1,4,3,True,216216000,694.0032000000001,13.636363636363635
3,2,2,1,3,4,True,162162000,661.2672000000002,14.545454545454545
3,2,2,1,2,5,True,64864800,589.2480000000002,16.363636363636363
3,2,2,1,1,6,True,10810800,477.94560000000007,20.0
3,2,2,0,8,0,False,1351350,446.40000000000003,22.0
3,2,2,0,7,1,False,9459450,535.6800000000001,18.0
3,2,2,0,6,2,False,28378350,624.96,16.0
3,2,2,0,5,3,False,47297250,714.24,14.0
3,2,2,0,4,4,False,47297250,702.3360000000001,14.0
3,2,2,0,3,5,False,28378350,654.7200000000001,15.0
3,2,2,0,2,6,False,9459450,571.392,17.0
3,2,2,0,1,7,False,1351350,452.3520000000001,21.0
3,2,1,9,0,0,False,300300,518.32,18.42105263157895
3,2,1,8,1,0,False,2702700,540.1440000000001,17.77777777777778
3,2,1,7,2,0,False,10810800,556.5120000000001,17.058823529411764
3,2,1,7,1,1,True,10810800,537.9616000000002,17.64705882352941
3,2,1,6,3,0,False,25225200,567.4240000000001,16.875
3,2,1,6,2,1,True,50450400,576.1536,16.875
3,2,1,6,1,2,True,25225200,532.5056000000001,18.125
3,2,1,5,4,0,False,37837800,572.88,16.666666666666668
3,2,1,5,3,1,True,113513400,605.616,16.0
3,2,1,5,2,2,True,113513400,589.248,16.0
3,2,1,5,1,3,True,37837800,523.7760000000001,18.0
3,2,1,4,5,0,False,37837800,572.88,16.42857142857143
3,2,1,4,4,1,True,151351200,626.3488,15.714285714285715
3,2,1,4,3,2,True,227026800,633.9872,15.000000000000002
3,2,1,4,2,3,True,151351200,595.7952,16.42857142857143
3,2,1,4,1,4,True,37837800,511.7728000000001,18.571428571428573
3,2,1,3,6,0,False,25225200,531.96,17.692307692307693
3,2,1,3,5,1,True,126126000,638.3520000000001,15.384615384615383
3,2,1,3,4,2,True,252252000,666.7232,14.615384615384615
3,2,1,3,3,3,True,252252000,652.5376000000001,14.615384615384615
3,2,1,3,2,4,True,126126000,595.7952000000001,16.153846153846153
3,2,1,3,1,5,True,25225200,496.49600000000004,19.23076923076923
3,2,1,2,7,0,False,10810800,491.04,19.166666666666668
3,2,1,2,6,1,True,64864800,589.248,16.666666666666668
3,2,1,2,5,2,True,162162000,687.456,14.166666666666668
3,2,1,2,4,3,True,216216000,694.0032000000001,14.166666666666668
3,2,1,2,3,4,True,162162000,661.2672000000001,15.0
3,2,1,2,2,5,True,64864800,589.248,16.666666666666668
3,2,1,2,1,6,True,10810800,477.9456,20.0
3,2,1,1,8,0,False,2702700,450.12000000000006,20.909090909090907
3,2,1,1,7,1,True,18918900,540.1440000000001,18.18181818181818
3,2,1,1,6,2,True,56756700,630.168,15.454545454545453
3,2,1,1,5,3,True,94594500,720.1920000000001,13.636363636363635
3,2,1,1,4,4,True,94594500,708.1888000000001,13.636363636363635
3,2,1,1,3,5,True,56756700,660.1760000000002,14.545454545454545
3,2,1,1,2,6,True,18918900,576.1536000000001,16.363636363636363
3,2,1,1,1,7,True,2702700,456.1216000000001,20.909090909090907
3,2,1,0,9,0,False,300300,409.20000000000005,23.0
3,2,1,0,8,1,False,2402400,491.0400000000001,20.0
3,2,1,0,7,2,False,8408400,572.88,17.0
3,2,1,0,6,3,False,16816800,654.72,15.0
3,2,1,0,5,4,False,21021000,736.5600000000001,13.0
3,2,1,0,4,5,False,16816800,709.2800000000001,14.0
3,2,1,0,3,6,False,8408400,649.264,15.0
3,2,1,0,2,7,False,2402400,556.5120000000001,17.0
3,2,1,0,1,8,False,300300,431.024,22.0
3,2,0,10,0,0,False,30030,496.0,19.0
3,2,0,9,1,0,False,300300,518.32,18.42105263157895
3,2,0,8,2,0,False,1351350,535.6800000000001,17.77777777777778
3,2,0,8,1,1,False,1351350,517.8240000000001,18.333333333333332
3,2,0,7,3,0,False,3603600,548.0800000000002,17.64705882352941
3,2,0,7,2,1,False,7207200,556.5120000000002,17.058823529411764
3,2,0,7,1,2,False,3603600,514.3520000000001,18.823529411764703
3,2,0,6,4,0,False,6306300,555.5200000000001,17.5
3,2,0,6,3,1,False,18918900,587.264,16.25
3,2,0,6,2,2,False,18918900,571.392,16.875
3,2,0,6,1,3,False,6306300,507.9040000000001,18.75
3,2,0,5,5,0,False,7567560,558.0,17.333333333333332
3,2,0,5,4,1,False,30270240,610.08,16.0
3,2,0,5,3,2,False,45405360,617.5200000000001,15.333333333333334
3,2,0,5,2,3,False,30270240,580.32,16.666666666666668
3,2,0,5,1,4,False,7567560,498.4800000000001,19.333333333333332
3,2,0,4,6,0,False,6306300,520.8,18.571428571428573
3,2,0,4,5,1,False,31531500,624.96,15.714285714285715
3,2,0,4,4,2,False,63063000,652.7360000000001,15.000000000000002
3,2,0,4,3,3,False,63063000,638.848,15.000000000000002
3,2,0,4,2,4,False,31531500,583.296,16.42857142857143
3,2,0,4,1,5,False,6306300,486.08000000000004,20.0
3,2,0,3,7,0,False,3603600,483.6,20.0
3,2,0,3,6,1,False,21621600,580.32,16.923076923076923
3,2,0,3,5,2,False,54054000,677.0400000000001,14.615384615384615
3,2,0,3,4,3,False,72072000,683.4880000000002,13.846153846153845
3,2,0,3,3,4,False,54054000,651.2480000000002,14.615384615384615
3,2,0,3,2,5,False,21621600,580.32,16.923076923076923
3,2,0,3,1,6,False,3603600,470.704,20.0
3,2,0,2,8,0,False,1351350,446.4,21.666666666666668
3,2,0,2,7,1,False,9459450,535.6800000000001,18.333333333333336
3,2,0,2,6,2,False,28378350,624.96,15.833333333333334
3,2,0,2,5,3,False,47297250,714.24,13.333333333333334
3,2,0,2,4,4,False,47297250,702.3360000000001,14.166666666666668
3,2,0,2,3,5,False,28378350,654.72,15.0
3,2,0,2,2,6,False,9459450,571.3919999999999,16.666666666666668
3,2,0,2,1,7,False,1351350,452.35200000000003,20.833333333333336
3,2,0,1,9,0,False,300300,409.20000000000005,23.636363636363633
3,2,0,1,8,1,False,2402400,491.0400000000001,20.0
3,2,0,1,7,2,False,8408400,572.8800000000001,17.27272727272727
3,2,0,1,6,3,False,16816800,654.7200000000001,14.545454545454545
3,2,0,1,5,4,False,21021000,736.5600000000001,13.636363636363635
3,2,0,1,4,5,False,16816800,709.2800000000001,13.636363636363635
3,2,0,1,3,6,False,8408400,649.264,14.545454545454545
3,2,0,1,2,7,False,2402400,556.5120000000001,17.27272727272727
3,2,0,1,1,8,False,300300,431.02400000000006,21.818181818181817
3,2,0,0,10,0,False,30030,372.0,26.0
3,2,0,0,9,1,False,270270,446.40000000000003,22.0
3,2,0,0,8,2,False,1081080,520.8000000000001,19.0
3,2,0,0,7,3,False,2522520,595.2,16.0
3,2,0,0,6,4,False,3783780,669.6,15.0
3,2,0,0,5,5,False,3783780,744.0,13.0
3,2,0,0,4,6,False,2522520,704.32,14.0
3,2,0,0,3,7,False,1081080,634.8800000000001,15.0
3,2,0,0,2,8,False,270270,535.6800000000001,18.0
3,2,0,0,1,9,False,30030,406.72,24.0
3,1,11,0,0,0,False,5460,369.6,26.0
3,1,10,1,0,0,False,60060,387.20000000000005,24.545454545454543
3,1,10,0,1,0,False,60060,387.20000000000005,25.0
3,1,9,2,0,0,False,300300,401.28000000000003,24.166666666666668
3,1,9,1,1,0,False,600600,404.6240000000001,23.636363636363633
3,1,9,0,2,0,False,300300,401.28,24.0
3,1,9,0,1,1,False,300300,387.90400000000005,25.0
3,1,8,3,0,0,False,900900,411.84000000000003,23.076923076923077
3,1,8,2,1,0,False,2702700,418.176,22.5
3,1,8,1,2,0,False,2702700,418.17600000000004,22.727272727272727
3,1,8,1,1,1,True,2702700,404.2368000000001,23.636363636363633
3,1,8,0,3,0,False,900900,411.8400000000001,23.0
3,1,8,0,2,1,False,1801800,418.17600000000004,23.0
3,1,8,0,1,2,False,900900,386.49600000000004,25.0
3,1,7,4,0,0,False,1801800,418.88000000000005,22.857142857142858
3,1,7,3,1,0,False,7207200,427.85600000000017,22.307692307692307
3,1,7,2,2,0,False,10810800,430.84800000000007,22.5
3,1,7,2,1,1,True,10810800,416.4864000000001,23.333333333333336
3,1,7,1,3,0,False,7207200,427.85600000000017,22.727272727272727
3,1,7,1,2,1,True,14414400,434.4384000000002,21.818181818181817
3,1,7,1,1,2,True,7207200,401.52640000000014,23.636363636363633
3,1,7,0,4,0,False,1801800,418.88000000000005,23.0
3,1,7,0,3,1,False,5405400,442.8160000000001,22.0
3,1,7,0,2,2,False,5405400,430.84800000000007,22.0
3,1,7,0,1,3,False,1801800,382.9760000000001,25.0
3,1,6,5,0,0,False,2522520,422.40000000000003,22.666666666666668
3,1,6,4,1,0,False,12612600,433.66400000000004,22.142857142857146
3,1,6,3,2,0,False,25225200,439.29600000000005,21.538461538461537
3,1,6,3,1,1,True,25225200,424.65280000000007,22.307692307692307
3,1,6,2,3,0,False,25225200,439.29600000000005,21.666666666666668
3,1,6,2,2,1,True,50450400,446.05440000000004,21.666666666666668
3,1,6,2,1,2,True,25225200,412.2624,23.333333333333336
3,1,6,1,4,0,False,12612600,433.66400000000004,21.818181818181817
3,1,6,1,3,1,True,37837800,458.44480000000004,20.909090909090907
3,1,6,1,2,2,True,37837800,446.05440000000004,21.818181818181817
3,1,6,1,1,3,True,12612600,396.49280000000005,24.545454545454543
3,1,6,0,5,0,False,2522520,422.40000000000003,23.0
3,1,6,0,4,1,False,10090080,461.82400000000007,21.0
3,1,6,0,3,2,False,15135120,467.4560000000001,21.0
3,1,6,0,2,3,False,10090080,439.29600000000005,22.0
3,1,6,0,1,4,False,2522520,377.34400000000005,25.0
3,1,5,6,0,0,False,2522520,422.40000000000003,22.5
3,1,5,5,1,0,False,15135120,435.6,22.0
3,1,5,4,2,0,False,37837800,443.52,21.42857142857143
3,1,5,4,1,1,True,37837800,428.73600000000005,22.142857142857146
3,1,5,3,3,0,False,50450400,446.1600000000001,21.538461538461537
3,1,5,3,2,1,True,100900800,453.02400000000006,20.76923076923077
3,1,5,3,1,2,True,50450400,418.704,23.076923076923077
3,1,5,2,4,0,False,37837800,443.5199999999999,21.666666666666668
3,1,5,2,3,1,True,113513400,468.86400000000003,20.833333333333336
3,1,5,2,2,2,True,113513400,456.192,20.833333333333336
3,1,5,2,1,3,True,37837800,405.5040000000001,23.333333333333336
3,1,5,1,5,0,False,15135120,435.6,21.818181818181817
3,1,5,1,4,1,True,60540480,476.2560000000001,20.0
3,1,5,1,3,2,True,90810720,482.06400000000014,20.0
3,1,5,1,2,3,True,60540480,453.0240000000001,20.909090909090907
3,1,5,1,1,4,True,15135120,389.1360000000001,24.545454545454543
3,1,5,0,6,0,False,2522520,396.0,24.0
3,1,5,0,5,1,False,12612600,475.20000000000005,20.0
3,1,5,0,4,2,False,25225200,496.3200000000001,19.0
3,1,5,0,3,3,False,25225200,485.76000000000005,20.0
3,1,5,0,2,4,False,12612600,443.5200000000001,22.0
3,1,5,0,1,5,False,2522520,369.59999999999997,26.0
3,1,4,7,0,0,False,1801800,418.88000000000005,22.941176470588232
3,1,4,6,1,0,False,12612600,433.66400000000004,21.875
3,1,4,5,2,0,False,37837800,443.52,21.333333333333332
3,1,4,5,1,1,True,37837800,428.736,22.0
3,1,4,4,3,0,False,63063000,448.44800000000004,21.42857142857143
3,1,4,4,2,1,True,126126000,455.34720000000004,20.714285714285715
3,1,4,4,1,2,True,63063000,420.8512,22.857142857142858
3,1,4,3,4,0,False,63063000,448.44800000000004,21.538461538461537
3,1,4,3,3,1,True,189189000,474.07360000000006,20.0
3,1,4,3,2,2,True,189189000,461.2608000000001,20.76923076923077
3,1,4,3,1,3,True,63063000,410.0096000000001,23.076923076923077
3,1,4,2,5,0,False,37837800,443.52000000000004,21.666666666666668
3,1,4,2,4,1,True,151351200,484.9152,20.0
3,1,4,2,3,2,True,227026800,490.82880000000006,19.166666666666668
3,1,4,2,2,3,True,151351200,461.2608,20.833333333333336
3,1,4,2,1,4,True,37837800,396.2112,24.166666666666668
3,1,4,1,6,0,False,12612600,406.56000000000006,23.636363636363633
3,1,4,1,5,1,True,63063000,487.872,20.0
3,1,4,1,4,2,True,126126000,509.5552000000001,19.09090909090909
3,1,4,1,3,3,True,126126000,498.7136000000001,19.09090909090909
3,1,4,1,2,4,True,63063000,455.3472000000001,20.909090909090907
3,1,4,1,1,5,True,12612600,379.4560000000001,25.454545454545453
3,1,4,0,7,0,False,1801800,369.6,26.0
3,1,4,0,6,1,False,10810800,443.52,22.0
3,1,4,0,5,2,False,27027000,517.44,19.0
3,1,4,0,4,3,False,36036000,522.368,18.0
3,1,4,0,3,4,False,27027000,497.7280000000002,19.0
3,1,4,0,2,5,False,10810800,443.52,22.0
3,1,4,0,1,6,False,1801800,359.744,27.0
3,1,3,8,0,0,False,900900,411.84000000000003,23.333333333333332
3,1,3,7,1,0,False,7207200,427.8560000000001,22.352941176470587
3,1,3,6,2,0,False,25225200,439.29600000000005,21.875
3,1,3,6,1,1,True,25225200,424.6528000000001,22.5
3,1,3,5,3,0,False,50450400,446.15999999999997,21.333333333333332
3,1,3,5,2,1,True,100900800,453.024,21.333333333333332
3,1,3,5,1,2,True,50450400,418.70400000000006,22.666666666666668
3,1,3,4,4,0,False,63063000,448.448,21.42857142857143
3,1,3,4,3,1,True,189189000,474.0736,20.0
3,1,3,4,2,2,True,189189000,461.26079999999996,20.714285714285715
3,1,3,4,1,3,True,63063000,410.0095999999999,23.571428571428573
3,1,3,3,5,0,False,50450400,446.1600000000001,21.538461538461537
3,1,3,3,4,1,True,201801600,487.80160000000006,20.0
3,1,3,3,3,2,True,302702400,493.75040000000007,19.23076923076923
3,1,3,3,2,3,True,201801600,464.0064000000001,20.76923076923077
3,1,3,3,1,4,True,50450400,398.5696000000001,23.846153846153847
3,1,3,2,6,0,False,25225200,411.84000000000003,23.333333333333336
3,1,3,2,5,1,True,126126000,494.2080000000001,19.166666666666668
3,1,3,2,4,2,True,252252000,516.1728,18.333333333333336
3,1,3,2,3,3,True,252252000,505.1904,19.166666666666668
3,1,3,2,2,4,True,126126000,461.2608,20.833333333333336
3,1,3,2,1,5,True,25225200,384.38399999999996,25.0
3,1,3,1,7,0,False,7207200,377.5200000000001,25.454545454545453
3,1,3,1,6,1,True,43243200,453.0240000000001,20.909090909090907
3,1,3,1,5,2,True,108108000,528.528,18.18181818181818
3,1,3,1,4,3,True,144144000,533.5616000000001,18.18181818181818
3,1,3,1,3,4,True,108108000,508.3936000000002,19.09090909090909
3,1,3,1,2,5,True,43243200,453.0240000000001,20.909090909090907
3,1,3,1,1,6,True,7207200,367.4528,26.36363636363636
3,1,3,0,8,0,False,900900,343.20000000000005,28.0
3,1,3,0,7,1,False,6306300,411.8400000000001,23.0
3,1,3,0,6,2,False,18918900,480.48,20.0
3,1,3,0,5,3,False,31531500,549.12,18.0
3,1,3,0,4,4,False,31531500,539.9680000000001,18.0
3,1,3,0,3,5,False,18918900,503.36000000000007,19.0
3,1,3,0,2,6,False,6306300,439.29600000000005,22.0
3,1,3,0,1,7,False,900900,347.77600000000007,28.0
3,1,2,9,0,0,False,300300,401.28000000000003,23.68421052631579
3,1,2,8,1,0,False,2702700,418.1760000000001,22.77777777777778
3,1,2,7,2,0,False,10810800,430.84800000000007,22.352941176470587
3,1,2,7,1,1,True,10810800,416.48640000000006,22.941176470588232
3,1,2,6,3,0,False,25225200,439.29600000000005,21.875
3,1,2,6,2,1,True,50450400,446.0544000000001,21.25
3,1,2,6,1,2,True,25225200,412.2624,23.125
3,1,2,5,4,0,False,37837800,443.52,21.333333333333332
3,1,2,5,3,1,True,113513400,468.86400000000003,20.666666666666668
3,1,2,5,2,2,True,113513400,456.192,20.666666666666668
3,1,2,5,1,3,True,37837800,405.504,23.333333333333332
3,1,2,4,5,0,False,37837800,443.52,21.42857142857143
3,1,2,4,4,1,True,151351200,484.9152,20.0
3,1,2,4,3,2,True,227026800,490.8288,19.28571428571429
3,1,2,4,2,3,True,151351200,461.2608,20.714285714285715
3,1,2,4,1,4,True,37837800,396.2112,24.28571428571429
3,1,2,3,6,0,False,25225200,411.84000000000003,23.076923076923077
3,1,2,3,5,1,True,126126000,494.208,19.23076923076923
3,1,2,3,4,2,True,252252000,516.1728,18.46153846153846
3,1,2,3,3,3,True,252252000,505.1904000000001,19.23076923076923
3,1,2,3,2,4,True,126126000,461.2608000000001,20.76923076923077
3,1,2,3,1,5,True,25225200,384.384,24.615384615384613
3,1,2,2,7,0,False,10810800,380.16,25.0
3,1,2,2,6,1,True,64864800,456.192,20.833333333333336
3,1,2,2,5,2,True,162162000,532.2239999999999,18.333333333333336
3,1,2,2,4,3,True,216216000,537.2928,17.5
3,1,2,2,3,4,True,162162000,511.94880000000006,19.166666666666668
3,1,2,2,2,5,True,64864800,456.192,20.833333333333336
3,1,2,2,1,6,True,10810800,370.0224,25.833333333333336
3,1,2,1,8,0,False,2702700,348.48,27.27272727272727
3,1,2,1,7,1,True,18918900,418.17600000000004,22.727272727272727
3,1,2,1,6,2,True,56756700,487.872,20.0
3,1,2,1,5,3,True,94594500,557.5680000000001,17.27272727272727
3,1,2,1,4,4,True,94594500,548.2752000000002,17.27272727272727
3,1,2,1,3,5,True,56756700,511.10400000000016,19.09090909090909
3,1,2,1,2,6,True,18918900,446.05440000000004,21.818181818181817
3,1,2,1,1,7,True,2702700,353.1264000000001,27.27272727272727
3,1,2,0,9,0,False,300300,316.8,30.0
3,1,2,0,8,1,False,2402400,380.16,25.0
3,1,2,0,7,2,False,8408400,443.52,22.0
3,1,2,0,6,3,False,16816800,506.88000000000005,19.0
3,1,2,0,5,4,False,21021000,570.2400000000001,17.0
3,1,2,0,4,5,False,16816800,549.12,18.0
3,1,2,0,3,6,False,8408400,502.65599999999995,19.0
3,1,2,0,2,7,False,2402400,430.84800000000007,22.0
3,1,2,0,1,8,False,300300,333.696,29.0
3,1,1,10,0,0,False,60060,387.20000000000005,24.5
3,1,1,9,1,0,False,600600,404.624,23.68421052631579
3,1,1,8,2,0,False,2702700,418.1760000000001,22.77777777777778
3,1,1,8,1,1,True,2702700,404.23680000000013,23.333333333333332
3,1,1,7,3,0,False,7207200,427.8560000000001,22.352941176470587
3,1,1,7,2,1,True,14414400,434.4384000000001,21.76470588235294
3,1,1,7,1,2,True,7207200,401.5264000000001,23.52941176470588
3,1,1,6,4,0,False,12612600,433.66400000000004,21.875
3,1,1,6,3,1,True,37837800,458.44480000000004,20.625
3,1,1,6,2,2,True,37837800,446.0544000000001,21.25
3,1,1,6,1,3,True,12612600,396.4928000000001,23.75
3,1,1,5,5,0,False,15135120,435.6,22.0
3,1,1,5,4,1,True,60540480,476.2560000000001,20.0
3,1,1,5,3,2,True,90810720,482.06400000000014,20.0
3,1,1,5,2,3,True,60540480,453.024,21.333333333333332
3,1,1,5,1,4,True,15135120,389.1360000000001,24.666666666666668
3,1,1,4,6,0,False,12612600,406.56,23.571428571428573
3,1,1,4,5,1,True,63063000,487.87200000000007,19.28571428571429
3,1,1,4,4,2,True,126126000,509.55520000000007,18.571428571428573
3,1,1,4,3,3,True,126126000,498.7136000000001,19.28571428571429
3,1,1,4,2,4,True,63063000,455.34720000000004,20.714285714285715
3,1,1,4,1,5,True,12612600,379.456,25.0
3,1,1,3,7,0,False,7207200,377.52000000000004,25.384615384615383
3,1,1,3,6,1,True,43243200,453.0240000000001,20.76923076923077
3,1,1,3,5,2,True,108108000,528.5280000000001,18.46153846153846
3,1,1,3,4,3,True,144144000,533.5616000000001,17.692307692307693
3,1,1,3,3,4,True,108108000,508.39360000000016,19.23076923076923
3,1,1,3,2,5,True,43243200,453.0240000000001,20.76923076923077
3,1,1,3,1,6,True,7207200,367.4528000000001,26.153846153846153
3,1,1,2,8,0,False,2702700,348.48,27.5
3,1,1,2,7,1,True,18918900,418.1760000000001,22.5
3,1,1,2,6,2,True,56756700,487.8720000000001,20.0
3,1,1,2,5,3,True,94594500,557.5680000000001,17.5
3,1,1,2,4,4,True,94594500,548.2752000000002,17.5
3,1,1,2,3,5,True,56756700,511.10400000000004,19.166666666666668
3,1,1,2,2,6,True,18918900,446.05440000000004,21.666666666666668
3,1,1,2,1,7,True,2702700,353.12640000000005,26.666666666666668
3,1,1,1,9,0,False,600600,319.44000000000005,29.999999999999996
3,1,1,1,8,1,True,4804800,383.3280000000001,24.545454545454543
3,1,1,1,7,2,True,16816800,447.2160000000002,21.818181818181817
3,1,1,1,6,3,True,33633600,511.10400000000016,19.09090909090909
3,1,1,1,5,4,True,42042000,574.9920000000002,16.363636363636363
3,1,1,1,4,5,True,33633600,553.6960000000001,17.27272727272727
3,1,1,1,3,6,True,16816800,506.8448000000001,19.09090909090909
3,1,1,1,2,7,True,4804800,434.4384000000001,21.818181818181817
3,1,1,1,1,8,True,600600,336.47680000000014,28.18181818181818
3,1,1,0,10,0,False,60060,290.40000000000003,33.0
3,1,1,0,9,1,False,540540,348.4800000000001,27.0
3,1,1,0,8,2,False,2162160,406.5600000000001,24.0
3,1,1,0,7,3,False,5045040,464.6400000000001,21.0
3,1,1,0,6,4,False,7567560,522.7200000000001,18.0
3,1,1,0,5,5,False,7567560,580.8000000000001,17.0
3,1,1,0,4,6,False,5045040,549.8240000000001,18.0
3,1,1,0,3,7,False,2162160,495.6160000000002,19.0
3,1,1,0,2,8,False,540540,418.17600000000016,23.0
3,1,1,0,1,9,False,60060,317.504,30.0
3,1,0,11,0,0,False,5460,369.6,25.71428571428571
3,1,0,10,1,0,False,60060,387.20000000000005,24.5
3,1,0,9,2,0,False,300300,401.28000000000003,23.68421052631579
3,1,0,9,1,1,False,300300,387.9040000000001,24.736842105263158
3,1,0,8,3,0,False,900900,411.84000000000003,23.333333333333332
3,1,0,8,2,1,False,1801800,418.1760000000001,22.77777777777778
3,1,0,8,1,2,False,900900,386.496,24.444444444444443
3,1,0,7,4,0,False,1801800,418.88000000000005,22.941176470588232
3,1,0,7,3,1,False,5405400,442.8160000000001,21.76470588235294
3,1,0,7,2,2,False,5405400,430.84800000000007,22.352941176470587
3,1,0,7,1,3,False,1801800,382.9760000000001,24.705882352941174
3,1,0,6,5,0,False,2522520,422.40000000000003,22.5
3,1,0,6,4,1,False,10090080,461.82400000000007,20.625
3,1,0,6,3,2,False,15135120,467.4560000000001,20.625
3,1,0,6,2,3,False,10090080,439.29600000000005,21.875
3,1,0,6,1,4,False,2522520,377.34400000000005,25.0
3,1,0,5,6,0,False,2522520,396.0,24.0
3,1,0,5,5,1,False,12612600,475.20000000000005,20.0
3,1,0,5,4,2,False,25225200,496.32000000000005,19.333333333333332
3,1,0,5,3,3,False,25225200,485.76000000000005,20.0
3,1,0,5,2,4,False,12612600,443.52,21.333333333333332
3,1,0,5,1,5,False,2522520,369.6,26.0
3,1,0,4,7,0,False,1801800,369.59999999999997,25.714285714285715
3,1,0,4,6,1,False,10810800,443.52,21.42857142857143
3,1,0,4,5,2,False,27027000,517.44,18.571428571428573
3,1,0,4,4,3,False,36036000,522.368,18.571428571428573
3,1,0,4,3,4,False,27027000,497.7280000000001,19.28571428571429
3,1,0,4,2,5,False,10810800,443.52,21.42857142857143
3,1,0,4,1,6,False,1801800,359.74399999999997,26.42857142857143
3,1,0,3,8,0,False,900900,343.2,27.69230769230769
3,1,0,3,7,1,False,6306300,411.84000000000003,23.076923076923077
3,1,0,3,6,2,False,18918900,480.48,20.0
3,1,0,3,5,3,False,31531500,549.1200000000001,17.692307692307693
3,1,0,3,4,4,False,31531500,539.9680000000001,17.692307692307693
3,1,0,3,3,5,False,18918900,503.36000000000007,19.23076923076923
3,1,0,3,2,6,False,6306300,439.29600000000005,21.538461538461537
3,1,0,3,1,7,False,900900,347.776,27.69230769230769
3,1,0,2,9,0,False,300300,316.8,30.0
3,1,0,2,8,1,False,2402400,380.16,25.0
3,1,0,2,7,2,False,8408400,443.52000000000004,21.666666666666668
3,1,0,2,6,3,False,16816800,506.88,19.166666666666668
3,1,0,2,5,4,False,21021000,570.24,16.666666666666668
3,1,0,2,4,5,False,16816800,549.12,17.5
3,1,0,2,3,6,False,8408400,502.65600000000006,19.166666666666668
3,1,0,2,2,7,False,2402400,430.848,22.5
3,1,0,2,1,8,False,300300,333.696,28.333333333333336
3,1,0,1,10,0,False,60060,290.40000000000003,32.72727272727273
3,1,0,1,9,1,False,540540,348.48,27.27272727272727
3,1,0,1,8,2,False,2162160,406.56000000000006,23.636363636363633
3,1,0,1,7,3,False,5045040,464.6400000000001,20.909090909090907
3,1,0,1,6,4,False,7567560,522.7200000000001,18.18181818181818
3,1,0,1,5,5,False,7567560,580.8000000000001,16.363636363636363
3,1,0,1,4,6,False,5045040,549.8240000000001,17.27272727272727
3,1,0,1,3,7,False,2162160,495.6160000000002,19.09090909090909
3,1,0,1,2,8,False,540540,418.1760000000001,22.727272727272727
3,1,0,1,1,9,False,60060,317.504,29.999999999999996
3,1,0,0,11,0,False,5460,264.0,36.0
3,1,0,0,10,1,False,54600,316.8,30.0
3,1,0,0,9,2,False,245700,369.6,26.0
3,1,0,0,8,3,False,655200,422.40000000000003,23.0
3,1,0,0,7,4,False,1146600,475.20000000000005,20.0
3,1,0,0,6,5,False,1375920,528.0,18.0
3,1,0,0,5,6,False,1146600,580.8000000000001,17.0
3,1,0,0,4,7,False,655200,542.08,18.0
3,1,0,0,3,8,False,245700,482.24000000000007,20.0
3,1,0,0,2,9,False,54600,401.28,24.0
3,1,0,0,1,10,False,5460,299.20000000000005,32.0
3,0,12,0,0,0,False,455,228.8,42.0
3,0,11,1,0,0,False,5460,240.24000000000004,40.0
3,0,11,0,1,0,False,5460,240.24,40.0
3,0,10,2,0,0,False,30030,249.6,38.333333333333336
3,0,10,1,1,0,False,60060,251.68000000000004,38.18181818181818
3,0,10,0,2,0,False,30030,249.60000000000002,38.0
3,0,10,0,1,1,False,30030,241.28000000000003,39.0
3,0,9,3,0,0,False,100100,256.88000000000005,36.92307692307692
3,0,9,2,1,0,False,300300,260.83200000000005,36.66666666666667
3,0,9,1,2,0,False,300300,260.83200000000005,36.36363636363636
3,0,9,1,1,1,False,300300,252.13760000000005,38.18181818181818
3,0,9,0,3,0,False,100100,256.88000000000005,37.0
3,0,9,0,2,1,False,200200,260.83200000000005,37.0
3,0,9,0,1,2,False,100100,241.072,39.0
3,0,8,4,0,0,False,225225,262.08,36.42857142857143
3,0,8,3,1,0,False,900900,267.6960000000001,35.38461538461539
3,0,8,2,2,0,False,1351350,269.568,35.0
3,0,8,2,1,1,False,1351350,260.58240000000006,36.66666666666667
3,0,8,1,3,0,False,900900,267.696,35.45454545454545
3,0,8,1,2,1,False,1801800,271.81440000000003,35.45454545454545
3,0,8,1,1,2,False,900900,251.22240000000005,38.18181818181818
3,0,8,0,4,0,False,225225,262.08,36.0
3,0,8,0,3,1,False,675675,277.056,34.0
3,0,8,0,2,2,False,675675,269.568,35.0
3,0,8,0,1,3,False,225225,239.61599999999999,40.0
3,0,7,5,0,0,False,360360,265.20000000000005,36.0
3,0,7,4,1,0,False,1801800,272.27200000000005,35.0
3,0,7,3,2,0,False,3603600,275.8080000000001,34.61538461538461
3,0,7,3,1,1,False,3603600,266.6144000000001,35.38461538461539
3,0,7,2,3,0,False,3603600,275.80800000000005,34.16666666666667
3,0,7,2,2,1,False,7207200,280.05120000000005,34.16666666666667
3,0,7,2,1,2,False,3603600,258.83520000000004,36.66666666666667
3,0,7,1,4,0,False,1801800,272.27200000000005,34.54545454545454
3,0,7,1,3,1,False,5405400,287.83040000000005,32.72727272727273
3,0,7,1,2,2,False,5405400,280.05120000000005,33.63636363636363
3,0,7,1,1,3,False,1801800,248.9344000000001,38.18181818181818
3,0,7,0,5,0,False,360360,265.20000000000005,36.0
3,0,7,0,4,1,False,1441440,289.95200000000006,33.0
3,0,7,0,3,2,False,2162160,293.48800000000006,33.0
3,0,7,0,2,3,False,1441440,275.80800000000005,35.0
3,0,7,0,1,4,False,360360,236.91200000000003,40.0
3,0,6,6,0,0,False,420420,266.24,35.625
3,0,6,5,1,0,False,2522520,274.56000000000006,34.666666666666664
3,0,6,4,2,0,False,6306300,279.55199999999996,34.285714285714285
3,0,6,4,1,1,False,6306300,270.2336,35.0
3,0,6,3,3,0,False,8408400,281.21600000000007,33.84615384615385
3,0,6,3,2,1,False,16816800,285.54240000000004,33.07692307692307
3,0,6,3,1,2,False,8408400,263.91040000000004,36.15384615384615
3,0,6,2,4,0,False,6306300,279.552,34.16666666666667
3,0,6,2,3,1,False,18918900,295.52639999999997,32.5
3,0,6,2,2,2,False,18918900,287.5392,33.333333333333336
3,0,6,2,1,3,False,6306300,255.59040000000002,37.5
3,0,6,1,5,0,False,2522520,274.56000000000006,34.54545454545454
3,0,6,1,4,1,False,10090080,300.1856,31.818181818181817
3,0,6,1,3,2,False,15135120,303.8464000000001,31.818181818181817
3,0,6,1,2,3,False,10090080,285.54240000000004,33.63636363636363
3,0,6,1,1,4,False,2522520,245.27360000000004,39.090909090909086
3,0,6,0,6,0,False,420420,249.60000000000002,38.0
3,0,6,0,5,1,False,2102100,299.52000000000004,32.0
3,0,6,0,4,2,False,4204200,312.83200000000005,31.0
3,0,6,0,3,3,False,4204200,306.17600000000004,31.0
3,0,6,0,2,4,False,2102100,279.5520000000001,34.0
3,0,6,0,1,5,False,420420,232.96,41.0
3,0,5,7,0,0,False,360360,265.20000000000005,35.882352941176464
3,0,5,6,1,0,False,2522520,274.56000000000006,34.375
3,0,5,5,2,0,False,7567560,280.8,34.0
3,0,5,5,1,1,False,7567560,271.44000000000005,34.666666666666664
3,0,5,4,3,0,False,12612600,283.92,33.57142857142858
3,0,5,4,2,1,False,25225200,288.28800000000007,32.85714285714286
3,0,5,4,1,2,False,12612600,266.44800000000004,35.714285714285715
3,0,5,3,4,0,False,12612600,283.92,33.84615384615385
3,0,5,3,3,1,False,37837800,300.14400000000006,31.538461538461537
3,0,5,3,2,2,False,37837800,292.03200000000004,32.30769230769231
3,0,5,3,1,3,False,12612600,259.584,36.92307692307692
3,0,5,2,5,0,False,7567560,280.8,34.16666666666667
3,0,5,2,4,1,False,30270240,307.00800000000004,30.833333333333336
3,0,5,2,3,2,False,45405360,310.752,30.833333333333336
3,0,5,2,2,3,False,30270240,292.032,32.5
3,0,5,2,1,4,False,7567560,250.848,37.5
3,0,5,1,6,0,False,2522520,257.40000000000003,37.272727272727266
3,0,5,1,5,1,False,12612600,308.88000000000005,30.909090909090907
3,0,5,1,4,2,False,25225200,322.60800000000006,29.999999999999996
3,0,5,1,3,3,False,25225200,315.744,29.999999999999996
3,0,5,1,2,4,False,12612600,288.28800000000007,32.72727272727273
3,0,5,1,1,5,False,2522520,240.24000000000004,40.0
3,0,5,0,7,0,False,360360,234.0,41.0
3,0,5,0,6,1,False,2162160,280.8,34.0
3,0,5,0,5,2,False,5405400,327.6,29.0
3,0,5,0,4,3,False,7207200,330.72,29.0
3,0,5,0,3,4,False,5405400,315.1200000000001,30.0
3,0,5,0,2,5,False,2162160,280.8,34.0
3,0,5,0,1,6,False,360360,227.76,42.0
3,0,4,8,0,0,False,225225,262.08,36.11111111111111
3,0,4,7,1,0,False,1801800,272.27200000000005,34.705882352941174
3,0,4,6,2,0,False,6306300,279.5520000000001,33.75
3,0,4,6,1,1,False,6306300,270.2336000000001,35.0
3,0,4,5,3,0,False,12612600,283.92,33.333333333333336
3,0,4,5,2,1,False,25225200,288.288,32.666666666666664
3,0,4,5,1,2,False,12612600,266.448,35.333333333333336
3,0,4,4,4,0,False,15765750,285.376,33.57142857142858
3,0,4,4,3,1,False,47297250,301.6832,31.42857142857143
3,0,4,4,2,2,False,47297250,293.52959999999996,32.142857142857146
3,0,4,4,1,3,False,15765750,260.9152,36.42857142857143
3,0,4,3,5,0,False,12612600,283.92,33.84615384615385
3,0,4,3,4,1,False,50450400,310.41920000000005,30.769230769230766
3,0,4,3,3,2,False,75675600,314.20480000000003,30.0
3,0,4,3,2,3,False,50450400,295.27680000000004,32.30769230769231
3,0,4,3,1,4,False,12612600,253.63520000000005,37.69230769230769
3,0,4,2,6,0,False,6306300,262.08,36.66666666666667
3,0,4,2,5,1,False,31531500,314.49600000000004,30.0
3,0,4,2,4,2,False,63063000,328.4736,29.166666666666668
3,0,4,2,3,3,False,63063000,321.4848,30.0
3,0,4,2,2,4,False,31531500,293.5296000000001,32.5
3,0,4,2,1,5,False,6306300,244.608,39.16666666666667
3,0,4,1,7,0,False,1801800,240.24000000000004,40.0
3,0,4,1,6,1,False,10810800,288.28800000000007,32.72727272727273
3,0,4,1,5,2,False,27027000,336.336,28.18181818181818
3,0,4,1,4,3,False,36036000,339.53920000000005,28.18181818181818
3,0,4,1,3,4,False,27027000,323.5232000000001,29.09090909090909
3,0,4,1,2,5,False,10810800,288.28800000000007,32.72727272727273
3,0,4,1,1,6,False,1801800,233.83360000000002,40.90909090909091
3,0,4,0,8,0,False,225225,218.4,44.0
3,0,4,0,7,1,False,1576575,262.08000000000004,36.0
3,0,4,0,6,2,False,4729725,305.76,31.0
3,0,4,0,5,3,False,7882875,349.44000000000005,27.0
3,0,4,0,4,4,False,7882875,343.61600000000004,28.0
3,0,4,0,3,5,False,4729725,320.32000000000005,30.0
3,0,4,0,2,6,False,1576575,279.552,34.0
3,0,4,0,1,7,False,225225,221.312,43.0
3,0,3,9,0,0,False,100100,256.88,36.8421052631579
3,0,3,8,1,0,False,900900,267.696,35.55555555555556
3,0,3,7,2,0,False,3603600,275.80800000000005,34.11764705882353
3,0,3,7,1,1,False,3603600,266.61440000000005,35.29411764705882
3,0,3,6,3,0,False,8408400,281.21600000000007,33.75
3,0,3,6,2,1,False,16816800,285.54240000000004,33.125
3,0,3,6,1,2,False,8408400,263.91040000000004,35.625
3,0,3,5,4,0,False,12612600,283.92,33.333333333333336
3,0,3,5,3,1,False,37837800,300.144,31.333333333333332
3,0,3,5,2,2,False,37837800,292.032,32.666666666666664
3,0,3,5,1,3,False,12612600,259.584,36.666666666666664
3,0,3,4,5,0,False,12612600,283.92,33.57142857142858
3,0,3,4,4,1,False,50450400,310.41920000000005,30.714285714285715
3,0,3,4,3,2,False,75675600,314.2048,30.000000000000004
3,0,3,4,2,3,False,50450400,295.2768,32.142857142857146
3,0,3,4,1,4,False,12612600,253.6352,37.142857142857146
3,0,3,3,6,0,False,8408400,263.64000000000004,36.15384615384615
3,0,3,3,5,1,False,42042000,316.36800000000005,30.0
3,0,3,3,4,2,False,84084000,330.4288000000001,28.46153846153846
3,0,3,3,3,3,False,84084000,323.39840000000004,29.23076923076923
3,0,3,3,2,4,False,42042000,295.27680000000004,32.30769230769231
3,0,3,3,1,5,False,8408400,246.06400000000002,38.46153846153846
3,0,3,2,7,0,False,3603600,243.36,39.16666666666667
3,0,3,2,6,1,False,21621600,292.032,32.5
3,0,3,2,5,2,False,54054000,340.704,28.333333333333336
3,0,3,2,4,3,False,72072000,343.9488,27.5
3,0,3,2,3,4,False,54054000,327.7248,29.166666666666668
3,0,3,2,2,5,False,21621600,292.032,32.5
3,0,3,2,1,6,False,3603600,236.8704,40.0
3,0,3,1,8,0,False,900900,223.08000000000004,42.72727272727273
3,0,3,1,7,1,False,6306300,267.696,35.45454545454545
3,0,3,1,6,2,False,18918900,312.31200000000007,30.909090909090907
3,0,3,1,5,3,False,31531500,356.92800000000005,26.36363636363636
3,0,3,1,4,4,False,31531500,350.9792000000001,27.27272727272727
3,0,3,1,3,5,False,18918900,327.184,29.09090909090909
3,0,3,1,2,6,False,6306300,285.54240000000004,33.63636363636363
3,0,3,1,1,7,False,900900,226.05440000000004,41.81818181818181
3,0,3,0,9,0,False,100100,202.8,47.0
3,0,3,0,8,1,False,800800,243.36,39.0
3,0,3,0,7,2,False,2802800,283.92,34.0
3,0,3,0,6,3,False,5605600,324.48,29.0
3,0,3,0,5,4,False,7007000,365.04,26.0
3,0,3,0,4,5,False,5605600,351.52000000000004,27.0
3,0,3,0,3,6,False,2802800,321.776,30.0
3,0,3,0,2,7,False,800800,275.808,35.0
3,0,3,0,1,8,False,100100,213.61600000000004,45.0
3,0,2,10,0,0,False,30030,249.60000000000002,38.0
3,0,2,9,1,0,False,300300,260.83200000000005,36.31578947368421
3,0,2,8,2,0,False,1351350,269.568,35.0
3,0,2,8,1,1,False,1351350,260.58240000000006,36.11111111111111
3,0,2,7,3,0,False,3603600,275.80800000000005,34.11764705882353
3,0,2,7,2,1,False,7207200,280.05120000000005,34.11764705882353
3,0,2,7,1,2,False,3603600,258.83520000000004,36.470588235294116
3,0,2,6,4,0,False,6306300,279.552,33.75
3,0,2,6,3,1,False,18918900,295.5264,31.875
3,0,2,6,2,2,False,18918900,287.5392,33.125
3,0,2,6,1,3,False,6306300,255.59040000000005,36.875
3,0,2,5,5,0,False,7567560,280.8,34.0
3,0,2,5,4,1,False,30270240,307.00800000000004,30.666666666666668
3,0,2,5,3,2,False,45405360,310.75200000000007,30.666666666666668
3,0,2,5,2,3,False,30270240,292.03200000000004,32.666666666666664
3,0,2,5,1,4,False,7567560,250.84800000000004,38.0
3,0,2,4,6,0,False,6306300,262.08,36.42857142857143
3,0,2,4,5,1,False,31531500,314.496,30.000000000000004
3,0,2,4,4,2,False,63063000,328.47360000000003,29.28571428571429
3,0,2,4,3,3,False,63063000,321.4848,29.28571428571429
3,0,2,4,2,4,False,31531500,293.5296,32.142857142857146
3,0,2,4,1,5,False,6306300,244.60799999999998,38.57142857142858
3,0,2,3,7,0,False,3603600,243.36000000000004,39.230769230769226
3,0,2,3,6,1,False,21621600,292.03200000000004,32.30769230769231
3,0,2,3,5,2,False,54054000,340.70400000000006,27.69230769230769
3,0,2,3,4,3,False,72072000,343.94880000000006,27.69230769230769
3,0,2,3,3,4,False,54054000,327.7248000000001,29.23076923076923
3,0,2,3,2,5,False,21621600,292.03200000000004,32.30769230769231
3,0,2,3,1,6,False,3603600,236.87040000000002,40.0
3,0,2,2,8,0,False,1351350,224.64000000000001,42.5
3,0,2,2,7,1,False,9459450,269.568,35.0
3,0,2,2,6,2,False,28378350,314.49600000000004,30.0
3,0,2,2,5,3,False,47297250,359.424,26.666666666666668
3,0,2,2,4,4,False,47297250,353.4336,26.666666666666668
3,0,2,2,3,5,False,28378350,329.47200000000004,29.166666666666668
3,0,2,2,2,6,False,9459450,287.5392,33.333333333333336
3,0,2,2,1,7,False,1351350,227.63520000000003,41.66666666666667
3,0,2,1,9,0,False,300300,205.92000000000004,46.36363636363636
3,0,2,1,8,1,False,2402400,247.10400000000004,38.18181818181818
3,0,2,1,7,2,False,8408400,288.28800000000007,32.72727272727273
3,0,2,1,6,3,False,16816800,329.472,29.09090909090909
3,0,2,1,5,4,False,21021000,370.65600000000006,25.454545454545453
3,0,2,1,4,5,False,16816800,356.92800000000005,26.36363636363636
3,0,2,1,3,6,False,8408400,326.7264,29.09090909090909
3,0,2,1,2,7,False,2402400,280.05120000000005,33.63636363636363
3,0,2,1,1,8,False,300300,216.90240000000006,43.63636363636363
3,0,2,0,10,0,False,30030,187.20000000000002,51.0
3,0,2,0,9,1,False,270270,224.64000000000001,42.0
3,0,2,0,8,2,False,1081080,262.08000000000004,36.0
3,0,2,0,7,3,False,2522520,299.52,32.0
3,0,2,0,6,4,False,3783780,336.96000000000004,28.0
3,0,2,0,5,5,False,3783780,374.40000000000003,26.0
3,0,2,0,4,6,False,2522520,354.432,27.0
3,0,2,0,3,7,False,1081080,319.48800000000006,30.0
3,0,2,0,2,8,False,270270,269.56800000000004,35.0
3,0,2,0,1,9,False,30030,204.672,46.0
3,0,1,11,0,0,False,5460,240.24,39.523809523809526
3,0,1,10,1,0,False,60060,251.68000000000004,37.5
3,0,1,9,2,0,False,300300,260.832,36.31578947368421
3,0,1,9,1,1,False,300300,252.13760000000005,37.36842105263158
3,0,1,8,3,0,False,900900,267.696,35.55555555555556
3,0,1,8,2,1,False,1801800,271.81440000000003,35.0
3,0,1,8,1,2,False,900900,251.22240000000002,37.77777777777778
3,0,1,7,4,0,False,1801800,272.27200000000005,34.705882352941174
3,0,1,7,3,1,False,5405400,287.83040000000005,32.94117647058823
3,0,1,7,2,2,False,5405400,280.0512,34.11764705882353
3,0,1,7,1,3,False,1801800,248.9344,38.23529411764706
3,0,1,6,5,0,False,2522520,274.56000000000006,34.375
3,0,1,6,4,1,False,10090080,300.1856,31.875
3,0,1,6,3,2,False,15135120,303.8464000000001,31.25
3,0,1,6,2,3,False,10090080,285.54240000000004,33.125
3,0,1,6,1,4,False,2522520,245.27360000000004,38.75
3,0,1,5,6,0,False,2522520,257.40000000000003,36.666666666666664
3,0,1,5,5,1,False,12612600,308.88000000000005,30.666666666666668
3,0,1,5,4,2,False,25225200,322.60800000000006,29.333333333333332
3,0,1,5,3,3,False,25225200,315.744,30.0
3,0,1,5,2,4,False,12612600,288.288,32.666666666666664
3,0,1,5,1,5,False,2522520,240.24,39.333333333333336
3,0,1,4,7,0,False,1801800,240.24,39.285714285714285
3,0,1,4,6,1,False,10810800,288.28800000000007,32.85714285714286
3,0,1,4,5,2,False,27027000,336.336,28.571428571428573
3,0,1,4,4,3,False,36036000,339.5392,27.857142857142858
3,0,1,4,3,4,False,27027000,323.5232000000001,29.28571428571429
3,0,1,4,2,5,False,10810800,288.28800000000007,32.85714285714286
3,0,1,4,1,6,False,1801800,233.8336,40.714285714285715
3,0,1,3,8,0,False,900900,223.08000000000004,42.30769230769231
3,0,1,3,7,1,False,6306300,267.6960000000001,35.38461538461539
3,0,1,3,6,2,False,18918900,312.312,30.769230769230766
3,0,1,3,5,3,False,31531500,356.928,26.923076923076923
3,0,1,3,4,4,False,31531500,350.97920000000005,26.923076923076923
3,0,1,3,3,5,False,18918900,327.1840000000001,29.23076923076923
3,0,1,3,2,6,False,6306300,285.54240000000004,33.07692307692307
3,0,1,3,1,7,False,900900,226.05440000000004,42.30769230769231
3,0,1,2,9,0,False,300300,205.92000000000002,45.833333333333336
3,0,1,2,8,1,False,2402400,247.10400000000004,38.333333333333336
3,0,1,2,7,2,False,8408400,288.288,33.333333333333336
3,0,1,2,6,3,False,16816800,329.472,29.166666666666668
3,0,1,2,5,4,False,21021000,370.65600000000006,25.833333333333336
3,0,1,2,4,5,False,16816800,356.928,26.666666666666668
3,0,1,2,3,6,False,8408400,326.72639999999996,29.166666666666668
3,0,1,2,2,7,False,2402400,280.05120000000005,34.16666666666667
3,0,1,2,1,8,False,300300,216.9024,44.16666666666667
3,0,1,1,10,0,False,60060,188.76000000000005,49.99999999999999
3,0,1,1,9,1,False,540540,226.51200000000006,41.81818181818181
3,0,1,1,8,2,False,2162160,264.264,36.36363636363636
3,0,1,1,7,3,False,5045040,302.016,31.818181818181817
3,0,1,1,6,4,False,7567560,339.7680000000001,28.18181818181818
3,0,1,1,5,5,False,7567560,377.5200000000001,25.454545454545453
3,0,1,1,4,6,False,5045040,357.38560000000007,26.36363636363636
3,0,1,1,3,7,False,2162160,322.1504000000001,29.999999999999996
3,0,1,1,2,8,False,540540,271.81440000000003,35.45454545454545
3,0,1,1,1,9,False,60060,206.3776,46.36363636363636
3,0,1,0,11,0,False,5460,171.60000000000002,55.0
3,0,1,0,10,1,False,54600,205.92000000000004,46.0
3,0,1,0,9,2,False,245700,240.24,40.0
3,0,1,0,8,3,False,655200,274.56,35.0
3,0,1,0,7,4,False,1146600,308.88000000000005,31.0
3,0,1,0,6,5,False,1375920,343.20000000000005,28.0
3,0,1,0,5,6,False,1146600,377.52,25.0
3,0,1,0,4,7,False,655200,352.35200000000003,27.0
3,0,1,0,3,8,False,245700,313.4560000000001,30.0
3,0,1,0,2,9,False,54600,260.832,37.0
3,0,1,0,1,10,False,5460,194.48000000000002,49.0
3,0,0,12,0,0,False,455,228.8,41.36363636363636
3,0,0,11,1,0,False,5460,240.24,39.523809523809526
3,0,0,10,2,0,False,30030,249.60000000000002,38.0
3,0,0,10,1,1,False,30030,241.28000000000003,39.0
3,0,0,9,3,0,False,100100,256.88,36.8421052631579
3,0,0,9,2,1,False,200200,260.832,36.31578947368421
3,0,0,9,1,2,False,100100,241.07199999999997,39.473684210526315
3,0,0,8,4,0,False,225225,262.08,36.11111111111111
3,0,0,8,3,1,False,675675,277.05600000000004,34.44444444444444
3,0,0,8,2,2,False,675675,269.568,35.0
3,0,0,8,1,3,False,225225,239.616,39.44444444444444
3,0,0,7,5,0,False,360360,265.20000000000005,35.882352941176464
3,0,0,7,4,1,False,1441440,289.95200000000006,32.94117647058823
3,0,0,7,3,2,False,2162160,293.48800000000006,32.35294117647059
3,0,0,7,2,3,False,1441440,275.80800000000005,34.11764705882353
3,0,0,7,1,4,False,360360,236.91200000000003,39.99999999999999
3,0,0,6,6,0,False,420420,249.60000000000002,38.125
3,0,0,6,5,1,False,2102100,299.52000000000004,31.875
3,0,0,6,4,2,False,4204200,312.83200000000005,30.625
3,0,0,6,3,3,False,4204200,306.17600000000004,31.25
3,0,0,6,2,4,False,2102100,279.5520000000001,33.75
3,0,0,6,1,5,False,420420,232.96,40.625
3,0,0,5,7,0,False,360360,234.0,40.666666666666664
3,0,0,5,6,1,False,2162160,280.8,34.0
3,0,0,5,5,2,False,5405400,327.6,29.333333333333332
3,0,0,5,4,3,False,7207200,330.72,28.666666666666668
3,0,0,5,3,4,False,5405400,315.1200000000001,30.0
3,0,0,5,2,5,False,2162160,280.8,34.0
3,0,0,5,1,6,False,360360,227.76,41.333333333333336
3,0,0,4,8,0,False,225225,218.39999999999998,43.57142857142858
3,0,0,4,7,1,False,1576575,262.08,36.42857142857143
3,0,0,4,6,2,False,4729725,305.76,31.42857142857143
3,0,0,4,5,3,False,7882875,349.44,27.142857142857146
3,0,0,4,4,4,False,7882875,343.61600000000004,27.857142857142858
3,0,0,4,3,5,False,4729725,320.32,30.000000000000004
3,0,0,4,2,6,False,1576575,279.55199999999996,34.285714285714285
3,0,0,4,1,7,False,225225,221.312,42.85714285714286
3,0,0,3,9,0,False,100100,202.8,46.92307692307692
3,0,0,3,8,1,False,800800,243.36000000000004,39.230769230769226
3,0,0,3,7,2,False,2802800,283.92,33.84615384615385
3,0,0,3,6,3,False,5605600,324.48,29.23076923076923
3,0,0,3,5,4,False,7007000,365.04,26.153846153846153
3,0,0,3,4,5,False,5605600,351.52000000000004,26.923076923076923
3,0,0,3,3,6,False,2802800,321.776,29.23076923076923
3,0,0,3,2,7,False,800800,275.808,34.61538461538461
3,0,0,3,1,8,False,100100,213.61600000000004,44.61538461538461
3,0,0,2,10,0,False,30030,187.2,50.833333333333336
3,0,0,2,9,1,False,270270,224.64000000000001,42.5
3,0,0,2,8,2,False,1081080,262.08,36.66666666666667
3,0,0,2,7,3,False,2522520,299.52000000000004,31.666666666666668
3,0,0,2,6,4,False,3783780,336.96,28.333333333333336
3,0,0,2,5,5,False,3783780,374.4,25.833333333333336
3,0,0,2,4,6,False,2522520,354.432,26.666666666666668
3,0,0,2,3,7,False,1081080,319.48800000000006,30.0
3,0,0,2,2,8,False,270270,269.568,35.0
3,0,0,2,1,9,False,30030,204.672,46.66666666666667
3,0,0,1,11,0,False,5460,171.60000000000002,55.45454545454545
3,0,0,1,10,1,False,54600,205.92000000000004,46.36363636363636
3,0,0,1,9,2,False,245700,240.24000000000004,40.0
3,0,0,1,8,3,False,655200,274.56000000000006,34.54545454545454
3,0,0,1,7,4,False,1146600,308.88000000000005,30.909090909090907
3,0,0,1,6,5,False,1375920,343.20000000000005,28.18181818181818
3,0,0,1,5,6,False,1146600,377.5200000000001,25.454545454545453
3,0,0,1,4,7,False,655200,352.3520000000001,27.27272727272727
3,0,0,1,3,8,False,245700,313.4560000000001,29.999999999999996
3,0,0,1,2,9,False,54600,260.83200000000005,36.36363636363636
3,0,0,1,1,10,False,5460,194.48000000000005,49.090909090909086
3,0,0,0,12,0,False,455,156.0,61.0
3,0,0,0,11,1,False,5005,187.20000000000002,51.0
3,0,0,0,10,2,False,25025,218.4,44.0
3,0,0,0,9,3,False,75075,249.60000000000002,38.0
3,0,0,0,8,4,False,150150,280.8,34.0
3,0,0,0,7,5,False,210210,312.0,31.0
3,0,0,0,6,6,False,210210,343.20000000000005,28.0
3,0,0,0,5,7,False,150150,374.40000000000003,26.0
3,0,0,0,4,8,False,75075,345.28,28.0
3,0,0,0,3,9,False,25025,303.68,31.0
3,0,0,0,2,10,False,5005,249.60000000000005,38.0
3,0,0,0,1,11,False,455,183.04000000000002,52.0
2,13,0,0,0,0,False,105,1032.0,10.0
2,12,1,0,0,0,False,1365,1056.0,9.0
2,12,0,1,0,0,False,1365,1056.0,9.09090909090909
2,12,0,0,1,0,False,1365,1056.0,9.0
2,11,2,0,0,0,False,8190,1065.6000000000001,9.0
2,11,1,1,0,0,False,16380,1074.4800000000002,9.09090909090909
2,11,1,0,1,0,False,16380,1074.4800000000002,9.0
2,11,0,2,0,0,False,8190,1065.6,9.166666666666668
2,11,0,1,1,0,False,16380,1074.4800000000002,9.09090909090909
2,11,0,0,2,0,False,8190,1065.6000000000001,9.0
2,11,0,0,1,1,False,8190,1030.0800000000002,10.0
2,10,3,0,0,0,False,30030,1060.8,9.0
2,10,2,1,0,0,False,90090,1077.1200000000001,9.09090909090909
2,10,2,0,1,0,False,90090,1077.1200000000001,9.0
2,10,1,2,0,0,False,90090,1077.12,9.166666666666668
2,10,1,1,1,0,False,180180,1086.0960000000002,9.09090909090909
2,10,1,0,2,0,False,90090,1077.12,9.0
2,10,1,0,1,1,False,90090,1041.2160000000001,10.0
2,10,0,3,0,0,False,30030,1060.8,9.23076923076923
2,10,0,2,1,0,False,90090,1077.12,9.166666666666668
2,10,0,1,2,0,False,90090,1077.1200000000001,9.09090909090909
2,10,0,1,1,1,False,90090,1041.2160000000001,9.09090909090909
2,10,0,0,3,0,False,30030,1060.8,9.0
2,10,0,0,2,1,False,60060,1077.1200000000001,9.0
2,10,0,0,1,2,False,30030,995.52,10.0
2,9,4,0,0,0,False,75075,1041.6000000000001,10.0
2,9,3,1,0,0,False,300300,1063.92,9.09090909090909
2,9,3,0,1,0,False,300300,1063.92,9.0
2,9,2,2,0,0,False,450450,1071.3600000000001,9.166666666666668
2,9,2,1,1,0,False,900900,1080.2880000000002,9.09090909090909
2,9,2,0,2,0,False,450450,1071.3600000000001,9.0
2,9,2,0,1,1,False,450450,1035.6480000000001,10.0
2,9,1,3,0,0,False,300300,1063.92,9.23076923076923
2,9,1,2,1,0,False,900900,1080.2880000000002,9.166666666666668
2,9,1,1,2,0,False,900900,1080.2880000000002,9.09090909090909
2,9,1,1,1,1,True,900900,1044.2784000000004,9.09090909090909
2,9,1,0,3,0,False,300300,1063.92,9.0
2,9,1,0,2,1,False,600600,1080.2880000000002,9.0
2,9,1,0,1,2,False,300300,998.4480000000002,10.0
2,9,0,4,0,0,False,75075,1041.6,9.285714285714286
2,9,0,3,1,0,False,300300,1063.92,9.23076923076923
2,9,0,2,2,0,False,450450,1071.3600000000001,9.166666666666668
2,9,0,2,1,1,False,450450,1035.6480000000001,9.166666666666668
2,9,0,1,3,0,False,300300,1063.92,9.09090909090909
2,9,0,1,2,1,False,600600,1080.2880000000002,9.09090909090909
2,9,0,1,1,2,False,300300,998.448,10.0
2,9,0,0,4,0,False,75075,1041.6000000000001,10.0
2,9,0,0,3,1,False,225225,1101.1200000000001,9.0
2,9,0,0,2,2,False,225225,1071.3600000000001,9.0
2,9,0,0,1,3,False,75075,952.3200000000002,10.0
2,8,5,0,0,0,False,135135,1008.0,10.0
2,8,4,1,0,0,False,675675,1034.88,9.09090909090909
2,8,4,0,1,0,False,675675,1034.88,10.0
2,8,3,2,0,0,False,1351350,1048.32,9.166666666666668
2,8,3,1,1,0,False,2702700,1057.056,9.09090909090909
2,8,3,0,2,0,False,1351350,1048.32,9.0
2,8,3,0,1,1,False,1351350,1013.3760000000002,10.0
2,8,2,3,0,0,False,1351350,1048.3200000000002,9.23076923076923
2,8,2,2,1,0,False,4054050,1064.448,9.166666666666668
2,8,2,1,2,0,False,4054050,1064.448,9.09090909090909
2,8,2,1,1,1,True,4054050,1028.9664000000002,10.0
2,8,2,0,3,0,False,1351350,1048.3200000000002,9.0
2,8,2,0,2,1,False,2702700,1064.448,9.0
2,8,2,0,1,2,False,1351350,983.808,10.0
2,8,1,4,0,0,False,675675,1034.88,9.285714285714286
2,8,1,3,1,0,False,2702700,1057.0560000000003,9.23076923076923
2,8,1,2,2,0,False,4054050,1064.448,9.166666666666668
2,8,1,2,1,1,True,4054050,1028.9664000000002,9.166666666666668
2,8,1,1,3,0,False,2702700,1057.0560000000003,9.09090909090909
2,8,1,1,2,1,True,5405400,1073.3184000000003,9.09090909090909
2,8,1,1,1,2,True,2702700,992.0064000000003,10.0
2,8,1,0,4,0,False,675675,1034.88,10.0
2,8,1,0,3,1,False,2027025,1094.0160000000003,9.0
2,8,1,0,2,2,False,2027025,1064.448,9.0
2,8,1,0,1,3,False,675675,946.1760000000003,10.0
2,8,0,5,0,0,False,135135,1008.0,9.333333333333334
2,8,0,4,1,0,False,675675,1034.88,9.285714285714286
2,8,0,3,2,0,False,1351350,1048.3200000000002,9.23076923076923
2,8,0,3,1,1,False,1351350,1013.3760000000002,10.0
2,8,0,2,3,0,False,1351350,1048.32,9.166666666666668
2,8,0,2,2,1,False,2702700,1064.4479999999999,9.166666666666668
2,8,0,2,1,2,False,1351350,983.808,10.0
2,8,0,1,4,0,False,675675,1034.88,9.09090909090909
2,8,0,1,3,1,False,2027025,1094.016,9.09090909090909
2,8,0,1,2,2,False,2027025,1064.448,9.09090909090909
2,8,0,1,1,3,False,675675,946.1760000000002,10.0
2,8,0,0,5,0,False,135135,1008.0,10.0
2,8,0,0,4,1,False,540540,1102.0800000000002,9.0
2,8,0,0,3,2,False,810810,1115.5200000000002,9.0
2,8,0,0,2,3,False,540540,1048.3200000000002,9.0
2,8,0,0,1,4,False,135135,900.4800000000001,11.0
2,7,6,0,0,0,False,180180,960.0000000000002,10.0
2,7,5,1,0,0,False,1081080,990.0000000000003,10.0
2,7,5,0,1,0,False,1081080,990.0000000000005,10.0
2,7,4,2,0,0,False,2702700,1008.0,10.0
2,7,4,1,1,0,False,5405400,1016.4000000000001,10.0
2,7,4,0,2,0,False,2702700,1008.0,10.0
2,7,4,0,1,1,False,2702700,974.4000000000002,10.0
2,7,3,3,0,0,False,3603600,1014.0000000000003,10.0
2,7,3,2,1,0,False,10810800,1029.6000000000001,9.166666666666668
2,7,3,1,2,0,False,10810800,1029.6000000000004,10.0
2,7,3,1,1,1,True,10810800,995.2800000000005,10.0
2,7,3,0,3,0,False,3603600,1014.0000000000002,10.0
2,7,3,0,2,1,False,7207200,1029.6000000000004,10.0
2,7,3,0,1,2,False,3603600,951.6000000000003,10.0
2,7,2,4,0,0,False,2702700,1008.0000000000001,10.0
2,7,2,3,1,0,False,10810800,1029.6000000000004,9.23076923076923
2,7,2,2,2,0,False,16216200,1036.8,9.166666666666668
2,7,2,2,1,1,True,16216200,1002.2400000000002,10.0
2,7,2,1,3,0,False,10810800,1029.6000000000004,10.0
2,7,2,1,2,1,True,21621600,1045.4400000000003,9.09090909090909
2,7,2,1,1,2,True,10810800,966.2400000000004,10.0
2,7,2,0,4,0,False,2702700,1008.0,10.0
2,7,2,0,3,1,False,8108100,1065.6000000000001,9.0
2,7,2,0,2,2,False,8108100,1036.8000000000002,10.0
2,7,2,0,1,3,False,2702700,921.6000000000003,11.0
2,7,1,5,0,0,False,1081080,990.0000000000003,10.0
2,7,1,4,1,0,False,5405400,1016.4000000000004,9.285714285714286
2,7,1,3,2,0,False,10810800,1029.6000000000004,9.23076923076923
2,7,1,3,1,1,True,10810800,995.2800000000005,10.0
2,7,1,2,3,0,False,10810800,1029.6000000000001,9.166666666666668
2,7,1,2,2,1,True,21621600,1045.4400000000005,9.166666666666668
2,7,1,2,1,2,True,10810800,966.2400000000002,10.0
2,7,1,1,4,0,False,5405400,1016.4000000000003,10.0
2,7,1,1,3,1,True,16216200,1074.4800000000002,9.09090909090909
2,7,1,1,2,2,True,16216200,1045.4400000000003,9.09090909090909
2,7,1,1,1,3,True,5405400,929.2800000000003,10.909090909090908
2,7,1,0,5,0,False,1081080,990.0000000000005,10.0
2,7,1,0,4,1,False,4324320,1082.4000000000003,9.0
2,7,1,0,3,2,False,6486480,1095.6000000000004,9.0
2,7,1,0,2,3,False,4324320,1029.6000000000004,10.0
2,7,1,0,1,4,False,1081080,884.4000000000004,11.0
2,7,0,6,0,0,False,180180,960.0000000000002,10.0
2,7,0,5,1,0,False,1081080,990.0000000000003,10.0
2,7,0,4,2,0,False,2702700,1008.0000000000001,10.0
2,7,0,4,1,1,False,2702700,974.4000000000002,10.0
2,7,0,3,3,0,False,3603600,1014.0000000000003,10.0
2,7,0,3,2,1,False,7207200,1029.6000000000004,9.23076923076923
2,7,0,3,1,2,False,3603600,951.6000000000001,10.0
2,7,0,2,4,0,False,2702700,1008.0,10.0
2,7,0,2,3,1,False,8108100,1065.6000000000001,9.166666666666668
2,7,0,2,2,2,False,8108100,1036.8000000000002,9.166666666666668
2,7,0,2,1,3,False,2702700,921.6000000000001,10.833333333333334
2,7,0,1,5,0,False,1081080,990.0000000000003,10.0
2,7,0,1,4,1,False,4324320,1082.4000000000003,9.09090909090909
2,7,0,1,3,2,False,6486480,1095.6000000000004,9.09090909090909
2,7,0,1,2,3,False,4324320,1029.6000000000004,10.0
2,7,0,1,1,4,False,1081080,884.4000000000003,10.909090909090908
2,7,0,0,6,0,False,180180,900.0000000000002,11.0
2,7,0,0,5,1,False,900900,1080.0000000000002,9.0
2,7,0,0,4,2,False,1801800,1128.0000000000002,9.0
2,7,0,0,3,3,False,1801800,1104.0000000000002,9.0
2,7,0,0,2,4,False,900900,1008.0000000000002,10.0
2,7,0,0,1,5,False,180180,840.0,12.0
2,6,7,0,0,0,False,180180,897.6000000000003,11.0
2,6,6,1,0,0,False,1261260,929.2800000000002,10.909090909090908
2,6,6,0,1,0,False,1261260,929.2800000000002,11.0
2,6,5,2,0,0,False,3783780,950.4,10.0
2,6,5,1,1,0,False,7567560,958.3200000000002,10.0
2,6,5,0,2,0,False,3783780,950.4000000000001,10.0
2,6,5,0,1,1,False,3783780,918.7200000000001,11.0
2,6,4,3,0,0,False,6306300,960.9599999999999,10.0
2,6,4,2,1,0,False,18918900,975.7439999999999,10.0
2,6,4,1,2,0,False,18918900,975.7439999999999,10.0
2,6,4,1,1,1,True,18918900,943.2192,10.0
2,6,4,0,3,0,False,6306300,960.9599999999999,10.0
2,6,4,0,2,1,False,12612600,975.7439999999999,10.0
2,6,4,0,1,2,False,6306300,901.8239999999998,11.0
2,6,3,4,0,0,False,6306300,960.96,10.0
2,6,3,3,1,0,False,25225200,981.5520000000001,10.0
2,6,3,2,2,0,False,37837800,988.4159999999999,10.0
2,6,3,2,1,1,True,37837800,955.4688000000001,10.0
2,6,3,1,3,0,False,25225200,981.5520000000002,10.0
2,6,3,1,2,1,True,50450400,996.6528000000001,10.0
2,6,3,1,1,2,True,25225200,921.1488,10.909090909090908
2,6,3,0,4,0,False,6306300,960.9599999999999,10.0
2,6,3,0,3,1,False,18918900,1015.872,10.0
2,6,3,0,2,2,False,18918900,988.416,10.0
2,6,3,0,1,3,False,6306300,878.5920000000001,11.0
2,6,2,5,0,0,False,3783780,950.4000000000001,10.0
2,6,2,4,1,0,False,18918900,975.744,10.0
2,6,2,3,2,0,False,37837800,988.416,10.0
2,6,2,3,1,1,True,37837800,955.4688000000002,10.0
2,6,2,2,3,0,False,37837800,988.4160000000002,10.0
2,6,2,2,2,1,True,75675600,1003.6224000000001,10.0
2,6,2,2,1,2,True,37837800,927.5904,10.833333333333334
2,6,2,1,4,0,False,18918900,975.744,10.0
2,6,2,1,3,1,True,56756700,1031.5008000000003,10.0
2,6,2,1,2,2,True,56756700,1003.6224000000001,10.0
2,6,2,1,1,3,True,18918900,892.1088000000001,10.909090909090908
2,6,2,0,5,0,False,3783780,950.4000000000001,10.0
2,6,2,0,4,1,False,15135120,1039.104,10.0
2,6,2,0,3,2,False,22702680,1051.776,9.0
2,6,2,0,2,3,False,15135120,988.416,10.0
2,6,2,0,1,4,False,3783780,849.024,12.0
2,6,1,6,0,0,False,1261260,929.2800000000002,10.625
2,6,1,5,1,0,False,7567560,958.3200000000002,10.0
2,6,1,4,2,0,False,18918900,975.7440000000001,10.0
2,6,1,4,1,1,True,18918900,943.2192000000002,10.0
2,6,1,3,3,0,False,25225200,981.5520000000002,10.0
2,6,1,3,2,1,True,50450400,996.6528000000003,10.0
2,6,1,3,1,2,True,25225200,921.1488000000002,10.769230769230768
2,6,1,2,4,0,False,18918900,975.7440000000001,10.0
2,6,1,2,3,1,True,56756700,1031.5008000000003,9.166666666666668
2,6,1,2,2,2,True,56756700,1003.6224000000001,10.0
2,6,1,2,1,3,True,18918900,892.1088000000002,10.833333333333334
2,6,1,1,5,0,False,7567560,958.3200000000004,10.0
2,6,1,1,4,1,True,30270240,1047.7632000000003,9.09090909090909
2,6,1,1,3,2,True,45405360,1060.5408000000004,9.09090909090909
2,6,1,1,2,3,True,30270240,996.6528000000003,10.0
2,6,1,1,1,4,True,7567560,856.0992000000003,11.818181818181817
2,6,1,0,6,0,False,1261260,871.2000000000003,11.0
2,6,1,0,5,1,False,6306300,1045.4400000000003,9.0
2,6,1,0,4,2,False,12612600,1091.9040000000002,9.0
2,6,1,0,3,3,False,12612600,1068.6720000000003,9.0
2,6,1,0,2,4,False,6306300,975.7440000000003,10.0
2,6,1,0,1,5,False,1261260,813.1200000000001,12.0
2,6,0,7,0,0,False,180180,897.6000000000001,10.588235294117647
2,6,0,6,1,0,False,1261260,929.2800000000002,10.625
2,6,0,5,2,0,False,3783780,950.4000000000001,10.0
2,6,0,5,1,1,False,3783780,918.7200000000003,10.666666666666666
2,6,0,4,3,0,False,6306300,960.96,10.0
2,6,0,4,2,1,False,12612600,975.744,10.0
2,6,0,4,1,2,False,6306300,901.8239999999998,10.714285714285715
2,6,0,3,4,0,False,6306300,960.9599999999999,10.0
2,6,0,3,3,1,False,18918900,1015.8720000000001,10.0
2,6,0,3,2,2,False,18918900,988.416,10.0
2,6,0,3,1,3,False,6306300,878.5920000000002,10.769230769230768
2,6,0,2,5,0,False,3783780,950.4,10.0
2,6,0,2,4,1,False,15135120,1039.104,9.166666666666668
2,6,0,2,3,2,False,22702680,1051.776,9.166666666666668
2,6,0,2,2,3,False,15135120,988.4160000000002,10.0
2,6,0,2,1,4,False,3783780,849.0240000000001,11.666666666666668
2,6,0,1,6,0,False,1261260,871.2,10.909090909090908
2,6,0,1,5,1,False,6306300,1045.4400000000003,9.09090909090909
2,6,0,1,4,2,False,12612600,1091.9040000000002,9.09090909090909
2,6,0,1,3,3,False,12612600,1068.6720000000003,9.09090909090909
2,6,0,1,2,4,False,6306300,975.7440000000003,10.0
2,6,0,1,1,5,False,1261260,813.12,11.818181818181817
2,6,0,0,7,0,False,180180,792.0,12.0
2,6,0,0,6,1,False,1081080,950.4000000000001,10.0
2,6,0,0,5,2,False,2702700,1108.8,9.0
2,6,0,0,4,3,False,3603600,1119.3600000000001,9.0
2,6,0,0,3,4,False,2702700,1066.5600000000002,9.0
2,6,0,0,2,5,False,1081080,950.4000000000001,10.0
2,6,0,0,1,6,False,180180,770.8800000000001,13.0
2,5,8,0,0,0,False,135135,820.8000000000001,12.0
2,5,7,1,0,0,False,1081080,852.7200000000003,11.818181818181817
2,5,7,0,1,0,False,1081080,852.7200000000003,12.0
2,5,6,2,0,0,False,3783780,875.52,10.833333333333334
2,5,6,1,1,0,False,7567560,882.8160000000001,10.909090909090908
2,5,6,0,2,0,False,3783780,875.52,11.0
2,5,6,0,1,1,False,3783780,846.3360000000001,12.0
2,5,5,3,0,0,False,7567560,889.2,10.769230769230768
2,5,5,2,1,0,False,22702680,902.8800000000001,10.833333333333334
2,5,5,1,2,0,False,22702680,902.8800000000001,10.909090909090908
2,5,5,1,1,1,True,22702680,872.7840000000001,10.909090909090908
2,5,5,0,3,0,False,7567560,889.2,11.0
2,5,5,0,2,1,False,15135120,902.8800000000001,11.0
2,5,5,0,1,2,False,7567560,834.48,12.0
2,5,4,4,0,0,False,9459450,893.7600000000001,10.714285714285715
2,5,4,3,1,0,False,37837800,912.9120000000001,10.769230769230768
2,5,4,2,2,0,False,56756700,919.2959999999999,10.833333333333334
2,5,4,2,1,1,True,56756700,888.6528000000001,10.833333333333334
2,5,4,1,3,0,False,37837800,912.9120000000001,10.909090909090908
2,5,4,1,2,1,True,75675600,926.9568000000002,10.909090909090908
2,5,4,1,1,2,True,37837800,856.7328,11.818181818181817
2,5,4,0,4,0,False,9459450,893.7599999999999,11.0
2,5,4,0,3,1,False,28378350,944.832,10.0
2,5,4,0,2,2,False,28378350,919.2959999999999,11.0
2,5,4,0,1,3,False,9459450,817.152,12.0
2,5,3,5,0,0,False,7567560,889.2,10.666666666666666
2,5,3,4,1,0,False,37837800,912.912,10.714285714285715
2,5,3,3,2,0,False,75675600,924.768,10.769230769230768
2,5,3,3,1,1,True,75675600,893.9424000000002,10.769230769230768
2,5,3,2,3,0,False,75675600,924.768,10.833333333333334
2,5,3,2,2,1,True,151351200,938.9952000000001,10.833333333333334
2,5,3,2,1,2,True,75675600,867.8592,10.833333333333334
2,5,3,1,4,0,False,37837800,912.912,10.909090909090908
2,5,3,1,3,1,True,113513400,965.0784000000001,10.0
2,5,3,1,2,2,True,113513400,938.9952000000002,10.909090909090908
2,5,3,1,1,3,True,37837800,834.6624000000002,11.818181818181817
2,5,3,0,5,0,False,7567560,889.2,11.0
2,5,3,0,4,1,False,30270240,972.192,10.0
2,5,3,0,3,2,False,45405360,984.0480000000002,10.0
2,5,3,0,2,3,False,30270240,924.768,11.0
2,5,3,0,1,4,False,7567560,794.3520000000001,12.0
2,5,2,6,0,0,False,3783780,875.5200000000001,11.25
2,5,2,5,1,0,False,22702680,902.8800000000001,10.666666666666666
2,5,2,4,2,0,False,56756700,919.2959999999999,10.714285714285715
2,5,2,4,1,1,True,56756700,888.6528000000001,10.714285714285715
2,5,2,3,3,0,False,75675600,924.7680000000001,10.769230769230768
2,5,2,3,2,1,True,151351200,938.9952000000002,10.769230769230768
2,5,2,3,1,2,True,75675600,867.8592000000001,11.538461538461538
2,5,2,2,4,0,False,56756700,919.2959999999999,10.833333333333334
2,5,2,2,3,1,True,170270100,971.8272,10.0
2,5,2,2,2,2,True,170270100,945.5615999999999,10.0
2,5,2,2,1,3,True,56756700,840.4992000000001,11.666666666666668
2,5,2,1,5,0,False,22702680,902.8800000000001,10.909090909090908
2,5,2,1,4,1,True,90810720,987.1488,10.0
2,5,2,1,3,2,True,136216080,999.1872000000002,10.0
2,5,2,1,2,3,True,90810720,938.9952000000002,10.909090909090908
2,5,2,1,1,4,True,22702680,806.5728000000001,11.818181818181817
2,5,2,0,6,0,False,3783780,820.8000000000001,12.0
2,5,2,0,5,1,False,18918900,984.96,10.0
2,5,2,0,4,2,False,37837800,1028.736,10.0
2,5,2,0,3,3,False,37837800,1006.848,10.0
2,5,2,0,2,4,False,18918900,919.2960000000002,11.0
2,5,2,0,1,5,False,3783780,766.0799999999999,13.0
2,5,1,7,0,0,False,1081080,852.7200000000001,11.176470588235293
2,5,1,6,1,0,False,7567560,882.8160000000003,11.25
2,5,1,5,2,0,False,22702680,902.8799999999999,10.666666666666666
2,5,1,5,1,1,True,22702680,872.7840000000001,11.333333333333334
2,5,1,4,3,0,False,37837800,912.912,10.714285714285715
2,5,1,4,2,1,True,75675600,926.9568,10.714285714285715
2,5,1,4,1,2,True,37837800,856.7328,11.428571428571429
2,5,1,3,4,0,False,37837800,912.912,10.769230769230768
2,5,1,3,3,1,True,113513400,965.0784000000001,10.0
2,5,1,3,2,2,True,113513400,938.9952000000002,10.769230769230768
2,5,1,3,1,3,True,37837800,834.6624000000002,11.538461538461538
2,5,1,2,5,0,False,22702680,902.8800000000001,10.833333333333334
2,5,1,2,4,1,True,90810720,987.1487999999999,10.0
2,5,1,2,3,2,True,136216080,999.1872000000002,10.0
2,5,1,2,2,3,True,90810720,938.9952000000001,10.833333333333334
2,5,1,2,1,4,True,22702680,806.5728000000001,11.666666666666668
2,5,1,1,6,0,False,7567560,827.6400000000002,11.818181818181817
2,5,1,1,5,1,True,37837800,993.1680000000002,10.0
2,5,1,1,4,2,True,75675600,1037.3088,9.09090909090909
2,5,1,1,3,3,True,75675600,1015.2384000000002,10.0
2,5,1,1,2,4,True,37837800,926.9568000000002,10.909090909090908
2,5,1,1,1,5,True,7567560,772.464,12.727272727272727
2,5,1,0,7,0,False,1081080,752.4000000000001,13.0
2,5,1,0,6,1,False,6486480,902.8800000000001,11.0
2,5,1,0,5,2,False,16216200,1053.3600000000001,9.0
2,5,1,0,4,3,False,21621600,1063.392,9.0
2,5,1,0,3,4,False,16216200,1013.2320000000002,10.0
2,5,1,0,2,5,False,6486480,902.8800000000001,11.0
2,5,1,0,1,6,False,1081080,732.336,13.0
2,5,0,8,0,0,False,135135,820.8000000000001,11.666666666666666
2,5,0,7,1,0,False,1081080,852.7200000000001,11.176470588235293
2,5,0,6,2,0,False,3783780,875.5200000000001,11.25
2,5,0,6,1,1,False,3783780,846.3360000000001,11.25
2,5,0,5,3,0,False,7567560,889.2,10.666666666666666
2,5,0,5,2,1,False,15135120,902.8800000000001,10.666666666666666
2,5,0,5,1,2,False,7567560,834.48,11.333333333333334
2,5,0,4,4,0,False,9459450,893.7600000000001,10.714285714285715
2,5,0,4,3,1,False,28378350,944.8320000000001,10.0
2,5,0,4,2,2,False,28378350,919.2959999999999,10.714285714285715
2,5,0,4,1,3,False,9459450,817.152,12.142857142857144
2,5,0,3,5,0,False,7567560,889.2,10.769230769230768
2,5,0,3,4,1,False,30270240,972.1920000000002,10.0
2,5,0,3,3,2,False,45405360,984.0480000000001,10.0
2,5,0,3,2,3,False,30270240,924.7680000000001,10.769230769230768
2,5,0,3,1,4,False,7567560,794.3520000000001,12.307692307692307
2,5,0,2,6,0,False,3783780,820.8,11.666666666666668
2,5,0,2,5,1,False,18918900,984.96,10.0
2,5,0,2,4,2,False,37837800,1028.736,9.166666666666668
2,5,0,2,3,3,False,37837800,1006.848,10.0
2,5,0,2,2,4,False,18918900,919.2960000000002,10.833333333333334
2,5,0,2,1,5,False,3783780,766.08,12.5
2,5,0,1,7,0,False,1081080,752.4000000000001,12.727272727272727
2,5,0,1,6,1,False,6486480,902.8800000000001,10.909090909090908
2,5,0,1,5,2,False,16216200,1053.3600000000001,9.09090909090909
2,5,0,1,4,3,False,21621600,1063.3920000000003,9.09090909090909
2,5,0,1,3,4,False,16216200,1013.2320000000004,10.0
2,5,0,1,2,5,False,6486480,902.8800000000001,10.909090909090908
2,5,0,1,1,6,False,1081080,732.336,13.636363636363635
2,5,0,0,8,0,False,135135,684.0,14.0
2,5,0,0,7,1,False,945945,820.8000000000001,12.0
2,5,0,0,6,2,False,2837835,957.6,10.0
2,5,0,0,5,3,False,4729725,1094.4,9.0
2,5,0,0,4,4,False,4729725,1076.1600000000003,9.0
2,5,0,0,3,5,False,2837835,1003.2,10.0
2,5,0,0,2,6,False,945945,875.52,11.0
2,5,0,0,1,7,False,135135,693.12,14.0
2,4,9,0,0,0,False,75075,729.6,13.0
2,4,8,1,0,0,False,675675,760.3200000000002,12.727272727272727
2,4,8,0,1,0,False,675675,760.3200000000002,13.0
2,4,7,2,0,0,False,2702700,783.3600000000002,12.5
2,4,7,1,1,0,False,5405400,789.8880000000004,12.727272727272727
2,4,7,0,2,0,False,2702700,783.3600000000001,12.0
2,4,7,0,1,1,False,2702700,757.2480000000003,13.0
2,4,6,3,0,0,False,6306300,798.7200000000001,12.307692307692307
2,4,6,2,1,0,False,18918900,811.0080000000002,11.666666666666668
2,4,6,1,2,0,False,18918900,811.008,11.818181818181817
2,4,6,1,1,1,True,18918900,783.9744000000003,12.727272727272727
2,4,6,0,3,0,False,6306300,798.7200000000001,12.0
2,4,6,0,2,1,False,12612600,811.008,12.0
2,4,6,0,1,2,False,6306300,749.5680000000001,13.0
2,4,5,4,0,0,False,9459450,806.4,12.142857142857144
2,4,5,3,1,0,False,37837800,823.6800000000002,11.538461538461538
2,4,5,2,2,0,False,56756700,829.44,11.666666666666668
2,4,5,2,1,1,True,56756700,801.792,12.5
2,4,5,1,3,0,False,37837800,823.6800000000002,11.818181818181817
2,4,5,1,2,1,True,75675600,836.3520000000002,11.818181818181817
2,4,5,1,1,2,True,37837800,772.9920000000001,12.727272727272727
2,4,5,0,4,0,False,9459450,806.4,12.0
2,4,5,0,3,1,False,28378350,852.48,12.0
2,4,5,0,2,2,False,28378350,829.44,12.0
2,4,5,0,1,3,False,9459450,737.2800000000001,13.0
2,4,4,5,0,0,False,9459450,806.4000000000001,12.0
2,4,4,4,1,0,False,47297250,827.904,11.428571428571429
2,4,4,3,2,0,False,94594500,838.6560000000001,11.538461538461538
2,4,4,3,1,1,True,94594500,810.7008000000002,12.307692307692307
2,4,4,2,3,0,False,94594500,838.6560000000001,11.666666666666668
2,4,4,2,2,1,True,189189000,851.5584,11.666666666666668
2,4,4,2,1,2,True,94594500,787.0464000000001,12.5
2,4,4,1,4,0,False,47297250,827.904,11.818181818181817
2,4,4,1,3,1,True,141891750,875.2128000000001,10.909090909090908
2,4,4,1,2,2,True,141891750,851.5584000000001,11.818181818181817
2,4,4,1,1,3,True,47297250,756.9408000000001,12.727272727272727
2,4,4,0,5,0,False,9459450,806.4000000000001,12.0
2,4,4,0,4,1,False,37837800,881.6640000000002,11.0
2,4,4,0,3,2,False,56756700,892.416,11.0
2,4,4,0,2,3,False,37837800,838.656,12.0
2,4,4,0,1,4,False,9459450,720.384,14.0
2,4,3,6,0,0,False,6306300,798.7200000000001,11.875
2,4,3,5,1,0,False,37837800,823.6800000000002,12.0
2,4,3,4,2,0,False,94594500,838.656,11.428571428571429
2,4,3,4,1,1,True,94594500,810.7008000000001,12.142857142857144
2,4,3,3,3,0,False,126126000,843.648,11.538461538461538
2,4,3,3,2,1,True,252252000,856.6272000000001,11.538461538461538
2,4,3,3,1,2,True,126126000,791.7312000000001,12.307692307692307
2,4,3,2,4,0,False,94594500,838.656,11.666666666666668
2,4,3,2,3,1,True,283783500,886.5792,10.833333333333334
2,4,3,2,2,2,True,283783500,862.6175999999999,11.666666666666668
2,4,3,2,1,3,True,94594500,766.7712000000001,12.5
2,4,3,1,5,0,False,37837800,823.6800000000002,11.818181818181817
2,4,3,1,4,1,True,151351200,900.5568000000002,10.909090909090908
2,4,3,1,3,2,True,227026800,911.5392000000003,10.909090909090908
2,4,3,1,2,3,True,151351200,856.6272000000001,11.818181818181817
2,4,3,1,1,4,True,37837800,735.8208000000002,13.636363636363635
2,4,3,0,6,0,False,6306300,748.8000000000001,13.0
2,4,3,0,5,1,False,31531500,898.5600000000001,11.0
2,4,3,0,4,2,False,63063000,938.4960000000001,11.0
2,4,3,0,3,3,False,63063000,918.5280000000001,11.0
2,4,3,0,2,4,False,31531500,838.6560000000002,12.0
2,4,3,0,1,5,False,6306300,698.88,14.0
2,4,2,7,0,0,False,2702700,783.3600000000001,12.352941176470587
2,4,2,6,1,0,False,18918900,811.0080000000002,11.875
2,4,2,5,2,0,False,56756700,829.4399999999998,11.333333333333334
2,4,2,5,1,1,True,56756700,801.7920000000001,12.0
2,4,2,4,3,0,False,94594500,838.6560000000001,11.428571428571429
2,4,2,4,2,1,True,189189000,851.5584000000001,11.428571428571429
2,4,2,4,1,2,True,94594500,787.0464000000001,12.142857142857144
2,4,2,3,4,0,False,94594500,838.6560000000001,11.538461538461538
2,4,2,3,3,1,True,283783500,886.5792000000001,10.769230769230768
2,4,2,3,2,2,True,283783500,862.6176,11.538461538461538
2,4,2,3,1,3,True,94594500,766.7712,12.307692307692307
2,4,2,2,5,0,False,56756700,829.44,11.666666666666668
2,4,2,2,4,1,True,227026800,906.8544,10.833333333333334
2,4,2,2,3,2,True,340540200,917.9136000000001,10.833333333333334
2,4,2,2,2,3,True,227026800,862.6176,11.666666666666668
2,4,2,2,1,4,True,56756700,740.9664000000001,13.333333333333334
2,4,2,1,6,0,False,18918900,760.3200000000002,12.727272727272727
2,4,2,1,5,1,True,94594500,912.3840000000001,10.909090909090908
2,4,2,1,4,2,True,189189000,952.9344000000002,10.0
2,4,2,1,3,3,True,189189000,932.6592000000003,10.909090909090908
2,4,2,1,2,4,True,94594500,851.5584000000002,11.818181818181817
2,4,2,1,1,5,True,18918900,709.6320000000001,13.636363636363635
2,4,2,0,7,0,False,2702700,691.2,14.0
2,4,2,0,6,1,False,16216200,829.44,12.0
2,4,2,0,5,2,False,40540500,967.6800000000002,10.0
2,4,2,0,4,3,False,54054000,976.8960000000002,10.0
2,4,2,0,3,4,False,40540500,930.8160000000003,11.0
2,4,2,0,2,5,False,16216200,829.44,12.0
2,4,2,0,1,6,False,2702700,672.768,14.0
2,4,1,8,0,0,False,675675,760.32,12.777777777777777
2,4,1,7,1,0,False,5405400,789.8880000000003,12.352941176470587
2,4,1,6,2,0,False,18918900,811.0080000000002,11.875
2,4,1,6,1,1,True,18918900,783.9744000000001,12.5
2,4,1,5,3,0,False,37837800,823.6800000000001,12.0
2,4,1,5,2,1,True,75675600,836.3520000000001,11.333333333333334
2,4,1,5,1,2,True,37837800,772.992,12.666666666666666
2,4,1,4,4,0,False,47297250,827.904,11.428571428571429
2,4,1,4,3,1,True,141891750,875.2128,11.428571428571429
2,4,1,4,2,2,True,141891750,851.5583999999999,11.428571428571429
2,4,1,4,1,3,True,47297250,756.9408,12.857142857142858
2,4,1,3,5,0,False,37837800,823.6800000000001,11.538461538461538
2,4,1,3,4,1,True,151351200,900.5568000000002,10.769230769230768
2,4,1,3,3,2,True,227026800,911.5392000000002,10.769230769230768
2,4,1,3,2,3,True,151351200,856.6272000000001,11.538461538461538
2,4,1,3,1,4,True,37837800,735.8208000000001,13.076923076923077
2,4,1,2,6,0,False,18918900,760.32,12.5
2,4,1,2,5,1,True,94594500,912.384,10.833333333333334
2,4,1,2,4,2,True,189189000,952.9344000000001,10.0
2,4,1,2,3,3,True,189189000,932.6592,10.833333333333334
2,4,1,2,2,4,True,94594500,851.5584,11.666666666666668
2,4,1,2,1,5,True,18918900,709.632,13.333333333333334
2,4,1,1,7,0,False,5405400,696.96,13.636363636363635
2,4,1,1,6,1,True,32432400,836.3520000000001,11.818181818181817
2,4,1,1,5,2,True,81081000,975.744,10.0
2,4,1,1,4,3,True,108108000,985.0368000000003,10.0
2,4,1,1,3,4,True,81081000,938.5728000000003,10.909090909090908
2,4,1,1,2,5,True,32432400,836.3520000000001,11.818181818181817
2,4,1,1,1,6,True,5405400,678.3744000000002,14.545454545454545
2,4,1,0,8,0,False,675675,633.6,15.0
2,4,1,0,7,1,False,4729725,760.32,13.0
2,4,1,0,6,2,False,14189175,887.04,11.0
2,4,1,0,5,3,False,23648625,1013.7600000000001,10.0
2,4,1,0,4,4,False,23648625,996.8640000000001,10.0
2,4,1,0,3,5,False,14189175,929.2800000000002,11.0
2,4,1,0,2,6,False,4729725,811.008,12.0
2,4,1,0,1,7,False,675675,642.0480000000001,15.0
2,4,0,9,0,0,False,75075,729.5999999999999,13.157894736842106
2,4,0,8,1,0,False,675675,760.32,12.777777777777777
2,4,0,7,2,0,False,2702700,783.3600000000001,12.352941176470587
2,4,0,7,1,1,False,2702700,757.2480000000002,12.941176470588234
2,4,0,6,3,0,False,6306300,798.7200000000001,11.875
2,4,0,6,2,1,False,12612600,811.0080000000002,11.875
2,4,0,6,1,2,False,6306300,749.5680000000001,13.125
2,4,0,5,4,0,False,9459450,806.4000000000001,12.0
2,4,0,5,3,1,False,28378350,852.48,11.333333333333334
2,4,0,5,2,2,False,28378350,829.4399999999998,11.333333333333334
2,4,0,5,1,3,False,9459450,737.28,13.333333333333334
2,4,0,4,5,0,False,9459450,806.4,12.142857142857144
2,4,0,4,4,1,False,37837800,881.6640000000001,10.714285714285715
2,4,0,4,3,2,False,56756700,892.416,10.714285714285715
2,4,0,4,2,3,False,37837800,838.6560000000001,11.428571428571429
2,4,0,4,1,4,False,9459450,720.384,13.571428571428573
2,4,0,3,6,0,False,6306300,748.8000000000001,13.076923076923077
2,4,0,3,5,1,False,31531500,898.5600000000001,10.769230769230768
2,4,0,3,4,2,False,63063000,938.4960000000001,10.769230769230768
2,4,0,3,3,3,False,63063000,918.5280000000001,10.769230769230768
2,4,0,3,2,4,False,31531500,838.6560000000002,11.538461538461538
2,4,0,3,1,5,False,6306300,698.8800000000001,13.846153846153845
2,4,0,2,7,0,False,2702700,691.1999999999999,14.166666666666668
2,4,0,2,6,1,False,16216200,829.44,11.666666666666668
2,4,0,2,5,2,False,40540500,967.6800000000001,10.0
2,4,0,2,4,3,False,54054000,976.896,10.0
2,4,0,2,3,4,False,40540500,930.8160000000003,10.833333333333334
2,4,0,2,2,5,False,16216200,829.44,11.666666666666668
2,4,0,2,1,6,False,2702700,672.7679999999999,14.166666666666668
2,4,0,1,8,0,False,675675,633.6,15.454545454545453
2,4,0,1,7,1,False,4729725,760.3200000000002,12.727272727272727
2,4,0,1,6,2,False,14189175,887.0400000000002,10.909090909090908
2,4,0,1,5,3,False,23648625,1013.7600000000001,10.0
2,4,0,1,4,4,False,23648625,996.8640000000004,10.0
2,4,0,1,3,5,False,14189175,929.2800000000002,10.909090909090908
2,4,0,1,2,6,False,4729725,811.008,11.818181818181817
2,4,0,1,1,7,False,675675,642.0480000000001,15.454545454545453
2,4,0,0,9,0,False,75075,576.0,17.0
2,4,0,0,8,1,False,600600,691.2,14.0
2,4,0,0,7,2,False,2102100,806.4000000000001,12.0
2,4,0,0,6,3,False,4204200,921.6,11.0
2,4,0,0,5,4,False,5255250,1036.8,10.0
2,4,0,0,4,5,False,4204200,998.4000000000001,10.0
2,4,0,0,3,6,False,2102100,913.92,11.0
2,4,0,0,2,7,False,600600,783.3600000000001,12.0
2,4,0,0,1,8,False,75075,606.7200000000001,16.0
2,3,10,0,0,0,False,30030,624.0,16.0
2,3,9,1,0,0,False,300300,652.0800000000002,14.545454545454545
2,3,9,0,1,0,False,300300,652.08,15.0
2,3,8,2,0,0,False,1351350,673.92,14.166666666666668
2,3,8,1,1,0,False,2702700,679.5360000000002,14.545454545454545
2,3,8,0,2,0,False,1351350,673.9200000000001,14.0
2,3,8,0,1,1,False,1351350,651.4560000000001,15.0
2,3,7,3,0,0,False,3603600,689.5200000000001,13.846153846153845
2,3,7,2,1,0,False,10810800,700.1280000000002,14.166666666666668
2,3,7,1,2,0,False,10810800,700.1280000000002,13.636363636363635
2,3,7,1,1,1,True,10810800,676.7904000000003,14.545454545454545
2,3,7,0,3,0,False,3603600,689.5200000000002,14.0
2,3,7,0,2,1,False,7207200,700.1280000000002,14.0
2,3,7,0,1,2,False,3603600,647.0880000000002,15.0
2,3,6,4,0,0,False,6306300,698.88,13.571428571428573
2,3,6,3,1,0,False,25225200,713.8560000000002,13.846153846153845
2,3,6,2,2,0,False,37837800,718.848,13.333333333333334
2,3,6,2,1,1,True,37837800,694.8864000000001,14.166666666666668
2,3,6,1,3,0,False,25225200,713.8560000000001,13.636363636363635
2,3,6,1,2,1,True,50450400,724.8384000000001,13.636363636363635
2,3,6,1,1,2,True,25225200,669.9264000000001,14.545454545454545
2,3,6,0,4,0,False,6306300,698.88,14.0
2,3,6,0,3,1,False,18918900,738.816,13.0
2,3,6,0,2,2,False,18918900,718.848,14.0
2,3,6,0,1,3,False,6306300,638.9760000000001,15.0
2,3,5,5,0,0,False,7567560,702.0,14.0
2,3,5,4,1,0,False,37837800,720.72,13.571428571428573
2,3,5,3,2,0,False,75675600,730.08,13.076923076923077
2,3,5,3,1,1,True,75675600,705.7440000000001,13.846153846153845
2,3,5,2,3,0,False,75675600,730.0799999999999,13.333333333333334
2,3,5,2,2,1,True,151351200,741.3120000000001,13.333333333333334
2,3,5,2,1,2,True,75675600,685.1519999999999,14.166666666666668
2,3,5,1,4,0,False,37837800,720.7200000000001,13.636363636363635
2,3,5,1,3,1,True,113513400,761.904,12.727272727272727
2,3,5,1,2,2,True,113513400,741.3120000000001,12.727272727272727
2,3,5,1,1,3,True,37837800,658.9440000000002,14.545454545454545
2,3,5,0,5,0,False,7567560,702.0,14.0
2,3,5,0,4,1,False,30270240,767.5200000000001,13.0
2,3,5,0,3,2,False,45405360,776.8800000000001,13.0
2,3,5,0,2,3,False,30270240,730.08,13.0
2,3,5,0,1,4,False,7567560,627.1200000000001,15.0
2,3,4,6,0,0,False,6306300,698.8800000000001,13.75
2,3,4,5,1,0,False,37837800,720.72,13.333333333333334
2,3,4,4,2,0,False,94594500,733.824,12.857142857142858
2,3,4,4,1,1,True,94594500,709.3632000000001,13.571428571428573
2,3,4,3,3,0,False,126126000,738.1920000000001,13.076923076923077
2,3,4,3,2,1,True,252252000,749.5488,13.076923076923077
2,3,4,3,1,2,True,126126000,692.7648000000002,13.846153846153845
2,3,4,2,4,0,False,94594500,733.824,13.333333333333334
2,3,4,2,3,1,True,283783500,775.7568,12.5
2,3,4,2,2,2,True,283783500,754.7904000000001,12.5
2,3,4,2,1,3,True,94594500,670.9248,14.166666666666668
2,3,4,1,5,0,False,37837800,720.7200000000001,13.636363636363635
2,3,4,1,4,1,True,151351200,787.9872000000001,12.727272727272727
2,3,4,1,3,2,True,227026800,797.5968000000003,11.818181818181817
2,3,4,1,2,3,True,151351200,749.5488,12.727272727272727
2,3,4,1,1,4,True,37837800,643.8432000000001,15.454545454545453
2,3,4,0,6,0,False,6306300,655.2,15.0
2,3,4,0,5,1,False,31531500,786.2400000000001,12.0
2,3,4,0,4,2,False,63063000,821.1840000000001,12.0
2,3,4,0,3,3,False,63063000,803.7120000000001,12.0
2,3,4,0,2,4,False,31531500,733.8240000000001,13.0
2,3,4,0,1,5,False,6306300,611.52,16.0
2,3,3,7,0,0,False,3603600,689.5200000000001,14.117647058823527
2,3,3,6,1,0,False,25225200,713.8560000000002,13.75
2,3,3,5,2,0,False,75675600,730.08,13.333333333333334
2,3,3,5,1,1,True,75675600,705.7440000000001,13.333333333333334
2,3,3,4,3,0,False,126126000,738.1920000000001,12.857142857142858
2,3,3,4,2,1,True,252252000,749.5488,12.857142857142858
2,3,3,4,1,2,True,126126000,692.7647999999999,13.571428571428573
2,3,3,3,4,0,False,126126000,738.1920000000001,13.076923076923077
2,3,3,3,3,1,True,378378000,780.3744,12.307692307692307
2,3,3,3,2,2,True,378378000,759.2832,13.076923076923077
2,3,3,3,1,3,True,126126000,674.9184,14.615384615384615
2,3,3,2,5,0,False,75675600,730.0799999999999,13.333333333333334
2,3,3,2,4,1,True,302702400,798.2208,12.5
2,3,3,2,3,2,True,454053600,807.9552000000002,11.666666666666668
2,3,3,2,2,3,True,302702400,759.2832000000001,12.5
2,3,3,2,1,4,True,75675600,652.2048,15.0
2,3,3,1,6,0,False,25225200,669.24,14.545454545454545
2,3,3,1,5,1,True,126126000,803.0880000000001,11.818181818181817
2,3,3,1,4,2,True,252252000,838.7808000000002,11.818181818181817
2,3,3,1,3,3,True,252252000,820.9344000000002,11.818181818181817
2,3,3,1,2,4,True,126126000,749.5488000000003,12.727272727272727
2,3,3,1,1,5,True,25225200,624.6240000000001,15.454545454545453
2,3,3,0,7,0,False,3603600,608.4,16.0
2,3,3,0,6,1,False,21621600,730.08,13.0
2,3,3,0,5,2,False,54054000,851.7600000000001,12.0
2,3,3,0,4,3,False,72072000,859.8720000000002,11.0
2,3,3,0,3,4,False,54054000,819.3120000000004,12.0
2,3,3,0,2,5,False,21621600,730.08,13.0
2,3,3,0,1,6,False,3603600,592.176,16.0
2,3,2,8,0,0,False,1351350,673.9200000000001,14.444444444444445
2,3,2,7,1,0,False,10810800,700.1280000000003,13.52941176470588
2,3,2,6,2,0,False,37837800,718.8480000000001,13.125
2,3,2,6,1,1,True,37837800,694.8864000000002,13.75
2,3,2,5,3,0,False,75675600,730.08,13.333333333333334
2,3,2,5,2,1,True,151351200,741.312,13.333333333333334
2,3,2,5,1,2,True,75675600,685.152,14.0
2,3,2,4,4,0,False,94594500,733.824,12.857142857142858
2,3,2,4,3,1,True,283783500,775.7567999999999,12.142857142857144
2,3,2,4,2,2,True,283783500,754.7903999999999,12.857142857142858
2,3,2,4,1,3,True,94594500,670.9247999999999,14.285714285714286
2,3,2,3,5,0,False,75675600,730.08,13.076923076923077
2,3,2,3,4,1,True,302702400,798.2208000000002,12.307692307692307
2,3,2,3,3,2,True,454053600,807.9552000000002,12.307692307692307
2,3,2,3,2,3,True,302702400,759.2832000000001,13.076923076923077
2,3,2,3,1,4,True,75675600,652.2048000000001,14.615384615384615
2,3,2,2,6,0,False,37837800,673.92,14.166666666666668
2,3,2,2,5,1,True,189189000,808.7040000000001,11.666666666666668
2,3,2,2,4,2,True,378378000,844.6464000000001,11.666666666666668
2,3,2,2,3,3,True,378378000,826.6752,11.666666666666668
2,3,2,2,2,4,True,189189000,754.7904000000002,12.5
2,3,2,2,1,5,True,37837800,628.992,15.0
2,3,2,1,7,0,False,10810800,617.7600000000001,15.454545454545453
2,3,2,1,6,1,True,64864800,741.3120000000001,12.727272727272727
2,3,2,1,5,2,True,162162000,864.8640000000003,10.909090909090908
2,3,2,1,4,3,True,216216000,873.1008000000002,10.909090909090908
2,3,2,1,3,4,True,162162000,831.9168000000003,11.818181818181817
2,3,2,1,2,5,True,64864800,741.3120000000001,12.727272727272727
2,3,2,1,1,6,True,10810800,601.2864000000001,16.363636363636363
2,3,2,0,8,0,False,1351350,561.6,17.0
2,3,2,0,7,1,False,9459450,673.9200000000001,14.0
2,3,2,0,6,2,False,28378350,786.2400000000001,12.0
2,3,2,0,5,3,False,47297250,898.5600000000001,11.0
2,3,2,0,4,4,False,47297250,883.5840000000003,11.0
2,3,2,0,3,5,False,28378350,823.6800000000002,12.0
2,3,2,0,2,6,False,9459450,718.848,14.0
2,3,2,0,1,7,False,1351350,569.0880000000001,17.0
2,3,1,9,0,0,False,300300,652.08,14.73684210526316
2,3,1,8,1,0,False,2702700,679.5360000000002,13.88888888888889
2,3,1,7,2,0,False,10810800,700.1280000000003,13.52941176470588
2,3,1,7,1,1,True,10810800,676.7904000000002,14.117647058823527
2,3,1,6,3,0,False,25225200,713.8560000000002,13.75
2,3,1,6,2,1,True,50450400,724.8384000000002,13.125
2,3,1,6,1,2,True,25225200,669.9264000000003,14.375
2,3,1,5,4,0,False,37837800,720.72,13.333333333333334
2,3,1,5,3,1,True,113513400,761.9040000000001,12.666666666666666
2,3,1,5,2,2,True,113513400,741.3120000000001,13.333333333333334
2,3,1,5,1,3,True,37837800,658.9440000000002,14.666666666666666
2,3,1,4,5,0,False,37837800,720.72,13.571428571428573
2,3,1,4,4,1,True,151351200,787.9872000000003,12.142857142857144
2,3,1,4,3,2,True,227026800,797.5968000000001,12.142857142857144
2,3,1,4,2,3,True,151351200,749.5488000000001,12.857142857142858
2,3,1,4,1,4,True,37837800,643.8432000000001,15.000000000000002
2,3,1,3,6,0,False,25225200,669.2400000000001,14.615384615384615
2,3,1,3,5,1,True,126126000,803.0880000000003,12.307692307692307
2,3,1,3,4,2,True,252252000,838.7808000000003,11.538461538461538
2,3,1,3,3,3,True,252252000,820.9344000000002,11.538461538461538
2,3,1,3,2,4,True,126126000,749.5488000000003,13.076923076923077
2,3,1,3,1,5,True,25225200,624.624,15.384615384615383
2,3,1,2,7,0,False,10810800,617.7600000000001,15.833333333333334
2,3,1,2,6,1,True,64864800,741.3120000000002,13.333333333333334
2,3,1,2,5,2,True,162162000,864.8640000000003,11.666666666666668
2,3,1,2,4,3,True,216216000,873.1008000000002,10.833333333333334
2,3,1,2,3,4,True,162162000,831.9168000000003,11.666666666666668
2,3,1,2,2,5,True,64864800,741.3120000000002,13.333333333333334
2,3,1,2,1,6,True,10810800,601.2864000000001,15.833333333333334
2,3,1,1,8,0,False,2702700,566.2800000000001,17.27272727272727
2,3,1,1,7,1,True,18918900,679.5360000000003,14.545454545454545
2,3,1,1,6,2,True,56756700,792.7920000000004,12.727272727272727
2,3,1,1,5,3,True,94594500,906.0480000000002,10.909090909090908
2,3,1,1,4,4,True,94594500,890.9472000000003,10.909090909090908
2,3,1,1,3,5,True,56756700,830.5440000000003,11.818181818181817
2,3,1,1,2,6,True,18918900,724.8384000000001,13.636363636363635
2,3,1,1,1,7,True,2702700,573.8304000000002,17.27272727272727
2,3,1,0,9,0,False,300300,514.8000000000001,19.0
2,3,1,0,8,1,False,2402400,617.7600000000002,16.0
2,3,1,0,7,2,False,8408400,720.7200000000003,14.0
2,3,1,0,6,3,False,16816800,823.6800000000002,12.0
2,3,1,0,5,4,False,21021000,926.6400000000002,11.0
2,3,1,0,4,5,False,16816800,892.3200000000002,11.0
2,3,1,0,3,6,False,8408400,816.8160000000001,12.0
2,3,1,0,2,7,False,2402400,700.1280000000002,14.0
2,3,1,0,1,8,False,300300,542.2560000000002,18.0
2,3,0,10,0,0,False,30030,624.0,15.5
2,3,0,9,1,0,False,300300,652.08,14.73684210526316
2,3,0,8,2,0,False,1351350,673.9200000000001,14.444444444444445
2,3,0,8,1,1,False,1351350,651.4560000000001,14.444444444444445
2,3,0,7,3,0,False,3603600,689.5200000000001,14.117647058823527
2,3,0,7,2,1,False,7207200,700.1280000000003,13.52941176470588
2,3,0,7,1,2,False,3603600,647.0880000000002,14.705882352941176
2,3,0,6,4,0,False,6306300,698.8800000000001,13.75
2,3,0,6,3,1,False,18918900,738.8160000000001,13.125
2,3,0,6,2,2,False,18918900,718.8480000000001,13.125
2,3,0,6,1,3,False,6306300,638.9760000000001,15.0
2,3,0,5,5,0,False,7567560,702.0,14.0
2,3,0,5,4,1,False,30270240,767.5200000000001,12.666666666666666
2,3,0,5,3,2,False,45405360,776.8800000000001,12.666666666666666
2,3,0,5,2,3,False,30270240,730.08,13.333333333333334
2,3,0,5,1,4,False,7567560,627.1200000000001,15.333333333333334
2,3,0,4,6,0,False,6306300,655.1999999999999,15.000000000000002
2,3,0,4,5,1,False,31531500,786.24,12.142857142857144
2,3,0,4,4,2,False,63063000,821.1840000000001,12.142857142857144
2,3,0,4,3,3,False,63063000,803.712,12.142857142857144
2,3,0,4,2,4,False,31531500,733.8240000000001,12.857142857142858
2,3,0,4,1,5,False,6306300,611.52,15.714285714285715
2,3,0,3,7,0,False,3603600,608.4,16.153846153846153
2,3,0,3,6,1,False,21621600,730.08,13.076923076923077
2,3,0,3,5,2,False,54054000,851.7600000000001,11.538461538461538
2,3,0,3,4,3,False,72072000,859.8720000000001,11.538461538461538
2,3,0,3,3,4,False,54054000,819.3120000000004,11.538461538461538
2,3,0,3,2,5,False,21621600,730.08,13.076923076923077
2,3,0,3,1,6,False,3603600,592.176,16.153846153846153
2,3,0,2,8,0,False,1351350,561.6,17.5
2,3,0,2,7,1,False,9459450,673.92,14.166666666666668
2,3,0,2,6,2,False,28378350,786.24,12.5
2,3,0,2,5,3,False,47297250,898.5600000000001,10.833333333333334
2,3,0,2,4,4,False,47297250,883.5840000000002,10.833333333333334
2,3,0,2,3,5,False,28378350,823.6800000000001,11.666666666666668
2,3,0,2,2,6,False,9459450,718.848,13.333333333333334
2,3,0,2,1,7,False,1351350,569.088,16.666666666666668
2,3,0,1,9,0,False,300300,514.8000000000001,19.09090909090909
2,3,0,1,8,1,False,2402400,617.7600000000001,15.454545454545453
2,3,0,1,7,2,False,8408400,720.7200000000001,13.636363636363635
2,3,0,1,6,3,False,16816800,823.6800000000002,11.818181818181817
2,3,0,1,5,4,False,21021000,926.6400000000002,10.909090909090908
2,3,0,1,4,5,False,16816800,892.3200000000002,10.909090909090908
2,3,0,1,3,6,False,8408400,816.816,11.818181818181817
2,3,0,1,2,7,False,2402400,700.128,13.636363636363635
2,3,0,1,1,8,False,300300,542.2560000000001,18.18181818181818
2,3,0,0,10,0,False,30030,468.0,21.0
2,3,0,0,9,1,False,270270,561.6,17.0
2,3,0,0,8,2,False,1081080,655.2,15.0
2,3,0,0,7,3,False,2522520,748.8000000000001,13.0
2,3,0,0,6,4,False,3783780,842.4000000000001,12.0
2,3,0,0,5,5,False,3783780,936.0,11.0
2,3,0,0,4,6,False,2522520,886.0799999999999,11.0
2,3,0,0,3,7,False,1081080,798.7200000000003,12.0
2,3,0,0,2,8,False,270270,673.9200000000001,14.0
2,3,0,0,1,9,False,30030,511.67999999999995,19.0
2,2,11,0,0,0,False,8190,504.0,19.0
2,2,10,1,0,0,False,90090,528.0,18.18181818181818
2,2,10,0,1,0,False,90090,528.0,18.0
2,2,9,2,0,0,False,450450,547.1999999999999,17.5
2,2,9,1,1,0,False,900900,551.7600000000001,17.27272727272727
2,2,9,0,2,0,False,450450,547.2,18.0
2,2,9,0,1,1,False,450450,528.96,18.0
2,2,8,3,0,0,False,1351350,561.6,16.923076923076923
2,2,8,2,1,0,False,4054050,570.24,16.666666666666668
2,2,8,1,2,0,False,4054050,570.24,17.27272727272727
2,2,8,1,1,1,True,4054050,551.2320000000002,17.27272727272727
2,2,8,0,3,0,False,1351350,561.6,17.0
2,2,8,0,2,1,False,2702700,570.2400000000001,17.0
2,2,8,0,1,2,False,1351350,527.04,18.0
2,2,7,4,0,0,False,2702700,571.2,17.142857142857142
2,2,7,3,1,0,False,10810800,583.4400000000002,16.153846153846153
2,2,7,2,2,0,False,16216200,587.52,16.666666666666668
2,2,7,2,1,1,True,16216200,567.9360000000001,16.666666666666668
2,2,7,1,3,0,False,10810800,583.4400000000002,16.363636363636363
2,2,7,1,2,1,True,21621600,592.4160000000003,16.363636363636363
2,2,7,1,1,2,True,10810800,547.5360000000001,17.27272727272727
2,2,7,0,4,0,False,2702700,571.2,17.0
2,2,7,0,3,1,False,8108100,603.84,16.0
2,2,7,0,2,2,False,8108100,587.5200000000001,16.0
2,2,7,0,1,3,False,2702700,522.2400000000001,18.0
2,2,6,5,0,0,False,3783780,576.0,16.666666666666668
2,2,6,4,1,0,False,18918900,591.36,16.42857142857143
2,2,6,3,2,0,False,37837800,599.0400000000001,16.153846153846153
2,2,6,3,1,1,True,37837800,579.0720000000001,16.923076923076923
2,2,6,2,3,0,False,37837800,599.0400000000001,15.833333333333334
2,2,6,2,2,1,True,75675600,608.2560000000001,15.833333333333334
2,2,6,2,1,2,True,37837800,562.176,17.5
2,2,6,1,4,0,False,18918900,591.3600000000001,16.363636363636363
2,2,6,1,3,1,True,56756700,625.1520000000002,15.454545454545453
2,2,6,1,2,2,True,56756700,608.256,15.454545454545453
2,2,6,1,1,3,True,18918900,540.672,18.18181818181818
2,2,6,0,5,0,False,3783780,576.0,17.0
2,2,6,0,4,1,False,15135120,629.7600000000001,15.0
2,2,6,0,3,2,False,22702680,637.44,15.0
2,2,6,0,2,3,False,15135120,599.0400000000001,16.0
2,2,6,0,1,4,False,3783780,514.5600000000001,19.0
2,2,5,6,0,0,False,3783780,576.0,16.875
2,2,5,5,1,0,False,22702680,594.0000000000001,16.0
2,2,5,4,2,0,False,56756700,604.8,15.714285714285715
2,2,5,4,1,1,True,56756700,584.6400000000001,16.42857142857143
2,2,5,3,3,0,False,75675600,608.4,16.153846153846153
2,2,5,3,2,1,True,151351200,617.7600000000001,15.384615384615383
2,2,5,3,1,2,True,75675600,570.96,16.923076923076923
2,2,5,2,4,0,False,56756700,604.8,15.833333333333334
2,2,5,2,3,1,True,170270100,639.36,15.0
2,2,5,2,2,2,True,170270100,622.0799999999999,15.833333333333334
2,2,5,2,1,3,True,56756700,552.96,17.5
2,2,5,1,5,0,False,22702680,594.0,16.363636363636363
2,2,5,1,4,1,True,90810720,649.44,14.545454545454545
2,2,5,1,3,2,True,136216080,657.3600000000002,14.545454545454545
2,2,5,1,2,3,True,90810720,617.7600000000001,15.454545454545453
2,2,5,1,1,4,True,22702680,530.6400000000001,18.18181818181818
2,2,5,0,6,0,False,3783780,540.0,18.0
2,2,5,0,5,1,False,18918900,648.0,15.0
2,2,5,0,4,2,False,37837800,676.8000000000001,14.0
2,2,5,0,3,3,False,37837800,662.4000000000001,15.0
2,2,5,0,2,4,False,18918900,604.8000000000001,16.0
2,2,5,0,1,5,False,3783780,504.0,19.0
2,2,4,7,0,0,False,2702700,571.2,16.470588235294116
2,2,4,6,1,0,False,18918900,591.3600000000001,16.25
2,2,4,5,2,0,False,56756700,604.8000000000001,16.0
2,2,4,5,1,1,True,56756700,584.6400000000001,16.666666666666668
2,2,4,4,3,0,False,94594500,611.52,15.714285714285715
2,2,4,4,2,1,True,189189000,620.9279999999999,15.714285714285715
2,2,4,4,1,2,True,94594500,573.888,16.42857142857143
2,2,4,3,4,0,False,94594500,611.5200000000001,15.384615384615383
2,2,4,3,3,1,True,283783500,646.464,14.615384615384615
2,2,4,3,2,2,True,283783500,628.992,15.384615384615383
2,2,4,3,1,3,True,94594500,559.104,16.923076923076923
2,2,4,2,5,0,False,56756700,604.8,15.833333333333334
2,2,4,2,4,1,True,227026800,661.248,15.0
2,2,4,2,3,2,True,340540200,669.3120000000001,14.166666666666668
2,2,4,2,2,3,True,227026800,628.9920000000001,15.0
2,2,4,2,1,4,True,56756700,540.288,17.5
2,2,4,1,6,0,False,18918900,554.4000000000001,17.27272727272727
2,2,4,1,5,1,True,94594500,665.2800000000001,14.545454545454545
2,2,4,1,4,2,True,189189000,694.8480000000001,13.636363636363635
2,2,4,1,3,3,True,189189000,680.0640000000002,14.545454545454545
2,2,4,1,2,4,True,94594500,620.9280000000001,15.454545454545453
2,2,4,1,1,5,True,18918900,517.44,18.18181818181818
2,2,4,0,7,0,False,2702700,504.0,19.0
2,2,4,0,6,1,False,16216200,604.8000000000001,16.0
2,2,4,0,5,2,False,40540500,705.6,14.0
2,2,4,0,4,3,False,54054000,712.3200000000002,14.0
2,2,4,0,3,4,False,40540500,678.7200000000003,14.0
2,2,4,0,2,5,False,16216200,604.8000000000001,16.0
2,2,4,0,1,6,False,2702700,490.55999999999995,20.0
2,2,3,8,0,0,False,1351350,561.6,17.22222222222222
2,2,3,7,1,0,False,10810800,583.4400000000002,16.470588235294116
2,2,3,6,2,0,False,37837800,599.0400000000001,16.25
2,2,3,6,1,1,True,37837800,579.0720000000001,16.25
2,2,3,5,3,0,False,75675600,608.4000000000001,16.0
2,2,3,5,2,1,True,151351200,617.7600000000001,15.333333333333334
2,2,3,5,1,2,True,75675600,570.96,16.666666666666668
2,2,3,4,4,0,False,94594500,611.52,15.714285714285715
2,2,3,4,3,1,True,283783500,646.464,15.000000000000002
2,2,3,4,2,2,True,283783500,628.992,15.000000000000002
2,2,3,4,1,3,True,94594500,559.1039999999999,17.142857142857142
2,2,3,3,5,0,False,75675600,608.4,16.153846153846153
2,2,3,3,4,1,True,302702400,665.1840000000001,14.615384615384615
2,2,3,3,3,2,True,454053600,673.2960000000002,14.615384615384615
2,2,3,3,2,3,True,302702400,632.7360000000001,15.384615384615383
2,2,3,3,1,4,True,75675600,543.504,17.692307692307693
2,2,3,2,6,0,False,37837800,561.6,17.5
2,2,3,2,5,1,True,189189000,673.92,14.166666666666668
2,2,3,2,4,2,True,378378000,703.8720000000001,14.166666666666668
2,2,3,2,3,3,True,378378000,688.8960000000001,14.166666666666668
2,2,3,2,2,4,True,189189000,628.9920000000001,15.0
2,2,3,2,1,5,True,37837800,524.16,18.333333333333336
2,2,3,1,7,0,False,10810800,514.8000000000001,19.09090909090909
2,2,3,1,6,1,True,64864800,617.7600000000001,15.454545454545453
2,2,3,1,5,2,True,162162000,720.7200000000001,13.636363636363635
2,2,3,1,4,3,True,216216000,727.5840000000002,13.636363636363635
2,2,3,1,3,4,True,162162000,693.2640000000004,13.636363636363635
2,2,3,1,2,5,True,64864800,617.7600000000001,15.454545454545453
2,2,3,1,1,6,True,10810800,501.072,19.09090909090909
2,2,3,0,8,0,False,1351350,468.0,21.0
2,2,3,0,7,1,False,9459450,561.6,17.0
2,2,3,0,6,2,False,28378350,655.2,15.0
2,2,3,0,5,3,False,47297250,748.8000000000001,13.0
2,2,3,0,4,4,False,47297250,736.3200000000002,13.0
2,2,3,0,3,5,False,28378350,686.4000000000001,14.0
2,2,3,0,2,6,False,9459450,599.04,16.0
2,2,3,0,1,7,False,1351350,474.24,20.0
2,2,2,9,0,0,False,450450,547.1999999999999,17.36842105263158
2,2,2,8,1,0,False,4054050,570.2400000000001,16.666666666666668
2,2,2,7,2,0,False,16216200,587.5200000000001,16.470588235294116
2,2,2,7,1,1,True,16216200,567.9360000000001,17.058823529411764
2,2,2,6,3,0,False,37837800,599.0400000000001,16.25
2,2,2,6,2,1,True,75675600,608.2560000000002,15.625
2,2,2,6,1,2,True,37837800,562.176,16.875
2,2,2,5,4,0,False,56756700,604.8,16.0
2,2,2,5,3,1,True,170270100,639.36,15.333333333333334
2,2,2,5,2,2,True,170270100,622.08,15.333333333333334
2,2,2,5,1,3,True,56756700,552.96,17.333333333333332
2,2,2,4,5,0,False,56756700,604.8,15.714285714285715
2,2,2,4,4,1,True,227026800,661.2480000000002,14.285714285714286
2,2,2,4,3,2,True,340540200,669.312,14.285714285714286
2,2,2,4,2,3,True,227026800,628.992,15.000000000000002
2,2,2,4,1,4,True,56756700,540.288,17.857142857142858
2,2,2,3,6,0,False,37837800,561.6,16.923076923076923
2,2,2,3,5,1,True,189189000,673.92,14.615384615384615
2,2,2,3,4,2,True,378378000,703.8720000000001,13.846153846153845
2,2,2,3,3,3,True,378378000,688.896,13.846153846153845
2,2,2,3,2,4,True,189189000,628.9920000000002,15.384615384615383
2,2,2,3,1,5,True,37837800,524.16,18.46153846153846
2,2,2,2,7,0,False,16216200,518.4,18.333333333333336
2,2,2,2,6,1,True,97297200,622.0799999999999,15.833333333333334
2,2,2,2,5,2,True,243243000,725.7600000000001,13.333333333333334
2,2,2,2,4,3,True,324324000,732.672,13.333333333333334
2,2,2,2,3,4,True,243243000,698.1120000000001,14.166666666666668
2,2,2,2,2,5,True,97297200,622.0799999999999,15.833333333333334
2,2,2,2,1,6,True,16216200,504.576,19.166666666666668
2,2,2,1,8,0,False,4054050,475.20000000000005,20.0
2,2,2,1,7,1,True,28378350,570.24,17.27272727272727
2,2,2,1,6,2,True,85135050,665.2800000000001,14.545454545454545
2,2,2,1,5,3,True,141891750,760.3200000000002,12.727272727272727
2,2,2,1,4,4,True,141891750,747.6480000000003,12.727272727272727
2,2,2,1,3,5,True,85135050,696.9600000000002,13.636363636363635
2,2,2,1,2,6,True,28378350,608.256,15.454545454545453
2,2,2,1,1,7,True,4054050,481.5360000000001,20.0
2,2,2,0,9,0,False,450450,432.0,22.0
2,2,2,0,8,1,False,3603600,518.4,19.0
2,2,2,0,7,2,False,12612600,604.8000000000001,16.0
2,2,2,0,6,3,False,25225200,691.2,14.0
2,2,2,0,5,4,False,31531500,777.6000000000001,13.0
2,2,2,0,4,5,False,25225200,748.8000000000001,13.0
2,2,2,0,3,6,False,12612600,685.44,14.0
2,2,2,0,2,7,False,3603600,587.52,16.0
2,2,2,0,1,8,False,450450,455.0400000000001,21.0
2,2,1,10,0,0,False,90090,528.0,18.0
2,2,1,9,1,0,False,900900,551.76,17.36842105263158
2,2,1,8,2,0,False,4054050,570.24,16.666666666666668
2,2,1,8,1,1,True,4054050,551.2320000000001,17.22222222222222
2,2,1,7,3,0,False,10810800,583.4400000000002,16.470588235294116
2,2,1,7,2,1,True,21621600,592.416,15.88235294117647
2,2,1,7,1,2,True,10810800,547.5360000000001,17.64705882352941
2,2,1,6,4,0,False,18918900,591.36,16.25
2,2,1,6,3,1,True,56756700,625.152,15.625
2,2,1,6,2,2,True,56756700,608.2560000000001,15.625
2,2,1,6,1,3,True,18918900,540.6720000000001,17.5
2,2,1,5,5,0,False,22702680,594.0,16.0
2,2,1,5,4,1,True,90810720,649.44,14.666666666666666
2,2,1,5,3,2,True,136216080,657.3600000000001,14.666666666666666
2,2,1,5,2,3,True,90810720,617.7600000000001,15.333333333333334
2,2,1,5,1,4,True,22702680,530.6400000000001,18.0
2,2,1,4,6,0,False,18918900,554.4,17.142857142857142
2,2,1,4,5,1,True,94594500,665.28,14.285714285714286
2,2,1,4,4,2,True,189189000,694.8480000000001,13.571428571428573
2,2,1,4,3,3,True,189189000,680.0640000000001,14.285714285714286
2,2,1,4,2,4,True,94594500,620.9280000000001,15.714285714285715
2,2,1,4,1,5,True,18918900,517.4399999999999,18.571428571428573
2,2,1,3,7,0,False,10810800,514.8000000000001,18.46153846153846
2,2,1,3,6,1,True,64864800,617.7600000000001,15.384615384615383
2,2,1,3,5,2,True,162162000,720.72,13.076923076923077
2,2,1,3,4,3,True,216216000,727.5840000000001,13.076923076923077
2,2,1,3,3,4,True,162162000,693.2640000000001,13.846153846153845
2,2,1,3,2,5,True,64864800,617.7600000000001,15.384615384615383
2,2,1,3,1,6,True,10810800,501.0720000000001,19.23076923076923
2,2,1,2,8,0,False,4054050,475.2,20.0
2,2,1,2,7,1,True,28378350,570.24,16.666666666666668
2,2,1,2,6,2,True,85135050,665.28,14.166666666666668
2,2,1,2,5,3,True,141891750,760.32,12.5
2,2,1,2,4,4,True,141891750,747.648,13.333333333333334
2,2,1,2,3,5,True,85135050,696.96,14.166666666666668
2,2,1,2,2,6,True,28378350,608.2560000000001,15.833333333333334
2,2,1,2,1,7,True,4054050,481.536,20.0
2,2,1,1,9,0,False,900900,435.6,21.818181818181817
2,2,1,1,8,1,True,7207200,522.7200000000001,18.18181818181818
2,2,1,1,7,2,True,25225200,609.84,15.454545454545453
2,2,1,1,6,3,True,50450400,696.96,13.636363636363635
2,2,1,1,5,4,True,63063000,784.0800000000003,12.727272727272727
2,2,1,1,4,5,True,50450400,755.0400000000002,12.727272727272727
2,2,1,1,3,6,True,25225200,691.1520000000002,13.636363636363635
2,2,1,1,2,7,True,7207200,592.4160000000002,16.363636363636363
2,2,1,1,1,8,True,900900,458.83200000000005,20.909090909090907
2,2,1,0,10,0,False,90090,396.0,24.0
2,2,1,0,9,1,False,810810,475.20000000000005,20.0
2,2,1,0,8,2,False,3243240,554.4,17.0
2,2,1,0,7,3,False,7567560,633.6,15.0
2,2,1,0,6,4,False,11351340,712.8000000000002,14.0
2,2,1,0,5,5,False,11351340,792.0,12.0
2,2,1,0,4,6,False,7567560,749.76,13.0
2,2,1,0,3,7,False,3243240,675.8400000000001,14.0
2,2,1,0,2,8,False,810810,570.2400000000001,17.0
2,2,1,0,1,9,False,90090,432.96,22.0
2,2,0,11,0,0,False,8190,504.0,19.047619047619047
2,2,0,10,1,0,False,90090,528.0,18.0
2,2,0,9,2,0,False,450450,547.1999999999999,17.36842105263158
2,2,0,9,1,1,False,450450,528.96,17.894736842105264
2,2,0,8,3,0,False,1351350,561.6,17.22222222222222
2,2,0,8,2,1,False,2702700,570.24,16.666666666666668
2,2,0,8,1,2,False,1351350,527.0400000000001,18.333333333333332
2,2,0,7,4,0,False,2702700,571.2,16.470588235294116
2,2,0,7,3,1,False,8108100,603.8400000000001,15.88235294117647
2,2,0,7,2,2,False,8108100,587.5200000000001,16.470588235294116
2,2,0,7,1,3,False,2702700,522.2400000000001,18.235294117647058
2,2,0,6,5,0,False,3783780,576.0,16.875
2,2,0,6,4,1,False,15135120,629.7600000000002,15.0
2,2,0,6,3,2,False,22702680,637.4400000000002,15.0
2,2,0,6,2,3,False,15135120,599.0400000000001,16.25
2,2,0,6,1,4,False,3783780,514.5600000000001,18.75
2,2,0,5,6,0,False,3783780,540.0,18.0
2,2,0,5,5,1,False,18918900,648.0,14.666666666666666
2,2,0,5,4,2,False,37837800,676.8000000000001,14.0
2,2,0,5,3,3,False,37837800,662.4000000000001,14.666666666666666
2,2,0,5,2,4,False,18918900,604.8000000000001,16.0
2,2,0,5,1,5,False,3783780,504.0,18.666666666666668
2,2,0,4,7,0,False,2702700,503.99999999999994,19.28571428571429
2,2,0,4,6,1,False,16216200,604.8,15.714285714285715
2,2,0,4,5,2,False,40540500,705.5999999999999,13.571428571428573
2,2,0,4,4,3,False,54054000,712.3199999999999,13.571428571428573
2,2,0,4,3,4,False,40540500,678.7200000000001,14.285714285714286
2,2,0,4,2,5,False,16216200,604.8,15.714285714285715
2,2,0,4,1,6,False,2702700,490.56,19.28571428571429
2,2,0,3,8,0,False,1351350,468.0,20.76923076923077
2,2,0,3,7,1,False,9459450,561.6,16.923076923076923
2,2,0,3,6,2,False,28378350,655.2,14.615384615384615
2,2,0,3,5,3,False,47297250,748.8000000000001,13.076923076923077
2,2,0,3,4,4,False,47297250,736.3200000000002,13.076923076923077
2,2,0,3,3,5,False,28378350,686.4,13.846153846153845
2,2,0,3,2,6,False,9459450,599.0400000000001,16.153846153846153
2,2,0,3,1,7,False,1351350,474.24,20.0
2,2,0,2,9,0,False,450450,432.0,22.5
2,2,0,2,8,1,False,3603600,518.4,18.333333333333336
2,2,0,2,7,2,False,12612600,604.8,15.833333333333334
2,2,0,2,6,3,False,25225200,691.1999999999999,14.166666666666668
2,2,0,2,5,4,False,31531500,777.6,12.5
2,2,0,2,4,5,False,25225200,748.8,13.333333333333334
2,2,0,2,3,6,False,12612600,685.44,14.166666666666668
2,2,0,2,2,7,False,3603600,587.52,16.666666666666668
2,2,0,2,1,8,False,450450,455.04,20.833333333333336
2,2,0,1,10,0,False,90090,396.00000000000006,24.545454545454543
2,2,0,1,9,1,False,810810,475.20000000000005,20.0
2,2,0,1,8,2,False,3243240,554.4000000000001,17.27272727272727
2,2,0,1,7,3,False,7567560,633.6,15.454545454545453
2,2,0,1,6,4,False,11351340,712.8000000000001,13.636363636363635
2,2,0,1,5,5,False,11351340,792.0000000000001,12.727272727272727
2,2,0,1,4,6,False,7567560,749.7600000000001,12.727272727272727
2,2,0,1,3,7,False,3243240,675.8400000000001,14.545454545454545
2,2,0,1,2,8,False,810810,570.24,17.27272727272727
2,2,0,1,1,9,False,90090,432.96,21.818181818181817
2,2,0,0,11,0,False,8190,360.0,27.0
2,2,0,0,10,1,False,81900,432.0,22.0
2,2,0,0,9,2,False,368550,504.0,19.0
2,2,0,0,8,3,False,982800,576.0,17.0
2,2,0,0,7,4,False,1719900,648.0,15.0
2,2,0,0,6,5,False,2063880,720.0,14.0
2,2,0,0,5,6,False,1719900,792.0,12.0
2,2,0,0,4,7,False,982800,739.2,13.0
2,2,0,0,3,8,False,368550,657.6000000000001,15.0
2,2,0,0,2,9,False,81900,547.1999999999999,18.0
2,2,0,0,1,10,False,8190,408.00000000000006,24.0
2,1,12,0,0,0,False,1365,369.6000000000001,26.0
2,1,11,1,0,0,False,16380,388.08000000000004,24.545454545454543
2,1,11,0,1,0,False,16380,388.08000000000004,25.0
2,1,10,2,0,0,False,90090,403.2,23.333333333333336
2,1,10,1,1,0,False,180180,406.5600000000001,23.636363636363633
2,1,10,0,2,0,False,90090,403.20000000000005,24.0
2,1,10,0,1,1,False,90090,389.76000000000005,25.0
2,1,9,3,0,0,False,300300,414.9600000000001,23.076923076923077
2,1,9,2,1,0,False,900900,421.34400000000005,22.5
2,1,9,1,2,0,False,900900,421.344,22.727272727272727
2,1,9,1,1,1,True,900900,407.2992000000001,23.636363636363633
2,1,9,0,3,0,False,300300,414.96000000000004,23.0
2,1,9,0,2,1,False,600600,421.34400000000005,23.0
2,1,9,0,1,2,False,300300,389.424,25.0
2,1,8,4,0,0,False,675675,423.36,22.857142857142858
2,1,8,3,1,0,False,2702700,432.4320000000001,22.307692307692307
2,1,8,2,2,0,False,4054050,435.45599999999996,21.666666666666668
2,1,8,2,1,1,True,4054050,420.94080000000014,22.5
2,1,8,1,3,0,False,2702700,432.43200000000013,21.818181818181817
2,1,8,1,2,1,True,5405400,439.0848000000001,21.818181818181817
2,1,8,1,1,2,True,2702700,405.8208,23.636363636363633
2,1,8,0,4,0,False,675675,423.35999999999996,23.0
2,1,8,0,3,1,False,2027025,447.55199999999996,22.0
2,1,8,0,2,2,False,2027025,435.45599999999996,22.0
2,1,8,0,1,3,False,675675,387.07200000000006,25.0
2,1,7,5,0,0,False,1081080,428.4000000000001,22.0
2,1,7,4,1,0,False,5405400,439.82400000000007,21.42857142857143
2,1,7,3,2,0,False,10810800,445.53600000000006,21.538461538461537
2,1,7,3,1,1,True,10810800,430.68480000000017,22.307692307692307
2,1,7,2,3,0,False,10810800,445.5360000000001,21.666666666666668
2,1,7,2,2,1,True,21621600,452.39040000000017,20.833333333333336
2,1,7,2,1,2,True,10810800,418.11840000000007,22.5
2,1,7,1,4,0,False,5405400,439.8240000000001,21.818181818181817
2,1,7,1,3,1,True,16216200,464.95680000000016,20.909090909090907
2,1,7,1,2,2,True,16216200,452.3904000000001,20.909090909090907
2,1,7,1,1,3,True,5405400,402.12480000000016,23.636363636363633
2,1,7,0,5,0,False,1081080,428.4000000000001,22.0
2,1,7,0,4,1,False,4324320,468.3840000000001,21.0
2,1,7,0,3,2,False,6486480,474.0960000000001,20.0
2,1,7,0,2,3,False,4324320,445.53600000000006,22.0
2,1,7,0,1,4,False,1081080,382.7040000000001,25.0
2,1,6,6,0,0,False,1261260,430.08000000000004,21.875
2,1,6,5,1,0,False,7567560,443.52,21.333333333333332
2,1,6,4,2,0,False,18918900,451.58399999999995,21.42857142857143
2,1,6,4,1,1,True,18918900,436.53120000000007,22.142857142857146
2,1,6,3,3,0,False,25225200,454.2720000000001,20.76923076923077
2,1,6,3,2,1,True,50450400,461.2608000000001,20.76923076923077
2,1,6,3,1,2,True,25225200,426.31680000000006,22.307692307692307
2,1,6,2,4,0,False,18918900,451.584,20.833333333333336
2,1,6,2,3,1,True,56756700,477.3888,20.0
2,1,6,2,2,2,True,56756700,464.4864,20.833333333333336
2,1,6,2,1,3,True,18918900,412.8768,23.333333333333336
2,1,6,1,5,0,False,7567560,443.5200000000001,21.818181818181817
2,1,6,1,4,1,True,30270240,484.91520000000014,20.0
2,1,6,1,3,2,True,45405360,490.82880000000006,20.0
2,1,6,1,2,3,True,30270240,461.2608,20.909090909090907
2,1,6,1,1,4,True,7567560,396.2112,24.545454545454543
2,1,6,0,6,0,False,1261260,403.20000000000005,24.0
2,1,6,0,5,1,False,6306300,483.8400000000001,20.0
2,1,6,0,4,2,False,12612600,505.34400000000005,19.0
2,1,6,0,3,3,False,12612600,494.59200000000004,20.0
2,1,6,0,2,4,False,6306300,451.58400000000006,21.0
2,1,6,0,1,5,False,1261260,376.32,25.0
2,1,5,7,0,0,False,1081080,428.40000000000003,22.352941176470587
2,1,5,6,1,0,False,7567560,443.52,21.25
2,1,5,5,2,0,False,22702680,453.6,21.333333333333332
2,1,5,5,1,1,True,22702680,438.4800000000001,22.0
2,1,5,4,3,0,False,37837800,458.64,20.714285714285715
2,1,5,4,2,1,True,75675600,465.696,20.714285714285715
2,1,5,4,1,2,True,37837800,430.41600000000005,22.142857142857146
2,1,5,3,4,0,False,37837800,458.64000000000004,20.76923076923077
2,1,5,3,3,1,True,113513400,484.84800000000007,20.0
2,1,5,3,2,2,True,113513400,471.744,20.0
2,1,5,3,1,3,True,37837800,419.32800000000003,23.076923076923077
2,1,5,2,5,0,False,22702680,453.59999999999997,20.833333333333336
2,1,5,2,4,1,True,90810720,495.93600000000004,19.166666666666668
2,1,5,2,3,2,True,136216080,501.9840000000001,19.166666666666668
2,1,5,2,2,3,True,90810720,471.744,20.0
2,1,5,2,1,4,True,22702680,405.21600000000007,23.333333333333336
2,1,5,1,6,0,False,7567560,415.8,22.727272727272727
2,1,5,1,5,1,True,37837800,498.9600000000001,19.09090909090909
2,1,5,1,4,2,True,75675600,521.1360000000001,18.18181818181818
2,1,5,1,3,3,True,75675600,510.0480000000001,19.09090909090909
2,1,5,1,2,4,True,37837800,465.69600000000014,20.909090909090907
2,1,5,1,1,5,True,7567560,388.08000000000004,24.545454545454543
2,1,5,0,7,0,False,1081080,378.0,25.0
2,1,5,0,6,1,False,6486480,453.6,21.0
2,1,5,0,5,2,False,16216200,529.2,18.0
2,1,5,0,4,3,False,21621600,534.2400000000001,18.0
2,1,5,0,3,4,False,16216200,509.0400000000002,19.0
2,1,5,0,2,5,False,6486480,453.6,21.0
2,1,5,0,1,6,False,1081080,367.92,26.0
2,1,4,8,0,0,False,675675,423.36,22.22222222222222
2,1,4,7,1,0,False,5405400,439.82400000000007,21.76470588235294
2,1,4,6,2,0,False,18918900,451.58400000000006,21.25
2,1,4,6,1,1,True,18918900,436.5312000000001,21.875
2,1,4,5,3,0,False,37837800,458.64,20.666666666666668
2,1,4,5,2,1,True,75675600,465.6960000000001,20.666666666666668
2,1,4,5,1,2,True,37837800,430.41600000000005,22.0
2,1,4,4,4,0,False,47297250,460.9919999999999,20.714285714285715
2,1,4,4,3,1,True,141891750,487.33439999999996,20.0
2,1,4,4,2,2,True,141891750,474.16319999999996,20.0
2,1,4,4,1,3,True,47297250,421.47839999999997,22.857142857142858
2,1,4,3,5,0,False,37837800,458.64000000000004,20.76923076923077
2,1,4,3,4,1,True,151351200,501.4464000000001,19.23076923076923
2,1,4,3,3,2,True,227026800,507.56160000000006,19.23076923076923
2,1,4,3,2,3,True,151351200,476.98560000000003,20.0
2,1,4,3,1,4,True,37837800,409.7184000000001,23.076923076923077
2,1,4,2,6,0,False,18918900,423.36,22.5
2,1,4,2,5,1,True,94594500,508.03200000000004,19.166666666666668
2,1,4,2,4,2,True,189189000,530.6112,18.333333333333336
2,1,4,2,3,3,True,189189000,519.3216,18.333333333333336
2,1,4,2,2,4,True,94594500,474.1632000000001,20.0
2,1,4,2,1,5,True,18918900,395.13599999999997,24.166666666666668
2,1,4,1,7,0,False,5405400,388.08000000000004,24.545454545454543
2,1,4,1,6,1,True,32432400,465.69600000000014,20.909090909090907
2,1,4,1,5,2,True,81081000,543.312,18.18181818181818
2,1,4,1,4,3,True,108108000,548.4864000000001,17.27272727272727
2,1,4,1,3,4,True,81081000,522.6144000000002,18.18181818181818
2,1,4,1,2,5,True,32432400,465.69600000000014,20.909090909090907
2,1,4,1,1,6,True,5405400,377.7312000000001,25.454545454545453
2,1,4,0,8,0,False,675675,352.8,27.0
2,1,4,0,7,1,False,4729725,423.36000000000007,23.0
2,1,4,0,6,2,False,14189175,493.92,20.0
2,1,4,0,5,3,False,23648625,564.48,17.0
2,1,4,0,4,4,False,23648625,555.0720000000001,17.0
2,1,4,0,3,5,False,14189175,517.44,19.0
2,1,4,0,2,6,False,4729725,451.58400000000006,21.0
2,1,4,0,1,7,False,675675,357.504,27.0
2,1,3,9,0,0,False,300300,414.96,23.157894736842106
2,1,3,8,1,0,False,2702700,432.432,22.22222222222222
2,1,3,7,2,0,False,10810800,445.536,21.176470588235293
2,1,3,7,1,1,True,10810800,430.6848000000001,22.352941176470587
2,1,3,6,3,0,False,25225200,454.27200000000005,21.25
2,1,3,6,2,1,True,50450400,461.2608,20.625
2,1,3,6,1,2,True,25225200,426.31680000000006,22.5
2,1,3,5,4,0,False,37837800,458.64,20.666666666666668
2,1,3,5,3,1,True,113513400,484.84800000000007,20.0
2,1,3,5,2,2,True,113513400,471.744,20.0
2,1,3,5,1,3,True,37837800,419.32800000000003,22.666666666666668
2,1,3,4,5,0,False,37837800,458.64,20.714285714285715
2,1,3,4,4,1,True,151351200,501.44640000000004,19.28571428571429
2,1,3,4,3,2,True,227026800,507.5616000000001,18.571428571428573
2,1,3,4,2,3,True,151351200,476.9856,20.0
2,1,3,4,1,4,True,37837800,409.7184000000001,23.571428571428573
2,1,3,3,6,0,False,25225200,425.88000000000005,22.307692307692307
2,1,3,3,5,1,True,126126000,511.0560000000001,18.46153846153846
2,1,3,3,4,2,True,252252000,533.7696000000001,17.692307692307693
2,1,3,3,3,3,True,252252000,522.4128000000001,18.46153846153846
2,1,3,3,2,4,True,126126000,476.98560000000003,20.0
2,1,3,3,1,5,True,25225200,397.488,23.846153846153847
2,1,3,2,7,0,False,10810800,393.12,24.166666666666668
2,1,3,2,6,1,True,64864800,471.744,20.0
2,1,3,2,5,2,True,162162000,550.368,17.5
2,1,3,2,4,3,True,216216000,555.6096,17.5
2,1,3,2,3,4,True,162162000,529.4016000000001,18.333333333333336
2,1,3,2,2,5,True,64864800,471.744,20.0
2,1,3,2,1,6,True,10810800,382.63680000000005,25.0
2,1,3,1,8,0,False,2702700,360.36000000000007,26.36363636363636
2,1,3,1,7,1,True,18918900,432.43200000000013,21.818181818181817
2,1,3,1,6,2,True,56756700,504.50400000000013,19.09090909090909
2,1,3,1,5,3,True,94594500,576.576,16.363636363636363
2,1,3,1,4,4,True,94594500,566.9664000000001,17.27272727272727
2,1,3,1,3,5,True,56756700,528.528,18.18181818181818
2,1,3,1,2,6,True,18918900,461.2608,20.909090909090907
2,1,3,1,1,7,True,2702700,365.16480000000007,26.36363636363636
2,1,3,0,9,0,False,300300,327.6,29.0
2,1,3,0,8,1,False,2402400,393.12000000000006,24.0
2,1,3,0,7,2,False,8408400,458.6400000000001,21.0
2,1,3,0,6,3,False,16816800,524.16,18.0
2,1,3,0,5,4,False,21021000,589.6800000000001,16.0
2,1,3,0,4,5,False,16816800,567.84,17.0
2,1,3,0,3,6,False,8408400,519.792,19.0
2,1,3,0,2,7,False,2402400,445.536,22.0
2,1,3,0,1,8,False,300300,345.07200000000006,28.0
2,1,2,10,0,0,False,90090,403.20000000000005,23.5
2,1,2,9,1,0,False,900900,421.34400000000005,22.63157894736842
2,1,2,8,2,0,False,4054050,435.45599999999996,21.666666666666668
2,1,2,8,1,1,True,4054050,420.9408000000001,22.77777777777778
2,1,2,7,3,0,False,10810800,445.5360000000001,21.176470588235293
2,1,2,7,2,1,True,21621600,452.3904000000001,21.176470588235293
2,1,2,7,1,2,True,10810800,418.11840000000007,22.941176470588232
2,1,2,6,4,0,False,18918900,451.58399999999995,21.25
2,1,2,6,3,1,True,56756700,477.3888,20.0
2,1,2,6,2,2,True,56756700,464.48640000000006,20.625
2,1,2,6,1,3,True,18918900,412.8768,23.125
2,1,2,5,5,0,False,22702680,453.6,21.333333333333332
2,1,2,5,4,1,True,90810720,495.93600000000004,19.333333333333332
2,1,2,5,3,2,True,136216080,501.9840000000001,19.333333333333332
2,1,2,5,2,3,True,90810720,471.744,20.0
2,1,2,5,1,4,True,22702680,405.216,23.333333333333332
2,1,2,4,6,0,False,18918900,423.36,22.857142857142858
2,1,2,4,5,1,True,94594500,508.03200000000004,18.571428571428573
2,1,2,4,4,2,True,189189000,530.6112,17.857142857142858
2,1,2,4,3,3,True,189189000,519.3216,18.571428571428573
2,1,2,4,2,4,True,94594500,474.1632,20.0
2,1,2,4,1,5,True,18918900,395.1359999999999,24.28571428571429
2,1,2,3,7,0,False,10810800,393.12000000000006,24.615384615384613
2,1,2,3,6,1,True,64864800,471.7440000000001,20.0
2,1,2,3,5,2,True,162162000,550.3680000000002,17.692307692307693
2,1,2,3,4,3,True,216216000,555.6096000000001,16.923076923076923
2,1,2,3,3,4,True,162162000,529.4016000000003,18.46153846153846
2,1,2,3,2,5,True,64864800,471.7440000000001,20.0
2,1,2,3,1,6,True,10810800,382.63680000000005,24.615384615384613
2,1,2,2,8,0,False,4054050,362.88000000000005,26.666666666666668
2,1,2,2,7,1,True,28378350,435.4560000000001,21.666666666666668
2,1,2,2,6,2,True,85135050,508.03200000000004,19.166666666666668
2,1,2,2,5,3,True,141891750,580.608,16.666666666666668
2,1,2,2,4,4,True,141891750,570.9312000000001,16.666666666666668
2,1,2,2,3,5,True,85135050,532.224,18.333333333333336
2,1,2,2,2,6,True,28378350,464.4864,20.833333333333336
2,1,2,2,1,7,True,4054050,367.71840000000003,25.833333333333336
2,1,2,1,9,0,False,900900,332.64000000000004,29.09090909090909
2,1,2,1,8,1,True,7207200,399.16800000000006,23.636363636363633
2,1,2,1,7,2,True,25225200,465.69600000000014,20.909090909090907
2,1,2,1,6,3,True,50450400,532.224,18.18181818181818
2,1,2,1,5,4,True,63063000,598.7520000000001,16.363636363636363
2,1,2,1,4,5,True,50450400,576.5760000000001,16.363636363636363
2,1,2,1,3,6,True,25225200,527.7888,18.18181818181818
2,1,2,1,2,7,True,7207200,452.3904000000001,20.909090909090907
2,1,2,1,1,8,True,900900,350.3808,27.27272727272727
2,1,2,0,10,0,False,90090,302.40000000000003,32.0
2,1,2,0,9,1,False,810810,362.88000000000005,26.0
2,1,2,0,8,2,False,3243240,423.36000000000007,23.0
2,1,2,0,7,3,False,7567560,483.84,20.0
2,1,2,0,6,4,False,11351340,544.32,18.0
2,1,2,0,5,5,False,11351340,604.8000000000001,16.0
2,1,2,0,4,6,False,7567560,572.544,17.0
2,1,2,0,3,7,False,3243240,516.0960000000001,19.0
2,1,2,0,2,8,False,810810,435.4560000000001,22.0
2,1,2,0,1,9,False,90090,330.624,29.0
2,1,1,11,0,0,False,16380,388.0800000000001,24.285714285714285
2,1,1,10,1,0,False,180180,406.5600000000001,23.5
2,1,1,9,2,0,False,900900,421.34400000000005,22.63157894736842
2,1,1,9,1,1,True,900900,407.29920000000016,23.157894736842106
2,1,1,8,3,0,False,2702700,432.43200000000013,22.22222222222222
2,1,1,8,2,1,True,5405400,439.08480000000014,21.666666666666668
2,1,1,8,1,2,True,2702700,405.8208000000001,23.333333333333332
2,1,1,7,4,0,False,5405400,439.82400000000007,21.76470588235294
2,1,1,7,3,1,True,16216200,464.95680000000016,20.588235294117645
2,1,1,7,2,2,True,16216200,452.3904000000001,21.176470588235293
2,1,1,7,1,3,True,5405400,402.12480000000016,23.52941176470588
2,1,1,6,5,0,False,7567560,443.5200000000001,21.25
2,1,1,6,4,1,True,30270240,484.91520000000014,20.0
2,1,1,6,3,2,True,45405360,490.8288000000002,19.375
2,1,1,6,2,3,True,30270240,461.26080000000013,20.625
2,1,1,6,1,4,True,7567560,396.21120000000013,23.75
2,1,1,5,6,0,False,7567560,415.80000000000007,22.666666666666668
2,1,1,5,5,1,True,37837800,498.96000000000015,19.333333333333332
2,1,1,5,4,2,True,75675600,521.1360000000002,18.666666666666668
2,1,1,5,3,3,True,75675600,510.0480000000001,18.666666666666668
2,1,1,5,2,4,True,37837800,465.69600000000014,20.666666666666668
2,1,1,5,1,5,True,7567560,388.08000000000004,24.666666666666668
2,1,1,4,7,0,False,5405400,388.08000000000004,24.28571428571429
2,1,1,4,6,1,True,32432400,465.6960000000001,20.714285714285715
2,1,1,4,5,2,True,81081000,543.3120000000001,17.857142857142858
2,1,1,4,4,3,True,108108000,548.4864,17.142857142857142
2,1,1,4,3,4,True,81081000,522.6144000000002,18.571428571428573
2,1,1,4,2,5,True,32432400,465.6960000000001,20.714285714285715
2,1,1,4,1,6,True,5405400,377.73120000000006,25.0
2,1,1,3,8,0,False,2702700,360.36000000000007,26.153846153846153
2,1,1,3,7,1,True,18918900,432.43200000000013,22.307692307692307
2,1,1,3,6,2,True,56756700,504.50400000000013,19.23076923076923
2,1,1,3,5,3,True,94594500,576.5760000000001,16.923076923076923
2,1,1,3,4,4,True,94594500,566.9664000000002,16.923076923076923
2,1,1,3,3,5,True,56756700,528.5280000000001,18.46153846153846
2,1,1,3,2,6,True,18918900,461.2608000000001,20.76923076923077
2,1,1,3,1,7,True,2702700,365.1648000000001,26.153846153846153
2,1,1,2,9,0,False,900900,332.64000000000004,28.333333333333336
2,1,1,2,8,1,True,7207200,399.1680000000001,24.166666666666668
2,1,1,2,7,2,True,25225200,465.6960000000001,20.833333333333336
2,1,1,2,6,3,True,50450400,532.224,18.333333333333336
2,1,1,2,5,4,True,63063000,598.7520000000002,15.833333333333334
2,1,1,2,4,5,True,50450400,576.5760000000001,16.666666666666668
2,1,1,2,3,6,True,25225200,527.7888,18.333333333333336
2,1,1,2,2,7,True,7207200,452.39040000000006,20.833333333333336
2,1,1,2,1,8,True,900900,350.3808000000001,27.5
2,1,1,1,10,0,False,180180,304.9200000000001,30.909090909090907
2,1,1,1,9,1,True,1621620,365.90400000000017,26.36363636363636
2,1,1,1,8,2,True,6486480,426.88800000000015,22.727272727272727
2,1,1,1,7,3,True,15135120,487.8720000000001,20.0
2,1,1,1,6,4,True,22702680,548.8560000000002,17.27272727272727
2,1,1,1,5,5,True,22702680,609.8400000000001,15.454545454545453
2,1,1,1,4,6,True,15135120,577.3152000000001,16.363636363636363
2,1,1,1,3,7,True,6486480,520.3968000000002,18.18181818181818
2,1,1,1,2,8,True,1621620,439.08480000000014,21.818181818181817
2,1,1,1,1,9,True,180180,333.3792000000001,29.09090909090909
2,1,1,0,11,0,False,16380,277.20000000000005,34.0
2,1,1,0,10,1,False,163800,332.6400000000001,29.0
2,1,1,0,9,2,False,737100,388.0800000000001,25.0
2,1,1,0,8,3,False,1965600,443.5200000000001,22.0
2,1,1,0,7,4,False,3439800,498.96000000000015,19.0
2,1,1,0,6,5,False,4127760,554.4000000000001,17.0
2,1,1,0,5,6,False,3439800,609.84,16.0
2,1,1,0,4,7,False,1965600,569.1840000000001,17.0
2,1,1,0,3,8,False,737100,506.35200000000015,19.0
2,1,1,0,2,9,False,163800,421.34400000000005,23.0
2,1,1,0,1,10,False,16380,314.1600000000001,30.0
2,1,0,12,0,0,False,1365,369.6,25.454545454545453
2,1,0,11,1,0,False,16380,388.0800000000001,24.285714285714285
2,1,0,10,2,0,False,90090,403.20000000000005,23.5
2,1,0,10,1,1,False,90090,389.76000000000005,24.5
2,1,0,9,3,0,False,300300,414.96,23.157894736842106
2,1,0,9,2,1,False,600600,421.34399999999994,22.63157894736842
2,1,0,9,1,2,False,300300,389.424,24.210526315789476
2,1,0,8,4,0,False,675675,423.36,22.22222222222222
2,1,0,8,3,1,False,2027025,447.552,21.11111111111111
2,1,0,8,2,2,False,2027025,435.45599999999996,21.666666666666668
2,1,0,8,1,3,False,675675,387.07200000000006,24.444444444444443
2,1,0,7,5,0,False,1081080,428.40000000000003,22.352941176470587
2,1,0,7,4,1,False,4324320,468.3840000000001,20.588235294117645
2,1,0,7,3,2,False,6486480,474.0960000000001,19.999999999999996
2,1,0,7,2,3,False,4324320,445.5360000000001,21.176470588235293
2,1,0,7,1,4,False,1081080,382.7040000000001,24.705882352941174
2,1,0,6,6,0,False,1261260,403.20000000000005,23.75
2,1,0,6,5,1,False,6306300,483.8400000000001,20.0
2,1,0,6,4,2,False,12612600,505.34400000000005,18.75
2,1,0,6,3,3,False,12612600,494.5920000000001,19.375
2,1,0,6,2,4,False,6306300,451.58400000000006,21.25
2,1,0,6,1,5,False,1261260,376.32000000000005,25.0
2,1,0,5,7,0,False,1081080,378.0,25.333333333333332
2,1,0,5,6,1,False,6486480,453.6,21.333333333333332
2,1,0,5,5,2,False,16216200,529.2,18.0
2,1,0,5,4,3,False,21621600,534.2400000000001,18.0
2,1,0,5,3,4,False,16216200,509.0400000000002,18.666666666666668
2,1,0,5,2,5,False,6486480,453.6,21.333333333333332
2,1,0,5,1,6,False,1081080,367.91999999999996,26.0
2,1,0,4,8,0,False,675675,352.79999999999995,27.142857142857146
2,1,0,4,7,1,False,4729725,423.36,22.857142857142858
2,1,0,4,6,2,False,14189175,493.91999999999996,19.28571428571429
2,1,0,4,5,3,False,23648625,564.48,17.142857142857142
2,1,0,4,4,4,False,23648625,555.0720000000001,17.142857142857142
2,1,0,4,3,5,False,14189175,517.44,18.571428571428573
2,1,0,4,2,6,False,4729725,451.58399999999995,21.42857142857143
2,1,0,4,1,7,False,675675,357.504,26.42857142857143
2,1,0,3,9,0,False,300300,327.6,29.23076923076923
2,1,0,3,8,1,False,2402400,393.12000000000006,24.615384615384613
2,1,0,3,7,2,False,8408400,458.64000000000004,20.76923076923077
2,1,0,3,6,3,False,16816800,524.1600000000001,18.46153846153846
2,1,0,3,5,4,False,21021000,589.6800000000001,16.153846153846153
2,1,0,3,4,5,False,16816800,567.84,16.923076923076923
2,1,0,3,3,6,False,8408400,519.792,18.46153846153846
2,1,0,3,2,7,False,2402400,445.53600000000006,21.538461538461537
2,1,0,3,1,8,False,300300,345.072,27.69230769230769
2,1,0,2,10,0,False,90090,302.4,31.666666666666668
2,1,0,2,9,1,False,810810,362.88000000000005,26.666666666666668
2,1,0,2,8,2,False,3243240,423.36,22.5
2,1,0,2,7,3,False,7567560,483.84000000000003,20.0
2,1,0,2,6,4,False,11351340,544.32,17.5
2,1,0,2,5,5,False,11351340,604.8,15.833333333333334
2,1,0,2,4,6,False,7567560,572.544,16.666666666666668
2,1,0,2,3,7,False,3243240,516.0960000000001,18.333333333333336
2,1,0,2,2,8,False,810810,435.4560000000001,21.666666666666668
2,1,0,2,1,9,False,90090,330.62399999999997,29.166666666666668
2,1,0,1,11,0,False,16380,277.20000000000005,34.54545454545454
2,1,0,1,10,1,False,163800,332.64000000000004,29.09090909090909
2,1,0,1,9,2,False,737100,388.08000000000004,24.545454545454543
2,1,0,1,8,3,False,1965600,443.5200000000001,21.818181818181817
2,1,0,1,7,4,False,3439800,498.9600000000001,19.09090909090909
2,1,0,1,6,5,False,4127760,554.4000000000001,17.27272727272727
2,1,0,1,5,6,False,3439800,609.84,15.454545454545453
2,1,0,1,4,7,False,1965600,569.1840000000001,17.27272727272727
2,1,0,1,3,8,False,737100,506.35200000000015,19.09090909090909
2,1,0,1,2,9,False,163800,421.344,22.727272727272727
2,1,0,1,1,10,False,16380,314.16000000000014,29.999999999999996
2,1,0,0,12,0,False,1365,252.0,38.0
2,1,0,0,11,1,False,15015,302.40000000000003,32.0
2,1,0,0,10,2,False,75075,352.8,27.0
2,1,0,0,9,3,False,225225,403.20000000000005,24.0
2,1,0,0,8,4,False,450450,453.6,21.0
2,1,0,0,7,5,False,630630,504.0,19.0
2,1,0,0,6,6,False,630630,554.4,17.0
2,1,0,0,5,7,False,450450,604.8000000000001,16.0
2,1,0,0,4,8,False,225225,557.76,17.0
2,1,0,0,3,9,False,75075,490.55999999999995,20.0
2,1,0,0,2,10,False,15015,403.20000000000005,24.0
2,1,0,0,1,11,False,1365,295.68,32.0
2,0,13,0,0,0,False,105,220.8,43.0
2,0,12,1,0,0,False,1365,232.32000000000005,40.90909090909091
2,0,12,0,1,0,False,1365,232.32000000000005,41.0
2,0,11,2,0,0,False,8190,241.92000000000002,39.16666666666667
2,0,11,1,1,0,False,16380,243.93600000000006,39.090909090909086
2,0,11,0,2,0,False,8190,241.92,39.0
2,0,11,0,1,1,False,8190,233.85600000000005,41.0
2,0,10,3,0,0,False,30030,249.60000000000002,37.69230769230769
2,0,10,2,1,0,False,90090,253.44,37.5
2,0,10,1,2,0,False,90090,253.44000000000003,37.272727272727266
2,0,10,1,1,1,False,90090,244.99200000000005,39.090909090909086
2,0,10,0,3,0,False,30030,249.60000000000002,38.0
2,0,10,0,2,1,False,60060,253.44000000000003,38.0
2,0,10,0,1,2,False,30030,234.24,41.0
2,0,9,4,0,0,False,75075,255.35999999999999,37.142857142857146
2,0,9,3,1,0,False,300300,260.83200000000005,36.15384615384615
2,0,9,2,2,0,False,450450,262.656,35.833333333333336
2,0,9,2,1,1,False,450450,253.90080000000003,37.5
2,0,9,1,3,0,False,300300,260.83200000000005,36.36363636363636
2,0,9,1,2,1,False,600600,264.8448000000001,36.36363636363636
2,0,9,1,1,2,False,300300,244.7808,39.090909090909086
2,0,9,0,4,0,False,75075,255.36,37.0
2,0,9,0,3,1,False,225225,269.952,35.0
2,0,9,0,2,2,False,225225,262.656,36.0
2,0,9,0,1,3,False,75075,233.47200000000004,41.0
2,0,8,5,0,0,False,135135,259.20000000000005,36.666666666666664
2,0,8,4,1,0,False,675675,266.112,35.714285714285715
2,0,8,3,2,0,False,1351350,269.56800000000004,35.38461538461539
2,0,8,3,1,1,False,1351350,260.58240000000006,36.15384615384615
2,0,8,2,3,0,False,1351350,269.568,35.0
2,0,8,2,2,1,False,2702700,273.7152,35.0
2,0,8,2,1,2,False,1351350,252.9792,37.5
2,0,8,1,4,0,False,675675,266.112,35.45454545454545
2,0,8,1,3,1,False,2027025,281.31840000000005,33.63636363636363
2,0,8,1,2,2,False,2027025,273.71520000000004,34.54545454545454
2,0,8,1,1,3,False,675675,243.30240000000003,39.090909090909086
2,0,8,0,5,0,False,135135,259.2,37.0
2,0,8,0,4,1,False,540540,283.392,34.0
2,0,8,0,3,2,False,810810,286.84800000000007,33.0
2,0,8,0,2,3,False,540540,269.56800000000004,35.0
2,0,8,0,1,4,False,135135,231.55200000000002,41.0
2,0,7,6,0,0,False,180180,261.12000000000006,36.25
2,0,7,5,1,0,False,1081080,269.2800000000001,35.333333333333336
2,0,7,4,2,0,False,2702700,274.17600000000004,34.285714285714285
2,0,7,4,1,1,False,2702700,265.0368000000001,35.714285714285715
2,0,7,3,3,0,False,3603600,275.8080000000001,34.61538461538461
2,0,7,3,2,1,False,7207200,280.05120000000005,33.84615384615385
2,0,7,3,1,2,False,3603600,258.83520000000004,36.92307692307692
2,0,7,2,4,0,False,2702700,274.176,35.0
2,0,7,2,3,1,False,8108100,289.8432,32.5
2,0,7,2,2,2,False,8108100,282.00960000000003,33.333333333333336
2,0,7,2,1,3,False,2702700,250.67520000000007,37.5
2,0,7,1,5,0,False,1081080,269.2800000000001,35.45454545454545
2,0,7,1,4,1,False,4324320,294.4128000000001,32.72727272727273
2,0,7,1,3,2,False,6486480,298.0032000000001,31.818181818181817
2,0,7,1,2,3,False,4324320,280.0512000000001,33.63636363636363
2,0,7,1,1,4,False,1081080,240.5568000000001,39.090909090909086
2,0,7,0,6,0,False,180180,244.80000000000007,39.0
2,0,7,0,5,1,False,900900,293.76000000000005,32.0
2,0,7,0,4,2,False,1801800,306.8160000000001,31.0
2,0,7,0,3,3,False,1801800,300.28800000000007,32.0
2,0,7,0,2,4,False,900900,274.1760000000001,35.0
2,0,7,0,1,5,False,180180,228.48000000000002,42.0
2,0,6,7,0,0,False,180180,261.12000000000006,36.470588235294116
2,0,6,6,1,0,False,1261260,270.33600000000007,35.0
2,0,6,5,2,0,False,3783780,276.48,34.0
2,0,6,5,1,1,False,3783780,267.26400000000007,35.333333333333336
2,0,6,4,3,0,False,6306300,279.552,34.285714285714285
2,0,6,4,2,1,False,12612600,283.8528,33.57142857142858
2,0,6,4,1,2,False,6306300,262.34880000000004,36.42857142857143
2,0,6,3,4,0,False,6306300,279.55199999999996,33.84615384615385
2,0,6,3,3,1,False,18918900,295.52639999999997,32.30769230769231
2,0,6,3,2,2,False,18918900,287.53920000000005,33.07692307692307
2,0,6,3,1,3,False,6306300,255.59040000000002,36.92307692307692
2,0,6,2,5,0,False,3783780,276.48,34.16666666666667
2,0,6,2,4,1,False,15135120,302.28479999999996,31.666666666666668
2,0,6,2,3,2,False,22702680,305.9712,30.833333333333336
2,0,6,2,2,3,False,15135120,287.5392,33.333333333333336
2,0,6,2,1,4,False,3783780,246.98880000000003,38.333333333333336
2,0,6,1,6,0,False,1261260,253.44000000000003,37.272727272727266
2,0,6,1,5,1,False,6306300,304.12800000000004,30.909090909090907
2,0,6,1,4,2,False,12612600,317.64480000000003,29.999999999999996
2,0,6,1,3,3,False,12612600,310.88640000000004,30.909090909090907
2,0,6,1,2,4,False,6306300,283.8528000000001,33.63636363636363
2,0,6,1,1,5,False,1261260,236.54399999999998,40.0
2,0,6,0,7,0,False,180180,230.4,41.0
2,0,6,0,6,1,False,1081080,276.48,34.0
2,0,6,0,5,2,False,2702700,322.56000000000006,30.0
2,0,6,0,4,3,False,3603600,325.63200000000006,29.0
2,0,6,0,3,4,False,2702700,310.2720000000001,31.0
2,0,6,0,2,5,False,1081080,276.48,34.0
2,0,6,0,1,6,False,180180,224.256,42.0
2,0,5,8,0,0,False,135135,259.2,36.666666666666664
2,0,5,7,1,0,False,1081080,269.2800000000001,35.29411764705882
2,0,5,6,2,0,False,3783780,276.48,34.375
2,0,5,6,1,1,False,3783780,267.26400000000007,35.625
2,0,5,5,3,0,False,7567560,280.8,34.0
2,0,5,5,2,1,False,15135120,285.12000000000006,33.333333333333336
2,0,5,5,1,2,False,7567560,263.52,36.0
2,0,5,4,4,0,False,9459450,282.23999999999995,33.57142857142858
2,0,5,4,3,1,False,28378350,298.368,32.142857142857146
2,0,5,4,2,2,False,28378350,290.304,32.85714285714286
2,0,5,4,1,3,False,9459450,258.048,36.42857142857143
2,0,5,3,5,0,False,7567560,280.8,33.84615384615385
2,0,5,3,4,1,False,30270240,307.0080000000001,30.769230769230766
2,0,5,3,3,2,False,45405360,310.752,30.769230769230766
2,0,5,3,2,3,False,30270240,292.03200000000004,32.30769230769231
2,0,5,3,1,4,False,7567560,250.84800000000007,37.69230769230769
2,0,5,2,6,0,False,3783780,259.2,36.66666666666667
2,0,5,2,5,1,False,18918900,311.03999999999996,30.833333333333336
2,0,5,2,4,2,False,37837800,324.86400000000003,29.166666666666668
2,0,5,2,3,3,False,37837800,317.95199999999994,30.0
2,0,5,2,2,4,False,18918900,290.30400000000003,32.5
2,0,5,2,1,5,False,3783780,241.92,39.16666666666667
2,0,5,1,7,0,False,1081080,237.60000000000002,40.0
2,0,5,1,6,1,False,6486480,285.12,33.63636363636363
2,0,5,1,5,2,False,16216200,332.64000000000004,29.09090909090909
2,0,5,1,4,3,False,21621600,335.80800000000005,28.18181818181818
2,0,5,1,3,4,False,16216200,319.9680000000001,29.999999999999996
2,0,5,1,2,5,False,6486480,285.12,33.63636363636363
2,0,5,1,1,6,False,1081080,231.26400000000004,40.90909090909091
2,0,5,0,8,0,False,135135,216.0,44.0
2,0,5,0,7,1,False,945945,259.2,37.0
2,0,5,0,6,2,False,2837835,302.40000000000003,32.0
2,0,5,0,5,3,False,4729725,345.6,28.0
2,0,5,0,4,4,False,4729725,339.8400000000001,28.0
2,0,5,0,3,5,False,2837835,316.80000000000007,30.0
2,0,5,0,2,6,False,945945,276.47999999999996,34.0
2,0,5,0,1,7,False,135135,218.88000000000002,43.0
2,0,4,9,0,0,False,75075,255.35999999999999,36.8421052631579
2,0,4,8,1,0,False,675675,266.112,35.55555555555556
2,0,4,7,2,0,False,2702700,274.17600000000004,34.705882352941174
2,0,4,7,1,1,False,2702700,265.0368000000001,35.882352941176464
2,0,4,6,3,0,False,6306300,279.5520000000001,33.75
2,0,4,6,2,1,False,12612600,283.85280000000006,33.125
2,0,4,6,1,2,False,6306300,262.34880000000004,36.25
2,0,4,5,4,0,False,9459450,282.24,33.333333333333336
2,0,4,5,3,1,False,28378350,298.368,32.0
2,0,4,5,2,2,False,28378350,290.304,32.666666666666664
2,0,4,5,1,3,False,9459450,258.048,36.666666666666664
2,0,4,4,5,0,False,9459450,282.24,33.57142857142858
2,0,4,4,4,1,False,37837800,308.58240000000006,30.714285714285715
2,0,4,4,3,2,False,56756700,312.3456,30.714285714285715
2,0,4,4,2,3,False,37837800,293.52959999999996,32.142857142857146
2,0,4,4,1,4,False,9459450,252.1344,37.85714285714286
2,0,4,3,6,0,False,6306300,262.08000000000004,36.15384615384615
2,0,4,3,5,1,False,31531500,314.4960000000001,30.0
2,0,4,3,4,2,False,63063000,328.47360000000003,29.23076923076923
2,0,4,3,3,3,False,63063000,321.48480000000006,30.0
2,0,4,3,2,4,False,31531500,293.5296000000001,32.30769230769231
2,0,4,3,1,5,False,6306300,244.608,38.46153846153846
2,0,4,2,7,0,False,2702700,241.92000000000002,39.16666666666667
2,0,4,2,6,1,False,16216200,290.30400000000003,32.5
2,0,4,2,5,2,False,40540500,338.688,28.333333333333336
2,0,4,2,4,3,False,54054000,341.91360000000003,27.5
2,0,4,2,3,4,False,40540500,325.78560000000004,29.166666666666668
2,0,4,2,2,5,False,16216200,290.30400000000003,32.5
2,0,4,2,1,6,False,2702700,235.46880000000002,40.0
2,0,4,1,8,0,False,675675,221.76000000000005,42.72727272727273
2,0,4,1,7,1,False,4729725,266.1120000000001,35.45454545454545
2,0,4,1,6,2,False,14189175,310.46400000000006,30.909090909090907
2,0,4,1,5,3,False,23648625,354.81600000000003,27.27272727272727
2,0,4,1,4,4,False,23648625,348.9024000000001,27.27272727272727
2,0,4,1,3,5,False,14189175,325.24800000000005,29.09090909090909
2,0,4,1,2,6,False,4729725,283.8528,33.63636363636363
2,0,4,1,1,7,False,675675,224.71680000000003,42.72727272727273
2,0,4,0,9,0,False,75075,201.60000000000002,47.0
2,0,4,0,8,1,False,600600,241.92000000000004,39.0
2,0,4,0,7,2,False,2102100,282.24,34.0
2,0,4,0,6,3,False,4204200,322.56,30.0
2,0,4,0,5,4,False,5255250,362.88000000000005,26.0
2,0,4,0,4,5,False,4204200,349.44000000000005,27.0
2,0,4,0,3,6,False,2102100,319.872,30.0
2,0,4,0,2,7,False,600600,274.17600000000004,35.0
2,0,4,0,1,8,False,75075,212.352,45.0
2,0,3,10,0,0,False,30030,249.60000000000002,38.0
2,0,3,9,1,0,False,300300,260.83200000000005,36.31578947368421
2,0,3,8,2,0,False,1351350,269.568,35.0
2,0,3,8,1,1,False,1351350,260.58240000000006,36.11111111111111
2,0,3,7,3,0,False,3603600,275.80800000000005,34.11764705882353
2,0,3,7,2,1,False,7207200,280.05120000000005,34.11764705882353
2,0,3,7,1,2,False,3603600,258.83520000000004,36.470588235294116
2,0,3,6,4,0,False,6306300,279.552,33.75
2,0,3,6,3,1,False,18918900,295.5264,31.875
2,0,3,6,2,2,False,18918900,287.5392,33.125
2,0,3,6,1,3,False,6306300,255.59040000000005,36.875
2,0,3,5,5,0,False,7567560,280.8,34.0
2,0,3,5,4,1,False,30270240,307.00800000000004,30.666666666666668
2,0,3,5,3,2,False,45405360,310.75200000000007,30.666666666666668
2,0,3,5,2,3,False,30270240,292.03200000000004,32.666666666666664
2,0,3,5,1,4,False,7567560,250.84800000000004,38.0
2,0,3,4,6,0,False,6306300,262.08,36.42857142857143
2,0,3,4,5,1,False,31531500,314.496,30.000000000000004
2,0,3,4,4,2,False,63063000,328.47360000000003,29.28571428571429
2,0,3,4,3,3,False,63063000,321.4848,29.28571428571429
2,0,3,4,2,4,False,31531500,293.5296,32.142857142857146
2,0,3,4,1,5,False,6306300,244.60799999999998,38.57142857142858
2,0,3,3,7,0,False,3603600,243.36000000000004,39.230769230769226
2,0,3,3,6,1,False,21621600,292.03200000000004,32.30769230769231
2,0,3,3,5,2,False,54054000,340.70400000000006,27.69230769230769
2,0,3,3,4,3,False,72072000,343.94880000000006,27.69230769230769
2,0,3,3,3,4,False,54054000,327.7248000000001,29.23076923076923
2,0,3,3,2,5,False,21621600,292.03200000000004,32.30769230769231
2,0,3,3,1,6,False,3603600,236.87040000000002,40.0
2,0,3,2,8,0,False,1351350,224.64000000000001,42.5
2,0,3,2,7,1,False,9459450,269.568,35.0
2,0,3,2,6,2,False,28378350,314.49600000000004,30.0
2,0,3,2,5,3,False,47297250,359.424,26.666666666666668
2,0,3,2,4,4,False,47297250,353.4336,26.666666666666668
2,0,3,2,3,5,False,28378350,329.47200000000004,29.166666666666668
2,0,3,2,2,6,False,9459450,287.5392,33.333333333333336
2,0,3,2,1,7,False,1351350,227.63520000000003,41.66666666666667
2,0,3,1,9,0,False,300300,205.92000000000004,46.36363636363636
2,0,3,1,8,1,False,2402400,247.10400000000004,38.18181818181818
2,0,3,1,7,2,False,8408400,288.28800000000007,32.72727272727273
2,0,3,1,6,3,False,16816800,329.472,29.09090909090909
2,0,3,1,5,4,False,21021000,370.65600000000006,25.454545454545453
2,0,3,1,4,5,False,16816800,356.92800000000005,26.36363636363636
2,0,3,1,3,6,False,8408400,326.7264,29.09090909090909
2,0,3,1,2,7,False,2402400,280.05120000000005,33.63636363636363
2,0,3,1,1,8,False,300300,216.90240000000006,43.63636363636363
2,0,3,0,10,0,False,30030,187.20000000000002,51.0
2,0,3,0,9,1,False,270270,224.64000000000001,42.0
2,0,3,0,8,2,False,1081080,262.08000000000004,36.0
2,0,3,0,7,3,False,2522520,299.52,32.0
2,0,3,0,6,4,False,3783780,336.96000000000004,28.0
2,0,3,0,5,5,False,3783780,374.40000000000003,26.0
2,0,3,0,4,6,False,2522520,354.432,27.0
2,0,3,0,3,7,False,1081080,319.48800000000006,30.0
2,0,3,0,2,8,False,270270,269.56800000000004,35.0
2,0,3,0,1,9,False,30030,204.672,46.0
2,0,2,11,0,0,False,8190,241.92000000000002,39.047619047619044
2,0,2,10,1,0,False,90090,253.44000000000003,37.5
2,0,2,9,2,0,False,450450,262.65599999999995,35.78947368421053
2,0,2,9,1,1,False,450450,253.90080000000006,37.36842105263158
2,0,2,8,3,0,False,1351350,269.56800000000004,35.0
2,0,2,8,2,1,False,2702700,273.71520000000004,34.44444444444444
2,0,2,8,1,2,False,1351350,252.97920000000002,37.22222222222222
2,0,2,7,4,0,False,2702700,274.17600000000004,34.705882352941174
2,0,2,7,3,1,False,8108100,289.8432,32.94117647058823
2,0,2,7,2,2,False,8108100,282.00960000000003,33.52941176470588
2,0,2,7,1,3,False,2702700,250.67520000000002,37.647058823529406
2,0,2,6,5,0,False,3783780,276.48,34.375
2,0,2,6,4,1,False,15135120,302.2848000000001,31.25
2,0,2,6,3,2,False,22702680,305.97120000000007,31.25
2,0,2,6,2,3,False,15135120,287.53920000000005,33.125
2,0,2,6,1,4,False,3783780,246.98880000000005,38.125
2,0,2,5,6,0,False,3783780,259.20000000000005,36.666666666666664
2,0,2,5,5,1,False,18918900,311.04,30.666666666666668
2,0,2,5,4,2,False,37837800,324.86400000000003,29.333333333333332
2,0,2,5,3,3,False,37837800,317.95200000000006,30.0
2,0,2,5,2,4,False,18918900,290.30400000000003,32.666666666666664
2,0,2,5,1,5,False,3783780,241.92000000000002,39.333333333333336
2,0,2,4,7,0,False,2702700,241.92,39.285714285714285
2,0,2,4,6,1,False,16216200,290.304,32.85714285714286
2,0,2,4,5,2,False,40540500,338.68800000000005,27.857142857142858
2,0,2,4,4,3,False,54054000,341.91360000000003,27.857142857142858
2,0,2,4,3,4,False,40540500,325.78560000000004,29.28571428571429
2,0,2,4,2,5,False,16216200,290.304,32.85714285714286
2,0,2,4,1,6,False,2702700,235.4688,40.0
2,0,2,3,8,0,False,1351350,224.64000000000001,42.30769230769231
2,0,2,3,7,1,False,9459450,269.56800000000004,35.38461538461539
2,0,2,3,6,2,False,28378350,314.4960000000001,30.0
2,0,2,3,5,3,False,47297250,359.424,26.153846153846153
2,0,2,3,4,4,False,47297250,353.4336,26.923076923076923
2,0,2,3,3,5,False,28378350,329.47200000000004,29.23076923076923
2,0,2,3,2,6,False,9459450,287.53920000000005,33.07692307692307
2,0,2,3,1,7,False,1351350,227.63520000000003,41.53846153846154
2,0,2,2,9,0,False,450450,207.36,45.833333333333336
2,0,2,2,8,1,False,3603600,248.832,38.333333333333336
2,0,2,2,7,2,False,12612600,290.30400000000003,32.5
2,0,2,2,6,3,False,25225200,331.77599999999995,28.333333333333336
2,0,2,2,5,4,False,31531500,373.248,25.833333333333336
2,0,2,2,4,5,False,25225200,359.42400000000004,26.666666666666668
2,0,2,2,3,6,False,12612600,329.0112,29.166666666666668
2,0,2,2,2,7,False,3603600,282.0096,33.333333333333336
2,0,2,2,1,8,False,450450,218.41920000000002,43.333333333333336
2,0,2,1,10,0,False,90090,190.08000000000004,49.99999999999999
2,0,2,1,9,1,False,810810,228.09600000000003,41.81818181818181
2,0,2,1,8,2,False,3243240,266.1120000000001,35.45454545454545
2,0,2,1,7,3,False,7567560,304.128,30.909090909090907
2,0,2,1,6,4,False,11351340,342.14400000000006,28.18181818181818
2,0,2,1,5,5,False,11351340,380.1600000000001,25.454545454545453
2,0,2,1,4,6,False,7567560,359.88480000000004,26.36363636363636
2,0,2,1,3,7,False,3243240,324.40320000000014,29.09090909090909
2,0,2,1,2,8,False,810810,273.71520000000004,34.54545454545454
2,0,2,1,1,9,False,90090,207.82080000000002,45.45454545454545
2,0,2,0,11,0,False,8190,172.8,55.0
2,0,2,0,10,1,False,81900,207.36,46.0
2,0,2,0,9,2,False,368550,241.92000000000004,39.0
2,0,2,0,8,3,False,982800,276.47999999999996,34.0
2,0,2,0,7,4,False,1719900,311.04,31.0
2,0,2,0,6,5,False,2063880,345.6,28.0
2,0,2,0,5,6,False,1719900,380.16,25.0
2,0,2,0,4,7,False,982800,354.81600000000003,27.0
2,0,2,0,3,8,False,368550,315.6480000000001,30.0
2,0,2,0,2,9,False,81900,262.656,36.0
2,0,2,0,1,10,False,8190,195.84000000000003,48.0
2,0,1,12,0,0,False,1365,232.32000000000005,40.90909090909091
2,0,1,11,1,0,False,16380,243.93600000000006,38.57142857142857
2,0,1,10,2,0,False,90090,253.44000000000003,37.5
2,0,1,10,1,1,False,90090,244.99200000000002,38.5
2,0,1,9,3,0,False,300300,260.832,36.31578947368421
2,0,1,9,2,1,False,600600,264.8448,35.78947368421053
2,0,1,9,1,2,False,300300,244.78079999999997,38.42105263157895
2,0,1,8,4,0,False,675675,266.112,35.55555555555556
2,0,1,8,3,1,False,2027025,281.31840000000005,33.888888888888886
2,0,1,8,2,2,False,2027025,273.7152,34.44444444444444
2,0,1,8,1,3,False,675675,243.3024,38.888888888888886
2,0,1,7,5,0,False,1081080,269.28000000000003,35.29411764705882
2,0,1,7,4,1,False,4324320,294.41280000000006,32.35294117647059
2,0,1,7,3,2,False,6486480,298.00320000000005,31.76470588235294
2,0,1,7,2,3,False,4324320,280.05120000000005,34.11764705882353
2,0,1,7,1,4,False,1081080,240.55680000000007,39.41176470588235
2,0,1,6,6,0,False,1261260,253.44000000000003,37.5
2,0,1,6,5,1,False,6306300,304.12800000000004,31.25
2,0,1,6,4,2,False,12612600,317.64480000000003,30.0
2,0,1,6,3,3,False,12612600,310.8864000000001,30.625
2,0,1,6,2,4,False,6306300,283.85280000000006,33.125
2,0,1,6,1,5,False,1261260,236.544,40.0
2,0,1,5,7,0,False,1081080,237.60000000000002,40.0
2,0,1,5,6,1,False,6486480,285.12,33.333333333333336
2,0,1,5,5,2,False,16216200,332.64,28.666666666666668
2,0,1,5,4,3,False,21621600,335.80800000000005,28.0
2,0,1,5,3,4,False,16216200,319.9680000000001,30.0
2,0,1,5,2,5,False,6486480,285.12,33.333333333333336
2,0,1,5,1,6,False,1081080,231.264,40.666666666666664
2,0,1,4,8,0,False,675675,221.76,42.85714285714286
2,0,1,4,7,1,False,4729725,266.112,35.714285714285715
2,0,1,4,6,2,False,14189175,310.46399999999994,30.714285714285715
2,0,1,4,5,3,False,23648625,354.81600000000003,27.142857142857146
2,0,1,4,4,4,False,23648625,348.90240000000006,27.142857142857146
2,0,1,4,3,5,False,14189175,325.24800000000005,29.28571428571429
2,0,1,4,2,6,False,4729725,283.8528,33.57142857142858
2,0,1,4,1,7,False,675675,224.71680000000003,42.142857142857146
2,0,1,3,9,0,False,300300,205.92000000000002,46.15384615384615
2,0,1,3,8,1,False,2402400,247.104,38.46153846153846
2,0,1,3,7,2,False,8408400,288.288,33.07692307692307
2,0,1,3,6,3,False,16816800,329.47200000000004,29.23076923076923
2,0,1,3,5,4,False,21021000,370.6560000000001,25.384615384615383
2,0,1,3,4,5,False,16816800,356.928,26.923076923076923
2,0,1,3,3,6,False,8408400,326.72639999999996,29.23076923076923
2,0,1,3,2,7,False,2402400,280.05120000000005,33.84615384615385
2,0,1,3,1,8,False,300300,216.90240000000003,43.84615384615385
2,0,1,2,10,0,False,90090,190.08,50.0
2,0,1,2,9,1,False,810810,228.096,41.66666666666667
2,0,1,2,8,2,False,3243240,266.11199999999997,35.833333333333336
2,0,1,2,7,3,False,7567560,304.12800000000004,31.666666666666668
2,0,1,2,6,4,False,11351340,342.14400000000006,27.5
2,0,1,2,5,5,False,11351340,380.16,25.0
2,0,1,2,4,6,False,7567560,359.8848,26.666666666666668
2,0,1,2,3,7,False,3243240,324.4032000000001,29.166666666666668
2,0,1,2,2,8,False,810810,273.7152,35.0
2,0,1,2,1,9,False,90090,207.8208,45.833333333333336
2,0,1,1,11,0,False,16380,174.24,54.54545454545454
2,0,1,1,10,1,False,163800,209.08800000000002,45.45454545454545
2,0,1,1,9,2,False,737100,243.936,39.090909090909086
2,0,1,1,8,3,False,1965600,278.78400000000005,34.54545454545454
2,0,1,1,7,4,False,3439800,313.6320000000001,29.999999999999996
2,0,1,1,6,5,False,4127760,348.48,27.27272727272727
2,0,1,1,5,6,False,3439800,383.32800000000003,24.545454545454543
2,0,1,1,4,7,False,1965600,357.7728000000001,26.36363636363636
2,0,1,1,3,8,False,737100,318.27840000000003,29.999999999999996
2,0,1,1,2,9,False,163800,264.8448,36.36363636363636
2,0,1,1,1,10,False,16380,197.47200000000007,48.18181818181818
2,0,1,0,12,0,False,1365,158.4,60.0
2,0,1,0,11,1,False,15015,190.08,50.0
2,0,1,0,10,2,False,75075,221.76,43.0
2,0,1,0,9,3,False,225225,253.44000000000003,38.0
2,0,1,0,8,4,False,450450,285.12000000000006,33.0
2,0,1,0,7,5,False,630630,316.8,30.0
2,0,1,0,6,6,False,630630,348.48,27.0
2,0,1,0,5,7,False,450450,380.16,25.0
2,0,1,0,4,8,False,225225,350.592,27.0
2,0,1,0,3,9,False,75075,308.35200000000003,31.0
2,0,1,0,2,10,False,15015,253.44000000000005,38.0
2,0,1,0,1,11,False,1365,185.856,51.0
2,0,0,13,0,0,False,105,220.79999999999998,42.608695652173914
2,0,0,12,1,0,False,1365,232.32000000000005,40.90909090909091
2,0,0,11,2,0,False,8190,241.92000000000002,39.047619047619044
2,0,0,11,1,1,False,8190,233.85600000000005,40.476190476190474
2,0,0,10,3,0,False,30030,249.60000000000002,38.0
2,0,0,10,2,1,False,60060,253.44000000000003,37.5
2,0,0,10,1,2,False,30030,234.24,40.5
2,0,0,9,4,0,False,75075,255.35999999999999,36.8421052631579
2,0,0,9,3,1,False,225225,269.952,35.26315789473684
2,0,0,9,2,2,False,225225,262.65599999999995,35.78947368421053
2,0,0,9,1,3,False,75075,233.47199999999998,40.526315789473685
2,0,0,8,5,0,False,135135,259.2,36.666666666666664
2,0,0,8,4,1,False,540540,283.39200000000005,33.333333333333336
2,0,0,8,3,2,False,810810,286.848,32.77777777777778
2,0,0,8,2,3,False,540540,269.56800000000004,35.0
2,0,0,8,1,4,False,135135,231.55200000000002,41.11111111111111
2,0,0,7,6,0,False,180180,244.8,38.8235294117647
2,0,0,7,5,1,False,900900,293.76000000000005,32.35294117647059
2,0,0,7,4,2,False,1801800,306.8160000000001,31.17647058823529
2,0,0,7,3,3,False,1801800,300.28800000000007,31.76470588235294
2,0,0,7,2,4,False,900900,274.1760000000001,34.705882352941174
2,0,0,7,1,5,False,180180,228.48000000000005,41.17647058823529
2,0,0,6,7,0,False,180180,230.4,41.25
2,0,0,6,6,1,False,1081080,276.48,34.375
2,0,0,6,5,2,False,2702700,322.56000000000006,29.375
2,0,0,6,4,3,False,3603600,325.63200000000006,29.375
2,0,0,6,3,4,False,2702700,310.27200000000016,30.625
2,0,0,6,2,5,False,1081080,276.48,34.375
2,0,0,6,1,6,False,180180,224.256,42.5
2,0,0,5,8,0,False,135135,216.0,44.0
2,0,0,5,7,1,False,945945,259.20000000000005,36.666666666666664
2,0,0,5,6,2,False,2837835,302.40000000000003,31.333333333333332
2,0,0,5,5,3,False,4729725,345.6,27.333333333333332
2,0,0,5,4,4,False,4729725,339.8400000000001,28.0
2,0,0,5,3,5,False,2837835,316.8,30.0
2,0,0,5,2,6,False,945945,276.48,34.0
2,0,0,5,1,7,False,135135,218.88000000000002,43.333333333333336
2,0,0,4,9,0,False,75075,201.6,47.142857142857146
2,0,0,4,8,1,False,600600,241.92,39.285714285714285
2,0,0,4,7,2,False,2102100,282.24,33.57142857142858
2,0,0,4,6,3,False,4204200,322.56,29.28571428571429
2,0,0,4,5,4,False,5255250,362.87999999999994,26.42857142857143
2,0,0,4,4,5,False,4204200,349.44,27.142857142857146
2,0,0,4,3,6,False,2102100,319.87199999999996,30.000000000000004
2,0,0,4,2,7,False,600600,274.17600000000004,34.285714285714285
2,0,0,4,1,8,False,75075,212.35200000000003,44.28571428571429
2,0,0,3,10,0,False,30030,187.20000000000002,50.76923076923077
2,0,0,3,9,1,False,270270,224.64000000000001,42.30769230769231
2,0,0,3,8,2,False,1081080,262.08000000000004,36.15384615384615
2,0,0,3,7,3,False,2522520,299.52000000000004,31.538461538461537
2,0,0,3,6,4,False,3783780,336.96,28.46153846153846
2,0,0,3,5,5,False,3783780,374.40000000000003,25.384615384615383
2,0,0,3,4,6,False,2522520,354.432,26.923076923076923
2,0,0,3,3,7,False,1081080,319.48800000000006,30.0
2,0,0,3,2,8,False,270270,269.56800000000004,35.38461538461539
2,0,0,3,1,9,False,30030,204.672,46.15384615384615
2,0,0,2,11,0,False,8190,172.79999999999998,55.0
2,0,0,2,10,1,False,81900,207.36,45.833333333333336
2,0,0,2,9,2,False,368550,241.92000000000002,39.16666666666667
2,0,0,2,8,3,False,982800,276.48,34.16666666666667
2,0,0,2,7,4,False,1719900,311.03999999999996,30.833333333333336
2,0,0,2,6,5,False,2063880,345.59999999999997,27.5
2,0,0,2,5,6,False,1719900,380.16,25.0
2,0,0,2,4,7,False,982800,354.816,26.666666666666668
2,0,0,2,3,8,False,368550,315.648,30.0
2,0,0,2,2,9,False,81900,262.656,35.833333333333336
2,0,0,2,1,10,False,8190,195.84000000000006,48.333333333333336
2,0,0,1,12,0,False,1365,158.4,59.99999999999999
2,0,0,1,11,1,False,15015,190.08000000000004,49.99999999999999
2,0,0,1,10,2,False,75075,221.76000000000005,42.72727272727273
2,0,0,1,9,3,False,225225,253.44000000000003,37.272727272727266
2,0,0,1,8,4,False,450450,285.12,33.63636363636363
2,0,0,1,7,5,False,630630,316.8,29.999999999999996
2,0,0,1,6,6,False,630630,348.48,27.27272727272727
2,0,0,1,5,7,False,450450,380.1600000000001,25.454545454545453
2,0,0,1,4,8,False,225225,350.59200000000004,27.27272727272727
2,0,0,1,3,9,False,75075,308.35200000000003,30.909090909090907
2,0,0,1,2,10,False,15015,253.44000000000008,37.272727272727266
2,0,0,1,1,11,False,1365,185.85600000000002,50.90909090909091
2,0,0,0,13,0,False,105,144.0,66.0
2,0,0,0,12,1,False,1260,172.8,55.0
2,0,0,0,11,2,False,6930,201.60000000000002,47.0
2,0,0,0,10,3,False,23100,230.4,41.0
2,0,0,0,9,4,False,51975,259.2,37.0
2,0,0,0,8,5,False,83160,288.0,33.0
2,0,0,0,7,6,False,97020,316.8,30.0
2,0,0,0,6,7,False,83160,345.6,28.0
2,0,0,0,5,8,False,51975,374.40000000000003,26.0
2,0,0,0,4,9,False,23100,341.76,28.0
2,0,0,0,3,10,False,6930,297.6000000000001,32.0
2,0,0,0,2,11,False,1260,241.92,39.0
2,0,0,0,1,12,False,105,174.72,54.0
1,14,0,0,0,0,False,15,1096.0000000000002,9.0
1,13,1,0,0,0,False,210,1126.4,9.0
1,13,0,1,0,0,False,210,1126.4,9.09090909090909
1,13,0,0,1,0,False,210,1126.4,9.0
1,12,2,0,0,0,False,1365,1142.4,9.0
1,12,1,1,0,0,False,2730,1151.92,8.181818181818182
1,12,1,0,1,0,False,2730,1151.92,9.0
1,12,0,2,0,0,False,1365,1142.3999999999999,8.333333333333334
1,12,0,1,1,0,False,2730,1151.92,8.181818181818182
1,12,0,0,2,0,False,1365,1142.4,9.0
1,12,0,0,1,1,False,1365,1104.3200000000002,9.0
1,11,3,0,0,0,False,5460,1144.0,9.0
1,11,2,1,0,0,False,16380,1161.6000000000001,8.181818181818182
1,11,2,0,1,0,False,16380,1161.6000000000001,9.0
1,11,1,2,0,0,False,16380,1161.6,8.333333333333334
1,11,1,1,1,0,False,32760,1171.28,8.181818181818182
1,11,1,0,2,0,False,16380,1161.6000000000001,9.0
1,11,1,0,1,1,False,16380,1122.88,9.0
1,11,0,3,0,0,False,5460,1144.0,8.461538461538462
1,11,0,2,1,0,False,16380,1161.6,8.333333333333334
1,11,0,1,2,0,False,16380,1161.6000000000001,8.181818181818182
1,11,0,1,1,1,False,16380,1122.8800000000003,9.09090909090909
1,11,0,0,3,0,False,5460,1144.0,9.0
1,11,0,0,2,1,False,10920,1161.6000000000001,9.0
1,11,0,0,1,2,False,5460,1073.6000000000001,9.0
1,10,4,0,0,0,False,15015,1131.2,9.0
1,10,3,1,0,0,False,60060,1155.4400000000003,8.181818181818182
1,10,3,0,1,0,False,60060,1155.4400000000003,9.0
1,10,2,2,0,0,False,90090,1163.52,8.333333333333334
1,10,2,1,1,0,False,180180,1173.2160000000003,8.181818181818182
1,10,2,0,2,0,False,90090,1163.52,9.0
1,10,2,0,1,1,False,90090,1124.736,9.0
1,10,1,3,0,0,False,60060,1155.44,8.461538461538462
1,10,1,2,1,0,False,180180,1173.2160000000001,8.333333333333334
1,10,1,1,2,0,False,180180,1173.2160000000003,8.181818181818182
1,10,1,1,1,1,True,180180,1134.1088000000004,9.09090909090909
1,10,1,0,3,0,False,60060,1155.44,9.0
1,10,1,0,2,1,False,120120,1173.2160000000001,9.0
1,10,1,0,1,2,False,60060,1084.336,9.0
1,10,0,4,0,0,False,15015,1131.1999999999998,8.571428571428571
1,10,0,3,1,0,False,60060,1155.44,8.461538461538462
1,10,0,2,2,0,False,90090,1163.52,8.333333333333334
1,10,0,2,1,1,False,90090,1124.736,9.166666666666668
1,10,0,1,3,0,False,60060,1155.4400000000003,8.181818181818182
1,10,0,1,2,1,False,120120,1173.2160000000003,8.181818181818182
1,10,0,1,1,2,False,60060,1084.3360000000002,9.09090909090909
1,10,0,0,4,0,False,15015,1131.2,9.0
1,10,0,0,3,1,False,45045,1195.84,8.0
1,10,0,0,2,2,False,45045,1163.52,9.0
1,10,0,0,1,3,False,15015,1034.24,10.0
1,9,5,0,0,0,False,30030,1104.0,9.0
1,9,4,1,0,0,False,150150,1133.4400000000003,9.09090909090909
1,9,4,0,1,0,False,150150,1133.4400000000003,9.0
1,9,3,2,0,0,False,300300,1148.16,8.333333333333334
1,9,3,1,1,0,False,600600,1157.7280000000003,8.181818181818182
1,9,3,0,2,0,False,300300,1148.16,9.0
1,9,3,0,1,1,False,300300,1109.8880000000001,9.0
1,9,2,3,0,0,False,300300,1148.16,8.461538461538462
1,9,2,2,1,0,False,900900,1165.824,8.333333333333334
1,9,2,1,2,0,False,900900,1165.824,8.181818181818182
1,9,2,1,1,1,True,900900,1126.9632000000004,9.09090909090909
1,9,2,0,3,0,False,300300,1148.16,9.0
1,9,2,0,2,1,False,600600,1165.824,9.0
1,9,2,0,1,2,False,300300,1077.504,9.0
1,9,1,4,0,0,False,150150,1133.44,8.571428571428571
1,9,1,3,1,0,False,600600,1157.7280000000005,8.461538461538462
1,9,1,2,2,0,False,900900,1165.824,8.333333333333334
1,9,1,2,1,1,True,900900,1126.9632000000004,9.166666666666668
1,9,1,1,3,0,False,600600,1157.7280000000003,8.181818181818182
1,9,1,1,2,1,True,1201200,1175.5392000000004,8.181818181818182
1,9,1,1,1,2,True,600600,1086.4832000000001,9.09090909090909
1,9,1,0,4,0,False,150150,1133.4400000000003,9.0
1,9,1,0,3,1,False,450450,1198.2080000000003,8.0
1,9,1,0,2,2,False,450450,1165.8240000000003,9.0
1,9,1,0,1,3,False,150150,1036.2880000000002,10.0
1,9,0,5,0,0,False,30030,1104.0,8.666666666666666
1,9,0,4,1,0,False,150150,1133.44,8.571428571428571
1,9,0,3,2,0,False,300300,1148.16,8.461538461538462
1,9,0,3,1,1,False,300300,1109.8880000000001,9.23076923076923
1,9,0,2,3,0,False,300300,1148.16,8.333333333333334
1,9,0,2,2,1,False,600600,1165.824,8.333333333333334
1,9,0,2,1,2,False,300300,1077.504,9.166666666666668
1,9,0,1,4,0,False,150150,1133.4400000000003,9.09090909090909
1,9,0,1,3,1,False,450450,1198.208,8.181818181818182
1,9,0,1,2,2,False,450450,1165.824,8.181818181818182
1,9,0,1,1,3,False,150150,1036.2880000000002,9.09090909090909
1,9,0,0,5,0,False,30030,1104.0,9.0
1,9,0,0,4,1,False,120120,1207.0400000000002,8.0
1,9,0,0,3,2,False,180180,1221.76,8.0
1,9,0,0,2,3,False,120120,1148.16,9.0
1,9,0,0,1,4,False,30030,986.2400000000002,10.0
1,8,6,0,0,0,False,45045,1062.4,9.0
1,8,5,1,0,0,False,270270,1095.6000000000001,9.09090909090909
1,8,5,0,1,0,False,270270,1095.6000000000001,9.0
1,8,4,2,0,0,False,675675,1115.52,9.166666666666668
1,8,4,1,1,0,False,1351350,1124.8160000000003,9.09090909090909
1,8,4,0,2,0,False,675675,1115.52,9.0
1,8,4,0,1,1,False,675675,1078.336,9.0
1,8,3,3,0,0,False,900900,1122.16,8.461538461538462
1,8,3,2,1,0,False,2702700,1139.424,8.333333333333334
1,8,3,1,2,0,False,2702700,1139.424,9.09090909090909
1,8,3,1,1,1,True,2702700,1101.4432000000002,9.09090909090909
1,8,3,0,3,0,False,900900,1122.16,9.0
1,8,3,0,2,1,False,1801800,1139.424,9.0
1,8,3,0,1,2,False,900900,1053.104,9.0
1,8,2,4,0,0,False,675675,1115.52,8.571428571428571
1,8,2,3,1,0,False,2702700,1139.4240000000002,8.461538461538462
1,8,2,2,2,0,False,4054050,1147.392,8.333333333333334
1,8,2,2,1,1,True,4054050,1109.1456,9.166666666666668
1,8,2,1,3,0,False,2702700,1139.424,9.09090909090909
1,8,2,1,2,1,True,5405400,1156.9536000000003,8.181818181818182
1,8,2,1,1,2,True,2702700,1069.3056000000001,9.09090909090909
1,8,2,0,4,0,False,675675,1115.52,9.0
1,8,2,0,3,1,False,2027025,1179.264,8.0
1,8,2,0,2,2,False,2027025,1147.392,9.0
1,8,2,0,1,3,False,675675,1019.9040000000001,10.0
1,8,1,5,0,0,False,270270,1095.6000000000001,8.666666666666666
1,8,1,4,1,0,False,1351350,1124.8160000000003,8.571428571428571
1,8,1,3,2,0,False,2702700,1139.4240000000002,8.461538461538462
1,8,1,3,1,1,True,2702700,1101.4432000000002,9.23076923076923
1,8,1,2,3,0,False,2702700,1139.424,8.333333333333334
1,8,1,2,2,1,True,5405400,1156.9536000000003,8.333333333333334
1,8,1,2,1,2,True,2702700,1069.3056000000001,9.166666666666668
1,8,1,1,4,0,False,1351350,1124.8160000000003,9.09090909090909
1,8,1,1,3,1,True,4054050,1189.0912000000003,8.181818181818182
1,8,1,1,2,2,True,4054050,1156.9536000000003,8.181818181818182
1,8,1,1,1,3,True,1351350,1028.4032000000002,10.0
1,8,1,0,5,0,False,270270,1095.6000000000001,9.0
1,8,1,0,4,1,False,1081080,1197.8560000000004,8.0
1,8,1,0,3,2,False,1621620,1212.4640000000004,8.0
1,8,1,0,2,3,False,1081080,1139.4240000000002,9.0
1,8,1,0,1,4,False,270270,978.7360000000003,10.0
1,8,0,6,0,0,False,45045,1062.4,9.375
1,8,0,5,1,0,False,270270,1095.6000000000001,8.666666666666666
1,8,0,4,2,0,False,675675,1115.52,8.571428571428571
1,8,0,4,1,1,False,675675,1078.336,9.285714285714286
1,8,0,3,3,0,False,900900,1122.16,8.461538461538462
1,8,0,3,2,1,False,1801800,1139.4240000000002,8.461538461538462
1,8,0,3,1,2,False,900900,1053.104,9.23076923076923
1,8,0,2,4,0,False,675675,1115.52,9.166666666666668
1,8,0,2,3,1,False,2027025,1179.2640000000001,8.333333333333334
1,8,0,2,2,2,False,2027025,1147.392,8.333333333333334
1,8,0,2,1,3,False,675675,1019.904,10.0
1,8,0,1,5,0,False,270270,1095.6000000000001,9.09090909090909
1,8,0,1,4,1,False,1081080,1197.8560000000002,8.181818181818182
1,8,0,1,3,2,False,1621620,1212.4640000000004,8.181818181818182
1,8,0,1,2,3,False,1081080,1139.424,9.09090909090909
1,8,0,1,1,4,False,270270,978.7360000000002,10.0
1,8,0,0,6,0,False,45045,996.0,10.0
1,8,0,0,5,1,False,225225,1195.2,8.0
1,8,0,0,4,2,False,450450,1248.3200000000002,8.0
1,8,0,0,3,3,False,450450,1221.76,8.0
1,8,0,0,2,4,False,225225,1115.5200000000002,9.0
1,8,0,0,1,5,False,45045,929.6,11.0
1,7,7,0,0,0,False,51480,1006.4000000000002,10.0
1,7,6,1,0,0,False,360360,1041.9200000000003,9.09090909090909
1,7,6,0,1,0,False,360360,1041.9200000000003,10.0
1,7,5,2,0,0,False,1081080,1065.6000000000001,9.166666666666668
1,7,5,1,1,0,False,2162160,1074.4800000000005,9.09090909090909
1,7,5,0,2,0,False,1081080,1065.6000000000001,9.0
1,7,5,0,1,1,False,1081080,1030.0800000000004,10.0
1,7,4,3,0,0,False,1801800,1077.44,9.23076923076923
1,7,4,2,1,0,False,5405400,1094.016,9.166666666666668
1,7,4,1,2,0,False,5405400,1094.016,9.09090909090909
1,7,4,1,1,1,True,5405400,1057.5488000000003,9.09090909090909
1,7,4,0,3,0,False,1801800,1077.44,9.0
1,7,4,0,2,1,False,3603600,1094.016,9.0
1,7,4,0,1,2,False,1801800,1011.1360000000001,10.0
1,7,3,4,0,0,False,1801800,1077.4400000000003,9.285714285714286
1,7,3,3,1,0,False,7207200,1100.5280000000005,9.23076923076923
1,7,3,2,2,0,False,10810800,1108.2240000000004,9.166666666666668
1,7,3,2,1,1,True,10810800,1071.2832000000003,9.166666666666668
1,7,3,1,3,0,False,7207200,1100.5280000000005,9.09090909090909
1,7,3,1,2,1,True,14414400,1117.4592000000005,9.09090909090909
1,7,3,1,1,2,True,7207200,1032.8032000000003,10.0
1,7,3,0,4,0,False,1801800,1077.4400000000003,9.0
1,7,3,0,3,1,False,5405400,1139.0080000000003,9.0
1,7,3,0,2,2,False,5405400,1108.2240000000002,9.0
1,7,3,0,1,3,False,1801800,985.0880000000003,10.0
1,7,2,5,0,0,False,1081080,1065.6000000000001,9.333333333333334
1,7,2,4,1,0,False,5405400,1094.016,9.285714285714286
1,7,2,3,2,0,False,10810800,1108.2240000000002,9.23076923076923
1,7,2,3,1,1,True,10810800,1071.2832000000003,9.23076923076923
1,7,2,2,3,0,False,10810800,1108.2240000000002,9.166666666666668
1,7,2,2,2,1,True,21621600,1125.2736000000002,9.166666666666668
1,7,2,2,1,2,True,10810800,1040.0256000000002,9.166666666666668
1,7,2,1,4,0,False,5405400,1094.016,9.09090909090909
1,7,2,1,3,1,True,16216200,1156.5312000000004,8.181818181818182
1,7,2,1,2,2,True,16216200,1125.2736000000002,9.09090909090909
1,7,2,1,1,3,True,5405400,1000.2432000000002,10.0
1,7,2,0,5,0,False,1081080,1065.6000000000001,9.0
1,7,2,0,4,1,False,4324320,1165.0560000000003,9.0
1,7,2,0,3,2,False,6486480,1179.2640000000004,8.0
1,7,2,0,2,3,False,4324320,1108.2240000000002,9.0
1,7,2,0,1,4,False,1081080,951.9360000000003,10.0
1,7,1,6,0,0,False,360360,1041.9200000000005,9.375
1,7,1,5,1,0,False,2162160,1074.4800000000005,9.333333333333334
1,7,1,4,2,0,False,5405400,1094.016,9.285714285714286
1,7,1,4,1,1,True,5405400,1057.5488000000003,9.285714285714286
1,7,1,3,3,0,False,7207200,1100.5280000000005,9.23076923076923
1,7,1,3,2,1,True,14414400,1117.4592000000005,8.461538461538462
1,7,1,3,1,2,True,7207200,1032.8032000000005,9.23076923076923
1,7,1,2,4,0,False,5405400,1094.016,9.166666666666668
1,7,1,2,3,1,True,16216200,1156.5312000000004,8.333333333333334
1,7,1,2,2,2,True,16216200,1125.2736000000002,9.166666666666668
1,7,1,2,1,3,True,5405400,1000.2432000000003,10.0
1,7,1,1,5,0,False,2162160,1074.4800000000005,9.09090909090909
1,7,1,1,4,1,True,8648640,1174.7648000000006,8.181818181818182
1,7,1,1,3,2,True,12972960,1189.0912000000005,8.181818181818182
1,7,1,1,2,3,True,8648640,1117.4592000000005,9.09090909090909
1,7,1,1,1,4,True,2162160,959.8688000000005,10.0
1,7,1,0,6,0,False,360360,976.8000000000004,10.0
1,7,1,0,5,1,False,1801800,1172.1600000000005,9.0
1,7,1,0,4,2,False,3603600,1224.2560000000005,8.0
1,7,1,0,3,3,False,3603600,1198.2080000000003,8.0
1,7,1,0,2,4,False,1801800,1094.0160000000003,9.0
1,7,1,0,1,5,False,360360,911.6800000000002,11.0
1,7,0,7,0,0,False,51480,1006.4000000000003,9.411764705882351
1,7,0,6,1,0,False,360360,1041.9200000000005,9.375
1,7,0,5,2,0,False,1081080,1065.6000000000001,9.333333333333334
1,7,0,5,1,1,False,1081080,1030.0800000000004,9.333333333333334
1,7,0,4,3,0,False,1801800,1077.4400000000003,9.285714285714286
1,7,0,4,2,1,False,3603600,1094.016,9.285714285714286
1,7,0,4,1,2,False,1801800,1011.1360000000001,10.0
1,7,0,3,4,0,False,1801800,1077.44,9.23076923076923
1,7,0,3,3,1,False,5405400,1139.008,8.461538461538462
1,7,0,3,2,2,False,5405400,1108.2240000000002,9.23076923076923
1,7,0,3,1,3,False,1801800,985.0880000000003,10.0
1,7,0,2,5,0,False,1081080,1065.6000000000001,9.166666666666668
1,7,0,2,4,1,False,4324320,1165.0560000000003,8.333333333333334
1,7,0,2,3,2,False,6486480,1179.2640000000004,8.333333333333334
1,7,0,2,2,3,False,4324320,1108.2240000000004,9.166666666666668
1,7,0,2,1,4,False,1081080,951.9360000000001,10.0
1,7,0,1,6,0,False,360360,976.8000000000003,10.0
1,7,0,1,5,1,False,1801800,1172.1600000000003,8.181818181818182
1,7,0,1,4,2,False,3603600,1224.2560000000003,8.181818181818182
1,7,0,1,3,3,False,3603600,1198.2080000000005,8.181818181818182
1,7,0,1,2,4,False,1801800,1094.0160000000003,9.09090909090909
1,7,0,1,1,5,False,360360,911.6800000000002,10.909090909090908
1,7,0,0,7,0,False,51480,888.0000000000002,11.0
1,7,0,0,6,1,False,308880,1065.6000000000001,9.0
1,7,0,0,5,2,False,772200,1243.2000000000003,8.0
1,7,0,0,4,3,False,1029600,1255.0400000000004,8.0
1,7,0,0,3,4,False,772200,1195.8400000000006,8.0
1,7,0,0,2,5,False,308880,1065.6000000000001,9.0
1,7,0,0,1,6,False,51480,864.3200000000002,11.0
1,6,8,0,0,0,False,45045,936.0,11.0
1,6,7,1,0,0,False,360360,972.4000000000003,10.0
1,6,7,0,1,0,False,360360,972.4000000000004,10.0
1,6,6,2,0,0,False,1261260,998.4,10.0
1,6,6,1,1,0,False,2522520,1006.7200000000001,10.0
1,6,6,0,2,0,False,1261260,998.4000000000001,10.0
1,6,6,0,1,1,False,1261260,965.1200000000001,10.0
1,6,5,3,0,0,False,2522520,1014.0,10.0
1,6,5,2,1,0,False,7567560,1029.6,9.166666666666668
1,6,5,1,2,0,False,7567560,1029.6000000000001,10.0
1,6,5,1,1,1,True,7567560,995.2800000000003,10.0
1,6,5,0,3,0,False,2522520,1014.0,10.0
1,6,5,0,2,1,False,5045040,1029.6000000000001,10.0
1,6,5,0,1,2,False,2522520,951.6,10.0
1,6,4,4,0,0,False,3153150,1019.1999999999999,9.285714285714286
1,6,4,3,1,0,False,12612600,1041.0400000000002,9.23076923076923
1,6,4,2,2,0,False,18918900,1048.32,9.166666666666668
1,6,4,2,1,1,True,18918900,1013.376,10.0
1,6,4,1,3,0,False,12612600,1041.0400000000002,9.09090909090909
1,6,4,1,2,1,True,25225200,1057.056,9.09090909090909
1,6,4,1,1,2,True,12612600,976.9759999999999,10.0
1,6,4,0,4,0,False,3153150,1019.1999999999998,10.0
1,6,4,0,3,1,False,9459450,1077.4399999999998,9.0
1,6,4,0,2,2,False,9459450,1048.32,9.0
1,6,4,0,1,3,False,3153150,931.84,11.0
1,6,3,5,0,0,False,2522520,1014.0,9.333333333333334
1,6,3,4,1,0,False,12612600,1041.0400000000002,9.285714285714286
1,6,3,3,2,0,False,25225200,1054.5600000000002,9.23076923076923
1,6,3,3,1,1,True,25225200,1019.4080000000002,9.23076923076923
1,6,3,2,3,0,False,25225200,1054.56,9.166666666666668
1,6,3,2,2,1,True,50450400,1070.784,9.166666666666668
1,6,3,2,1,2,True,25225200,989.6640000000001,10.0
1,6,3,1,4,0,False,12612600,1041.0400000000002,9.09090909090909
1,6,3,1,3,1,True,37837800,1100.528,9.09090909090909
1,6,3,1,2,2,True,37837800,1070.784,9.09090909090909
1,6,3,1,1,3,True,12612600,951.808,10.0
1,6,3,0,5,0,False,2522520,1014.0,10.0
1,6,3,0,4,1,False,10090080,1108.64,9.0
1,6,3,0,3,2,False,15135120,1122.16,9.0
1,6,3,0,2,3,False,10090080,1054.5600000000002,9.0
1,6,3,0,1,4,False,2522520,905.84,11.0
1,6,2,6,0,0,False,1261260,998.4000000000001,10.0
1,6,2,5,1,0,False,7567560,1029.6000000000001,9.333333333333334
1,6,2,4,2,0,False,18918900,1048.32,9.285714285714286
1,6,2,4,1,1,True,18918900,1013.3760000000001,9.285714285714286
1,6,2,3,3,0,False,25225200,1054.5600000000002,9.23076923076923
1,6,2,3,2,1,True,50450400,1070.7840000000003,9.23076923076923
1,6,2,3,1,2,True,25225200,989.6640000000001,10.0
1,6,2,2,4,0,False,18918900,1048.32,9.166666666666668
1,6,2,2,3,1,True,56756700,1108.2240000000002,9.166666666666668
1,6,2,2,2,2,True,56756700,1078.272,9.166666666666668
1,6,2,2,1,3,True,18918900,958.4639999999999,10.0
1,6,2,1,5,0,False,7567560,1029.6000000000001,10.0
1,6,2,1,4,1,True,30270240,1125.6960000000001,9.09090909090909
1,6,2,1,3,2,True,45405360,1139.4240000000002,9.09090909090909
1,6,2,1,2,3,True,30270240,1070.784,9.09090909090909
1,6,2,1,1,4,True,7567560,919.7760000000002,10.909090909090908
1,6,2,0,6,0,False,1261260,936.0,11.0
1,6,2,0,5,1,False,6306300,1123.2,9.0
1,6,2,0,4,2,False,12612600,1173.1200000000001,9.0
1,6,2,0,3,3,False,12612600,1148.16,9.0
1,6,2,0,2,4,False,6306300,1048.3200000000002,9.0
1,6,2,0,1,5,False,1261260,873.6,11.0
1,6,1,7,0,0,False,360360,972.4000000000003,9.999999999999998
1,6,1,6,1,0,False,2522520,1006.7200000000005,9.375
1,6,1,5,2,0,False,7567560,1029.6000000000001,9.333333333333334
1,6,1,5,1,1,True,7567560,995.2800000000003,10.0
1,6,1,4,3,0,False,12612600,1041.0400000000002,9.285714285714286
1,6,1,4,2,1,True,25225200,1057.0560000000003,9.285714285714286
1,6,1,4,1,2,True,12612600,976.9760000000001,10.0
1,6,1,3,4,0,False,12612600,1041.0400000000002,9.23076923076923
1,6,1,3,3,1,True,37837800,1100.528,9.23076923076923
1,6,1,3,2,2,True,37837800,1070.7840000000003,9.23076923076923
1,6,1,3,1,3,True,12612600,951.8080000000003,10.0
1,6,1,2,5,0,False,7567560,1029.6000000000001,9.166666666666668
1,6,1,2,4,1,True,30270240,1125.6960000000004,9.166666666666668
1,6,1,2,3,2,True,45405360,1139.4240000000004,8.333333333333334
1,6,1,2,2,3,True,30270240,1070.7840000000003,9.166666666666668
1,6,1,2,1,4,True,7567560,919.7760000000003,10.833333333333334
1,6,1,1,6,0,False,2522520,943.8000000000003,10.0
1,6,1,1,5,1,True,12612600,1132.5600000000002,9.09090909090909
1,6,1,1,4,2,True,25225200,1182.8960000000004,8.181818181818182
1,6,1,1,3,3,True,25225200,1157.7280000000003,8.181818181818182
1,6,1,1,2,4,True,12612600,1057.0560000000003,9.09090909090909
1,6,1,1,1,5,True,2522520,880.8800000000002,10.909090909090908
1,6,1,0,7,0,False,360360,858.0000000000002,11.0
1,6,1,0,6,1,False,2162160,1029.6000000000001,10.0
1,6,1,0,5,2,False,5405400,1201.2000000000003,8.0
1,6,1,0,4,3,False,7207200,1212.6400000000003,8.0
1,6,1,0,3,4,False,5405400,1155.4400000000005,9.0
1,6,1,0,2,5,False,2162160,1029.6000000000001,10.0
1,6,1,0,1,6,False,360360,835.1200000000001,12.0
1,6,0,8,0,0,False,45045,936.0,10.555555555555555
1,6,0,7,1,0,False,360360,972.4000000000003,9.999999999999998
1,6,0,6,2,0,False,1261260,998.4000000000001,10.0
1,6,0,6,1,1,False,1261260,965.1200000000003,10.0
1,6,0,5,3,0,False,2522520,1014.0,9.333333333333334
1,6,0,5,2,1,False,5045040,1029.6000000000001,9.333333333333334
1,6,0,5,1,2,False,2522520,951.6000000000001,10.0
1,6,0,4,4,0,False,3153150,1019.1999999999999,9.285714285714286
1,6,0,4,3,1,False,9459450,1077.44,9.285714285714286
1,6,0,4,2,2,False,9459450,1048.32,9.285714285714286
1,6,0,4,1,3,False,3153150,931.8399999999999,10.714285714285715
1,6,0,3,5,0,False,2522520,1014.0,10.0
1,6,0,3,4,1,False,10090080,1108.64,9.23076923076923
1,6,0,3,3,2,False,15135120,1122.16,8.461538461538462
1,6,0,3,2,3,False,10090080,1054.5600000000002,9.23076923076923
1,6,0,3,1,4,False,2522520,905.8400000000001,10.769230769230768
1,6,0,2,6,0,False,1261260,936.0,10.833333333333334
1,6,0,2,5,1,False,6306300,1123.2,9.166666666666668
1,6,0,2,4,2,False,12612600,1173.12,8.333333333333334
1,6,0,2,3,3,False,12612600,1148.16,8.333333333333334
1,6,0,2,2,4,False,6306300,1048.32,9.166666666666668
1,6,0,2,1,5,False,1261260,873.6,10.833333333333334
1,6,0,1,7,0,False,360360,858.0000000000001,11.818181818181817
1,6,0,1,6,1,False,2162160,1029.6000000000001,10.0
1,6,0,1,5,2,False,5405400,1201.2,8.181818181818182
1,6,0,1,4,3,False,7207200,1212.64,8.181818181818182
1,6,0,1,3,4,False,5405400,1155.4400000000005,8.181818181818182
1,6,0,1,2,5,False,2162160,1029.6000000000001,10.0
1,6,0,1,1,6,False,360360,835.1200000000001,11.818181818181817
1,6,0,0,8,0,False,45045,780.0,13.0
1,6,0,0,7,1,False,315315,936.0,11.0
1,6,0,0,6,2,False,945945,1092.0,9.0
1,6,0,0,5,3,False,1576575,1248.0,8.0
1,6,0,0,4,4,False,1576575,1227.2000000000003,8.0
1,6,0,0,3,5,False,945945,1144.0000000000002,9.0
1,6,0,0,2,6,False,315315,998.4000000000001,10.0
1,6,0,0,1,7,False,45045,790.4000000000001,12.0
1,5,9,0,0,0,False,30030,851.2,12.0
1,5,8,1,0,0,False,270270,887.0400000000002,10.909090909090908
1,5,8,0,1,0,False,270270,887.0400000000002,11.0
1,5,7,2,0,0,False,1081080,913.9200000000002,10.833333333333334
1,5,7,1,1,0,False,2162160,921.5360000000003,10.909090909090908
1,5,7,0,2,0,False,1081080,913.9200000000001,11.0
1,5,7,0,1,1,False,1081080,883.4560000000001,11.0
1,5,6,3,0,0,False,2522520,931.8400000000001,10.769230769230768
1,5,6,2,1,0,False,7567560,946.1760000000002,10.0
1,5,6,1,2,0,False,7567560,946.1760000000002,10.0
1,5,6,1,1,1,True,7567560,914.6368000000002,10.909090909090908
1,5,6,0,3,0,False,2522520,931.84,11.0
1,5,6,0,2,1,False,5045040,946.176,10.0
1,5,6,0,1,2,False,2522520,874.496,11.0
1,5,5,4,0,0,False,3783780,940.8,10.0
1,5,5,3,1,0,False,15135120,960.9600000000003,10.0
1,5,5,2,2,0,False,22702680,967.6800000000001,10.0
1,5,5,2,1,1,True,22702680,935.4240000000001,10.833333333333334
1,5,5,1,3,0,False,15135120,960.9600000000002,10.0
1,5,5,1,2,1,True,30270240,975.744,10.0
1,5,5,1,1,2,True,15135120,901.8240000000001,10.909090909090908
1,5,5,0,4,0,False,3783780,940.8000000000001,10.0
1,5,5,0,3,1,False,11351340,994.5600000000001,10.0
1,5,5,0,2,2,False,11351340,967.68,10.0
1,5,5,0,1,3,False,3783780,860.1600000000001,11.0
1,5,4,5,0,0,False,3783780,940.8000000000001,10.0
1,5,4,4,1,0,False,18918900,965.888,10.0
1,5,4,3,2,0,False,37837800,978.432,10.0
1,5,4,3,1,1,True,37837800,945.8176000000002,10.0
1,5,4,2,3,0,False,37837800,978.4320000000001,10.0
1,5,4,2,2,1,True,75675600,993.4848000000001,10.0
1,5,4,2,1,2,True,37837800,918.2208,10.833333333333334
1,5,4,1,4,0,False,18918900,965.888,10.0
1,5,4,1,3,1,True,56756700,1021.0816000000001,10.0
1,5,4,1,2,2,True,56756700,993.4848000000002,10.0
1,5,4,1,1,3,True,18918900,883.0976,10.909090909090908
1,5,4,0,5,0,False,3783780,940.8000000000001,10.0
1,5,4,0,4,1,False,15135120,1028.608,10.0
1,5,4,0,3,2,False,22702680,1041.152,10.0
1,5,4,0,2,3,False,15135120,978.432,10.0
1,5,4,0,1,4,False,3783780,840.4480000000002,12.0
1,5,3,6,0,0,False,2522520,931.84,10.625
1,5,3,5,1,0,False,15135120,960.9600000000002,10.0
1,5,3,4,2,0,False,37837800,978.4320000000001,10.0
1,5,3,4,1,1,True,37837800,945.8176000000002,10.0
1,5,3,3,3,0,False,50450400,984.2560000000001,10.0
1,5,3,3,2,1,True,100900800,999.3984,10.0
1,5,3,3,1,2,True,50450400,923.6864,10.769230769230768
1,5,3,2,4,0,False,37837800,978.432,10.0
1,5,3,2,3,1,True,113513400,1034.3424,9.166666666666668
1,5,3,2,2,2,True,113513400,1006.3871999999999,10.0
1,5,3,2,1,3,True,37837800,894.5664,10.833333333333334
1,5,3,1,5,0,False,15135120,960.9600000000002,10.0
1,5,3,1,4,1,True,60540480,1050.6496000000002,9.09090909090909
1,5,3,1,3,2,True,90810720,1063.4624000000001,9.09090909090909
1,5,3,1,2,3,True,60540480,999.3984000000002,10.0
1,5,3,1,1,4,True,15135120,858.4576000000003,11.818181818181817
1,5,3,0,6,0,False,2522520,873.6,11.0
1,5,3,0,5,1,False,12612600,1048.3200000000002,9.0
1,5,3,0,4,2,False,25225200,1094.912,9.0
1,5,3,0,3,3,False,25225200,1071.616,9.0
1,5,3,0,2,4,False,12612600,978.4320000000002,10.0
1,5,3,0,1,5,False,2522520,815.36,12.0
1,5,2,7,0,0,False,1081080,913.9200000000002,10.588235294117647
1,5,2,6,1,0,False,7567560,946.176,10.0
1,5,2,5,2,0,False,22702680,967.6800000000001,10.0
1,5,2,5,1,1,True,22702680,935.4240000000002,10.666666666666666
1,5,2,4,3,0,False,37837800,978.4320000000001,10.0
1,5,2,4,2,1,True,75675600,993.4848000000001,10.0
1,5,2,4,1,2,True,37837800,918.2208,10.714285714285715
1,5,2,3,4,0,False,37837800,978.432,10.0
1,5,2,3,3,1,True,113513400,1034.3424,9.23076923076923
1,5,2,3,2,2,True,113513400,1006.3872,10.0
1,5,2,3,1,3,True,37837800,894.5664,10.769230769230768
1,5,2,2,5,0,False,22702680,967.6800000000001,10.0
1,5,2,2,4,1,True,90810720,1057.9968000000001,9.166666666666668
1,5,2,2,3,2,True,136216080,1070.8992,9.166666666666668
1,5,2,2,2,3,True,90810720,1006.3871999999999,10.0
1,5,2,2,1,4,True,22702680,864.4608,11.666666666666668
1,5,2,1,6,0,False,7567560,887.0400000000002,10.909090909090908
1,5,2,1,5,1,True,37837800,1064.4480000000003,9.09090909090909
1,5,2,1,4,2,True,75675600,1111.7568,9.09090909090909
1,5,2,1,3,3,True,75675600,1088.1024000000002,9.09090909090909
1,5,2,1,2,4,True,37837800,993.4848000000002,10.0
1,5,2,1,1,5,True,7567560,827.904,11.818181818181817
1,5,2,0,7,0,False,1081080,806.4000000000001,12.0
1,5,2,0,6,1,False,6486480,967.6800000000002,10.0
1,5,2,0,5,2,False,16216200,1128.96,9.0
1,5,2,0,4,3,False,21621600,1139.7120000000002,9.0
1,5,2,0,3,4,False,16216200,1085.9520000000002,9.0
1,5,2,0,2,5,False,6486480,967.6800000000002,10.0
1,5,2,0,1,6,False,1081080,784.8960000000001,12.0
1,5,1,8,0,0,False,270270,887.0400000000001,11.11111111111111
1,5,1,7,1,0,False,2162160,921.5360000000002,10.588235294117647
1,5,1,6,2,0,False,7567560,946.176,10.0
1,5,1,6,1,1,True,7567560,914.6368000000001,10.625
1,5,1,5,3,0,False,15135120,960.9600000000002,10.0
1,5,1,5,2,1,True,30270240,975.7440000000001,10.0
1,5,1,5,1,2,True,15135120,901.8240000000001,10.666666666666666
1,5,1,4,4,0,False,18918900,965.888,10.0
1,5,1,4,3,1,True,56756700,1021.0816,9.285714285714286
1,5,1,4,2,2,True,56756700,993.4848000000001,10.0
1,5,1,4,1,3,True,18918900,883.0976,10.714285714285715
1,5,1,3,5,0,False,15135120,960.96,10.0
1,5,1,3,4,1,True,60540480,1050.6496000000002,9.23076923076923
1,5,1,3,3,2,True,90810720,1063.4624000000001,9.23076923076923
1,5,1,3,2,3,True,60540480,999.3984,10.0
1,5,1,3,1,4,True,15135120,858.4576000000002,11.538461538461538
1,5,1,2,6,0,False,7567560,887.0400000000001,10.833333333333334
1,5,1,2,5,1,True,37837800,1064.4479999999999,9.166666666666668
1,5,1,2,4,2,True,75675600,1111.7568,9.166666666666668
1,5,1,2,3,3,True,75675600,1088.1024,9.166666666666668
1,5,1,2,2,4,True,37837800,993.4848000000001,10.0
1,5,1,2,1,5,True,7567560,827.9040000000001,11.666666666666668
1,5,1,1,7,0,False,2162160,813.1200000000001,11.818181818181817
1,5,1,1,6,1,True,12972960,975.744,10.0
1,5,1,1,5,2,True,32432400,1138.3680000000002,9.09090909090909
1,5,1,1,4,3,True,43243200,1149.2096000000001,8.181818181818182
1,5,1,1,3,4,True,32432400,1095.0016000000005,9.09090909090909
1,5,1,1,2,5,True,12972960,975.744,10.0
1,5,1,1,1,6,True,2162160,791.4368000000002,12.727272727272727
1,5,1,0,8,0,False,270270,739.2,13.0
1,5,1,0,7,1,False,1891890,887.04,11.0
1,5,1,0,6,2,False,5675670,1034.88,10.0
1,5,1,0,5,3,False,9459450,1182.72,8.0
1,5,1,0,4,4,False,9459450,1163.0080000000003,9.0
1,5,1,0,3,5,False,5675670,1084.16,9.0
1,5,1,0,2,6,False,1891890,946.176,10.0
1,5,1,0,1,7,False,270270,749.056,13.0
1,5,0,9,0,0,False,30030,851.1999999999999,11.052631578947368
1,5,0,8,1,0,False,270270,887.0400000000001,11.11111111111111
1,5,0,7,2,0,False,1081080,913.9200000000002,10.588235294117647
1,5,0,7,1,1,False,1081080,883.4560000000004,11.176470588235293
1,5,0,6,3,0,False,2522520,931.84,10.625
1,5,0,6,2,1,False,5045040,946.176,10.0
1,5,0,6,1,2,False,2522520,874.496,11.25
1,5,0,5,4,0,False,3783780,940.8000000000001,10.0
1,5,0,5,3,1,False,11351340,994.56,10.0
1,5,0,5,2,2,False,11351340,967.6800000000001,10.0
1,5,0,5,1,3,False,3783780,860.1600000000001,11.333333333333334
1,5,0,4,5,0,False,3783780,940.8,10.0
1,5,0,4,4,1,False,15135120,1028.6080000000002,9.285714285714286
1,5,0,4,3,2,False,22702680,1041.1520000000003,9.285714285714286
1,5,0,4,2,3,False,15135120,978.4320000000001,10.0
1,5,0,4,1,4,False,3783780,840.448,11.428571428571429
1,5,0,3,6,0,False,2522520,873.6,10.769230769230768
1,5,0,3,5,1,False,12612600,1048.3200000000002,9.23076923076923
1,5,0,3,4,2,False,25225200,1094.912,9.23076923076923
1,5,0,3,3,3,False,25225200,1071.6160000000002,9.23076923076923
1,5,0,3,2,4,False,12612600,978.4320000000001,10.0
1,5,0,3,1,5,False,2522520,815.3600000000001,11.538461538461538
1,5,0,2,7,0,False,1081080,806.4,11.666666666666668
1,5,0,2,6,1,False,6486480,967.6800000000001,10.0
1,5,0,2,5,2,False,16216200,1128.96,8.333333333333334
1,5,0,2,4,3,False,21621600,1139.712,8.333333333333334
1,5,0,2,3,4,False,16216200,1085.9520000000002,9.166666666666668
1,5,0,2,2,5,False,6486480,967.6800000000001,10.0
1,5,0,2,1,6,False,1081080,784.8960000000001,12.5
1,5,0,1,8,0,False,270270,739.2,12.727272727272727
1,5,0,1,7,1,False,1891890,887.0400000000002,10.909090909090908
1,5,0,1,6,2,False,5675670,1034.88,9.09090909090909
1,5,0,1,5,3,False,9459450,1182.7200000000003,8.181818181818182
1,5,0,1,4,4,False,9459450,1163.0080000000003,8.181818181818182
1,5,0,1,3,5,False,5675670,1084.16,9.09090909090909
1,5,0,1,2,6,False,1891890,946.1760000000002,10.0
1,5,0,1,1,7,False,270270,749.0560000000002,12.727272727272727
1,5,0,0,9,0,False,30030,672.0,14.0
1,5,0,0,8,1,False,240240,806.4000000000001,12.0
1,5,0,0,7,2,False,840840,940.8000000000001,10.0
1,5,0,0,6,3,False,1681680,1075.2,9.0
1,5,0,0,5,4,False,2102100,1209.6000000000001,8.0
1,5,0,0,4,5,False,1681680,1164.8,9.0
1,5,0,0,3,6,False,840840,1066.24,9.0
1,5,0,0,2,7,False,240240,913.9200000000001,11.0
1,5,0,0,1,8,False,30030,707.8400000000001,14.0
1,4,10,0,0,0,False,15015,752.0,13.0
1,4,9,1,0,0,False,150150,785.8400000000001,12.727272727272727
1,4,9,0,1,0,False,150150,785.8400000000001,12.0
1,4,8,2,0,0,False,675675,812.1600000000001,11.666666666666668
1,4,8,1,1,0,False,1351350,818.9280000000001,11.818181818181817
1,4,8,0,2,0,False,675675,812.16,12.0
1,4,8,0,1,1,False,675675,785.0880000000002,12.0
1,4,7,3,0,0,False,1801800,830.9600000000003,11.538461538461538
1,4,7,2,1,0,False,5405400,843.7440000000003,11.666666666666668
1,4,7,1,2,0,False,5405400,843.7440000000001,11.818181818181817
1,4,7,1,1,1,True,5405400,815.6192000000003,11.818181818181817
1,4,7,0,3,0,False,1801800,830.9600000000003,12.0
1,4,7,0,2,1,False,3603600,843.7440000000003,12.0
1,4,7,0,1,2,False,1801800,779.8240000000001,13.0
1,4,6,4,0,0,False,3153150,842.24,11.428571428571429
1,4,6,3,1,0,False,12612600,860.2880000000001,11.538461538461538
1,4,6,2,2,0,False,18918900,866.3040000000001,11.666666666666668
1,4,6,2,1,1,True,18918900,837.4272000000002,11.666666666666668
1,4,6,1,3,0,False,12612600,860.2880000000001,11.818181818181817
1,4,6,1,2,1,True,25225200,873.5232000000002,10.909090909090908
1,4,6,1,1,2,True,12612600,807.3472,11.818181818181817
1,4,6,0,4,0,False,3153150,842.24,12.0
1,4,6,0,3,1,False,9459450,890.368,11.0
1,4,6,0,2,2,False,9459450,866.304,11.0
1,4,6,0,1,3,False,3153150,770.0480000000001,13.0
1,4,5,5,0,0,False,3783780,846.0,11.333333333333334
1,4,5,4,1,0,False,18918900,868.5600000000001,11.428571428571429
1,4,5,3,2,0,False,37837800,879.8400000000001,10.769230769230768
1,4,5,3,1,1,True,37837800,850.5120000000002,11.538461538461538
1,4,5,2,3,0,False,37837800,879.84,10.833333333333334
1,4,5,2,2,1,True,75675600,893.376,10.833333333333334
1,4,5,2,1,2,True,37837800,825.696,11.666666666666668
1,4,5,1,4,0,False,18918900,868.56,10.909090909090908
1,4,5,1,3,1,True,56756700,918.1920000000002,10.909090909090908
1,4,5,1,2,2,True,56756700,893.3760000000001,10.909090909090908
1,4,5,1,1,3,True,18918900,794.1120000000002,12.727272727272727
1,4,5,0,5,0,False,3783780,846.0,12.0
1,4,5,0,4,1,False,15135120,924.96,11.0
1,4,5,0,3,2,False,22702680,936.2400000000002,11.0
1,4,5,0,2,3,False,15135120,879.84,11.0
1,4,5,0,1,4,False,3783780,755.7600000000001,13.0
1,4,4,6,0,0,False,3153150,842.24,11.25
1,4,4,5,1,0,False,18918900,868.5600000000002,11.333333333333334
1,4,4,4,2,0,False,47297250,884.3520000000001,10.714285714285715
1,4,4,4,1,1,True,47297250,854.8736000000001,11.428571428571429
1,4,4,3,3,0,False,63063000,889.6160000000001,10.769230769230768
1,4,4,3,2,1,True,126126000,903.3024000000001,10.769230769230768
1,4,4,3,1,2,True,63063000,834.8704000000001,11.538461538461538
1,4,4,2,4,0,False,47297250,884.352,10.833333333333334
1,4,4,2,3,1,True,141891750,934.8864000000001,10.833333333333334
1,4,4,2,2,2,True,141891750,909.6192000000001,10.833333333333334
1,4,4,2,1,3,True,47297250,808.5504,11.666666666666668
1,4,4,1,5,0,False,18918900,868.5600000000001,10.909090909090908
1,4,4,1,4,1,True,75675600,949.6256000000003,10.0
1,4,4,1,3,2,True,113513400,961.2064000000003,10.0
1,4,4,1,2,3,True,75675600,903.3024000000001,10.909090909090908
1,4,4,1,1,4,True,18918900,775.9136000000002,12.727272727272727
1,4,4,0,6,0,False,3153150,789.6,12.0
1,4,4,0,5,1,False,15765750,947.5200000000001,10.0
1,4,4,0,4,2,False,31531500,989.6320000000001,10.0
1,4,4,0,3,3,False,31531500,968.576,10.0
1,4,4,0,2,4,False,15765750,884.3520000000001,11.0
1,4,4,0,1,5,False,3153150,736.96,13.0
1,4,3,7,0,0,False,1801800,830.9600000000002,11.76470588235294
1,4,3,6,1,0,False,12612600,860.2880000000001,11.25
1,4,3,5,2,0,False,37837800,879.8399999999999,11.333333333333334
1,4,3,5,1,1,True,37837800,850.5120000000002,11.333333333333334
1,4,3,4,3,0,False,63063000,889.616,10.714285714285715
1,4,3,4,2,1,True,126126000,903.3023999999999,10.714285714285715
1,4,3,4,1,2,True,63063000,834.8704,11.428571428571429
1,4,3,3,4,0,False,63063000,889.6160000000001,10.769230769230768
1,4,3,3,3,1,True,189189000,940.4512,10.0
1,4,3,3,2,2,True,189189000,915.0336,10.769230769230768
1,4,3,3,1,3,True,63063000,813.3632000000001,12.307692307692307
1,4,3,2,5,0,False,37837800,879.84,10.833333333333334
1,4,3,2,4,1,True,151351200,961.9584,10.0
1,4,3,2,3,2,True,227026800,973.6896000000002,10.0
1,4,3,2,2,3,True,151351200,915.0336000000001,10.833333333333334
1,4,3,2,1,4,True,37837800,785.9904,12.5
1,4,3,1,6,0,False,12612600,806.5200000000001,11.818181818181817
1,4,3,1,5,1,True,63063000,967.8240000000001,10.0
1,4,3,1,4,2,True,126126000,1010.8384000000002,10.0
1,4,3,1,3,3,True,126126000,989.3312000000002,10.0
1,4,3,1,2,4,True,63063000,903.3024000000001,10.909090909090908
1,4,3,1,1,5,True,12612600,752.7520000000001,12.727272727272727
1,4,3,0,7,0,False,1801800,733.2,13.0
1,4,3,0,6,1,False,10810800,879.84,11.0
1,4,3,0,5,2,False,27027000,1026.4800000000002,10.0
1,4,3,0,4,3,False,36036000,1036.256,10.0
1,4,3,0,3,4,False,27027000,987.3760000000002,10.0
1,4,3,0,2,5,False,10810800,879.84,11.0
1,4,3,0,1,6,False,1801800,713.648,14.0
1,4,2,8,0,0,False,675675,812.1600000000001,11.666666666666666
1,4,2,7,1,0,False,5405400,843.7440000000003,11.176470588235293
1,4,2,6,2,0,False,18918900,866.304,11.25
1,4,2,6,1,1,True,18918900,837.4272000000003,11.25
1,4,2,5,3,0,False,37837800,879.8400000000001,11.333333333333334
1,4,2,5,2,1,True,75675600,893.3760000000001,10.666666666666666
1,4,2,5,1,2,True,37837800,825.6960000000001,12.0
1,4,2,4,4,0,False,47297250,884.3519999999999,10.714285714285715
1,4,2,4,3,1,True,141891750,934.8864,10.714285714285715
1,4,2,4,2,2,True,141891750,909.6192,10.714285714285715
1,4,2,4,1,3,True,47297250,808.5503999999999,12.142857142857144
1,4,2,3,5,0,False,37837800,879.8400000000001,10.769230769230768
1,4,2,3,4,1,True,151351200,961.9584000000001,10.0
1,4,2,3,3,2,True,227026800,973.6896000000003,10.0
1,4,2,3,2,3,True,151351200,915.0336000000001,10.769230769230768
1,4,2,3,1,4,True,37837800,785.9904000000001,12.307692307692307
1,4,2,2,6,0,False,18918900,812.1600000000001,11.666666666666668
1,4,2,2,5,1,True,94594500,974.5920000000001,10.0
1,4,2,2,4,2,True,189189000,1017.9072000000002,10.0
1,4,2,2,3,3,True,189189000,996.2496000000001,10.0
1,4,2,2,2,4,True,94594500,909.6192000000001,10.833333333333334
1,4,2,2,1,5,True,18918900,758.016,12.5
1,4,2,1,7,0,False,5405400,744.4800000000001,12.727272727272727
1,4,2,1,6,1,True,32432400,893.3760000000002,10.909090909090908
1,4,2,1,5,2,True,81081000,1042.2720000000002,9.09090909090909
1,4,2,1,4,3,True,108108000,1052.1984000000002,9.09090909090909
1,4,2,1,3,4,True,81081000,1002.5664000000003,10.0
1,4,2,1,2,5,True,32432400,893.3760000000002,10.909090909090908
1,4,2,1,1,6,True,5405400,724.6272,13.636363636363635
1,4,2,0,8,0,False,675675,676.8000000000001,14.0
1,4,2,0,7,1,False,4729725,812.1600000000001,12.0
1,4,2,0,6,2,False,14189175,947.5200000000001,10.0
1,4,2,0,5,3,False,23648625,1082.8799999999999,9.0
1,4,2,0,4,4,False,23648625,1064.832,9.0
1,4,2,0,3,5,False,14189175,992.6400000000002,10.0
1,4,2,0,2,6,False,4729725,866.304,11.0
1,4,2,0,1,7,False,675675,685.8240000000001,14.0
1,4,1,9,0,0,False,150150,785.84,12.105263157894738
1,4,1,8,1,0,False,1351350,818.9280000000001,11.666666666666666
1,4,1,7,2,0,False,5405400,843.744,11.176470588235293
1,4,1,7,1,1,True,5405400,815.6192000000002,11.76470588235294
1,4,1,6,3,0,False,12612600,860.2880000000001,11.25
1,4,1,6,2,1,True,25225200,873.5232000000002,11.25
1,4,1,6,1,2,True,12612600,807.3472000000002,11.875
1,4,1,5,4,0,False,18918900,868.56,11.333333333333334
1,4,1,5,3,1,True,56756700,918.192,10.666666666666666
1,4,1,5,2,2,True,56756700,893.3760000000001,10.666666666666666
1,4,1,5,1,3,True,18918900,794.1120000000001,12.0
1,4,1,4,5,0,False,18918900,868.5600000000001,11.428571428571429
1,4,1,4,4,1,True,75675600,949.6256000000001,10.0
1,4,1,4,3,2,True,113513400,961.2063999999999,10.0
1,4,1,4,2,3,True,75675600,903.3023999999999,10.714285714285715
1,4,1,4,1,4,True,18918900,775.9136,12.142857142857144
1,4,1,3,6,0,False,12612600,806.5200000000001,12.307692307692307
1,4,1,3,5,1,True,63063000,967.8240000000001,10.0
1,4,1,3,4,2,True,126126000,1010.8384000000002,10.0
1,4,1,3,3,3,True,126126000,989.3312000000002,10.0
1,4,1,3,2,4,True,63063000,903.3024000000001,10.769230769230768
1,4,1,3,1,5,True,12612600,752.752,13.076923076923077
1,4,1,2,7,0,False,5405400,744.4800000000001,13.333333333333334
1,4,1,2,6,1,True,32432400,893.376,10.833333333333334
1,4,1,2,5,2,True,81081000,1042.272,9.166666666666668
1,4,1,2,4,3,True,108108000,1052.1984,9.166666666666668
1,4,1,2,3,4,True,81081000,1002.5664000000002,10.0
1,4,1,2,2,5,True,32432400,893.376,10.833333333333334
1,4,1,2,1,6,True,5405400,724.6272,13.333333333333334
1,4,1,1,8,0,False,1351350,682.4400000000002,14.545454545454545
1,4,1,1,7,1,True,9459450,818.9280000000001,11.818181818181817
1,4,1,1,6,2,True,28378350,955.4160000000002,10.0
1,4,1,1,5,3,True,47297250,1091.904,9.09090909090909
1,4,1,1,4,4,True,47297250,1073.7056000000002,9.09090909090909
1,4,1,1,3,5,True,28378350,1000.9120000000001,10.0
1,4,1,1,2,6,True,9459450,873.5232000000002,10.909090909090908
1,4,1,1,1,7,True,1351350,691.5392,13.636363636363635
1,4,1,0,9,0,False,150150,620.4000000000001,16.0
1,4,1,0,8,1,False,1201200,744.48,13.0
1,4,1,0,7,2,False,4204200,868.5600000000001,11.0
1,4,1,0,6,3,False,8408400,992.64,10.0
1,4,1,0,5,4,False,10510500,1116.72,9.0
1,4,1,0,4,5,False,8408400,1075.3600000000001,9.0
1,4,1,0,3,6,False,4204200,984.368,10.0
1,4,1,0,2,7,False,1201200,843.7440000000001,12.0
1,4,1,0,1,8,False,150150,653.488,15.0
1,4,0,10,0,0,False,15015,752.0,12.5
1,4,0,9,1,0,False,150150,785.84,12.105263157894738
1,4,0,8,2,0,False,675675,812.1600000000001,11.666666666666666
1,4,0,8,1,1,False,675675,785.0880000000002,12.222222222222221
1,4,0,7,3,0,False,1801800,830.9600000000002,11.76470588235294
1,4,0,7,2,1,False,3603600,843.744,11.176470588235293
1,4,0,7,1,2,False,1801800,779.8240000000002,12.352941176470587
1,4,0,6,4,0,False,3153150,842.24,11.25
1,4,0,6,3,1,False,9459450,890.368,10.625
1,4,0,6,2,2,False,9459450,866.304,11.25
1,4,0,6,1,3,False,3153150,770.0480000000001,12.5
1,4,0,5,5,0,False,3783780,846.0,11.333333333333334
1,4,0,5,4,1,False,15135120,924.9600000000002,10.666666666666666
1,4,0,5,3,2,False,22702680,936.2400000000001,10.666666666666666
1,4,0,5,2,3,False,15135120,879.8400000000001,11.333333333333334
1,4,0,5,1,4,False,3783780,755.7600000000001,12.666666666666666
1,4,0,4,6,0,False,3153150,789.5999999999999,12.142857142857144
1,4,0,4,5,1,False,15765750,947.52,10.0
1,4,0,4,4,2,False,31531500,989.6320000000001,10.0
1,4,0,4,3,3,False,31531500,968.5760000000001,10.0
1,4,0,4,2,4,False,15765750,884.3520000000001,10.714285714285715
1,4,0,4,1,5,False,3153150,736.9599999999999,12.857142857142858
1,4,0,3,7,0,False,1801800,733.2,13.076923076923077
1,4,0,3,6,1,False,10810800,879.8400000000001,10.769230769230768
1,4,0,3,5,2,False,27027000,1026.48,9.23076923076923
1,4,0,3,4,3,False,36036000,1036.256,9.23076923076923
1,4,0,3,3,4,False,27027000,987.3760000000003,10.0
1,4,0,3,2,5,False,10810800,879.8400000000001,10.769230769230768
1,4,0,3,1,6,False,1801800,713.6479999999999,13.846153846153845
1,4,0,2,8,0,False,675675,676.8,14.166666666666668
1,4,0,2,7,1,False,4729725,812.1600000000001,11.666666666666668
1,4,0,2,6,2,False,14189175,947.52,10.0
1,4,0,2,5,3,False,23648625,1082.88,9.166666666666668
1,4,0,2,4,4,False,23648625,1064.832,9.166666666666668
1,4,0,2,3,5,False,14189175,992.64,10.0
1,4,0,2,2,6,False,4729725,866.3040000000001,11.666666666666668
1,4,0,2,1,7,False,675675,685.824,14.166666666666668
1,4,0,1,9,0,False,150150,620.4000000000001,15.454545454545453
1,4,0,1,8,1,False,1201200,744.4800000000001,12.727272727272727
1,4,0,1,7,2,False,4204200,868.5600000000001,10.909090909090908
1,4,0,1,6,3,False,8408400,992.6400000000002,10.0
1,4,0,1,5,4,False,10510500,1116.72,9.09090909090909
1,4,0,1,4,5,False,8408400,1075.3600000000001,9.09090909090909
1,4,0,1,3,6,False,4204200,984.368,10.0
1,4,0,1,2,7,False,1201200,843.7440000000001,11.818181818181817
1,4,0,1,1,8,False,150150,653.488,14.545454545454545
1,4,0,0,10,0,False,15015,564.0,17.0
1,4,0,0,9,1,False,135135,676.8000000000001,14.0
1,4,0,0,8,2,False,540540,789.6,12.0
1,4,0,0,7,3,False,1261260,902.4000000000001,11.0
1,4,0,0,6,4,False,1891890,1015.2,10.0
1,4,0,0,5,5,False,1891890,1128.0,9.0
1,4,0,0,4,6,False,1261260,1067.84,9.0
1,4,0,0,3,7,False,540540,962.5600000000003,10.0
1,4,0,0,2,8,False,135135,812.1600000000001,12.0
1,4,0,0,1,9,False,15015,616.64,16.0
1,3,11,0,0,0,False,5460,638.4000000000001,15.0
1,3,10,1,0,0,False,60060,668.8000000000001,14.545454545454545
1,3,10,0,1,0,False,60060,668.8000000000002,15.0
1,3,9,2,0,0,False,300300,693.12,14.166666666666668
1,3,9,1,1,0,False,600600,698.8960000000002,13.636363636363635
1,3,9,0,2,0,False,300300,693.12,14.0
1,3,9,0,1,1,False,300300,670.0160000000001,15.0
1,3,8,3,0,0,False,900900,711.3600000000001,13.846153846153845
1,3,8,2,1,0,False,2702700,722.3040000000001,13.333333333333334
1,3,8,1,2,0,False,2702700,722.3040000000001,13.636363636363635
1,3,8,1,1,1,True,2702700,698.2272000000002,13.636363636363635
1,3,8,0,3,0,False,900900,711.3600000000001,14.0
1,3,8,0,2,1,False,1801800,722.3040000000001,14.0
1,3,8,0,1,2,False,900900,667.5840000000001,15.0
1,3,7,4,0,0,False,1801800,723.5200000000001,13.571428571428573
1,3,7,3,1,0,False,7207200,739.0240000000002,13.076923076923077
1,3,7,2,2,0,False,10810800,744.1920000000002,13.333333333333334
1,3,7,2,1,1,True,10810800,719.3856000000002,13.333333333333334
1,3,7,1,3,0,False,7207200,739.0240000000002,12.727272727272727
1,3,7,1,2,1,True,14414400,750.3936000000002,12.727272727272727
1,3,7,1,1,2,True,7207200,693.5456000000001,13.636363636363635
1,3,7,0,4,0,False,1801800,723.5200000000001,13.0
1,3,7,0,3,1,False,5405400,764.8640000000001,13.0
1,3,7,0,2,2,False,5405400,744.1920000000001,13.0
1,3,7,0,1,3,False,1801800,661.5040000000001,15.0
1,3,6,5,0,0,False,2522520,729.6,13.333333333333334
1,3,6,4,1,0,False,12612600,749.056,12.857142857142858
1,3,6,3,2,0,False,25225200,758.7840000000001,13.076923076923077
1,3,6,3,1,1,True,25225200,733.4912,13.076923076923077
1,3,6,2,3,0,False,25225200,758.784,12.5
1,3,6,2,2,1,True,50450400,770.4576000000001,12.5
1,3,6,2,1,2,True,25225200,712.0896,13.333333333333334
1,3,6,1,4,0,False,12612600,749.0560000000002,12.727272727272727
1,3,6,1,3,1,True,37837800,791.8592000000001,12.727272727272727
1,3,6,1,2,2,True,37837800,770.4576000000001,12.727272727272727
1,3,6,1,1,3,True,12612600,684.8512000000002,14.545454545454545
1,3,6,0,5,0,False,2522520,729.6,13.0
1,3,6,0,4,1,False,10090080,797.6960000000001,12.0
1,3,6,0,3,2,False,15135120,807.4240000000001,12.0
1,3,6,0,2,3,False,10090080,758.7840000000001,13.0
1,3,6,0,1,4,False,2522520,651.7760000000001,15.0
1,3,5,6,0,0,False,2522520,729.6,13.125
1,3,5,5,1,0,False,15135120,752.4000000000001,12.666666666666666
1,3,5,4,2,0,False,37837800,766.08,12.857142857142858
1,3,5,4,1,1,True,37837800,740.544,12.857142857142858
1,3,5,3,3,0,False,50450400,770.6400000000001,12.307692307692307
1,3,5,3,2,1,True,100900800,782.4960000000001,12.307692307692307
1,3,5,3,1,2,True,50450400,723.2160000000001,13.076923076923077
1,3,5,2,4,0,False,37837800,766.08,12.5
1,3,5,2,3,1,True,113513400,809.8560000000001,11.666666666666668
1,3,5,2,2,2,True,113513400,787.968,12.5
1,3,5,2,1,3,True,37837800,700.416,14.166666666666668
1,3,5,1,5,0,False,15135120,752.4000000000001,12.727272727272727
1,3,5,1,4,1,True,60540480,822.6240000000003,11.818181818181817
1,3,5,1,3,2,True,90810720,832.6560000000001,11.818181818181817
1,3,5,1,2,3,True,60540480,782.4960000000002,12.727272727272727
1,3,5,1,1,4,True,15135120,672.1440000000001,14.545454545454545
1,3,5,0,6,0,False,2522520,684.0,14.0
1,3,5,0,5,1,False,12612600,820.8000000000001,12.0
1,3,5,0,4,2,False,25225200,857.2800000000002,11.0
1,3,5,0,3,3,False,25225200,839.04,12.0
1,3,5,0,2,4,False,12612600,766.0800000000002,13.0
1,3,5,0,1,5,False,2522520,638.4000000000001,15.0
1,3,4,7,0,0,False,1801800,723.5200000000001,13.52941176470588
1,3,4,6,1,0,False,12612600,749.0560000000002,13.125
1,3,4,5,2,0,False,37837800,766.08,12.666666666666666
1,3,4,5,1,1,True,37837800,740.5440000000002,13.333333333333334
1,3,4,4,3,0,False,63063000,774.5920000000001,12.142857142857144
1,3,4,4,2,1,True,126126000,786.5088,12.142857142857144
1,3,4,4,1,2,True,63063000,726.9247999999999,13.571428571428573
1,3,4,3,4,0,False,63063000,774.5920000000001,12.307692307692307
1,3,4,3,3,1,True,189189000,818.8544,11.538461538461538
1,3,4,3,2,2,True,189189000,796.7231999999999,12.307692307692307
1,3,4,3,1,3,True,63063000,708.1984000000001,13.846153846153845
1,3,4,2,5,0,False,37837800,766.08,12.5
1,3,4,2,4,1,True,151351200,837.5808000000001,11.666666666666668
1,3,4,2,3,2,True,227026800,847.7952000000001,11.666666666666668
1,3,4,2,2,3,True,151351200,796.7232000000001,12.5
1,3,4,2,1,4,True,37837800,684.3648,14.166666666666668
1,3,4,1,6,0,False,12612600,702.2400000000001,13.636363636363635
1,3,4,1,5,1,True,63063000,842.6880000000001,11.818181818181817
1,3,4,1,4,2,True,126126000,880.1408000000002,10.909090909090908
1,3,4,1,3,3,True,126126000,861.4144000000001,11.818181818181817
1,3,4,1,2,4,True,63063000,786.5088000000002,12.727272727272727
1,3,4,1,1,5,True,12612600,655.4240000000001,14.545454545454545
1,3,4,0,7,0,False,1801800,638.4000000000001,15.0
1,3,4,0,6,1,False,10810800,766.08,13.0
1,3,4,0,5,2,False,27027000,893.7600000000001,11.0
1,3,4,0,4,3,False,36036000,902.2720000000002,11.0
1,3,4,0,3,4,False,27027000,859.7120000000003,11.0
1,3,4,0,2,5,False,10810800,766.08,13.0
1,3,4,0,1,6,False,1801800,621.3760000000001,16.0
1,3,3,8,0,0,False,900900,711.3600000000001,13.333333333333332
1,3,3,7,1,0,False,7207200,739.0240000000002,12.941176470588234
1,3,3,6,2,0,False,25225200,758.7840000000001,12.5
1,3,3,6,1,1,True,25225200,733.4912000000002,13.125
1,3,3,5,3,0,False,50450400,770.6400000000001,12.666666666666666
1,3,3,5,2,1,True,100900800,782.4960000000001,12.666666666666666
1,3,3,5,1,2,True,50450400,723.216,13.333333333333334
1,3,3,4,4,0,False,63063000,774.5919999999999,12.142857142857144
1,3,3,4,3,1,True,189189000,818.8544,12.142857142857144
1,3,3,4,2,2,True,189189000,796.7232,12.142857142857144
1,3,3,4,1,3,True,63063000,708.1984,13.571428571428573
1,3,3,3,5,0,False,50450400,770.6400000000001,12.307692307692307
1,3,3,3,4,1,True,201801600,842.5664000000003,11.538461538461538
1,3,3,3,3,2,True,302702400,852.8416000000002,11.538461538461538
1,3,3,3,2,3,True,201801600,801.4656000000001,12.307692307692307
1,3,3,3,1,4,True,50450400,688.4384000000001,13.846153846153845
1,3,3,2,6,0,False,25225200,711.36,13.333333333333334
1,3,3,2,5,1,True,126126000,853.6320000000002,11.666666666666668
1,3,3,2,4,2,True,252252000,891.5712000000001,10.833333333333334
1,3,3,2,3,3,True,252252000,872.6016000000001,10.833333333333334
1,3,3,2,2,4,True,126126000,796.7232000000001,12.5
1,3,3,2,1,5,True,25225200,663.9359999999999,14.166666666666668
1,3,3,1,7,0,False,7207200,652.0800000000002,14.545454545454545
1,3,3,1,6,1,True,43243200,782.4960000000002,12.727272727272727
1,3,3,1,5,2,True,108108000,912.9120000000001,10.909090909090908
1,3,3,1,4,3,True,144144000,921.6064000000001,10.909090909090908
1,3,3,1,3,4,True,108108000,878.1344000000003,10.909090909090908
1,3,3,1,2,5,True,43243200,782.4960000000002,12.727272727272727
1,3,3,1,1,6,True,7207200,634.6912000000001,15.454545454545453
1,3,3,0,8,0,False,900900,592.8000000000001,16.0
1,3,3,0,7,1,False,6306300,711.3600000000001,14.0
1,3,3,0,6,2,False,18918900,829.9200000000001,12.0
1,3,3,0,5,3,False,31531500,948.48,10.0
1,3,3,0,4,4,False,31531500,932.6720000000001,11.0
1,3,3,0,3,5,False,18918900,869.4400000000002,11.0
1,3,3,0,2,6,False,6306300,758.7840000000001,13.0
1,3,3,0,1,7,False,900900,600.7040000000001,16.0
1,3,2,9,0,0,False,300300,693.12,13.68421052631579
1,3,2,8,1,0,False,2702700,722.3040000000001,13.333333333333332
1,3,2,7,2,0,False,10810800,744.192,12.941176470588234
1,3,2,7,1,1,True,10810800,719.3856000000002,13.52941176470588
1,3,2,6,3,0,False,25225200,758.7840000000001,12.5
1,3,2,6,2,1,True,50450400,770.4576000000002,12.5
1,3,2,6,1,2,True,25225200,712.0896,13.75
1,3,2,5,4,0,False,37837800,766.08,12.666666666666666
1,3,2,5,3,1,True,113513400,809.856,12.0
1,3,2,5,2,2,True,113513400,787.9680000000001,12.0
1,3,2,5,1,3,True,37837800,700.4160000000002,14.0
1,3,2,4,5,0,False,37837800,766.08,12.857142857142858
1,3,2,4,4,1,True,151351200,837.5808000000001,11.428571428571429
1,3,2,4,3,2,True,227026800,847.7952000000001,11.428571428571429
1,3,2,4,2,3,True,151351200,796.7232,12.142857142857144
1,3,2,4,1,4,True,37837800,684.3648000000001,14.285714285714286
1,3,2,3,6,0,False,25225200,711.3600000000001,13.846153846153845
1,3,2,3,5,1,True,126126000,853.6320000000002,11.538461538461538
1,3,2,3,4,2,True,252252000,891.5712000000001,10.769230769230768
1,3,2,3,3,3,True,252252000,872.6016000000002,11.538461538461538
1,3,2,3,2,4,True,126126000,796.7232,12.307692307692307
1,3,2,3,1,5,True,25225200,663.936,14.615384615384615
1,3,2,2,7,0,False,10810800,656.64,15.0
1,3,2,2,6,1,True,64864800,787.9680000000001,12.5
1,3,2,2,5,2,True,162162000,919.296,10.833333333333334
1,3,2,2,4,3,True,216216000,928.0512000000001,10.833333333333334
1,3,2,2,3,4,True,162162000,884.2752000000002,10.833333333333334
1,3,2,2,2,5,True,64864800,787.9680000000001,12.5
1,3,2,2,1,6,True,10810800,639.1296000000001,15.0
1,3,2,1,8,0,False,2702700,601.9200000000001,16.363636363636363
1,3,2,1,7,1,True,18918900,722.3040000000002,13.636363636363635
1,3,2,1,6,2,True,56756700,842.6880000000001,11.818181818181817
1,3,2,1,5,3,True,94594500,963.072,10.0
1,3,2,1,4,4,True,94594500,947.0208000000002,10.0
1,3,2,1,3,5,True,56756700,882.8160000000001,10.909090909090908
1,3,2,1,2,6,True,18918900,770.4576000000001,12.727272727272727
1,3,2,1,1,7,True,2702700,609.9456,15.454545454545453
1,3,2,0,9,0,False,300300,547.2,18.0
1,3,2,0,8,1,False,2402400,656.6400000000001,15.0
1,3,2,0,7,2,False,8408400,766.08,13.0
1,3,2,0,6,3,False,16816800,875.52,11.0
1,3,2,0,5,4,False,21021000,984.96,10.0
1,3,2,0,4,5,False,16816800,948.4800000000001,10.0
1,3,2,0,3,6,False,8408400,868.224,11.0
1,3,2,0,2,7,False,2402400,744.192,13.0
1,3,2,0,1,8,False,300300,576.384,17.0
1,3,1,10,0,0,False,60060,668.8000000000002,14.5
1,3,1,9,1,0,False,600600,698.8960000000003,13.68421052631579
1,3,1,8,2,0,False,2702700,722.3040000000001,13.333333333333332
1,3,1,8,1,1,True,2702700,698.2272000000003,13.88888888888889
1,3,1,7,3,0,False,7207200,739.0240000000002,12.941176470588234
1,3,1,7,2,1,True,14414400,750.3936000000003,12.941176470588234
1,3,1,7,1,2,True,7207200,693.5456000000001,14.117647058823527
1,3,1,6,4,0,False,12612600,749.0560000000002,13.125
1,3,1,6,3,1,True,37837800,791.8592000000002,11.875
1,3,1,6,2,2,True,37837800,770.4576000000002,12.5
1,3,1,6,1,3,True,12612600,684.8512000000002,13.75
1,3,1,5,5,0,False,15135120,752.4000000000002,12.666666666666666
1,3,1,5,4,1,True,60540480,822.624,12.0
1,3,1,5,3,2,True,90810720,832.6560000000002,11.333333333333334
1,3,1,5,2,3,True,60540480,782.4960000000001,12.666666666666666
1,3,1,5,1,4,True,15135120,672.1440000000002,14.0
1,3,1,4,6,0,False,12612600,702.2400000000001,13.571428571428573
1,3,1,4,5,1,True,63063000,842.6880000000001,11.428571428571429
1,3,1,4,4,2,True,126126000,880.1408000000001,10.714285714285715
1,3,1,4,3,3,True,126126000,861.4144000000002,11.428571428571429
1,3,1,4,2,4,True,63063000,786.5088000000002,12.142857142857144
1,3,1,4,1,5,True,12612600,655.4240000000001,15.000000000000002
1,3,1,3,7,0,False,7207200,652.0800000000002,14.615384615384615
1,3,1,3,6,1,True,43243200,782.4960000000001,12.307692307692307
1,3,1,3,5,2,True,108108000,912.9120000000004,10.769230769230768
1,3,1,3,4,3,True,144144000,921.6064000000003,10.769230769230768
1,3,1,3,3,4,True,108108000,878.1344000000004,10.769230769230768
1,3,1,3,2,5,True,43243200,782.4960000000001,12.307692307692307
1,3,1,3,1,6,True,7207200,634.6912000000002,15.384615384615383
1,3,1,2,8,0,False,2702700,601.9200000000002,15.833333333333334
1,3,1,2,7,1,True,18918900,722.3040000000001,13.333333333333334
1,3,1,2,6,2,True,56756700,842.6880000000002,11.666666666666668
1,3,1,2,5,3,True,94594500,963.072,10.0
1,3,1,2,4,4,True,94594500,947.0208000000002,10.0
1,3,1,2,3,5,True,56756700,882.8160000000004,10.833333333333334
1,3,1,2,2,6,True,18918900,770.4576000000001,12.5
1,3,1,2,1,7,True,2702700,609.9456000000001,15.833333333333334
1,3,1,1,9,0,False,600600,551.7600000000002,17.27272727272727
1,3,1,1,8,1,True,4804800,662.1120000000001,14.545454545454545
1,3,1,1,7,2,True,16816800,772.4640000000003,12.727272727272727
1,3,1,1,6,3,True,33633600,882.8160000000001,10.909090909090908
1,3,1,1,5,4,True,42042000,993.1680000000002,10.0
1,3,1,1,4,5,True,33633600,956.3840000000002,10.0
1,3,1,1,3,6,True,16816800,875.4592000000002,10.909090909090908
1,3,1,1,2,7,True,4804800,750.3936000000002,12.727272727272727
1,3,1,1,1,8,True,600600,581.1872000000003,16.363636363636363
1,3,1,0,10,0,False,60060,501.60000000000014,19.0
1,3,1,0,9,1,False,540540,601.9200000000001,16.0
1,3,1,0,8,2,False,2162160,702.2400000000002,14.0
1,3,1,0,7,3,False,5045040,802.5600000000001,12.0
1,3,1,0,6,4,False,7567560,902.8800000000001,11.0
1,3,1,0,5,5,False,7567560,1003.2000000000003,10.0
1,3,1,0,4,6,False,5045040,949.6960000000001,10.0
1,3,1,0,3,7,False,2162160,856.0640000000003,11.0
1,3,1,0,2,8,False,540540,722.3040000000002,14.0
1,3,1,0,1,9,False,60060,548.416,18.0
1,3,0,11,0,0,False,5460,638.4,14.761904761904761
1,3,0,10,1,0,False,60060,668.8000000000002,14.5
1,3,0,9,2,0,False,300300,693.12,13.68421052631579
1,3,0,9,1,1,False,300300,670.0160000000002,14.210526315789474
1,3,0,8,3,0,False,900900,711.3600000000001,13.333333333333332
1,3,0,8,2,1,False,1801800,722.3040000000001,13.333333333333332
1,3,0,8,1,2,False,900900,667.5840000000001,14.444444444444445
1,3,0,7,4,0,False,1801800,723.5200000000001,13.52941176470588
1,3,0,7,3,1,False,5405400,764.8640000000001,12.352941176470587
1,3,0,7,2,2,False,5405400,744.192,12.941176470588234
1,3,0,7,1,3,False,1801800,661.5040000000001,14.705882352941176
1,3,0,6,5,0,False,2522520,729.6,13.125
1,3,0,6,4,1,False,10090080,797.6960000000001,11.875
1,3,0,6,3,2,False,15135120,807.4240000000002,11.875
1,3,0,6,2,3,False,10090080,758.7840000000001,12.5
1,3,0,6,1,4,False,2522520,651.7760000000002,15.0
1,3,0,5,6,0,False,2522520,684.0,14.0
1,3,0,5,5,1,False,12612600,820.8000000000001,12.0
1,3,0,5,4,2,False,25225200,857.2800000000002,11.333333333333334
1,3,0,5,3,3,False,25225200,839.04,11.333333333333334
1,3,0,5,2,4,False,12612600,766.0800000000002,12.666666666666666
1,3,0,5,1,5,False,2522520,638.4000000000001,15.333333333333334
1,3,0,4,7,0,False,1801800,638.4,15.000000000000002
1,3,0,4,6,1,False,10810800,766.08,12.857142857142858
1,3,0,4,5,2,False,27027000,893.7600000000001,10.714285714285715
1,3,0,4,4,3,False,36036000,902.2719999999999,10.714285714285715
1,3,0,4,3,4,False,27027000,859.7120000000002,11.428571428571429
1,3,0,4,2,5,False,10810800,766.08,12.857142857142858
1,3,0,4,1,6,False,1801800,621.376,15.714285714285715
1,3,0,3,8,0,False,900900,592.8000000000001,16.153846153846153
1,3,0,3,7,1,False,6306300,711.3600000000001,13.846153846153845
1,3,0,3,6,2,False,18918900,829.9200000000002,11.538461538461538
1,3,0,3,5,3,False,31531500,948.48,10.0
1,3,0,3,4,4,False,31531500,932.6720000000001,10.769230769230768
1,3,0,3,3,5,False,18918900,869.4400000000003,11.538461538461538
1,3,0,3,2,6,False,6306300,758.7840000000001,13.076923076923077
1,3,0,3,1,7,False,900900,600.7040000000001,16.153846153846153
1,3,0,2,9,0,False,300300,547.1999999999999,17.5
1,3,0,2,8,1,False,2402400,656.64,15.0
1,3,0,2,7,2,False,8408400,766.08,12.5
1,3,0,2,6,3,False,16816800,875.52,10.833333333333334
1,3,0,2,5,4,False,21021000,984.96,10.0
1,3,0,2,4,5,False,16816800,948.48,10.0
1,3,0,2,3,6,False,8408400,868.2239999999999,10.833333333333334
1,3,0,2,2,7,False,2402400,744.1920000000001,13.333333333333334
1,3,0,2,1,8,False,300300,576.384,16.666666666666668
1,3,0,1,10,0,False,60060,501.6,19.09090909090909
1,3,0,1,9,1,False,540540,601.9200000000001,16.363636363636363
1,3,0,1,8,2,False,2162160,702.2400000000001,13.636363636363635
1,3,0,1,7,3,False,5045040,802.5600000000001,11.818181818181817
1,3,0,1,6,4,False,7567560,902.8800000000001,10.909090909090908
1,3,0,1,5,5,False,7567560,1003.2,10.0
1,3,0,1,4,6,False,5045040,949.6960000000003,10.0
1,3,0,1,3,7,False,2162160,856.0640000000003,11.818181818181817
1,3,0,1,2,8,False,540540,722.3040000000002,13.636363636363635
1,3,0,1,1,9,False,60060,548.4159999999999,17.27272727272727
1,3,0,0,11,0,False,5460,456.0,21.0
1,3,0,0,10,1,False,54600,547.2,18.0
1,3,0,0,9,2,False,245700,638.4000000000001,15.0
1,3,0,0,8,3,False,655200,729.6,13.0
1,3,0,0,7,4,False,1146600,820.8000000000001,12.0
1,3,0,0,6,5,False,1375920,912.0,11.0
1,3,0,0,5,6,False,1146600,1003.2,10.0
1,3,0,0,4,7,False,655200,936.3200000000002,11.0
1,3,0,0,3,8,False,245700,832.96,12.0
1,3,0,0,2,9,False,54600,693.12,14.0
1,3,0,0,1,10,False,5460,516.8000000000001,19.0
1,2,12,0,0,0,False,1365,510.40000000000003,19.0
1,2,11,1,0,0,False,16380,535.9200000000001,18.18181818181818
1,2,11,0,1,0,False,16380,535.9200000000001,18.0
1,2,10,2,0,0,False,90090,556.8,17.5
1,2,10,1,1,0,False,180180,561.44,17.27272727272727
1,2,10,0,2,0,False,90090,556.8000000000001,17.0
1,2,10,0,1,1,False,90090,538.2400000000001,18.0
1,2,9,3,0,0,False,300300,573.0400000000001,16.923076923076923
1,2,9,2,1,0,False,900900,581.856,16.666666666666668
1,2,9,1,2,0,False,900900,581.856,16.363636363636363
1,2,9,1,1,1,True,900900,562.4608000000002,17.27272727272727
1,2,9,0,3,0,False,300300,573.0400000000001,17.0
1,2,9,0,2,1,False,600600,581.8560000000001,17.0
1,2,9,0,1,2,False,300300,537.7760000000001,18.0
1,2,8,4,0,0,False,675675,584.64,16.42857142857143
1,2,8,3,1,0,False,2702700,597.1680000000001,16.153846153846153
1,2,8,2,2,0,False,4054050,601.3439999999999,15.833333333333334
1,2,8,2,1,1,True,4054050,581.2992000000002,16.666666666666668
1,2,8,1,3,0,False,2702700,597.168,16.363636363636363
1,2,8,1,2,1,True,5405400,606.3552000000002,16.363636363636363
1,2,8,1,1,2,True,2702700,560.4192,17.27272727272727
1,2,8,0,4,0,False,675675,584.64,17.0
1,2,8,0,3,1,False,2027025,618.048,16.0
1,2,8,0,2,2,False,2027025,601.3439999999999,16.0
1,2,8,0,1,3,False,675675,534.528,18.0
1,2,7,5,0,0,False,1081080,591.6000000000001,16.0
1,2,7,4,1,0,False,5405400,607.3760000000001,15.714285714285715
1,2,7,3,2,0,False,10810800,615.264,15.384615384615383
1,2,7,3,1,1,True,10810800,594.7552000000002,16.153846153846153
1,2,7,2,3,0,False,10810800,615.2640000000001,15.833333333333334
1,2,7,2,2,1,True,21621600,624.7296,15.833333333333334
1,2,7,2,1,2,True,10810800,577.4016,16.666666666666668
1,2,7,1,4,0,False,5405400,607.3760000000001,16.363636363636363
1,2,7,1,3,1,True,16216200,642.0832000000001,15.454545454545453
1,2,7,1,2,2,True,16216200,624.7296000000001,15.454545454545453
1,2,7,1,1,3,True,5405400,555.3152000000001,17.27272727272727
1,2,7,0,5,0,False,1081080,591.6000000000001,16.0
1,2,7,0,4,1,False,4324320,646.8160000000003,15.0
1,2,7,0,3,2,False,6486480,654.7040000000002,15.0
1,2,7,0,2,3,False,4324320,615.2640000000001,16.0
1,2,7,0,1,4,False,1081080,528.4960000000001,18.0
1,2,6,6,0,0,False,1261260,593.9200000000001,16.25
1,2,6,5,1,0,False,7567560,612.48,16.0
1,2,6,4,2,0,False,18918900,623.616,15.714285714285715
1,2,6,4,1,1,True,18918900,602.8288,15.714285714285715
1,2,6,3,3,0,False,25225200,627.3280000000001,15.384615384615383
1,2,6,3,2,1,True,50450400,636.9792000000001,15.384615384615383
1,2,6,3,1,2,True,25225200,588.7232,16.153846153846153
1,2,6,2,4,0,False,18918900,623.6159999999999,15.833333333333334
1,2,6,2,3,1,True,56756700,659.2512,15.0
1,2,6,2,2,2,True,56756700,641.4336,15.0
1,2,6,2,1,3,True,18918900,570.1632,16.666666666666668
1,2,6,1,5,0,False,7567560,612.4800000000001,15.454545454545453
1,2,6,1,4,1,True,30270240,669.6448,14.545454545454545
1,2,6,1,3,2,True,45405360,677.8112000000001,14.545454545454545
1,2,6,1,2,3,True,30270240,636.9792000000001,15.454545454545453
1,2,6,1,1,4,True,7567560,547.1488,17.27272727272727
1,2,6,0,6,0,False,1261260,556.8000000000001,17.0
1,2,6,0,5,1,False,6306300,668.1600000000001,15.0
1,2,6,0,4,2,False,12612600,697.8560000000001,14.0
1,2,6,0,3,3,False,12612600,683.008,14.0
1,2,6,0,2,4,False,6306300,623.6160000000001,16.0
1,2,6,0,1,5,False,1261260,519.68,19.0
1,2,5,7,0,0,False,1081080,591.6,16.470588235294116
1,2,5,6,1,0,False,7567560,612.4800000000001,15.625
1,2,5,5,2,0,False,22702680,626.4000000000001,15.333333333333334
1,2,5,5,1,1,True,22702680,605.5200000000001,16.0
1,2,5,4,3,0,False,37837800,633.36,15.000000000000002
1,2,5,4,2,1,True,75675600,643.104,15.000000000000002
1,2,5,4,1,2,True,37837800,594.3839999999999,16.42857142857143
1,2,5,3,4,0,False,37837800,633.3600000000001,15.384615384615383
1,2,5,3,3,1,True,113513400,669.552,14.615384615384615
1,2,5,3,2,2,True,113513400,651.456,14.615384615384615
1,2,5,3,1,3,True,37837800,579.0720000000001,16.923076923076923
1,2,5,2,5,0,False,22702680,626.4,15.833333333333334
1,2,5,2,4,1,True,90810720,684.8640000000001,14.166666666666668
1,2,5,2,3,2,True,136216080,693.216,14.166666666666668
1,2,5,2,2,3,True,90810720,651.456,15.0
1,2,5,2,1,4,True,22702680,559.5840000000001,17.5
1,2,5,1,6,0,False,7567560,574.2,17.27272727272727
1,2,5,1,5,1,True,37837800,689.0400000000002,14.545454545454545
1,2,5,1,4,2,True,75675600,719.6640000000002,13.636363636363635
1,2,5,1,3,3,True,75675600,704.3520000000002,13.636363636363635
1,2,5,1,2,4,True,37837800,643.1040000000002,15.454545454545453
1,2,5,1,1,5,True,7567560,535.9200000000001,18.18181818181818
1,2,5,0,7,0,False,1081080,522.0,19.0
1,2,5,0,6,1,False,6486480,626.4000000000001,16.0
1,2,5,0,5,2,False,16216200,730.8000000000001,13.0
1,2,5,0,4,3,False,21621600,737.7600000000001,13.0
1,2,5,0,3,4,False,16216200,702.9600000000002,14.0
1,2,5,0,2,5,False,6486480,626.4000000000001,16.0
1,2,5,0,1,6,False,1081080,508.08000000000004,19.0
1,2,4,8,0,0,False,675675,584.64,16.11111111111111
1,2,4,7,1,0,False,5405400,607.3760000000001,15.88235294117647
1,2,4,6,2,0,False,18918900,623.616,15.625
1,2,4,6,1,1,True,18918900,602.8288000000001,15.625
1,2,4,5,3,0,False,37837800,633.3600000000001,15.333333333333334
1,2,4,5,2,1,True,75675600,643.1040000000002,14.666666666666666
1,2,4,5,1,2,True,37837800,594.384,16.0
1,2,4,4,4,0,False,47297250,636.608,15.000000000000002
1,2,4,4,3,1,True,141891750,672.9856,14.285714285714286
1,2,4,4,2,2,True,141891750,654.7968,15.000000000000002
1,2,4,4,1,3,True,47297250,582.0416000000001,16.42857142857143
1,2,4,3,5,0,False,37837800,633.3600000000001,15.384615384615383
1,2,4,3,4,1,True,151351200,692.4736,13.846153846153845
1,2,4,3,3,2,True,227026800,700.9184,13.846153846153845
1,2,4,3,2,3,True,151351200,658.6944000000001,14.615384615384615
1,2,4,3,1,4,True,37837800,565.8016000000001,16.923076923076923
1,2,4,2,6,0,False,18918900,584.64,16.666666666666668
1,2,4,2,5,1,True,94594500,701.5680000000001,14.166666666666668
1,2,4,2,4,2,True,189189000,732.7488000000002,13.333333333333334
1,2,4,2,3,3,True,189189000,717.1584,13.333333333333334
1,2,4,2,2,4,True,94594500,654.7968000000001,15.0
1,2,4,2,1,5,True,18918900,545.664,17.5
1,2,4,1,7,0,False,5405400,535.9200000000001,18.18181818181818
1,2,4,1,6,1,True,32432400,643.1040000000002,15.454545454545453
1,2,4,1,5,2,True,81081000,750.2880000000001,12.727272727272727
1,2,4,1,4,3,True,108108000,757.4336000000001,12.727272727272727
1,2,4,1,3,4,True,81081000,721.7056000000003,13.636363636363635
1,2,4,1,2,5,True,32432400,643.1040000000002,15.454545454545453
1,2,4,1,1,6,True,5405400,521.6288000000001,18.18181818181818
1,2,4,0,8,0,False,675675,487.20000000000005,20.0
1,2,4,0,7,1,False,4729725,584.6400000000001,17.0
1,2,4,0,6,2,False,14189175,682.08,14.0
1,2,4,0,5,3,False,23648625,779.52,13.0
1,2,4,0,4,4,False,23648625,766.5280000000001,13.0
1,2,4,0,3,5,False,14189175,714.5600000000001,14.0
1,2,4,0,2,6,False,4729725,623.616,16.0
1,2,4,0,1,7,False,675675,493.696,20.0
1,2,3,9,0,0,False,300300,573.04,16.842105263157894
1,2,3,8,1,0,False,2702700,597.1680000000001,16.11111111111111
1,2,3,7,2,0,False,10810800,615.2640000000001,15.294117647058822
1,2,3,7,1,1,True,10810800,594.7552000000002,15.88235294117647
1,2,3,6,3,0,False,25225200,627.3280000000001,15.0
1,2,3,6,2,1,True,50450400,636.9792000000002,15.0
1,2,3,6,1,2,True,25225200,588.7232,16.25
1,2,3,5,4,0,False,37837800,633.36,15.333333333333334
1,2,3,5,3,1,True,113513400,669.5520000000001,14.666666666666666
1,2,3,5,2,2,True,113513400,651.456,14.666666666666666
1,2,3,5,1,3,True,37837800,579.072,16.666666666666668
1,2,3,4,5,0,False,37837800,633.36,15.000000000000002
1,2,3,4,4,1,True,151351200,692.4736,14.285714285714286
1,2,3,4,3,2,True,227026800,700.9184,13.571428571428573
1,2,3,4,2,3,True,151351200,658.6944,14.285714285714286
1,2,3,4,1,4,True,37837800,565.8016,17.142857142857142
1,2,3,3,6,0,False,25225200,588.1200000000001,16.153846153846153
1,2,3,3,5,1,True,126126000,705.744,13.846153846153845
1,2,3,3,4,2,True,252252000,737.1104,13.076923076923077
1,2,3,3,3,3,True,252252000,721.4272000000001,13.076923076923077
1,2,3,3,2,4,True,126126000,658.6944000000001,14.615384615384615
1,2,3,3,1,5,True,25225200,548.912,17.692307692307693
1,2,3,2,7,0,False,10810800,542.88,17.5
1,2,3,2,6,1,True,64864800,651.456,15.0
1,2,3,2,5,2,True,162162000,760.0320000000002,12.5
1,2,3,2,4,3,True,216216000,767.2704,12.5
1,2,3,2,3,4,True,162162000,731.0784000000002,13.333333333333334
1,2,3,2,2,5,True,64864800,651.456,15.0
1,2,3,2,1,6,True,10810800,528.4032,18.333333333333336
1,2,3,1,8,0,False,2702700,497.6400000000001,19.09090909090909
1,2,3,1,7,1,True,18918900,597.168,16.363636363636363
1,2,3,1,6,2,True,56756700,696.6960000000001,13.636363636363635
1,2,3,1,5,3,True,94594500,796.224,11.818181818181817
1,2,3,1,4,4,True,94594500,782.9536000000003,12.727272727272727
1,2,3,1,3,5,True,56756700,729.8720000000002,13.636363636363635
1,2,3,1,2,6,True,18918900,636.9792000000001,15.454545454545453
1,2,3,1,1,7,True,2702700,504.27520000000004,19.09090909090909
1,2,3,0,9,0,False,300300,452.40000000000003,21.0
1,2,3,0,8,1,False,2402400,542.88,18.0
1,2,3,0,7,2,False,8408400,633.3600000000001,15.0
1,2,3,0,6,3,False,16816800,723.84,13.0
1,2,3,0,5,4,False,21021000,814.3200000000002,12.0
1,2,3,0,4,5,False,16816800,784.1600000000001,12.0
1,2,3,0,3,6,False,8408400,717.808,14.0
1,2,3,0,2,7,False,2402400,615.2640000000001,16.0
1,2,3,0,1,8,False,300300,476.5280000000001,20.0
1,2,2,10,0,0,False,90090,556.8000000000001,17.0
1,2,2,9,1,0,False,900900,581.856,16.315789473684212
1,2,2,8,2,0,False,4054050,601.3439999999999,16.11111111111111
1,2,2,8,1,1,True,4054050,581.2992000000002,16.666666666666668
1,2,2,7,3,0,False,10810800,615.2640000000002,15.294117647058822
1,2,2,7,2,1,True,21621600,624.7296000000001,15.294117647058822
1,2,2,7,1,2,True,10810800,577.4016000000001,16.470588235294116
1,2,2,6,4,0,False,18918900,623.616,15.625
1,2,2,6,3,1,True,56756700,659.2512,14.375
1,2,2,6,2,2,True,56756700,641.4336000000001,15.0
1,2,2,6,1,3,True,18918900,570.1632000000001,16.875
1,2,2,5,5,0,False,22702680,626.4000000000001,15.333333333333334
1,2,2,5,4,1,True,90810720,684.864,14.0
1,2,2,5,3,2,True,136216080,693.2160000000001,14.0
1,2,2,5,2,3,True,90810720,651.456,14.666666666666666
1,2,2,5,1,4,True,22702680,559.5840000000001,17.333333333333332
1,2,2,4,6,0,False,18918900,584.64,16.42857142857143
1,2,2,4,5,1,True,94594500,701.568,13.571428571428573
1,2,2,4,4,2,True,189189000,732.7488000000001,12.857142857142858
1,2,2,4,3,3,True,189189000,717.1584,13.571428571428573
1,2,2,4,2,4,True,94594500,654.7968000000001,15.000000000000002
1,2,2,4,1,5,True,18918900,545.664,17.857142857142858
1,2,2,3,7,0,False,10810800,542.88,17.692307692307693
1,2,2,3,6,1,True,64864800,651.456,14.615384615384615
1,2,2,3,5,2,True,162162000,760.0320000000002,13.076923076923077
1,2,2,3,4,3,True,216216000,767.2704,12.307692307692307
1,2,2,3,3,4,True,162162000,731.0784000000002,13.076923076923077
1,2,2,3,2,5,True,64864800,651.456,14.615384615384615
1,2,2,3,1,6,True,10810800,528.4032,18.46153846153846
1,2,2,2,8,0,False,4054050,501.12,19.166666666666668
1,2,2,2,7,1,True,28378350,601.3439999999999,15.833333333333334
1,2,2,2,6,2,True,85135050,701.5680000000001,14.166666666666668
1,2,2,2,5,3,True,141891750,801.7919999999999,12.5
1,2,2,2,4,4,True,141891750,788.4288000000001,12.5
1,2,2,2,3,5,True,85135050,734.976,13.333333333333334
1,2,2,2,2,6,True,28378350,641.4336,15.0
1,2,2,2,1,7,True,4054050,507.80160000000006,19.166666666666668
1,2,2,1,9,0,False,900900,459.36000000000007,20.909090909090907
1,2,2,1,8,1,True,7207200,551.2320000000001,17.27272727272727
1,2,2,1,7,2,True,25225200,643.1040000000002,15.454545454545453
1,2,2,1,6,3,True,50450400,734.976,13.636363636363635
1,2,2,1,5,4,True,63063000,826.8480000000002,11.818181818181817
1,2,2,1,4,5,True,50450400,796.2240000000003,11.818181818181817
1,2,2,1,3,6,True,25225200,728.8512000000002,13.636363636363635
1,2,2,1,2,7,True,7207200,624.7296000000001,15.454545454545453
1,2,2,1,1,8,True,900900,483.8592000000001,20.0
1,2,2,0,10,0,False,90090,417.6,23.0
1,2,2,0,9,1,False,810810,501.12,19.0
1,2,2,0,8,2,False,3243240,584.6400000000001,17.0
1,2,2,0,7,3,False,7567560,668.16,15.0
1,2,2,0,6,4,False,11351340,751.6800000000001,13.0
1,2,2,0,5,5,False,11351340,835.2,12.0
1,2,2,0,4,6,False,7567560,790.656,12.0
1,2,2,0,3,7,False,3243240,712.7040000000002,14.0
1,2,2,0,2,8,False,810810,601.344,16.0
1,2,2,0,1,9,False,90090,456.57599999999996,21.0
1,2,1,11,0,0,False,16380,535.9200000000001,17.619047619047617
1,2,1,10,1,0,False,180180,561.44,17.0
1,2,1,9,2,0,False,900900,581.856,16.315789473684212
1,2,1,9,1,1,True,900900,562.4608000000001,16.842105263157894
1,2,1,8,3,0,False,2702700,597.168,16.11111111111111
1,2,1,8,2,1,True,5405400,606.3552000000001,15.555555555555555
1,2,1,8,1,2,True,2702700,560.4192000000002,17.22222222222222
1,2,1,7,4,0,False,5405400,607.376,15.88235294117647
1,2,1,7,3,1,True,16216200,642.0832000000001,14.705882352941176
1,2,1,7,2,2,True,16216200,624.7296000000001,15.294117647058822
1,2,1,7,1,3,True,5405400,555.3152000000001,17.058823529411764
1,2,1,6,5,0,False,7567560,612.48,15.625
1,2,1,6,4,1,True,30270240,669.6448000000001,14.375
1,2,1,6,3,2,True,45405360,677.8112000000001,14.375
1,2,1,6,2,3,True,30270240,636.9792000000002,15.0
1,2,1,6,1,4,True,7567560,547.1488000000002,17.5
1,2,1,5,6,0,False,7567560,574.2,16.666666666666668
1,2,1,5,5,1,True,37837800,689.0400000000001,14.0
1,2,1,5,4,2,True,75675600,719.6640000000001,13.333333333333334
1,2,1,5,3,3,True,75675600,704.3520000000001,14.0
1,2,1,5,2,4,True,37837800,643.1040000000002,14.666666666666666
1,2,1,5,1,5,True,7567560,535.92,18.0
1,2,1,4,7,0,False,5405400,535.92,17.857142857142858
1,2,1,4,6,1,True,32432400,643.104,15.000000000000002
1,2,1,4,5,2,True,81081000,750.2879999999999,12.857142857142858
1,2,1,4,4,3,True,108108000,757.4336000000001,12.857142857142858
1,2,1,4,3,4,True,81081000,721.7056000000001,13.571428571428573
1,2,1,4,2,5,True,32432400,643.104,15.000000000000002
1,2,1,4,1,6,True,5405400,521.6288000000001,18.571428571428573
1,2,1,3,8,0,False,2702700,497.64000000000004,19.23076923076923
1,2,1,3,7,1,True,18918900,597.1680000000001,16.153846153846153
1,2,1,3,6,2,True,56756700,696.696,13.846153846153845
1,2,1,3,5,3,True,94594500,796.224,12.307692307692307
1,2,1,3,4,4,True,94594500,782.9536000000003,12.307692307692307
1,2,1,3,3,5,True,56756700,729.8720000000001,13.076923076923077
1,2,1,3,2,6,True,18918900,636.9792000000001,15.384615384615383
1,2,1,3,1,7,True,2702700,504.27520000000004,19.23076923076923
1,2,1,2,9,0,False,900900,459.36,20.833333333333336
1,2,1,2,8,1,True,7207200,551.2320000000001,17.5
1,2,1,2,7,2,True,25225200,643.1039999999999,15.0
1,2,1,2,6,3,True,50450400,734.976,13.333333333333334
1,2,1,2,5,4,True,63063000,826.8480000000001,11.666666666666668
1,2,1,2,4,5,True,50450400,796.2239999999999,12.5
1,2,1,2,3,6,True,25225200,728.8512,13.333333333333334
1,2,1,2,2,7,True,7207200,624.7296,15.833333333333334
1,2,1,2,1,8,True,900900,483.85920000000004,20.0
1,2,1,1,10,0,False,180180,421.08000000000004,22.727272727272727
1,2,1,1,9,1,True,1621620,505.2960000000001,19.09090909090909
1,2,1,1,8,2,True,6486480,589.5120000000001,16.363636363636363
1,2,1,1,7,3,True,15135120,673.7280000000001,14.545454545454545
1,2,1,1,6,4,True,22702680,757.9440000000002,12.727272727272727
1,2,1,1,5,5,True,22702680,842.1600000000001,11.818181818181817
1,2,1,1,4,6,True,15135120,797.2448,11.818181818181817
1,2,1,1,3,7,True,6486480,718.6432000000003,13.636363636363635
1,2,1,1,2,8,True,1621620,606.3552000000002,16.363636363636363
1,2,1,1,1,9,True,180180,460.3808000000001,20.909090909090907
1,2,1,0,11,0,False,16380,382.8,25.0
1,2,1,0,10,1,False,163800,459.36000000000007,21.0
1,2,1,0,9,2,False,737100,535.92,18.0
1,2,1,0,8,3,False,1965600,612.48,16.0
1,2,1,0,7,4,False,3439800,689.0400000000001,14.0
1,2,1,0,6,5,False,4127760,765.6,13.0
1,2,1,0,5,6,False,3439800,842.1600000000001,12.0
1,2,1,0,4,7,False,1965600,786.0160000000001,12.0
1,2,1,0,3,8,False,737100,699.248,14.0
1,2,1,0,2,9,False,163800,581.856,17.0
1,2,1,0,1,10,False,16380,433.8400000000001,22.0
1,2,0,12,0,0,False,1365,510.40000000000003,18.636363636363633
1,2,0,11,1,0,False,16380,535.9200000000001,17.619047619047617
1,2,0,10,2,0,False,90090,556.8000000000001,17.0
1,2,0,10,1,1,False,90090,538.2400000000001,17.5
1,2,0,9,3,0,False,300300,573.04,16.842105263157894
1,2,0,9,2,1,False,600600,581.856,16.315789473684212
1,2,0,9,1,2,False,300300,537.7760000000001,17.894736842105264
1,2,0,8,4,0,False,675675,584.64,16.11111111111111
1,2,0,8,3,1,False,2027025,618.048,15.555555555555555
1,2,0,8,2,2,False,2027025,601.3439999999999,16.11111111111111
1,2,0,8,1,3,False,675675,534.528,17.77777777777778
1,2,0,7,5,0,False,1081080,591.6,16.470588235294116
1,2,0,7,4,1,False,4324320,646.8160000000001,14.705882352941176
1,2,0,7,3,2,False,6486480,654.7040000000002,14.705882352941176
1,2,0,7,2,3,False,4324320,615.2640000000002,15.294117647058822
1,2,0,7,1,4,False,1081080,528.4960000000001,18.235294117647058
1,2,0,6,6,0,False,1261260,556.8000000000001,17.5
1,2,0,6,5,1,False,6306300,668.1600000000001,14.375
1,2,0,6,4,2,False,12612600,697.8560000000002,13.75
1,2,0,6,3,3,False,12612600,683.0080000000002,14.375
1,2,0,6,2,4,False,6306300,623.6160000000001,15.625
1,2,0,6,1,5,False,1261260,519.6800000000001,18.125
1,2,0,5,7,0,False,1081080,522.0,18.666666666666668
1,2,0,5,6,1,False,6486480,626.4000000000001,15.333333333333334
1,2,0,5,5,2,False,16216200,730.8000000000001,13.333333333333334
1,2,0,5,4,3,False,21621600,737.7600000000001,13.333333333333334
1,2,0,5,3,4,False,16216200,702.9600000000003,14.0
1,2,0,5,2,5,False,6486480,626.4000000000001,15.333333333333334
1,2,0,5,1,6,False,1081080,508.08000000000004,18.666666666666668
1,2,0,4,8,0,False,675675,487.2,20.0
1,2,0,4,7,1,False,4729725,584.64,16.42857142857143
1,2,0,4,6,2,False,14189175,682.08,14.285714285714286
1,2,0,4,5,3,False,23648625,779.5200000000001,12.142857142857144
1,2,0,4,4,4,False,23648625,766.5280000000001,12.857142857142858
1,2,0,4,3,5,False,14189175,714.5600000000001,13.571428571428573
1,2,0,4,2,6,False,4729725,623.616,15.714285714285715
1,2,0,4,1,7,False,675675,493.696,19.28571428571429
1,2,0,3,9,0,False,300300,452.40000000000003,21.538461538461537
1,2,0,3,8,1,False,2402400,542.88,17.692307692307693
1,2,0,3,7,2,False,8408400,633.3600000000001,15.384615384615383
1,2,0,3,6,3,False,16816800,723.8400000000001,13.076923076923077
1,2,0,3,5,4,False,21021000,814.3200000000002,12.307692307692307
1,2,0,3,4,5,False,16816800,784.1600000000001,12.307692307692307
1,2,0,3,3,6,False,8408400,717.808,13.846153846153845
1,2,0,3,2,7,False,2402400,615.264,15.384615384615383
1,2,0,3,1,8,False,300300,476.5280000000001,20.0
1,2,0,2,10,0,False,90090,417.59999999999997,23.333333333333336
1,2,0,2,9,1,False,810810,501.12,19.166666666666668
1,2,0,2,8,2,False,3243240,584.64,16.666666666666668
1,2,0,2,7,3,False,7567560,668.1600000000001,14.166666666666668
1,2,0,2,6,4,False,11351340,751.6800000000001,13.333333333333334
1,2,0,2,5,5,False,11351340,835.1999999999999,11.666666666666668
1,2,0,2,4,6,False,7567560,790.656,12.5
1,2,0,2,3,7,False,3243240,712.7040000000001,13.333333333333334
1,2,0,2,2,8,False,810810,601.3440000000002,15.833333333333334
1,2,0,2,1,9,False,90090,456.576,20.833333333333336
1,2,0,1,11,0,False,16380,382.8,25.454545454545453
1,2,0,1,10,1,False,163800,459.36000000000007,20.909090909090907
1,2,0,1,9,2,False,737100,535.9200000000001,18.18181818181818
1,2,0,1,8,3,False,1965600,612.4800000000001,15.454545454545453
1,2,0,1,7,4,False,3439800,689.0400000000002,14.545454545454545
1,2,0,1,6,5,False,4127760,765.6,12.727272727272727
1,2,0,1,5,6,False,3439800,842.1600000000001,11.818181818181817
1,2,0,1,4,7,False,1965600,786.0160000000001,12.727272727272727
1,2,0,1,3,8,False,737100,699.2480000000002,13.636363636363635
1,2,0,1,2,9,False,163800,581.856,16.363636363636363
1,2,0,1,1,10,False,16380,433.84000000000015,21.818181818181817
1,2,0,0,12,0,False,1365,348.0,28.0
1,2,0,0,11,1,False,15015,417.6,23.0
1,2,0,0,10,2,False,75075,487.20000000000005,20.0
1,2,0,0,9,3,False,225225,556.8000000000001,17.0
1,2,0,0,8,4,False,450450,626.4000000000001,16.0
1,2,0,0,7,5,False,630630,696.0,14.0
1,2,0,0,6,6,False,630630,765.6,13.0
1,2,0,0,5,7,False,450450,835.2,12.0
1,2,0,0,4,8,False,225225,770.24,13.0
1,2,0,0,3,9,False,75075,677.44,14.0
1,2,0,0,2,10,False,15015,556.8000000000001,17.0
1,2,0,0,1,11,False,1365,408.32,24.0
1,1,13,0,0,0,False,210,368.0,26.0
1,1,12,1,0,0,False,2730,387.2000000000001,24.545454545454543
1,1,12,0,1,0,False,2730,387.2000000000001,25.0
1,1,11,2,0,0,False,16380,403.2,23.333333333333336
1,1,11,1,1,0,False,32760,406.5600000000001,23.636363636363633
1,1,11,0,2,0,False,16380,403.20000000000005,24.0
1,1,11,0,1,1,False,16380,389.76000000000005,25.0
1,1,10,3,0,0,False,60060,416.0,23.076923076923077
1,1,10,2,1,0,False,180180,422.40000000000003,22.5
1,1,10,1,2,0,False,180180,422.40000000000003,22.727272727272727
1,1,10,1,1,1,True,180180,408.3200000000001,23.636363636363633
1,1,10,0,3,0,False,60060,416.0,23.0
1,1,10,0,2,1,False,120120,422.40000000000003,23.0
1,1,10,0,1,2,False,60060,390.40000000000003,25.0
1,1,9,4,0,0,False,150150,425.59999999999997,22.142857142857146
1,1,9,3,1,0,False,600600,434.72000000000014,22.307692307692307
1,1,9,2,2,0,False,900900,437.76,21.666666666666668
1,1,9,2,1,1,True,900900,423.1680000000001,22.5
1,1,9,1,3,0,False,600600,434.7200000000001,21.818181818181817
1,1,9,1,2,1,True,1201200,441.4080000000001,21.818181818181817
1,1,9,1,1,2,True,600600,407.968,23.636363636363633
1,1,9,0,4,0,False,150150,425.6,23.0
1,1,9,0,3,1,False,450450,449.92,21.0
1,1,9,0,2,2,False,450450,437.76,22.0
1,1,9,0,1,3,False,150150,389.12000000000006,25.0
1,1,8,5,0,0,False,270270,432.0,22.0
1,1,8,4,1,0,False,1351350,443.5200000000001,21.42857142857143
1,1,8,3,2,0,False,2702700,449.28000000000003,21.538461538461537
1,1,8,3,1,1,True,2702700,434.3040000000001,22.307692307692307
1,1,8,2,3,0,False,2702700,449.28000000000003,21.666666666666668
1,1,8,2,2,1,True,5405400,456.19200000000006,20.833333333333336
1,1,8,2,1,2,True,2702700,421.632,22.5
1,1,8,1,4,0,False,1351350,443.52000000000004,21.818181818181817
1,1,8,1,3,1,True,4054050,468.86400000000003,20.909090909090907
1,1,8,1,2,2,True,4054050,456.19200000000006,20.909090909090907
1,1,8,1,1,3,True,1351350,405.5040000000001,23.636363636363633
1,1,8,0,5,0,False,270270,432.0,22.0
1,1,8,0,4,1,False,1081080,472.3200000000001,20.0
1,1,8,0,3,2,False,1621620,478.08000000000004,20.0
1,1,8,0,2,3,False,1081080,449.28000000000003,21.0
1,1,8,0,1,4,False,270270,385.9200000000001,25.0
1,1,7,6,0,0,False,360360,435.2000000000001,21.875
1,1,7,5,1,0,False,2162160,448.8000000000002,21.333333333333332
1,1,7,4,2,0,False,5405400,456.9600000000001,20.714285714285715
1,1,7,4,1,1,True,5405400,441.7280000000001,21.42857142857143
1,1,7,3,3,0,False,7207200,459.6800000000002,20.76923076923077
1,1,7,3,2,1,True,14414400,466.7520000000001,20.76923076923077
1,1,7,3,1,2,True,7207200,431.3920000000001,22.307692307692307
1,1,7,2,4,0,False,5405400,456.9600000000001,20.833333333333336
1,1,7,2,3,1,True,16216200,483.0720000000001,20.0
1,1,7,2,2,2,True,16216200,470.0160000000001,20.0
1,1,7,2,1,3,True,5405400,417.7920000000001,22.5
1,1,7,1,5,0,False,2162160,448.8000000000002,21.818181818181817
1,1,7,1,4,1,True,8648640,490.6880000000002,20.0
1,1,7,1,3,2,True,12972960,496.67200000000014,19.09090909090909
1,1,7,1,2,3,True,8648640,466.7520000000002,20.909090909090907
1,1,7,1,1,4,True,2162160,400.9280000000001,23.636363636363633
1,1,7,0,6,0,False,360360,408.0000000000001,24.0
1,1,7,0,5,1,False,1801800,489.60000000000014,20.0
1,1,7,0,4,2,False,3603600,511.3600000000001,19.0
1,1,7,0,3,3,False,3603600,500.48000000000013,19.0
1,1,7,0,2,4,False,1801800,456.96000000000015,21.0
1,1,7,0,1,5,False,360360,380.80000000000007,25.0
1,1,6,7,0,0,False,360360,435.20000000000005,21.76470588235294
1,1,6,6,1,0,False,2522520,450.56000000000006,21.25
1,1,6,5,2,0,False,7567560,460.80000000000007,20.666666666666668
1,1,6,5,1,1,True,7567560,445.44000000000005,21.333333333333332
1,1,6,4,3,0,False,12612600,465.91999999999996,20.714285714285715
1,1,6,4,2,1,True,25225200,473.0880000000001,20.0
1,1,6,4,1,2,True,12612600,437.248,22.142857142857146
1,1,6,3,4,0,False,12612600,465.9200000000001,20.76923076923077
1,1,6,3,3,1,True,37837800,492.5440000000001,19.23076923076923
1,1,6,3,2,2,True,37837800,479.23199999999997,20.0
1,1,6,3,1,3,True,12612600,425.9840000000001,22.307692307692307
1,1,6,2,5,0,False,7567560,460.79999999999995,20.833333333333336
1,1,6,2,4,1,True,30270240,503.8080000000001,19.166666666666668
1,1,6,2,3,2,True,45405360,509.952,19.166666666666668
1,1,6,2,2,3,True,30270240,479.2320000000001,20.0
1,1,6,2,1,4,True,7567560,411.648,23.333333333333336
1,1,6,1,6,0,False,2522520,422.40000000000003,22.727272727272727
1,1,6,1,5,1,True,12612600,506.88000000000005,19.09090909090909
1,1,6,1,4,2,True,25225200,529.4080000000001,18.18181818181818
1,1,6,1,3,3,True,25225200,518.1440000000001,18.18181818181818
1,1,6,1,2,4,True,12612600,473.0880000000001,20.0
1,1,6,1,1,5,True,2522520,394.24000000000007,24.545454545454543
1,1,6,0,7,0,False,360360,384.0,25.0
1,1,6,0,6,1,False,2162160,460.8,21.0
1,1,6,0,5,2,False,5405400,537.6,18.0
1,1,6,0,4,3,False,7207200,542.7200000000001,18.0
1,1,6,0,3,4,False,5405400,517.1200000000001,19.0
1,1,6,0,2,5,False,2162160,460.8,21.0
1,1,6,0,1,6,False,360360,373.76,26.0
1,1,5,8,0,0,False,270270,432.0,22.22222222222222
1,1,5,7,1,0,False,2162160,448.80000000000007,21.176470588235293
1,1,5,6,2,0,False,7567560,460.8,20.625
1,1,5,6,1,1,True,7567560,445.44000000000005,21.25
1,1,5,5,3,0,False,15135120,468.0,20.666666666666668
1,1,5,5,2,1,True,30270240,475.20000000000005,20.0
1,1,5,5,1,2,True,15135120,439.20000000000005,22.0
1,1,5,4,4,0,False,18918900,470.4,20.0
1,1,5,4,3,1,True,56756700,497.28000000000003,19.28571428571429
1,1,5,4,2,2,True,56756700,483.84,20.0
1,1,5,4,1,3,True,18918900,430.08000000000004,22.142857142857146
1,1,5,3,5,0,False,15135120,468.0,20.76923076923077
1,1,5,3,4,1,True,60540480,511.6800000000001,18.46153846153846
1,1,5,3,3,2,True,90810720,517.9200000000002,18.46153846153846
1,1,5,3,2,3,True,60540480,486.7200000000001,20.0
1,1,5,3,1,4,True,15135120,418.08000000000004,23.076923076923077
1,1,5,2,6,0,False,7567560,432.0,22.5
1,1,5,2,5,1,True,37837800,518.4,18.333333333333336
1,1,5,2,4,2,True,75675600,541.44,17.5
1,1,5,2,3,3,True,75675600,529.92,18.333333333333336
1,1,5,2,2,4,True,37837800,483.84000000000003,20.0
1,1,5,2,1,5,True,7567560,403.2,23.333333333333336
1,1,5,1,7,0,False,2162160,396.00000000000006,24.545454545454543
1,1,5,1,6,1,True,12972960,475.20000000000005,20.0
1,1,5,1,5,2,True,32432400,554.4000000000001,17.27272727272727
1,1,5,1,4,3,True,43243200,559.6800000000001,17.27272727272727
1,1,5,1,3,4,True,32432400,533.2800000000002,18.18181818181818
1,1,5,1,2,5,True,12972960,475.20000000000005,20.0
1,1,5,1,1,6,True,2162160,385.44000000000005,24.545454545454543
1,1,5,0,8,0,False,270270,360.0,27.0
1,1,5,0,7,1,False,1891890,432.0,22.0
1,1,5,0,6,2,False,5675670,504.0,19.0
1,1,5,0,5,3,False,9459450,576.0,17.0
1,1,5,0,4,4,False,9459450,566.4000000000001,17.0
1,1,5,0,3,5,False,5675670,528.0,18.0
1,1,5,0,2,6,False,1891890,460.8,21.0
1,1,5,0,1,7,False,270270,364.8,26.0
1,1,4,9,0,0,False,150150,425.59999999999997,22.105263157894736
1,1,4,8,1,0,False,1351350,443.52000000000004,21.666666666666668
1,1,4,7,2,0,False,5405400,456.9600000000001,20.588235294117645
1,1,4,7,1,1,True,5405400,441.7280000000002,21.76470588235294
1,1,4,6,3,0,False,12612600,465.92,20.625
1,1,4,6,2,1,True,25225200,473.088,20.0
1,1,4,6,1,2,True,12612600,437.248,21.875
1,1,4,5,4,0,False,18918900,470.40000000000003,20.0
1,1,4,5,3,1,True,56756700,497.28,19.333333333333332
1,1,4,5,2,2,True,56756700,483.84000000000003,20.0
1,1,4,5,1,3,True,18918900,430.08000000000004,22.0
1,1,4,4,5,0,False,18918900,470.4,20.0
1,1,4,4,4,1,True,75675600,514.3040000000001,18.571428571428573
1,1,4,4,3,2,True,113513400,520.5760000000001,18.571428571428573
1,1,4,4,2,3,True,75675600,489.21600000000007,19.28571428571429
1,1,4,4,1,4,True,18918900,420.224,22.857142857142858
1,1,4,3,6,0,False,12612600,436.8,21.538461538461537
1,1,4,3,5,1,True,63063000,524.1600000000001,18.46153846153846
1,1,4,3,4,2,True,126126000,547.456,17.692307692307693
1,1,4,3,3,3,True,126126000,535.8080000000001,17.692307692307693
1,1,4,3,2,4,True,63063000,489.21600000000007,19.23076923076923
1,1,4,3,1,5,True,12612600,407.68000000000006,23.076923076923077
1,1,4,2,7,0,False,5405400,403.2,23.333333333333336
1,1,4,2,6,1,True,32432400,483.84000000000003,20.0
1,1,4,2,5,2,True,81081000,564.48,16.666666666666668
1,1,4,2,4,3,True,108108000,569.856,16.666666666666668
1,1,4,2,3,4,True,81081000,542.9760000000001,17.5
1,1,4,2,2,5,True,32432400,483.84000000000003,20.0
1,1,4,2,1,6,True,5405400,392.44800000000004,24.166666666666668
1,1,4,1,8,0,False,1351350,369.6,25.454545454545453
1,1,4,1,7,1,True,9459450,443.5200000000001,21.818181818181817
1,1,4,1,6,2,True,28378350,517.44,18.18181818181818
1,1,4,1,5,3,True,47297250,591.3600000000001,16.363636363636363
1,1,4,1,4,4,True,47297250,581.5040000000001,16.363636363636363
1,1,4,1,3,5,True,28378350,542.08,18.18181818181818
1,1,4,1,2,6,True,9459450,473.0880000000001,20.0
1,1,4,1,1,7,True,1351350,374.5280000000001,25.454545454545453
1,1,4,0,9,0,False,150150,336.0,28.0
1,1,4,0,8,1,False,1201200,403.20000000000005,24.0
1,1,4,0,7,2,False,4204200,470.40000000000003,20.0
1,1,4,0,6,3,False,8408400,537.6,18.0
1,1,4,0,5,4,False,10510500,604.8000000000001,16.0
1,1,4,0,4,5,False,8408400,582.4,17.0
1,1,4,0,3,6,False,4204200,533.12,18.0
1,1,4,0,2,7,False,1201200,456.96000000000004,21.0
1,1,4,0,1,8,False,150150,353.9200000000001,27.0
1,1,3,10,0,0,False,60060,416.0,23.0
1,1,3,9,1,0,False,600600,434.72,22.105263157894736
1,1,3,8,2,0,False,2702700,449.28000000000003,21.11111111111111
1,1,3,8,1,1,True,2702700,434.3040000000001,21.666666666666668
1,1,3,7,3,0,False,7207200,459.6800000000001,20.588235294117645
1,1,3,7,2,1,True,14414400,466.75200000000007,20.588235294117645
1,1,3,7,1,2,True,7207200,431.39200000000005,22.352941176470587
1,1,3,6,4,0,False,12612600,465.92,20.625
1,1,3,6,3,1,True,37837800,492.5440000000001,19.375
1,1,3,6,2,2,True,37837800,479.23199999999997,20.0
1,1,3,6,1,3,True,12612600,425.98400000000004,22.5
1,1,3,5,5,0,False,15135120,468.0,20.666666666666668
1,1,3,5,4,1,True,60540480,511.68000000000006,18.666666666666668
1,1,3,5,3,2,True,90810720,517.9200000000001,18.666666666666668
1,1,3,5,2,3,True,60540480,486.72,19.333333333333332
1,1,3,5,1,4,True,15135120,418.08000000000004,22.666666666666668
1,1,3,4,6,0,False,12612600,436.79999999999995,22.142857142857146
1,1,3,4,5,1,True,63063000,524.16,18.571428571428573
1,1,3,4,4,2,True,126126000,547.456,17.857142857142858
1,1,3,4,3,3,True,126126000,535.808,17.857142857142858
1,1,3,4,2,4,True,63063000,489.21600000000007,19.28571428571429
1,1,3,4,1,5,True,12612600,407.67999999999995,23.571428571428573
1,1,3,3,7,0,False,7207200,405.6,23.846153846153847
1,1,3,3,6,1,True,43243200,486.7200000000001,20.0
1,1,3,3,5,2,True,108108000,567.84,16.923076923076923
1,1,3,3,4,3,True,144144000,573.248,16.923076923076923
1,1,3,3,3,4,True,108108000,546.2080000000002,17.692307692307693
1,1,3,3,2,5,True,43243200,486.7200000000001,20.0
1,1,3,3,1,6,True,7207200,394.78400000000005,23.846153846153847
1,1,3,2,8,0,False,2702700,374.4,25.833333333333336
1,1,3,2,7,1,True,18918900,449.28000000000003,21.666666666666668
1,1,3,2,6,2,True,56756700,524.16,18.333333333333336
1,1,3,2,5,3,True,94594500,599.0400000000001,15.833333333333334
1,1,3,2,4,4,True,94594500,589.0560000000002,16.666666666666668
1,1,3,2,3,5,True,56756700,549.12,17.5
1,1,3,2,2,6,True,18918900,479.23199999999997,20.0
1,1,3,2,1,7,True,2702700,379.392,25.0
1,1,3,1,9,0,False,600600,343.20000000000005,28.18181818181818
1,1,3,1,8,1,True,4804800,411.8400000000001,23.636363636363633
1,1,3,1,7,2,True,16816800,480.4800000000001,20.0
1,1,3,1,6,3,True,33633600,549.1200000000001,17.27272727272727
1,1,3,1,5,4,True,42042000,617.7600000000001,15.454545454545453
1,1,3,1,4,5,True,33633600,594.8800000000001,16.363636363636363
1,1,3,1,3,6,True,16816800,544.544,17.27272727272727
1,1,3,1,2,7,True,4804800,466.752,20.909090909090907
1,1,3,1,1,8,True,600600,361.5040000000001,26.36363636363636
1,1,3,0,10,0,False,60060,312.0,31.0
1,1,3,0,9,1,False,540540,374.40000000000003,26.0
1,1,3,0,8,2,False,2162160,436.8,22.0
1,1,3,0,7,3,False,5045040,499.20000000000005,19.0
1,1,3,0,6,4,False,7567560,561.6,17.0
1,1,3,0,5,5,False,7567560,624.0,16.0
1,1,3,0,4,6,False,5045040,590.72,16.0
1,1,3,0,3,7,False,2162160,532.4800000000001,18.0
1,1,3,0,2,8,False,540540,449.28000000000003,21.0
1,1,3,0,1,9,False,60060,341.12,28.0
1,1,2,11,0,0,False,16380,403.20000000000005,23.333333333333332
1,1,2,10,1,0,False,180180,422.40000000000003,22.5
1,1,2,9,2,0,False,900900,437.76,21.578947368421055
1,1,2,9,1,1,True,900900,423.168,22.63157894736842
1,1,2,8,3,0,False,2702700,449.28000000000003,21.11111111111111
1,1,2,8,2,1,True,5405400,456.19200000000006,21.11111111111111
1,1,2,8,1,2,True,2702700,421.632,22.77777777777778
1,1,2,7,4,0,False,5405400,456.9600000000001,20.588235294117645
1,1,2,7,3,1,True,16216200,483.0720000000001,19.999999999999996
1,1,2,7,2,2,True,16216200,470.01599999999996,19.999999999999996
1,1,2,7,1,3,True,5405400,417.79200000000003,22.941176470588232
1,1,2,6,5,0,False,7567560,460.8,20.625
1,1,2,6,4,1,True,30270240,503.8080000000001,18.75
1,1,2,6,3,2,True,45405360,509.95200000000006,18.75
1,1,2,6,2,3,True,30270240,479.2320000000001,20.0
1,1,2,6,1,4,True,7567560,411.6480000000001,23.125
1,1,2,5,6,0,False,7567560,432.0,22.0
1,1,2,5,5,1,True,37837800,518.4000000000001,18.666666666666668
1,1,2,5,4,2,True,75675600,541.44,18.0
1,1,2,5,3,3,True,75675600,529.9200000000001,18.0
1,1,2,5,2,4,True,37837800,483.8400000000001,20.0
1,1,2,5,1,5,True,7567560,403.20000000000005,23.333333333333332
1,1,2,4,7,0,False,5405400,403.2,23.571428571428573
1,1,2,4,6,1,True,32432400,483.84,20.0
1,1,2,4,5,2,True,81081000,564.48,17.142857142857142
1,1,2,4,4,3,True,108108000,569.856,17.142857142857142
1,1,2,4,3,4,True,81081000,542.9760000000001,17.857142857142858
1,1,2,4,2,5,True,32432400,483.84,20.0
1,1,2,4,1,6,True,5405400,392.448,24.28571428571429
1,1,2,3,8,0,False,2702700,374.40000000000003,25.384615384615383
1,1,2,3,7,1,True,18918900,449.28000000000003,21.538461538461537
1,1,2,3,6,2,True,56756700,524.1600000000001,18.46153846153846
1,1,2,3,5,3,True,94594500,599.0400000000001,16.153846153846153
1,1,2,3,4,4,True,94594500,589.0560000000002,16.153846153846153
1,1,2,3,3,5,True,56756700,549.1200000000001,17.692307692307693
1,1,2,3,2,6,True,18918900,479.23199999999997,20.0
1,1,2,3,1,7,True,2702700,379.39200000000005,25.384615384615383
1,1,2,2,9,0,False,900900,345.59999999999997,27.5
1,1,2,2,8,1,True,7207200,414.72,23.333333333333336
1,1,2,2,7,2,True,25225200,483.84000000000003,20.0
1,1,2,2,6,3,True,50450400,552.96,17.5
1,1,2,2,5,4,True,63063000,622.0799999999999,15.833333333333334
1,1,2,2,4,5,True,50450400,599.0400000000001,15.833333333333334
1,1,2,2,3,6,True,25225200,548.352,17.5
1,1,2,2,2,7,True,7207200,470.0160000000001,20.0
1,1,2,2,1,8,True,900900,364.0320000000001,25.833333333333336
1,1,2,1,10,0,False,180180,316.8,29.999999999999996
1,1,2,1,9,1,True,1621620,380.1600000000001,25.454545454545453
1,1,2,1,8,2,True,6486480,443.5200000000001,21.818181818181817
1,1,2,1,7,3,True,15135120,506.88000000000005,19.09090909090909
1,1,2,1,6,4,True,22702680,570.24,17.27272727272727
1,1,2,1,5,5,True,22702680,633.6,15.454545454545453
1,1,2,1,4,6,True,15135120,599.808,16.363636363636363
1,1,2,1,3,7,True,6486480,540.6720000000001,18.18181818181818
1,1,2,1,2,8,True,1621620,456.1920000000001,20.909090909090907
1,1,2,1,1,9,True,180180,346.368,27.27272727272727
1,1,2,0,11,0,False,16380,288.0,33.0
1,1,2,0,10,1,False,163800,345.6,28.0
1,1,2,0,9,2,False,737100,403.20000000000005,24.0
1,1,2,0,8,3,False,1965600,460.8,21.0
1,1,2,0,7,4,False,3439800,518.4,19.0
1,1,2,0,6,5,False,4127760,576.0,17.0
1,1,2,0,5,6,False,3439800,633.6,15.0
1,1,2,0,4,7,False,1965600,591.36,16.0
1,1,2,0,3,8,False,737100,526.08,18.0
1,1,2,0,2,9,False,163800,437.76,22.0
1,1,2,0,1,10,False,16380,326.4000000000001,29.0
1,1,1,12,0,0,False,2730,387.2000000000001,24.545454545454543
1,1,1,11,1,0,False,32760,406.5600000000001,23.333333333333332
1,1,1,10,2,0,False,180180,422.40000000000003,22.5
1,1,1,10,1,1,True,180180,408.32000000000016,23.5
1,1,1,9,3,0,False,600600,434.7200000000001,22.105263157894736
1,1,1,9,2,1,True,1201200,441.4080000000001,21.578947368421055
1,1,1,9,1,2,True,600600,407.968,23.157894736842106
1,1,1,8,4,0,False,1351350,443.52000000000004,21.666666666666668
1,1,1,8,3,1,True,4054050,468.86400000000003,20.555555555555554
1,1,1,8,2,2,True,4054050,456.19200000000006,21.11111111111111
1,1,1,8,1,3,True,1351350,405.5040000000001,23.333333333333332
1,1,1,7,5,0,False,2162160,448.8000000000001,21.176470588235293
1,1,1,7,4,1,True,8648640,490.6880000000001,19.41176470588235
1,1,1,7,3,2,True,12972960,496.6720000000002,19.41176470588235
1,1,1,7,2,3,True,8648640,466.7520000000001,20.588235294117645
1,1,1,7,1,4,True,2162160,400.92800000000017,23.52941176470588
1,1,1,6,6,0,False,2522520,422.4000000000001,22.5
1,1,1,6,5,1,True,12612600,506.8800000000001,18.75
1,1,1,6,4,2,True,25225200,529.4080000000002,18.125
1,1,1,6,3,3,True,25225200,518.1440000000001,18.75
1,1,1,6,2,4,True,12612600,473.08800000000014,20.0
1,1,1,6,1,5,True,2522520,394.24,24.375
1,1,1,5,7,0,False,2162160,396.0000000000001,24.0
1,1,1,5,6,1,True,12972960,475.2000000000001,20.0
1,1,1,5,5,2,True,32432400,554.4000000000001,17.333333333333332
1,1,1,5,4,3,True,43243200,559.6800000000002,17.333333333333332
1,1,1,5,3,4,True,32432400,533.2800000000002,18.0
1,1,1,5,2,5,True,12972960,475.2000000000001,20.0
1,1,1,5,1,6,True,2162160,385.44000000000005,24.666666666666668
1,1,1,4,8,0,False,1351350,369.6000000000001,25.714285714285715
1,1,1,4,7,1,True,9459450,443.5200000000001,21.42857142857143
1,1,1,4,6,2,True,28378350,517.44,18.571428571428573
1,1,1,4,5,3,True,47297250,591.36,16.42857142857143
1,1,1,4,4,4,True,47297250,581.5040000000001,16.42857142857143
1,1,1,4,3,5,True,28378350,542.0800000000002,17.857142857142858
1,1,1,4,2,6,True,9459450,473.0880000000001,20.0
1,1,1,4,1,7,True,1351350,374.528,25.714285714285715
1,1,1,3,9,0,False,600600,343.2000000000001,27.69230769230769
1,1,1,3,8,1,True,4804800,411.8400000000001,23.076923076923077
1,1,1,3,7,2,True,16816800,480.48000000000013,20.0
1,1,1,3,6,3,True,33633600,549.1200000000001,17.692307692307693
1,1,1,3,5,4,True,42042000,617.7600000000001,15.384615384615383
1,1,1,3,4,5,True,33633600,594.8800000000002,16.153846153846153
1,1,1,3,3,6,True,16816800,544.5440000000001,17.692307692307693
1,1,1,3,2,7,True,4804800,466.7520000000001,20.76923076923077
1,1,1,3,1,8,True,600600,361.50400000000013,26.153846153846153
1,1,1,2,10,0,False,180180,316.80000000000007,30.0
1,1,1,2,9,1,True,1621620,380.1600000000001,25.0
1,1,1,2,8,2,True,6486480,443.5200000000001,21.666666666666668
1,1,1,2,7,3,True,15135120,506.88,19.166666666666668
1,1,1,2,6,4,True,22702680,570.2400000000001,16.666666666666668
1,1,1,2,5,5,True,22702680,633.6000000000001,15.0
1,1,1,2,4,6,True,15135120,599.8080000000001,15.833333333333334
1,1,1,2,3,7,True,6486480,540.6720000000001,17.5
1,1,1,2,2,8,True,1621620,456.19200000000006,20.833333333333336
1,1,1,2,1,9,True,180180,346.36800000000005,27.5
1,1,1,1,11,0,False,32760,290.4000000000001,32.72727272727273
1,1,1,1,10,1,True,327600,348.4800000000001,27.27272727272727
1,1,1,1,9,2,True,1474200,406.5600000000001,23.636363636363633
1,1,1,1,8,3,True,3931200,464.6400000000001,20.909090909090907
1,1,1,1,7,4,True,6879600,522.7200000000001,18.18181818181818
1,1,1,1,6,5,True,8255520,580.8000000000002,16.363636363636363
1,1,1,1,5,6,True,6879600,638.8800000000001,15.454545454545453
1,1,1,1,4,7,True,3931200,596.2880000000002,16.363636363636363
1,1,1,1,3,8,True,1474200,530.4640000000002,18.18181818181818
1,1,1,1,2,9,True,327600,441.4080000000001,21.818181818181817
1,1,1,1,1,10,True,32760,329.1200000000001,29.09090909090909
1,1,1,0,12,0,False,2730,264.00000000000006,36.0
1,1,1,0,11,1,False,30030,316.80000000000007,30.0
1,1,1,0,10,2,False,150150,369.6000000000001,26.0
1,1,1,0,9,3,False,450450,422.40000000000003,23.0
1,1,1,0,8,4,False,900900,475.2000000000001,20.0
1,1,1,0,7,5,False,1261260,528.0000000000001,18.0
1,1,1,0,6,6,False,1261260,580.8000000000001,17.0
1,1,1,0,5,7,False,900900,633.6000000000001,15.0
1,1,1,0,4,8,False,450450,584.32,17.0
1,1,1,0,3,9,False,150150,513.9200000000001,19.0
1,1,1,0,2,10,False,30030,422.4000000000001,23.0
1,1,1,0,1,11,False,2730,309.76000000000005,31.0
1,1,0,13,0,0,False,210,368.0,25.65217391304348
1,1,0,12,1,0,False,2730,387.2000000000001,24.545454545454543
1,1,0,11,2,0,False,16380,403.20000000000005,23.333333333333332
1,1,0,11,1,1,False,16380,389.76000000000005,24.285714285714285
1,1,0,10,3,0,False,60060,416.0,23.0
1,1,0,10,2,1,False,120120,422.40000000000003,22.5
1,1,0,10,1,2,False,60060,390.40000000000003,24.5
1,1,0,9,4,0,False,150150,425.59999999999997,22.105263157894736
1,1,0,9,3,1,False,450450,449.92,21.05263157894737
1,1,0,9,2,2,False,450450,437.76,21.578947368421055
1,1,0,9,1,3,False,150150,389.12,24.210526315789476
1,1,0,8,5,0,False,270270,432.0,22.22222222222222
1,1,0,8,4,1,False,1081080,472.32000000000005,20.0
1,1,0,8,3,2,False,1621620,478.08000000000004,20.0
1,1,0,8,2,3,False,1081080,449.28000000000003,21.11111111111111
1,1,0,8,1,4,False,270270,385.92,24.444444444444443
1,1,0,7,6,0,False,360360,408.00000000000006,23.52941176470588
1,1,0,7,5,1,False,1801800,489.6,19.41176470588235
1,1,0,7,4,2,False,3603600,511.36000000000007,18.823529411764703
1,1,0,7,3,3,False,3603600,500.48000000000013,18.823529411764703
1,1,0,7,2,4,False,1801800,456.96000000000015,20.588235294117645
1,1,0,7,1,5,False,360360,380.80000000000007,24.705882352941174
1,1,0,6,7,0,False,360360,384.0,25.0
1,1,0,6,6,1,False,2162160,460.8,20.625
1,1,0,6,5,2,False,5405400,537.6,17.5
1,1,0,6,4,3,False,7207200,542.7200000000001,17.5
1,1,0,6,3,4,False,5405400,517.1200000000002,18.75
1,1,0,6,2,5,False,2162160,460.8,20.625
1,1,0,6,1,6,False,360360,373.76000000000005,25.625
1,1,0,5,8,0,False,270270,360.0,26.666666666666668
1,1,0,5,7,1,False,1891890,432.0,22.0
1,1,0,5,6,2,False,5675670,504.0,18.666666666666668
1,1,0,5,5,3,False,9459450,576.0,16.666666666666668
1,1,0,5,4,4,False,9459450,566.4000000000001,16.666666666666668
1,1,0,5,3,5,False,5675670,528.0000000000001,18.0
1,1,0,5,2,6,False,1891890,460.80000000000007,20.666666666666668
1,1,0,5,1,7,False,270270,364.8,26.0
1,1,0,4,9,0,False,150150,336.0,28.571428571428573
1,1,0,4,8,1,False,1201200,403.2,23.571428571428573
1,1,0,4,7,2,False,4204200,470.4,20.0
1,1,0,4,6,3,False,8408400,537.5999999999999,17.857142857142858
1,1,0,4,5,4,False,10510500,604.8,15.714285714285715
1,1,0,4,4,5,False,8408400,582.4,16.42857142857143
1,1,0,4,3,6,False,4204200,533.12,17.857142857142858
1,1,0,4,2,7,False,1201200,456.96000000000004,20.714285714285715
1,1,0,4,1,8,False,150150,353.92,27.142857142857146
1,1,0,3,10,0,False,60060,312.0,30.769230769230766
1,1,0,3,9,1,False,540540,374.40000000000003,25.384615384615383
1,1,0,3,8,2,False,2162160,436.8,21.538461538461537
1,1,0,3,7,3,False,5045040,499.20000000000005,19.23076923076923
1,1,0,3,6,4,False,7567560,561.6,16.923076923076923
1,1,0,3,5,5,False,7567560,624.0,15.384615384615383
1,1,0,3,4,6,False,5045040,590.72,16.153846153846153
1,1,0,3,3,7,False,2162160,532.4800000000002,17.692307692307693
1,1,0,3,2,8,False,540540,449.28000000000003,21.538461538461537
1,1,0,3,1,9,False,60060,341.12000000000006,27.69230769230769
1,1,0,2,11,0,False,16380,288.0,33.333333333333336
1,1,0,2,10,1,False,163800,345.59999999999997,27.5
1,1,0,2,9,2,False,737100,403.2,23.333333333333336
1,1,0,2,8,3,False,1965600,460.79999999999995,20.833333333333336
1,1,0,2,7,4,False,3439800,518.4,18.333333333333336
1,1,0,2,6,5,False,4127760,576.0,16.666666666666668
1,1,0,2,5,6,False,3439800,633.6,15.0
1,1,0,2,4,7,False,1965600,591.36,16.666666666666668
1,1,0,2,3,8,False,737100,526.08,18.333333333333336
1,1,0,2,2,9,False,163800,437.75999999999993,21.666666666666668
1,1,0,2,1,10,False,16380,326.40000000000003,29.166666666666668
1,1,0,1,12,0,False,2730,264.0,36.36363636363636
1,1,0,1,11,1,False,30030,316.8,29.999999999999996
1,1,0,1,10,2,False,150150,369.6,25.454545454545453
1,1,0,1,9,3,False,450450,422.40000000000003,22.727272727272727
1,1,0,1,8,4,False,900900,475.20000000000005,20.0
1,1,0,1,7,5,False,1261260,528.0,18.18181818181818
1,1,0,1,6,6,False,1261260,580.8000000000001,16.363636363636363
1,1,0,1,5,7,False,900900,633.6,15.454545454545453
1,1,0,1,4,8,False,450450,584.32,16.363636363636363
1,1,0,1,3,9,False,150150,513.9200000000001,19.09090909090909
1,1,0,1,2,10,False,30030,422.4000000000001,22.727272727272727
1,1,0,1,1,11,False,2730,309.76000000000005,30.909090909090907
1,1,0,0,13,0,False,210,240.0,40.0
1,1,0,0,12,1,False,2520,288.0,33.0
1,1,0,0,11,2,False,13860,336.0,28.0
1,1,0,0,10,3,False,46200,384.0,25.0
1,1,0,0,9,4,False,103950,432.0,22.0
1,1,0,0,8,5,False,166320,480.0,20.0
1,1,0,0,7,6,False,194040,528.0,18.0
1,1,0,0,6,7,False,166320,576.0,17.0
1,1,0,0,5,8,False,103950,624.0,16.0
1,1,0,0,4,9,False,46200,569.5999999999999,17.0
1,1,0,0,3,10,False,13860,496.0000000000001,19.0
1,1,0,0,2,11,False,2520,403.20000000000005,24.0
1,1,0,0,1,12,False,210,291.2,33.0
1,0,14,0,0,0,False,15,211.20000000000005,45.0
1,0,13,1,0,0,False,210,222.64,42.72727272727273
1,0,13,0,1,0,False,210,222.64000000000001,43.0
1,0,12,2,0,0,False,1365,232.32000000000002,40.833333333333336
1,0,12,1,1,0,False,2730,234.25600000000006,40.90909090909091
1,0,12,0,2,0,False,1365,232.32000000000005,41.0
1,0,12,0,1,1,False,1365,224.57600000000008,42.0
1,0,11,3,0,0,False,5460,240.24,39.230769230769226
1,0,11,2,1,0,False,16380,243.93600000000004,39.16666666666667
1,0,11,1,2,0,False,16380,243.936,39.090909090909086
1,0,11,1,1,1,False,16380,235.80480000000009,40.0
1,0,11,0,3,0,False,5460,240.24,40.0
1,0,11,0,2,1,False,10920,243.93600000000004,39.0
1,0,11,0,1,2,False,5460,225.45600000000002,42.0
1,0,10,4,0,0,False,15015,246.39999999999998,38.57142857142858
1,0,10,3,1,0,False,60060,251.68000000000004,37.69230769230769
1,0,10,2,2,0,False,90090,253.44,37.5
1,0,10,2,1,1,False,90090,244.99200000000005,39.16666666666667
1,0,10,1,3,0,False,60060,251.68000000000004,38.18181818181818
1,0,10,1,2,1,False,120120,255.55200000000008,37.272727272727266
1,0,10,1,1,2,False,60060,236.192,40.0
1,0,10,0,4,0,False,15015,246.4,39.0
1,0,10,0,3,1,False,45045,260.48,37.0
1,0,10,0,2,2,False,45045,253.44000000000003,38.0
1,0,10,0,1,3,False,15015,225.28000000000003,42.0
1,0,9,5,0,0,False,30030,250.8,38.0
1,0,9,4,1,0,False,150150,257.488,37.142857142857146
1,0,9,3,2,0,False,300300,260.832,36.15384615384615
1,0,9,3,1,1,False,300300,252.13760000000005,37.69230769230769
1,0,9,2,3,0,False,300300,260.832,36.66666666666667
1,0,9,2,2,1,False,600600,264.8448,35.833333333333336
1,0,9,2,1,2,False,300300,244.7808,39.16666666666667
1,0,9,1,4,0,False,150150,257.488,37.272727272727266
1,0,9,1,3,1,False,450450,272.20160000000004,34.54545454545454
1,0,9,1,2,2,False,450450,264.8448,36.36363636363636
1,0,9,1,1,3,False,150150,235.41760000000002,40.0
1,0,9,0,5,0,False,30030,250.8,38.0
1,0,9,0,4,1,False,120120,274.208,35.0
1,0,9,0,3,2,False,180180,277.5520000000001,34.0
1,0,9,0,2,3,False,120120,260.83200000000005,37.0
1,0,9,0,1,4,False,30030,224.048,42.0
1,0,8,6,0,0,False,45045,253.44000000000003,37.5
1,0,8,5,1,0,False,270270,261.36,36.0
1,0,8,4,2,0,False,675675,266.112,35.714285714285715
1,0,8,4,1,1,False,675675,257.2416,37.142857142857146
1,0,8,3,3,0,False,900900,267.6960000000001,35.38461538461539
1,0,8,3,2,1,False,1801800,271.81440000000003,34.61538461538461
1,0,8,3,1,2,False,900900,251.22240000000002,37.69230769230769
1,0,8,2,4,0,False,675675,266.11199999999997,35.833333333333336
1,0,8,2,3,1,False,2027025,281.3184,34.16666666666667
1,0,8,2,2,2,False,2027025,273.7152,35.0
1,0,8,2,1,3,False,675675,243.3024,39.16666666666667
1,0,8,1,5,0,False,270270,261.36000000000007,36.36363636363636
1,0,8,1,4,1,False,1081080,285.75360000000006,33.63636363636363
1,0,8,1,3,2,False,1621620,289.23840000000007,32.72727272727273
1,0,8,1,2,3,False,1081080,271.81440000000003,35.45454545454545
1,0,8,1,1,4,False,270270,233.48160000000001,40.90909090909091
1,0,8,0,6,0,False,45045,237.60000000000002,40.0
1,0,8,0,5,1,False,225225,285.12000000000006,33.0
1,0,8,0,4,2,False,450450,297.79200000000003,32.0
1,0,8,0,3,3,False,450450,291.456,33.0
1,0,8,0,2,4,False,225225,266.112,36.0
1,0,8,0,1,5,False,45045,221.76,43.0
1,0,7,7,0,0,False,51480,254.32000000000008,37.05882352941176
1,0,7,6,1,0,False,360360,263.2960000000001,36.25
1,0,7,5,2,0,False,1081080,269.2800000000001,35.333333333333336
1,0,7,5,1,1,False,1081080,260.3040000000001,36.666666666666664
1,0,7,4,3,0,False,1801800,272.27200000000005,35.0
1,0,7,4,2,1,False,3603600,276.46080000000006,34.285714285714285
1,0,7,4,1,2,False,1801800,255.51680000000007,37.142857142857146
1,0,7,3,4,0,False,1801800,272.27200000000005,34.61538461538461
1,0,7,3,3,1,False,5405400,287.83040000000005,33.07692307692307
1,0,7,3,2,2,False,5405400,280.05120000000005,33.84615384615385
1,0,7,3,1,3,False,1801800,248.93440000000007,38.46153846153846
1,0,7,2,5,0,False,1081080,269.2800000000001,35.0
1,0,7,2,4,1,False,4324320,294.41280000000006,32.5
1,0,7,2,3,2,False,6486480,298.00320000000005,31.666666666666668
1,0,7,2,2,3,False,4324320,280.05120000000005,34.16666666666667
1,0,7,2,1,4,False,1081080,240.55680000000007,39.16666666666667
1,0,7,1,6,0,False,360360,246.8400000000001,38.18181818181818
1,0,7,1,5,1,False,1801800,296.20800000000014,31.818181818181817
1,0,7,1,4,2,False,3603600,309.3728000000001,30.909090909090907
1,0,7,1,3,3,False,3603600,302.7904000000001,31.818181818181817
1,0,7,1,2,4,False,1801800,276.4608000000001,34.54545454545454
1,0,7,1,1,5,False,360360,230.38400000000004,40.90909090909091
1,0,7,0,7,0,False,51480,224.40000000000006,42.0
1,0,7,0,6,1,False,308880,269.2800000000001,35.0
1,0,7,0,5,2,False,772200,314.1600000000001,30.0
1,0,7,0,4,3,False,1029600,317.15200000000004,30.0
1,0,7,0,3,4,False,772200,302.1920000000001,32.0
1,0,7,0,2,5,False,308880,269.2800000000001,35.0
1,0,7,0,1,6,False,51480,218.41600000000005,44.0
1,0,6,8,0,0,False,45045,253.44000000000003,37.22222222222222
1,0,6,7,1,0,False,360360,263.29600000000005,35.882352941176464
1,0,6,6,2,0,False,1261260,270.336,35.0
1,0,6,6,1,1,False,1261260,261.32480000000004,36.25
1,0,6,5,3,0,False,2522520,274.56000000000006,34.666666666666664
1,0,6,5,2,1,False,5045040,278.78400000000005,34.0
1,0,6,5,1,2,False,2522520,257.664,36.666666666666664
1,0,6,4,4,0,False,3153150,275.96799999999996,34.285714285714285
1,0,6,4,3,1,False,9459450,291.7376,32.85714285714286
1,0,6,4,2,2,False,9459450,283.8528,33.57142857142858
1,0,6,4,1,3,False,3153150,252.3136,37.85714285714286
1,0,6,3,5,0,False,2522520,274.56000000000006,34.61538461538461
1,0,6,3,4,1,False,10090080,300.1856000000001,31.538461538461537
1,0,6,3,3,2,False,15135120,303.8464000000001,31.538461538461537
1,0,6,3,2,3,False,10090080,285.54240000000004,33.07692307692307
1,0,6,3,1,4,False,2522520,245.27360000000004,38.46153846153846
1,0,6,2,6,0,False,1261260,253.44,37.5
1,0,6,2,5,1,False,6306300,304.12800000000004,31.666666666666668
1,0,6,2,4,2,False,12612600,317.6448,30.0
1,0,6,2,3,3,False,12612600,310.88640000000004,30.833333333333336
1,0,6,2,2,4,False,6306300,283.8528,33.333333333333336
1,0,6,2,1,5,False,1261260,236.54399999999998,40.0
1,0,6,1,7,0,False,360360,232.32000000000005,40.90909090909091
1,0,6,1,6,1,False,2162160,278.78400000000005,34.54545454545454
1,0,6,1,5,2,False,5405400,325.24800000000005,29.09090909090909
1,0,6,1,4,3,False,7207200,328.34560000000005,29.09090909090909
1,0,6,1,3,4,False,5405400,312.85760000000016,30.909090909090907
1,0,6,1,2,5,False,2162160,278.78400000000005,34.54545454545454
1,0,6,1,1,6,False,360360,226.1248,41.81818181818181
1,0,6,0,8,0,False,45045,211.20000000000002,45.0
1,0,6,0,7,1,False,315315,253.44000000000003,38.0
1,0,6,0,6,2,False,945945,295.68,32.0
1,0,6,0,5,3,False,1576575,337.92,28.0
1,0,6,0,4,4,False,1576575,332.28800000000007,29.0
1,0,6,0,3,5,False,945945,309.76000000000005,31.0
1,0,6,0,2,6,False,315315,270.33599999999996,35.0
1,0,6,0,1,7,False,45045,214.016,44.0
1,0,5,9,0,0,False,30030,250.79999999999998,37.89473684210527
1,0,5,8,1,0,False,270270,261.36,36.11111111111111
1,0,5,7,2,0,False,1081080,269.28000000000003,35.29411764705882
1,0,5,7,1,1,False,1081080,260.3040000000001,36.470588235294116
1,0,5,6,3,0,False,2522520,274.56000000000006,34.375
1,0,5,6,2,1,False,5045040,278.78400000000005,33.75
1,0,5,6,1,2,False,2522520,257.664,36.875
1,0,5,5,4,0,False,3783780,277.2,34.0
1,0,5,5,3,1,False,11351340,293.04,32.666666666666664
1,0,5,5,2,2,False,11351340,285.12,33.333333333333336
1,0,5,5,1,3,False,3783780,253.44000000000005,37.333333333333336
1,0,5,4,5,0,False,3783780,277.2,34.285714285714285
1,0,5,4,4,1,False,15135120,303.072,31.42857142857143
1,0,5,4,3,2,False,22702680,306.76800000000003,30.714285714285715
1,0,5,4,2,3,False,15135120,288.28800000000007,32.85714285714286
1,0,5,4,1,4,False,3783780,247.632,38.57142857142858
1,0,5,3,6,0,False,2522520,257.40000000000003,36.92307692307692
1,0,5,3,5,1,False,12612600,308.88000000000005,30.769230769230766
1,0,5,3,4,2,False,25225200,322.60800000000006,29.23076923076923
1,0,5,3,3,3,False,25225200,315.744,30.0
1,0,5,3,2,4,False,12612600,288.28800000000007,33.07692307692307
1,0,5,3,1,5,False,2522520,240.23999999999998,39.230769230769226
1,0,5,2,7,0,False,1081080,237.6,40.0
1,0,5,2,6,1,False,6486480,285.12,33.333333333333336
1,0,5,2,5,2,False,16216200,332.64,28.333333333333336
1,0,5,2,4,3,False,21621600,335.80800000000005,28.333333333333336
1,0,5,2,3,4,False,16216200,319.968,30.0
1,0,5,2,2,5,False,6486480,285.12,33.333333333333336
1,0,5,2,1,6,False,1081080,231.264,40.833333333333336
1,0,5,1,8,0,False,270270,217.8,43.63636363636363
1,0,5,1,7,1,False,1891890,261.36000000000007,36.36363636363636
1,0,5,1,6,2,False,5675670,304.92,30.909090909090907
1,0,5,1,5,3,False,9459450,348.48,27.27272727272727
1,0,5,1,4,4,False,9459450,342.6720000000001,28.18181818181818
1,0,5,1,3,5,False,5675670,319.44000000000005,29.999999999999996
1,0,5,1,2,6,False,1891890,278.78400000000005,34.54545454545454
1,0,5,1,1,7,False,270270,220.70400000000004,42.72727272727273
1,0,5,0,9,0,False,30030,198.0,48.0
1,0,5,0,8,1,False,240240,237.60000000000002,40.0
1,0,5,0,7,2,False,840840,277.2,34.0
1,0,5,0,6,3,False,1681680,316.8,30.0
1,0,5,0,5,4,False,2102100,356.4000000000001,27.0
1,0,5,0,4,5,False,1681680,343.20000000000005,28.0
1,0,5,0,3,6,False,840840,314.16,30.0
1,0,5,0,2,7,False,240240,269.28000000000003,35.0
1,0,5,0,1,8,False,30030,208.56,46.0
1,0,4,10,0,0,False,15015,246.4,38.5
1,0,4,9,1,0,False,150150,257.488,36.8421052631579
1,0,4,8,2,0,False,675675,266.112,35.55555555555556
1,0,4,8,1,1,False,675675,257.2416,36.666666666666664
1,0,4,7,3,0,False,1801800,272.27200000000005,34.705882352941174
1,0,4,7,2,1,False,3603600,276.46080000000006,34.11764705882353
1,0,4,7,1,2,False,1801800,255.51680000000002,37.05882352941176
1,0,4,6,4,0,False,3153150,275.968,34.375
1,0,4,6,3,1,False,9459450,291.73760000000004,32.5
1,0,4,6,2,2,False,9459450,283.85280000000006,33.125
1,0,4,6,1,3,False,3153150,252.31360000000006,37.5
1,0,4,5,5,0,False,3783780,277.20000000000005,34.0
1,0,4,5,4,1,False,15135120,303.07200000000006,31.333333333333332
1,0,4,5,3,2,False,22702680,306.76800000000003,30.666666666666668
1,0,4,5,2,3,False,15135120,288.288,32.666666666666664
1,0,4,5,1,4,False,3783780,247.63200000000003,38.0
1,0,4,4,6,0,False,3153150,258.72,36.42857142857143
1,0,4,4,5,1,False,15765750,310.46399999999994,30.714285714285715
1,0,4,4,4,2,False,31531500,324.2624,29.28571428571429
1,0,4,4,3,3,False,31531500,317.3632,30.000000000000004
1,0,4,4,2,4,False,15765750,289.76640000000003,32.85714285714286
1,0,4,4,1,5,False,3153150,241.472,39.285714285714285
1,0,4,3,7,0,False,1801800,240.24,39.230769230769226
1,0,4,3,6,1,False,10810800,288.288,33.07692307692307
1,0,4,3,5,2,False,27027000,336.33600000000007,28.46153846153846
1,0,4,3,4,3,False,36036000,339.53920000000005,27.69230769230769
1,0,4,3,3,4,False,27027000,323.52320000000014,29.23076923076923
1,0,4,3,2,5,False,10810800,288.288,33.07692307692307
1,0,4,3,1,6,False,1801800,233.83360000000002,40.76923076923077
1,0,4,2,8,0,False,675675,221.76000000000002,42.5
1,0,4,2,7,1,False,4729725,266.11199999999997,35.833333333333336
1,0,4,2,6,2,False,14189175,310.464,30.833333333333336
1,0,4,2,5,3,False,23648625,354.816,26.666666666666668
1,0,4,2,4,4,False,23648625,348.90240000000006,27.5
1,0,4,2,3,5,False,14189175,325.248,29.166666666666668
1,0,4,2,2,6,False,4729725,283.8528,33.333333333333336
1,0,4,2,1,7,False,675675,224.7168,42.5
1,0,4,1,9,0,False,150150,203.28000000000003,46.36363636363636
1,0,4,1,8,1,False,1201200,243.936,39.090909090909086
1,0,4,1,7,2,False,4204200,284.59200000000004,33.63636363636363
1,0,4,1,6,3,False,8408400,325.24800000000005,29.09090909090909
1,0,4,1,5,4,False,10510500,365.90400000000005,26.36363636363636
1,0,4,1,4,5,False,8408400,352.3520000000001,27.27272727272727
1,0,4,1,3,6,False,4204200,322.53760000000005,29.999999999999996
1,0,4,1,2,7,False,1201200,276.46080000000006,34.54545454545454
1,0,4,1,1,8,False,150150,214.12160000000006,44.54545454545454
1,0,4,0,10,0,False,15015,184.8,51.0
1,0,4,0,9,1,False,135135,221.76,43.0
1,0,4,0,8,2,False,540540,258.72,37.0
1,0,4,0,7,3,False,1261260,295.68,32.0
1,0,4,0,6,4,False,1891890,332.64000000000004,29.0
1,0,4,0,5,5,False,1891890,369.6,26.0
1,0,4,0,4,6,False,1261260,349.888,27.0
1,0,4,0,3,7,False,540540,315.39200000000005,30.0
1,0,4,0,2,8,False,135135,266.112,36.0
1,0,4,0,1,9,False,15015,202.048,47.0
1,0,3,11,0,0,False,5460,240.24,39.523809523809526
1,0,3,10,1,0,False,60060,251.68000000000004,37.5
1,0,3,9,2,0,False,300300,260.832,36.31578947368421
1,0,3,9,1,1,False,300300,252.13760000000005,37.36842105263158
1,0,3,8,3,0,False,900900,267.696,35.55555555555556
1,0,3,8,2,1,False,1801800,271.81440000000003,35.0
1,0,3,8,1,2,False,900900,251.22240000000002,37.77777777777778
1,0,3,7,4,0,False,1801800,272.27200000000005,34.705882352941174
1,0,3,7,3,1,False,5405400,287.83040000000005,32.94117647058823
1,0,3,7,2,2,False,5405400,280.0512,34.11764705882353
1,0,3,7,1,3,False,1801800,248.9344,38.23529411764706
1,0,3,6,5,0,False,2522520,274.56000000000006,34.375
1,0,3,6,4,1,False,10090080,300.1856,31.875
1,0,3,6,3,2,False,15135120,303.8464000000001,31.25
1,0,3,6,2,3,False,10090080,285.54240000000004,33.125
1,0,3,6,1,4,False,2522520,245.27360000000004,38.75
1,0,3,5,6,0,False,2522520,257.40000000000003,36.666666666666664
1,0,3,5,5,1,False,12612600,308.88000000000005,30.666666666666668
1,0,3,5,4,2,False,25225200,322.60800000000006,29.333333333333332
1,0,3,5,3,3,False,25225200,315.744,30.0
1,0,3,5,2,4,False,12612600,288.288,32.666666666666664
1,0,3,5,1,5,False,2522520,240.24,39.333333333333336
1,0,3,4,7,0,False,1801800,240.24,39.285714285714285
1,0,3,4,6,1,False,10810800,288.28800000000007,32.85714285714286
1,0,3,4,5,2,False,27027000,336.336,28.571428571428573
1,0,3,4,4,3,False,36036000,339.5392,27.857142857142858
1,0,3,4,3,4,False,27027000,323.5232000000001,29.28571428571429
1,0,3,4,2,5,False,10810800,288.28800000000007,32.85714285714286
1,0,3,4,1,6,False,1801800,233.8336,40.714285714285715
1,0,3,3,8,0,False,900900,223.08000000000004,42.30769230769231
1,0,3,3,7,1,False,6306300,267.6960000000001,35.38461538461539
1,0,3,3,6,2,False,18918900,312.312,30.769230769230766
1,0,3,3,5,3,False,31531500,356.928,26.923076923076923
1,0,3,3,4,4,False,31531500,350.97920000000005,26.923076923076923
1,0,3,3,3,5,False,18918900,327.1840000000001,29.23076923076923
1,0,3,3,2,6,False,6306300,285.54240000000004,33.07692307692307
1,0,3,3,1,7,False,900900,226.05440000000004,42.30769230769231
1,0,3,2,9,0,False,300300,205.92000000000002,45.833333333333336
1,0,3,2,8,1,False,2402400,247.10400000000004,38.333333333333336
1,0,3,2,7,2,False,8408400,288.288,33.333333333333336
1,0,3,2,6,3,False,16816800,329.472,29.166666666666668
1,0,3,2,5,4,False,21021000,370.65600000000006,25.833333333333336
1,0,3,2,4,5,False,16816800,356.928,26.666666666666668
1,0,3,2,3,6,False,8408400,326.72639999999996,29.166666666666668
1,0,3,2,2,7,False,2402400,280.05120000000005,34.16666666666667
1,0,3,2,1,8,False,300300,216.9024,44.16666666666667
1,0,3,1,10,0,False,60060,188.76000000000005,49.99999999999999
1,0,3,1,9,1,False,540540,226.51200000000006,41.81818181818181
1,0,3,1,8,2,False,2162160,264.264,36.36363636363636
1,0,3,1,7,3,False,5045040,302.016,31.818181818181817
1,0,3,1,6,4,False,7567560,339.7680000000001,28.18181818181818
1,0,3,1,5,5,False,7567560,377.5200000000001,25.454545454545453
1,0,3,1,4,6,False,5045040,357.38560000000007,26.36363636363636
1,0,3,1,3,7,False,2162160,322.1504000000001,29.999999999999996
1,0,3,1,2,8,False,540540,271.81440000000003,35.45454545454545
1,0,3,1,1,9,False,60060,206.3776,46.36363636363636
1,0,3,0,11,0,False,5460,171.60000000000002,55.0
1,0,3,0,10,1,False,54600,205.92000000000004,46.0
1,0,3,0,9,2,False,245700,240.24,40.0
1,0,3,0,8,3,False,655200,274.56,35.0
1,0,3,0,7,4,False,1146600,308.88000000000005,31.0
1,0,3,0,6,5,False,1375920,343.20000000000005,28.0
1,0,3,0,5,6,False,1146600,377.52,25.0
1,0,3,0,4,7,False,655200,352.35200000000003,27.0
1,0,3,0,3,8,False,245700,313.4560000000001,30.0
1,0,3,0,2,9,False,54600,260.832,37.0
1,0,3,0,1,10,False,5460,194.48000000000002,49.0
1,0,2,12,0,0,False,1365,232.32000000000005,40.90909090909091
1,0,2,11,1,0,False,16380,243.93600000000006,38.57142857142857
1,0,2,10,2,0,False,90090,253.44000000000003,37.5
1,0,2,10,1,1,False,90090,244.99200000000002,38.5
1,0,2,9,3,0,False,300300,260.832,36.31578947368421
1,0,2,9,2,1,False,600600,264.8448,35.78947368421053
1,0,2,9,1,2,False,300300,244.78079999999997,38.42105263157895
1,0,2,8,4,0,False,675675,266.112,35.55555555555556
1,0,2,8,3,1,False,2027025,281.31840000000005,33.888888888888886
1,0,2,8,2,2,False,2027025,273.7152,34.44444444444444
1,0,2,8,1,3,False,675675,243.3024,38.888888888888886
1,0,2,7,5,0,False,1081080,269.28000000000003,35.29411764705882
1,0,2,7,4,1,False,4324320,294.41280000000006,32.35294117647059
1,0,2,7,3,2,False,6486480,298.00320000000005,31.76470588235294
1,0,2,7,2,3,False,4324320,280.05120000000005,34.11764705882353
1,0,2,7,1,4,False,1081080,240.55680000000007,39.41176470588235
1,0,2,6,6,0,False,1261260,253.44000000000003,37.5
1,0,2,6,5,1,False,6306300,304.12800000000004,31.25
1,0,2,6,4,2,False,12612600,317.64480000000003,30.0
1,0,2,6,3,3,False,12612600,310.8864000000001,30.625
1,0,2,6,2,4,False,6306300,283.85280000000006,33.125
1,0,2,6,1,5,False,1261260,236.544,40.0
1,0,2,5,7,0,False,1081080,237.60000000000002,40.0
1,0,2,5,6,1,False,6486480,285.12,33.333333333333336
1,0,2,5,5,2,False,16216200,332.64,28.666666666666668
1,0,2,5,4,3,False,21621600,335.80800000000005,28.0
1,0,2,5,3,4,False,16216200,319.9680000000001,30.0
1,0,2,5,2,5,False,6486480,285.12,33.333333333333336
1,0,2,5,1,6,False,1081080,231.264,40.666666666666664
1,0,2,4,8,0,False,675675,221.76,42.85714285714286
1,0,2,4,7,1,False,4729725,266.112,35.714285714285715
1,0,2,4,6,2,False,14189175,310.46399999999994,30.714285714285715
1,0,2,4,5,3,False,23648625,354.81600000000003,27.142857142857146
1,0,2,4,4,4,False,23648625,348.90240000000006,27.142857142857146
1,0,2,4,3,5,False,14189175,325.24800000000005,29.28571428571429
1,0,2,4,2,6,False,4729725,283.8528,33.57142857142858
1,0,2,4,1,7,False,675675,224.71680000000003,42.142857142857146
1,0,2,3,9,0,False,300300,205.92000000000002,46.15384615384615
1,0,2,3,8,1,False,2402400,247.104,38.46153846153846
1,0,2,3,7,2,False,8408400,288.288,33.07692307692307
1,0,2,3,6,3,False,16816800,329.47200000000004,29.23076923076923
1,0,2,3,5,4,False,21021000,370.6560000000001,25.384615384615383
1,0,2,3,4,5,False,16816800,356.928,26.923076923076923
1,0,2,3,3,6,False,8408400,326.72639999999996,29.23076923076923
1,0,2,3,2,7,False,2402400,280.05120000000005,33.84615384615385
1,0,2,3,1,8,False,300300,216.90240000000003,43.84615384615385
1,0,2,2,10,0,False,90090,190.08,50.0
1,0,2,2,9,1,False,810810,228.096,41.66666666666667
1,0,2,2,8,2,False,3243240,266.11199999999997,35.833333333333336
1,0,2,2,7,3,False,7567560,304.12800000000004,31.666666666666668
1,0,2,2,6,4,False,11351340,342.14400000000006,27.5
1,0,2,2,5,5,False,11351340,380.16,25.0
1,0,2,2,4,6,False,7567560,359.8848,26.666666666666668
1,0,2,2,3,7,False,3243240,324.4032000000001,29.166666666666668
1,0,2,2,2,8,False,810810,273.7152,35.0
1,0,2,2,1,9,False,90090,207.8208,45.833333333333336
1,0,2,1,11,0,False,16380,174.24,54.54545454545454
1,0,2,1,10,1,False,163800,209.08800000000002,45.45454545454545
1,0,2,1,9,2,False,737100,243.936,39.090909090909086
1,0,2,1,8,3,False,1965600,278.78400000000005,34.54545454545454
1,0,2,1,7,4,False,3439800,313.6320000000001,29.999999999999996
1,0,2,1,6,5,False,4127760,348.48,27.27272727272727
1,0,2,1,5,6,False,3439800,383.32800000000003,24.545454545454543
1,0,2,1,4,7,False,1965600,357.7728000000001,26.36363636363636
1,0,2,1,3,8,False,737100,318.27840000000003,29.999999999999996
1,0,2,1,2,9,False,163800,264.8448,36.36363636363636
1,0,2,1,1,10,False,16380,197.47200000000007,48.18181818181818
1,0,2,0,12,0,False,1365,158.4,60.0
1,0,2,0,11,1,False,15015,190.08,50.0
1,0,2,0,10,2,False,75075,221.76,43.0
1,0,2,0,9,3,False,225225,253.44000000000003,38.0
1,0,2,0,8,4,False,450450,285.12000000000006,33.0
1,0,2,0,7,5,False,630630,316.8,30.0
1,0,2,0,6,6,False,630630,348.48,27.0
1,0,2,0,5,7,False,450450,380.16,25.0
1,0,2,0,4,8,False,225225,350.592,27.0
1,0,2,0,3,9,False,75075,308.35200000000003,31.0
1,0,2,0,2,10,False,15015,253.44000000000005,38.0
1,0,2,0,1,11,False,1365,185.856,51.0
1,0,1,13,0,0,False,210,222.64000000000001,42.608695652173914
1,0,1,12,1,0,False,2730,234.25600000000006,40.45454545454545
1,0,1,11,2,0,False,16380,243.93600000000006,38.57142857142857
1,0,1,11,1,1,False,16380,235.80480000000009,40.0
1,0,1,10,3,0,False,60060,251.68000000000004,37.5
1,0,1,10,2,1,False,120120,255.55200000000005,37.0
1,0,1,10,1,2,False,60060,236.192,40.0
1,0,1,9,4,0,False,150150,257.488,36.8421052631579
1,0,1,9,3,1,False,450450,272.2016,34.73684210526316
1,0,1,9,2,2,False,450450,264.8448,35.78947368421053
1,0,1,9,1,3,False,150150,235.41760000000005,40.0
1,0,1,8,5,0,False,270270,261.36,36.11111111111111
1,0,1,8,4,1,False,1081080,285.75360000000006,33.333333333333336
1,0,1,8,3,2,False,1621620,289.23840000000007,32.77777777777778
1,0,1,8,2,3,False,1081080,271.81440000000003,35.0
1,0,1,8,1,4,False,270270,233.48160000000004,40.55555555555556
1,0,1,7,6,0,False,360360,246.84000000000006,38.23529411764706
1,0,1,7,5,1,False,1801800,296.2080000000001,31.76470588235294
1,0,1,7,4,2,False,3603600,309.3728000000001,30.588235294117645
1,0,1,7,3,3,False,3603600,302.79040000000015,31.17647058823529
1,0,1,7,2,4,False,1801800,276.46080000000006,34.11764705882353
1,0,1,7,1,5,False,360360,230.38400000000004,41.17647058823529
1,0,1,6,7,0,False,360360,232.32000000000005,40.625
1,0,1,6,6,1,False,2162160,278.78400000000005,33.75
1,0,1,6,5,2,False,5405400,325.2480000000001,29.375
1,0,1,6,4,3,False,7207200,328.3456000000001,28.75
1,0,1,6,3,4,False,5405400,312.8576000000001,30.625
1,0,1,6,2,5,False,2162160,278.78400000000005,33.75
1,0,1,6,1,6,False,360360,226.12480000000005,41.875
1,0,1,5,8,0,False,270270,217.8,43.333333333333336
1,0,1,5,7,1,False,1891890,261.36000000000007,36.0
1,0,1,5,6,2,False,5675670,304.9200000000001,31.333333333333332
1,0,1,5,5,3,False,9459450,348.4800000000001,27.333333333333332
1,0,1,5,4,4,False,9459450,342.6720000000001,28.0
1,0,1,5,3,5,False,5675670,319.44000000000005,30.0
1,0,1,5,2,6,False,1891890,278.78400000000005,34.0
1,0,1,5,1,7,False,270270,220.70400000000004,42.666666666666664
1,0,1,4,9,0,False,150150,203.28,46.42857142857143
1,0,1,4,8,1,False,1201200,243.93600000000004,38.57142857142858
1,0,1,4,7,2,False,4204200,284.59200000000004,33.57142857142858
1,0,1,4,6,3,False,8408400,325.24800000000005,29.28571428571429
1,0,1,4,5,4,False,10510500,365.90400000000005,25.714285714285715
1,0,1,4,4,5,False,8408400,352.35200000000003,27.142857142857146
1,0,1,4,3,6,False,4204200,322.5376,29.28571428571429
1,0,1,4,2,7,False,1201200,276.4608,34.285714285714285
1,0,1,4,1,8,False,150150,214.12160000000006,44.28571428571429
1,0,1,3,10,0,False,60060,188.76000000000002,50.0
1,0,1,3,9,1,False,540540,226.51200000000006,41.53846153846154
1,0,1,3,8,2,False,2162160,264.26400000000007,36.15384615384615
1,0,1,3,7,3,False,5045040,302.0160000000001,31.538461538461537
1,0,1,3,6,4,False,7567560,339.7680000000001,27.69230769230769
1,0,1,3,5,5,False,7567560,377.52000000000004,25.384615384615383
1,0,1,3,4,6,False,5045040,357.38560000000007,26.923076923076923
1,0,1,3,3,7,False,2162160,322.15040000000016,29.23076923076923
1,0,1,3,2,8,False,540540,271.8144000000001,34.61538461538461
1,0,1,3,1,9,False,60060,206.37760000000003,46.15384615384615
1,0,1,2,11,0,False,16380,174.24,54.16666666666667
1,0,1,2,10,1,False,163800,209.08800000000005,45.0
1,0,1,2,9,2,False,737100,243.93600000000006,39.16666666666667
1,0,1,2,8,3,False,1965600,278.78400000000005,34.16666666666667
1,0,1,2,7,4,False,3439800,313.63200000000006,30.0
1,0,1,2,6,5,False,4127760,348.48,27.5
1,0,1,2,5,6,False,3439800,383.32800000000003,25.0
1,0,1,2,4,7,False,1965600,357.7728000000001,26.666666666666668
1,0,1,2,3,8,False,737100,318.2784000000001,30.0
1,0,1,2,2,9,False,163800,264.8448,35.833333333333336
1,0,1,2,1,10,False,16380,197.47200000000007,48.333333333333336
1,0,1,1,12,0,False,2730,159.72000000000003,59.090909090909086
1,0,1,1,11,1,False,30030,191.66400000000004,49.090909090909086
1,0,1,1,10,2,False,150150,223.6080000000001,42.72727272727273
1,0,1,1,9,3,False,450450,255.55200000000008,37.272727272727266
1,0,1,1,8,4,False,900900,287.4960000000001,32.72727272727273
1,0,1,1,7,5,False,1261260,319.44000000000005,29.999999999999996
1,0,1,1,6,6,False,1261260,351.38400000000007,27.27272727272727
1,0,1,1,5,7,False,900900,383.3280000000001,24.545454545454543
1,0,1,1,4,8,False,450450,353.51360000000005,27.27272727272727
1,0,1,1,3,9,False,150150,310.92160000000007,30.909090909090907
1,0,1,1,2,10,False,30030,255.5520000000001,37.272727272727266
1,0,1,1,1,11,False,2730,187.40480000000008,50.90909090909091
1,0,1,0,13,0,False,210,145.20000000000002,65.0
1,0,1,0,12,1,False,2520,174.24000000000004,54.0
1,0,1,0,11,2,False,13860,203.28000000000006,47.0
1,0,1,0,10,3,False,46200,232.32000000000005,41.0
1,0,1,0,9,4,False,103950,261.36000000000007,36.0
1,0,1,0,8,5,False,166320,290.40000000000003,33.0
1,0,1,0,7,6,False,194040,319.44000000000005,30.0
1,0,1,0,6,7,False,166320,348.4800000000001,27.0
1,0,1,0,5,8,False,103950,377.52000000000004,25.0
1,0,1,0,4,9,False,46200,344.608,28.0
1,0,1,0,3,10,False,13860,300.0800000000001,32.0
1,0,1,0,2,11,False,2520,243.93600000000004,39.0
1,0,1,0,1,12,False,210,176.17600000000002,54.0
1,0,0,14,0,0,False,15,211.20000000000005,44.58333333333333
1,0,0,13,1,0,False,210,222.64000000000001,42.608695652173914
1,0,0,12,2,0,False,1365,232.32000000000005,40.90909090909091
1,0,0,12,1,1,False,1365,224.57600000000008,42.272727272727266
1,0,0,11,3,0,False,5460,240.24,39.523809523809526
1,0,0,11,2,1,False,10920,243.93600000000006,38.57142857142857
1,0,0,11,1,2,False,5460,225.45600000000002,41.904761904761905
1,0,0,10,4,0,False,15015,246.4,38.5
1,0,0,10,3,1,False,45045,260.48,36.5
1,0,0,10,2,2,False,45045,253.44000000000003,37.5
1,0,0,10,1,3,False,15015,225.28000000000003,42.0
1,0,0,9,5,0,False,30030,250.79999999999998,37.89473684210527
1,0,0,9,4,1,False,120120,274.208,34.73684210526316
1,0,0,9,3,2,False,180180,277.552,34.21052631578947
1,0,0,9,2,3,False,120120,260.832,36.31578947368421
1,0,0,9,1,4,False,30030,224.04800000000003,42.10526315789474
1,0,0,8,6,0,False,45045,237.6,40.0
1,0,0,8,5,1,False,225225,285.12,33.333333333333336
1,0,0,8,4,2,False,450450,297.79200000000003,31.666666666666664
1,0,0,8,3,3,False,450450,291.456,32.77777777777778
1,0,0,8,2,4,False,225225,266.112,35.55555555555556
1,0,0,8,1,5,False,45045,221.76000000000002,42.77777777777778
1,0,0,7,7,0,False,51480,224.40000000000003,42.35294117647059
1,0,0,7,6,1,False,308880,269.28000000000003,35.29411764705882
1,0,0,7,5,2,False,772200,314.16,29.999999999999996
1,0,0,7,4,3,False,1029600,317.1520000000001,29.999999999999996
1,0,0,7,3,4,False,772200,302.1920000000001,31.17647058823529
1,0,0,7,2,5,False,308880,269.28000000000003,35.29411764705882
1,0,0,7,1,6,False,51480,218.416,43.52941176470588
1,0,0,6,8,0,False,45045,211.20000000000002,45.0
1,0,0,6,7,1,False,315315,253.44000000000003,37.5
1,0,0,6,6,2,False,945945,295.68,31.875
1,0,0,6,5,3,False,1576575,337.9200000000001,28.125
1,0,0,6,4,4,False,1576575,332.28800000000007,28.75
1,0,0,6,3,5,False,945945,309.76000000000005,30.625
1,0,0,6,2,6,False,315315,270.336,35.0
1,0,0,6,1,7,False,45045,214.016,44.375
1,0,0,5,9,0,False,30030,198.0,48.0
1,0,0,5,8,1,False,240240,237.60000000000002,40.0
1,0,0,5,7,2,False,840840,277.20000000000005,34.0
1,0,0,5,6,3,False,1681680,316.8,30.0
1,0,0,5,5,4,False,2102100,356.40000000000003,26.666666666666668
1,0,0,5,4,5,False,1681680,343.20000000000005,28.0
1,0,0,5,3,6,False,840840,314.16,30.0
1,0,0,5,2,7,False,240240,269.28000000000003,35.333333333333336
1,0,0,5,1,8,False,30030,208.56000000000003,45.333333333333336
1,0,0,4,10,0,False,15015,184.79999999999998,51.42857142857143
1,0,0,4,9,1,False,135135,221.76,42.85714285714286
1,0,0,4,8,2,False,540540,258.72,36.42857142857143
1,0,0,4,7,3,False,1261260,295.68,32.142857142857146
1,0,0,4,6,4,False,1891890,332.64,28.571428571428573
1,0,0,4,5,5,False,1891890,369.59999999999997,25.714285714285715
1,0,0,4,4,6,False,1261260,349.888,27.142857142857146
1,0,0,4,3,7,False,540540,315.3920000000001,30.000000000000004
1,0,0,4,2,8,False,135135,266.112,35.714285714285715
1,0,0,4,1,9,False,15015,202.04799999999997,47.142857142857146
1,0,0,3,11,0,False,5460,171.6,55.38461538461538
1,0,0,3,10,1,False,54600,205.92000000000002,46.15384615384615
1,0,0,3,9,2,False,245700,240.24,39.230769230769226
1,0,0,3,8,3,False,655200,274.56000000000006,34.61538461538461
1,0,0,3,7,4,False,1146600,308.88000000000005,30.769230769230766
1,0,0,3,6,5,False,1375920,343.2,27.69230769230769
1,0,0,3,5,6,False,1146600,377.52000000000004,25.384615384615383
1,0,0,3,4,7,False,655200,352.35200000000003,26.923076923076923
1,0,0,3,3,8,False,245700,313.4560000000001,30.0
1,0,0,3,2,9,False,54600,260.832,36.15384615384615
1,0,0,3,1,10,False,5460,194.48000000000005,48.46153846153846
1,0,0,2,12,0,False,1365,158.4,60.0
1,0,0,2,11,1,False,15015,190.08,50.0
1,0,0,2,10,2,False,75075,221.76000000000002,42.5
1,0,0,2,9,3,False,225225,253.44,37.5
1,0,0,2,8,4,False,450450,285.12,33.333333333333336
1,0,0,2,7,5,False,630630,316.8,30.0
1,0,0,2,6,6,False,630630,348.48,27.5
1,0,0,2,5,7,False,450450,380.16,25.0
1,0,0,2,4,8,False,225225,350.59200000000004,27.5
1,0,0,2,3,9,False,75075,308.352,30.833333333333336
1,0,0,2,2,10,False,15015,253.44000000000005,37.5
1,0,0,2,1,11,False,1365,185.856,50.833333333333336
1,0,0,1,13,0,False,210,145.20000000000002,65.45454545454545
1,0,0,1,12,1,False,2520,174.24,54.54545454545454
1,0,0,1,11,2,False,13860,203.28000000000003,46.36363636363636
1,0,0,1,10,3,False,46200,232.32000000000005,40.90909090909091
1,0,0,1,9,4,False,103950,261.36000000000007,36.36363636363636
1,0,0,1,8,5,False,166320,290.40000000000003,32.72727272727273
1,0,0,1,7,6,False,194040,319.44000000000005,29.999999999999996
1,0,0,1,6,7,False,166320,348.48,27.27272727272727
1,0,0,1,5,8,False,103950,377.5200000000001,25.454545454545453
1,0,0,1,4,9,False,46200,344.608,28.18181818181818
1,0,0,1,3,10,False,13860,300.0800000000001,31.818181818181817
1,0,0,1,2,11,False,2520,243.936,39.090909090909086
1,0,0,1,1,12,False,210,176.17600000000002,53.63636363636363
1,0,0,0,14,0,False,15,132.0,72.0
1,0,0,0,13,1,False,195,158.4,60.0
1,0,0,0,12,2,False,1170,184.8,51.0
1,0,0,0,11,3,False,4290,211.20000000000002,45.0
1,0,0,0,10,4,False,10725,237.60000000000002,40.0
1,0,0,0,9,5,False,19305,264.0,36.0
1,0,0,0,8,6,False,25740,290.40000000000003,33.0
1,0,0,0,7,7,False,25740,316.8,30.0
1,0,0,0,6,8,False,19305,343.20000000000005,28.0
1,0,0,0,5,9,False,10725,369.59999999999997,26.0
1,0,0,0,4,10,False,4290,334.4000000000001,29.0
1,0,0,0,3,11,False,1170,288.64000000000004,33.0
1,0,0,0,2,12,False,195,232.32,41.0
1,0,0,0,1,13,False,15,165.44000000000003,57.0
0,15,0,0,0,0,False,1,1160.0,9.0
0,14,1,0,0,0,False,15,1196.8000000000004,8.0
0,14,0,1,0,0,False,15,1196.8000000000004,8.181818181818182
0,14,0,0,1,0,False,15,1196.8000000000004,8.0
0,13,2,0,0,0,False,105,1219.2,8.0
0,13,1,1,0,0,False,210,1229.3600000000004,8.181818181818182
0,13,1,0,1,0,False,210,1229.3600000000001,8.0
0,13,0,2,0,0,False,105,1219.2,8.333333333333334
0,13,0,1,1,0,False,210,1229.3600000000004,8.181818181818182
0,13,0,0,2,0,False,105,1219.2,8.0
0,13,0,0,1,1,False,105,1178.5600000000002,8.0
0,12,3,0,0,0,False,455,1227.2,8.0
0,12,2,1,0,0,False,1365,1246.0800000000002,8.181818181818182
0,12,2,0,1,0,False,1365,1246.0800000000002,8.0
0,12,1,2,0,0,False,1365,1246.0800000000002,8.333333333333334
0,12,1,1,1,0,False,2730,1256.4640000000004,8.181818181818182
0,12,1,0,2,0,False,1365,1246.08,8.0
0,12,1,0,1,1,False,1365,1204.5440000000003,8.0
0,12,0,3,0,0,False,455,1227.2,7.692307692307692
0,12,0,2,1,0,False,1365,1246.0800000000002,8.333333333333334
0,12,0,1,2,0,False,1365,1246.0800000000002,8.181818181818182
0,12,0,1,1,1,False,1365,1204.5440000000003,8.181818181818182
0,12,0,0,3,0,False,455,1227.2,8.0
0,12,0,0,2,1,False,910,1246.0800000000002,8.0
0,12,0,0,1,2,False,455,1151.68,9.0
0,11,4,0,0,0,False,1365,1220.8,8.0
0,11,3,1,0,0,False,5460,1246.9600000000003,8.181818181818182
0,11,3,0,1,0,False,5460,1246.96,8.0
0,11,2,2,0,0,False,8190,1255.68,7.5
0,11,2,1,1,0,False,16380,1266.1440000000002,8.181818181818182
0,11,2,0,2,0,False,8190,1255.68,8.0
0,11,2,0,1,1,False,8190,1213.8240000000003,8.0
0,11,1,3,0,0,False,5460,1246.96,7.692307692307692
0,11,1,2,1,0,False,16380,1266.144,7.5
0,11,1,1,2,0,False,16380,1266.144,8.181818181818182
0,11,1,1,1,1,False,16380,1223.9392000000005,8.181818181818182
0,11,1,0,3,0,False,5460,1246.96,8.0
0,11,1,0,2,1,False,10920,1266.1440000000002,8.0
0,11,1,0,1,2,False,5460,1170.224,9.0
0,11,0,4,0,0,False,1365,1220.8,7.857142857142858
0,11,0,3,1,0,False,5460,1246.96,7.692307692307692
0,11,0,2,2,0,False,8190,1255.68,7.5
0,11,0,2,1,1,False,8190,1213.824,8.333333333333334
0,11,0,1,3,0,False,5460,1246.9600000000003,8.181818181818182
0,11,0,1,2,1,False,10920,1266.144,8.181818181818182
0,11,0,1,1,2,False,5460,1170.224,8.181818181818182
0,11,0,0,4,0,False,1365,1220.8,8.0
0,11,0,0,3,1,False,4095,1290.5600000000002,8.0
0,11,0,0,2,2,False,4095,1255.68,8.0
0,11,0,0,1,3,False,1365,1116.16,9.0
0,10,5,0,0,0,False,3003,1200.0,8.0
0,10,4,1,0,0,False,15015,1232.0,8.181818181818182
0,10,4,0,1,0,False,15015,1232.0000000000002,8.0
0,10,3,2,0,0,False,30030,1248.0,8.333333333333334
0,10,3,1,1,0,False,60060,1258.4000000000003,8.181818181818182
0,10,3,0,2,0,False,30030,1248.0,8.0
0,10,3,0,1,1,False,30030,1206.4000000000003,8.0
0,10,2,3,0,0,False,30030,1248.0,7.692307692307692
0,10,2,2,1,0,False,90090,1267.2,7.5
0,10,2,1,2,0,False,90090,1267.2,8.181818181818182
0,10,2,1,1,1,False,90090,1224.9600000000003,8.181818181818182
0,10,2,0,3,0,False,30030,1248.0,8.0
0,10,2,0,2,1,False,60060,1267.2,8.0
0,10,2,0,1,2,False,30030,1171.2,9.0
0,10,1,4,0,0,False,15015,1232.0,7.857142857142858
0,10,1,3,1,0,False,60060,1258.4,7.692307692307692
0,10,1,2,2,0,False,90090,1267.2,7.5
0,10,1,2,1,1,False,90090,1224.9600000000003,8.333333333333334
0,10,1,1,3,0,False,60060,1258.4,8.181818181818182
0,10,1,1,2,1,False,120120,1277.7600000000002,8.181818181818182
0,10,1,1,1,2,False,60060,1180.9600000000003,8.181818181818182
0,10,1,0,4,0,False,15015,1232.0,8.0
0,10,1,0,3,1,False,45045,1302.4,8.0
0,10,1,0,2,2,False,45045,1267.2,8.0
0,10,1,0,1,3,False,15015,1126.4,9.0
0,10,0,5,0,0,False,3003,1200.0,8.0
0,10,0,4,1,0,False,15015,1232.0,7.857142857142858
0,10,0,3,2,0,False,30030,1248.0,7.692307692307692
0,10,0,3,1,1,False,30030,1206.4000000000003,8.461538461538462
0,10,0,2,3,0,False,30030,1248.0,8.333333333333334
0,10,0,2,2,1,False,60060,1267.2,7.5
0,10,0,2,1,2,False,30030,1171.2,8.333333333333334
0,10,0,1,4,0,False,15015,1232.0,8.181818181818182
0,10,0,1,3,1,False,45045,1302.4,7.2727272727272725
0,10,0,1,2,2,False,45045,1267.2,8.181818181818182
0,10,0,1,1,3,False,15015,1126.4,9.09090909090909
0,10,0,0,5,0,False,3003,1200.0,8.0
0,10,0,0,4,1,False,12012,1312.0000000000002,8.0
0,10,0,0,3,2,False,18018,1328.0000000000002,8.0
0,10,0,0,2,3,False,12012,1248.0,8.0
0,10,0,0,1,4,False,3003,1072.0,9.0
0,9,6,0,0,0,False,5005,1164.8,9.0
0,9,5,1,0,0,False,30030,1201.2,8.181818181818182
0,9,5,0,1,0,False,30030,1201.2000000000003,8.0
0,9,4,2,0,0,False,75075,1223.04,8.333333333333334
0,9,4,1,1,0,False,150150,1233.2320000000002,8.181818181818182
0,9,4,0,2,0,False,75075,1223.04,8.0
0,9,4,0,1,1,False,75075,1182.2720000000002,8.0
0,9,3,3,0,0,False,100100,1230.3200000000002,7.692307692307692
0,9,3,2,1,0,False,300300,1249.2480000000003,8.333333333333334
0,9,3,1,2,0,False,300300,1249.2480000000003,8.181818181818182
0,9,3,1,1,1,False,300300,1207.6064000000003,8.181818181818182
0,9,3,0,3,0,False,100100,1230.3200000000002,8.0
0,9,3,0,2,1,False,200200,1249.2480000000003,8.0
0,9,3,0,1,2,False,100100,1154.608,9.0
0,9,2,4,0,0,False,75075,1223.04,7.857142857142858
0,9,2,3,1,0,False,300300,1249.248,7.692307692307692
0,9,2,2,2,0,False,450450,1257.984,7.5
0,9,2,2,1,1,False,450450,1216.0512,8.333333333333334
0,9,2,1,3,0,False,300300,1249.2480000000003,8.181818181818182
0,9,2,1,2,1,False,600600,1268.4672,8.181818181818182
0,9,2,1,1,2,False,300300,1172.3712000000003,8.181818181818182
0,9,2,0,4,0,False,75075,1223.04,8.0
0,9,2,0,3,1,False,225225,1292.928,8.0
0,9,2,0,2,2,False,225225,1257.9840000000002,8.0
0,9,2,0,1,3,False,75075,1118.208,9.0
0,9,1,5,0,0,False,30030,1201.2000000000003,8.0
0,9,1,4,1,0,False,150150,1233.232,7.857142857142858
0,9,1,3,2,0,False,300300,1249.248,7.692307692307692
0,9,1,3,1,1,False,300300,1207.6064000000006,8.461538461538462
0,9,1,2,3,0,False,300300,1249.2480000000003,8.333333333333334
0,9,1,2,2,1,False,600600,1268.4672000000003,7.5
0,9,1,2,1,2,False,300300,1172.3712,8.333333333333334
0,9,1,1,4,0,False,150150,1233.2320000000002,8.181818181818182
0,9,1,1,3,1,False,450450,1303.7024000000004,7.2727272727272725
0,9,1,1,2,2,False,450450,1268.4672,8.181818181818182
0,9,1,1,1,3,False,150150,1127.5264000000002,9.09090909090909
0,9,1,0,5,0,False,30030,1201.2000000000003,8.0
0,9,1,0,4,1,False,120120,1313.3120000000004,8.0
0,9,1,0,3,2,False,180180,1329.3280000000004,8.0
0,9,1,0,2,3,False,120120,1249.2480000000003,8.0
0,9,1,0,1,4,False,30030,1073.0720000000001,9.0
0,9,0,6,0,0,False,5005,1164.8,8.125
0,9,0,5,1,0,False,30030,1201.2000000000003,8.0
0,9,0,4,2,0,False,75075,1223.04,7.857142857142858
0,9,0,4,1,1,False,75075,1182.2720000000002,8.571428571428571
0,9,0,3,3,0,False,100100,1230.3200000000002,7.692307692307692
0,9,0,3,2,1,False,200200,1249.248,7.692307692307692
0,9,0,3,1,2,False,100100,1154.6080000000002,8.461538461538462
0,9,0,2,4,0,False,75075,1223.04,8.333333333333334
0,9,0,2,3,1,False,225225,1292.928,7.5
0,9,0,2,2,2,False,225225,1257.984,7.5
0,9,0,2,1,3,False,75075,1118.208,9.166666666666668
0,9,0,1,5,0,False,30030,1201.2,8.181818181818182
0,9,0,1,4,1,False,120120,1313.3120000000001,7.2727272727272725
0,9,0,1,3,2,False,180180,1329.3280000000004,7.2727272727272725
0,9,0,1,2,3,False,120120,1249.2480000000003,8.181818181818182
0,9,0,1,1,4,False,30030,1073.0720000000001,9.09090909090909
0,9,0,0,6,0,False,5005,1092.0,9.0
0,9,0,0,5,1,False,25025,1310.4,8.0
0,9,0,0,4,2,False,50050,1368.6400000000003,7.0
0,9,0,0,3,3,False,50050,1339.5200000000002,8.0
0,9,0,0,2,4,False,25025,1223.0400000000002,8.0
0,9,0,0,1,5,False,5005,1019.2,10.0
0,8,7,0,0,0,False,6435,1115.2000000000003,9.0
0,8,6,1,0,0,False,45045,1154.5600000000002,8.181818181818182
0,8,6,0,1,0,False,45045,1154.5600000000002,9.0
0,8,5,2,0,0,False,135135,1180.8,8.333333333333334
0,8,5,1,1,0,False,270270,1190.64,8.181818181818182
0,8,5,0,2,0,False,135135,1180.8,8.0
0,8,5,0,1,1,False,135135,1141.4400000000003,9.0
0,8,4,3,0,0,False,225225,1193.92,8.461538461538462
0,8,4,2,1,0,False,675675,1212.2880000000002,8.333333333333334
0,8,4,1,2,0,False,675675,1212.288,8.181818181818182
0,8,4,1,1,1,False,675675,1171.8784,8.181818181818182
0,8,4,0,3,0,False,225225,1193.92,8.0
0,8,4,0,2,1,False,450450,1212.2880000000002,8.0
0,8,4,0,1,2,False,225225,1120.448,9.0
0,8,3,4,0,0,False,225225,1193.92,8.571428571428571
0,8,3,3,1,0,False,900900,1219.5040000000001,8.461538461538462
0,8,3,2,2,0,False,1351350,1228.0320000000002,8.333333333333334
0,8,3,2,1,1,False,1351350,1187.0976,8.333333333333334
0,8,3,1,3,0,False,900900,1219.5040000000001,8.181818181818182
0,8,3,1,2,1,False,1801800,1238.2656000000002,8.181818181818182
0,8,3,1,1,2,False,900900,1144.4576,9.09090909090909
0,8,3,0,4,0,False,225225,1193.9199999999998,8.0
0,8,3,0,3,1,False,675675,1262.1440000000002,8.0
0,8,3,0,2,2,False,675675,1228.032,8.0
0,8,3,0,1,3,False,225225,1091.584,9.0
0,8,2,5,0,0,False,135135,1180.8000000000002,8.0
0,8,2,4,1,0,False,675675,1212.288,7.857142857142858
0,8,2,3,2,0,False,1351350,1228.032,7.692307692307692
0,8,2,3,1,1,False,1351350,1187.0976,8.461538461538462
0,8,2,2,3,0,False,1351350,1228.0320000000002,8.333333333333334
0,8,2,2,2,1,False,2702700,1246.9248,8.333333333333334
0,8,2,2,1,2,False,1351350,1152.4608,8.333333333333334
0,8,2,1,4,0,False,675675,1212.288,8.181818181818182
0,8,2,1,3,1,False,2027025,1281.5616000000002,8.181818181818182
0,8,2,1,2,2,False,2027025,1246.9248,8.181818181818182
0,8,2,1,1,3,False,675675,1108.3776,9.09090909090909
0,8,2,0,5,0,False,135135,1180.8,8.0
0,8,2,0,4,1,False,540540,1291.0080000000003,8.0
0,8,2,0,3,2,False,810810,1306.7520000000002,8.0
0,8,2,0,2,3,False,540540,1228.032,8.0
0,8,2,0,1,4,False,135135,1054.8480000000002,9.0
0,8,1,6,0,0,False,45045,1154.5600000000002,8.75
0,8,1,5,1,0,False,270270,1190.6400000000003,8.0
0,8,1,4,2,0,False,675675,1212.288,7.857142857142858
0,8,1,4,1,1,False,675675,1171.8784,8.571428571428571
0,8,1,3,3,0,False,900900,1219.5040000000001,8.461538461538462
0,8,1,3,2,1,False,1801800,1238.2656000000002,7.692307692307692
0,8,1,3,1,2,False,900900,1144.4576000000002,8.461538461538462
0,8,1,2,4,0,False,675675,1212.2880000000002,8.333333333333334
0,8,1,2,3,1,False,2027025,1281.5616000000002,7.5
0,8,1,2,2,2,False,2027025,1246.9248,8.333333333333334
0,8,1,2,1,3,False,675675,1108.3776,9.166666666666668
0,8,1,1,5,0,False,270270,1190.6400000000006,8.181818181818182
0,8,1,1,4,1,False,1081080,1301.7664000000004,7.2727272727272725
0,8,1,1,3,2,False,1621620,1317.6416000000006,7.2727272727272725
0,8,1,1,2,3,False,1081080,1238.2656000000002,8.181818181818182
0,8,1,1,1,4,False,270270,1063.6384000000005,9.09090909090909
0,8,1,0,6,0,False,45045,1082.4000000000003,9.0
0,8,1,0,5,1,False,225225,1298.88,8.0
0,8,1,0,4,2,False,450450,1356.6080000000002,7.0
0,8,1,0,3,3,False,450450,1327.7440000000004,8.0
0,8,1,0,2,4,False,225225,1212.2880000000002,8.0
0,8,1,0,1,5,False,45045,1010.2400000000002,10.0
0,8,0,7,0,0,False,6435,1115.2,8.823529411764705
0,8,0,6,1,0,False,45045,1154.5600000000002,8.75
0,8,0,5,2,0,False,135135,1180.8000000000002,8.0
0,8,0,5,1,1,False,135135,1141.4400000000003,8.666666666666666
0,8,0,4,3,0,False,225225,1193.92,8.571428571428571
0,8,0,4,2,1,False,450450,1212.288,7.857142857142858
0,8,0,4,1,2,False,225225,1120.448,8.571428571428571
0,8,0,3,4,0,False,225225,1193.92,8.461538461538462
0,8,0,3,3,1,False,675675,1262.144,7.692307692307692
0,8,0,3,2,2,False,675675,1228.032,7.692307692307692
0,8,0,3,1,3,False,225225,1091.584,9.23076923076923
0,8,0,2,5,0,False,135135,1180.8,8.333333333333334
0,8,0,2,4,1,False,540540,1291.008,7.5
0,8,0,2,3,2,False,810810,1306.752,7.5
0,8,0,2,2,3,False,540540,1228.0320000000002,8.333333333333334
0,8,0,2,1,4,False,135135,1054.848,9.166666666666668
0,8,0,1,6,0,False,45045,1082.4,9.09090909090909
0,8,0,1,5,1,False,225225,1298.88,7.2727272727272725
0,8,0,1,4,2,False,450450,1356.6080000000004,7.2727272727272725
0,8,0,1,3,3,False,450450,1327.7440000000001,7.2727272727272725
0,8,0,1,2,4,False,225225,1212.2880000000002,8.181818181818182
0,8,0,1,1,5,False,45045,1010.2400000000002,10.0
0,8,0,0,7,0,False,6435,984.0,10.0
0,8,0,0,6,1,False,38610,1180.8,8.0
0,8,0,0,5,2,False,96525,1377.6000000000001,7.0
0,8,0,0,4,3,False,128700,1390.7200000000003,7.0
0,8,0,0,3,4,False,96525,1325.1200000000003,8.0
0,8,0,0,2,5,False,38610,1180.8,8.0
0,8,0,0,1,6,False,6435,957.7600000000001,10.0
0,7,8,0,0,0,False,6435,1051.2000000000003,9.0
0,7,7,1,0,0,False,51480,1092.0800000000004,9.09090909090909
0,7,7,0,1,0,False,51480,1092.0800000000004,9.0
0,7,6,2,0,0,False,180180,1121.2800000000002,9.166666666666668
0,7,6,1,1,0,False,360360,1130.6240000000005,9.09090909090909
0,7,6,0,2,0,False,180180,1121.2800000000002,9.0
0,7,6,0,1,1,False,180180,1083.9040000000002,9.0
0,7,5,3,0,0,False,360360,1138.8000000000004,8.461538461538462
0,7,5,2,1,0,False,1081080,1156.3200000000004,8.333333333333334
0,7,5,1,2,0,False,1081080,1156.3200000000004,8.181818181818182
0,7,5,1,1,1,False,1081080,1117.7760000000005,9.09090909090909
0,7,5,0,3,0,False,360360,1138.8000000000004,9.0
0,7,5,0,2,1,False,720720,1156.3200000000004,9.0
0,7,5,0,1,2,False,360360,1068.7200000000003,9.0
0,7,4,4,0,0,False,450450,1144.64,8.571428571428571
0,7,4,3,1,0,False,1801800,1169.1680000000003,8.461538461538462
0,7,4,2,2,0,False,2702700,1177.344,8.333333333333334
0,7,4,2,1,1,False,2702700,1138.0992,8.333333333333334
0,7,4,1,3,0,False,1801800,1169.1680000000001,8.181818181818182
0,7,4,1,2,1,False,3603600,1187.1552000000004,8.181818181818182
0,7,4,1,1,2,False,1801800,1097.2192000000002,9.09090909090909
0,7,4,0,4,0,False,450450,1144.64,9.0
0,7,4,0,3,1,False,1351350,1210.0480000000002,8.0
0,7,4,0,2,2,False,1351350,1177.344,8.0
0,7,4,0,1,3,False,450450,1046.528,9.0
0,7,3,5,0,0,False,360360,1138.8000000000004,8.666666666666666
0,7,3,4,1,0,False,1801800,1169.1680000000003,8.571428571428571
0,7,3,3,2,0,False,3603600,1184.3520000000003,8.461538461538462
0,7,3,3,1,1,False,3603600,1144.8736000000006,8.461538461538462
0,7,3,2,3,0,False,3603600,1184.3520000000003,8.333333333333334
0,7,3,2,2,1,False,7207200,1202.5728000000001,8.333333333333334
0,7,3,2,1,2,False,3603600,1111.4688,9.166666666666668
0,7,3,1,4,0,False,1801800,1169.1680000000001,8.181818181818182
0,7,3,1,3,1,False,5405400,1235.9776000000004,8.181818181818182
0,7,3,1,2,2,False,5405400,1202.5728000000004,8.181818181818182
0,7,3,1,1,3,False,1801800,1068.9536000000005,9.09090909090909
0,7,3,0,5,0,False,360360,1138.8000000000004,9.0
0,7,3,0,4,1,False,1441440,1245.0880000000006,8.0
0,7,3,0,3,2,False,2162160,1260.2720000000006,8.0
0,7,3,0,2,3,False,1441440,1184.3520000000005,8.0
0,7,3,0,1,4,False,360360,1017.3280000000003,10.0
0,7,2,6,0,0,False,180180,1121.2800000000004,8.75
0,7,2,5,1,0,False,1081080,1156.3200000000004,8.666666666666666
0,7,2,4,2,0,False,2702700,1177.344,8.571428571428571
0,7,2,4,1,1,False,2702700,1138.0992000000003,8.571428571428571
0,7,2,3,3,0,False,3603600,1184.3520000000003,8.461538461538462
0,7,2,3,2,1,False,7207200,1202.5728000000001,8.461538461538462
0,7,2,3,1,2,False,3603600,1111.4688,8.461538461538462
0,7,2,2,4,0,False,2702700,1177.344,8.333333333333334
0,7,2,2,3,1,False,8108100,1244.6208000000001,8.333333333333334
0,7,2,2,2,2,False,8108100,1210.9824,8.333333333333334
0,7,2,2,1,3,False,2702700,1076.4288000000001,9.166666666666668
0,7,2,1,5,0,False,1081080,1156.3200000000004,8.181818181818182
0,7,2,1,4,1,False,4324320,1264.2432000000006,8.181818181818182
0,7,2,1,3,2,False,6486480,1279.6608000000003,8.181818181818182
0,7,2,1,2,3,False,4324320,1202.5728000000004,8.181818181818182
0,7,2,1,1,4,False,1081080,1032.9792000000002,10.0
0,7,2,0,6,0,False,180180,1051.2000000000003,9.0
0,7,2,0,5,1,False,900900,1261.4400000000003,8.0
0,7,2,0,4,2,False,1801800,1317.5040000000004,8.0
0,7,2,0,3,3,False,1801800,1289.4720000000004,8.0
0,7,2,0,2,4,False,900900,1177.3440000000003,8.0
0,7,2,0,1,5,False,180180,981.1200000000001,10.0
0,7,1,7,0,0,False,51480,1092.0800000000004,8.823529411764705
0,7,1,6,1,0,False,360360,1130.6240000000005,8.75
0,7,1,5,2,0,False,1081080,1156.3200000000004,8.666666666666666
0,7,1,5,1,1,False,1081080,1117.7760000000005,8.666666666666666
0,7,1,4,3,0,False,1801800,1169.1680000000003,8.571428571428571
0,7,1,4,2,1,False,3603600,1187.1552000000004,8.571428571428571
0,7,1,4,1,2,False,1801800,1097.2192000000002,8.571428571428571
0,7,1,3,4,0,False,1801800,1169.1680000000003,8.461538461538462
0,7,1,3,3,1,False,5405400,1235.9776000000004,7.692307692307692
0,7,1,3,2,2,False,5405400,1202.5728000000006,8.461538461538462
0,7,1,3,1,3,False,1801800,1068.9536000000005,9.23076923076923
0,7,1,2,5,0,False,1081080,1156.3200000000004,8.333333333333334
0,7,1,2,4,1,False,4324320,1264.2432000000006,7.5
0,7,1,2,3,2,False,6486480,1279.6608000000006,7.5
0,7,1,2,2,3,False,4324320,1202.5728000000001,8.333333333333334
0,7,1,2,1,4,False,1081080,1032.9792000000004,9.166666666666668
0,7,1,1,6,0,False,360360,1059.9600000000005,9.09090909090909
0,7,1,1,5,1,False,1801800,1271.9520000000005,8.181818181818182
0,7,1,1,4,2,False,3603600,1328.4832000000006,7.2727272727272725
0,7,1,1,3,3,False,3603600,1300.2176000000004,7.2727272727272725
0,7,1,1,2,4,False,1801800,1187.1552000000006,8.181818181818182
0,7,1,1,1,5,False,360360,989.2960000000004,10.0
0,7,1,0,7,0,False,51480,963.6000000000004,10.0
0,7,1,0,6,1,False,308880,1156.3200000000004,9.0
0,7,1,0,5,2,False,772200,1349.0400000000006,7.0
0,7,1,0,4,3,False,1029600,1361.8880000000006,7.0
0,7,1,0,3,4,False,772200,1297.6480000000008,8.0
0,7,1,0,2,5,False,308880,1156.3200000000004,9.0
0,7,1,0,1,6,False,51480,937.9040000000003,11.0
0,7,0,8,0,0,False,6435,1051.2000000000003,9.444444444444445
0,7,0,7,1,0,False,51480,1092.0800000000004,8.823529411764705
0,7,0,6,2,0,False,180180,1121.2800000000004,8.75
0,7,0,6,1,1,False,180180,1083.9040000000002,8.75
0,7,0,5,3,0,False,360360,1138.8000000000004,8.666666666666666
0,7,0,5,2,1,False,720720,1156.3200000000004,8.666666666666666
0,7,0,5,1,2,False,360360,1068.7200000000003,9.333333333333334
0,7,0,4,4,0,False,450450,1144.64,8.571428571428571
0,7,0,4,3,1,False,1351350,1210.0480000000002,7.857142857142858
0,7,0,4,2,2,False,1351350,1177.344,8.571428571428571
0,7,0,4,1,3,False,450450,1046.5280000000002,9.285714285714286
0,7,0,3,5,0,False,360360,1138.8000000000004,8.461538461538462
0,7,0,3,4,1,False,1441440,1245.0880000000004,7.692307692307692
0,7,0,3,3,2,False,2162160,1260.2720000000002,7.692307692307692
0,7,0,3,2,3,False,1441440,1184.3520000000003,8.461538461538462
0,7,0,3,1,4,False,360360,1017.3280000000003,10.0
0,7,0,2,6,0,False,180180,1051.2000000000003,9.166666666666668
0,7,0,2,5,1,False,900900,1261.4400000000003,7.5
0,7,0,2,4,2,False,1801800,1317.5040000000004,7.5
0,7,0,2,3,3,False,1801800,1289.4720000000002,7.5
0,7,0,2,2,4,False,900900,1177.3440000000003,8.333333333333334
0,7,0,2,1,5,False,180180,981.1200000000001,10.0
0,7,0,1,7,0,False,51480,963.6000000000004,10.0
0,7,0,1,6,1,False,308880,1156.3200000000004,8.181818181818182
0,7,0,1,5,2,False,772200,1349.0400000000004,7.2727272727272725
0,7,0,1,4,3,False,1029600,1361.8880000000006,7.2727272727272725
0,7,0,1,3,4,False,772200,1297.6480000000006,7.2727272727272725
0,7,0,1,2,5,False,308880,1156.3200000000004,8.181818181818182
0,7,0,1,1,6,False,51480,937.9040000000003,10.909090909090908
0,7,0,0,8,0,False,6435,876.0000000000002,11.0
0,7,0,0,7,1,False,45045,1051.2000000000003,9.0
0,7,0,0,6,2,False,135135,1226.4000000000003,8.0
0,7,0,0,5,3,False,225225,1401.6000000000004,7.0
0,7,0,0,4,4,False,225225,1378.2400000000005,7.0
0,7,0,0,3,5,False,135135,1284.8000000000004,8.0
0,7,0,0,2,6,False,45045,1121.2800000000002,9.0
0,7,0,0,1,7,False,6435,887.6800000000002,11.0
0,6,9,0,0,0,False,5005,972.8000000000001,10.0
0,6,8,1,0,0,False,45045,1013.7600000000001,10.0
0,6,8,0,1,0,False,45045,1013.7600000000001,10.0
0,6,7,2,0,0,False,180180,1044.48,9.166666666666668
0,6,7,1,1,0,False,360360,1053.1840000000002,9.09090909090909
0,6,7,0,2,0,False,180180,1044.48,9.0
0,6,7,0,1,1,False,180180,1009.6640000000002,10.0
0,6,6,3,0,0,False,420420,1064.96,9.23076923076923
0,6,6,2,1,0,False,1261260,1081.344,9.166666666666668
0,6,6,1,2,0,False,1261260,1081.344,9.09090909090909
0,6,6,1,1,1,False,1261260,1045.2992000000002,9.09090909090909
0,6,6,0,3,0,False,420420,1064.96,9.0
0,6,6,0,2,1,False,840840,1081.344,9.0
0,6,6,0,1,2,False,420420,999.424,10.0
0,6,5,4,0,0,False,630630,1075.1999999999998,9.285714285714286
0,6,5,3,1,0,False,2522520,1098.2400000000002,9.23076923076923
0,6,5,2,2,0,False,3783780,1105.92,9.166666666666668
0,6,5,2,1,1,False,3783780,1069.056,9.166666666666668
0,6,5,1,3,0,False,2522520,1098.2400000000002,9.09090909090909
0,6,5,1,2,1,False,5045040,1115.1360000000002,9.09090909090909
0,6,5,1,1,2,False,2522520,1030.6560000000002,10.0
0,6,5,0,4,0,False,630630,1075.2,9.0
0,6,5,0,3,1,False,1891890,1136.64,9.0
0,6,5,0,2,2,False,1891890,1105.9199999999998,9.0
0,6,5,0,1,3,False,630630,983.04,10.0
0,6,4,5,0,0,False,630630,1075.2,9.333333333333334
0,6,4,4,1,0,False,3153150,1103.872,8.571428571428571
0,6,4,3,2,0,False,6306300,1118.208,8.461538461538462
0,6,4,3,1,1,False,6306300,1080.9344000000003,9.23076923076923
0,6,4,2,3,0,False,6306300,1118.208,9.166666666666668
0,6,4,2,2,1,False,12612600,1135.4112,8.333333333333334
0,6,4,2,1,2,False,6306300,1049.3952,9.166666666666668
0,6,4,1,4,0,False,3153150,1103.872,9.09090909090909
0,6,4,1,3,1,False,9459450,1166.9504000000002,8.181818181818182
0,6,4,1,2,2,False,9459450,1135.4112,9.09090909090909
0,6,4,1,1,3,False,3153150,1009.2544000000003,10.0
0,6,4,0,5,0,False,630630,1075.2,9.0
0,6,4,0,4,1,False,2522520,1175.5520000000001,8.0
0,6,4,0,3,2,False,3783780,1189.8880000000001,8.0
0,6,4,0,2,3,False,2522520,1118.208,9.0
0,6,4,0,1,4,False,630630,960.5120000000002,10.0
0,6,3,6,0,0,False,420420,1064.96,9.375
0,6,3,5,1,0,False,2522520,1098.2400000000002,8.666666666666666
0,6,3,4,2,0,False,6306300,1118.2079999999999,8.571428571428571
0,6,3,4,1,1,False,6306300,1080.9344,9.285714285714286
0,6,3,3,3,0,False,8408400,1124.8640000000003,8.461538461538462
0,6,3,3,2,1,False,16816800,1142.1696000000002,8.461538461538462
0,6,3,3,1,2,False,8408400,1055.6416000000002,9.23076923076923
0,6,3,2,4,0,False,6306300,1118.208,9.166666666666668
0,6,3,2,3,1,False,18918900,1182.1055999999999,8.333333333333334
0,6,3,2,2,2,False,18918900,1150.1568,8.333333333333334
0,6,3,2,1,3,False,6306300,1022.3616000000001,10.0
0,6,3,1,5,0,False,2522520,1098.2400000000002,9.09090909090909
0,6,3,1,4,1,False,10090080,1200.7424,8.181818181818182
0,6,3,1,3,2,False,15135120,1215.3856000000003,8.181818181818182
0,6,3,1,2,3,False,10090080,1142.1696000000002,9.09090909090909
0,6,3,1,1,4,False,2522520,981.0944000000002,10.0
0,6,3,0,6,0,False,420420,998.4000000000001,10.0
0,6,3,0,5,1,False,2102100,1198.0800000000002,8.0
0,6,3,0,4,2,False,4204200,1251.3280000000002,8.0
0,6,3,0,3,3,False,4204200,1224.7040000000002,8.0
0,6,3,0,2,4,False,2102100,1118.2080000000003,9.0
0,6,3,0,1,5,False,420420,931.84,11.0
0,6,2,7,0,0,False,180180,1044.4800000000002,9.411764705882351
0,6,2,6,1,0,False,1261260,1081.3440000000003,8.75
0,6,2,5,2,0,False,3783780,1105.92,8.666666666666666
0,6,2,5,1,1,False,3783780,1069.0560000000003,9.333333333333334
0,6,2,4,3,0,False,6306300,1118.208,8.571428571428571
0,6,2,4,2,1,False,12612600,1135.4112,8.571428571428571
0,6,2,4,1,2,False,6306300,1049.3952000000002,9.285714285714286
0,6,2,3,4,0,False,6306300,1118.2079999999999,8.461538461538462
0,6,2,3,3,1,False,18918900,1182.1055999999999,8.461538461538462
0,6,2,3,2,2,False,18918900,1150.1568000000002,8.461538461538462
0,6,2,3,1,3,False,6306300,1022.3616000000001,9.23076923076923
0,6,2,2,5,0,False,3783780,1105.92,9.166666666666668
0,6,2,2,4,1,False,15135120,1209.1391999999998,8.333333333333334
0,6,2,2,3,2,False,22702680,1223.8848,8.333333333333334
0,6,2,2,2,3,False,15135120,1150.1568,8.333333333333334
0,6,2,2,1,4,False,3783780,987.9552000000001,10.0
0,6,2,1,6,0,False,1261260,1013.7600000000001,10.0
0,6,2,1,5,1,False,6306300,1216.5120000000002,8.181818181818182
0,6,2,1,4,2,False,12612600,1270.5792000000001,8.181818181818182
0,6,2,1,3,3,False,12612600,1243.5456000000001,8.181818181818182
0,6,2,1,2,4,False,6306300,1135.4112000000005,9.09090909090909
0,6,2,1,1,5,False,1261260,946.1759999999999,10.0
0,6,2,0,7,0,False,180180,921.6,11.0
0,6,2,0,6,1,False,1081080,1105.92,9.0
0,6,2,0,5,2,False,2702700,1290.2400000000002,8.0
0,6,2,0,4,3,False,3603600,1302.5280000000002,8.0
0,6,2,0,3,4,False,2702700,1241.0880000000004,8.0
0,6,2,0,2,5,False,1081080,1105.92,9.0
0,6,2,0,1,6,False,180180,897.024,11.0
0,6,1,8,0,0,False,45045,1013.7600000000001,9.444444444444445
0,6,1,7,1,0,False,360360,1053.1840000000002,9.411764705882351
0,6,1,6,2,0,False,1261260,1081.344,8.75
0,6,1,6,1,1,False,1261260,1045.2992000000002,9.375
0,6,1,5,3,0,False,2522520,1098.2400000000002,8.666666666666666
0,6,1,5,2,1,False,5045040,1115.1360000000002,8.666666666666666
0,6,1,5,1,2,False,2522520,1030.656,9.333333333333334
0,6,1,4,4,0,False,3153150,1103.8719999999998,8.571428571428571
0,6,1,4,3,1,False,9459450,1166.9504,8.571428571428571
0,6,1,4,2,2,False,9459450,1135.4112,8.571428571428571
0,6,1,4,1,3,False,3153150,1009.2544,10.0
0,6,1,3,5,0,False,2522520,1098.2400000000002,9.23076923076923
0,6,1,3,4,1,False,10090080,1200.7424000000003,8.461538461538462
0,6,1,3,3,2,False,15135120,1215.3856000000003,8.461538461538462
0,6,1,3,2,3,False,10090080,1142.1696000000002,8.461538461538462
0,6,1,3,1,4,False,2522520,981.0944000000002,10.0
0,6,1,2,6,0,False,1261260,1013.76,10.0
0,6,1,2,5,1,False,6306300,1216.5120000000002,8.333333333333334
0,6,1,2,4,2,False,12612600,1270.5792,7.5
0,6,1,2,3,3,False,12612600,1243.5456000000001,8.333333333333334
0,6,1,2,2,4,False,6306300,1135.4112,8.333333333333334
0,6,1,2,1,5,False,1261260,946.1759999999999,10.0
0,6,1,1,7,0,False,360360,929.2800000000002,10.909090909090908
0,6,1,1,6,1,False,2162160,1115.1360000000002,9.09090909090909
0,6,1,1,5,2,False,5405400,1300.9920000000002,7.2727272727272725
0,6,1,1,4,3,False,7207200,1313.3824000000002,7.2727272727272725
0,6,1,1,3,4,False,5405400,1251.4304000000006,8.181818181818182
0,6,1,1,2,5,False,2162160,1115.1360000000002,9.09090909090909
0,6,1,1,1,6,False,360360,904.4992,10.909090909090908
0,6,1,0,8,0,False,45045,844.8000000000001,12.0
0,6,1,0,7,1,False,315315,1013.7600000000001,10.0
0,6,1,0,6,2,False,945945,1182.72,8.0
0,6,1,0,5,3,False,1576575,1351.68,7.0
0,6,1,0,4,4,False,1576575,1329.1520000000003,8.0
0,6,1,0,3,5,False,945945,1239.0400000000002,8.0
0,6,1,0,2,6,False,315315,1081.3439999999998,9.0
0,6,1,0,1,7,False,45045,856.064,11.0
0,6,0,9,0,0,False,5005,972.8,10.0
0,6,0,8,1,0,False,45045,1013.7600000000001,9.444444444444445
0,6,0,7,2,0,False,180180,1044.4800000000002,9.411764705882351
0,6,0,7,1,1,False,180180,1009.6640000000002,9.411764705882351
0,6,0,6,3,0,False,420420,1064.96,9.375
0,6,0,6,2,1,False,840840,1081.3440000000003,8.75
0,6,0,6,1,2,False,420420,999.424,10.0
0,6,0,5,4,0,False,630630,1075.2,9.333333333333334
0,6,0,5,3,1,False,1891890,1136.64,8.666666666666666
0,6,0,5,2,2,False,1891890,1105.92,8.666666666666666
0,6,0,5,1,3,False,630630,983.0400000000002,10.0
0,6,0,4,5,0,False,630630,1075.1999999999998,9.285714285714286
0,6,0,4,4,1,False,2522520,1175.5520000000001,8.571428571428571
0,6,0,4,3,2,False,3783780,1189.888,8.571428571428571
0,6,0,4,2,3,False,2522520,1118.208,8.571428571428571
0,6,0,4,1,4,False,630630,960.512,10.0
0,6,0,3,6,0,False,420420,998.4000000000001,10.0
0,6,0,3,5,1,False,2102100,1198.0800000000002,8.461538461538462
0,6,0,3,4,2,False,4204200,1251.3280000000002,7.692307692307692
0,6,0,3,3,3,False,4204200,1224.7040000000002,7.692307692307692
0,6,0,3,2,4,False,2102100,1118.208,8.461538461538462
0,6,0,3,1,5,False,420420,931.8400000000001,10.769230769230768
0,6,0,2,7,0,False,180180,921.5999999999999,10.833333333333334
0,6,0,2,6,1,False,1081080,1105.92,9.166666666666668
0,6,0,2,5,2,False,2702700,1290.24,7.5
0,6,0,2,4,3,False,3603600,1302.5280000000002,7.5
0,6,0,2,3,4,False,2702700,1241.0880000000002,8.333333333333334
0,6,0,2,2,5,False,1081080,1105.92,9.166666666666668
0,6,0,2,1,6,False,180180,897.024,10.833333333333334
0,6,0,1,8,0,False,45045,844.8000000000001,11.818181818181817
0,6,0,1,7,1,False,315315,1013.7600000000001,10.0
0,6,0,1,6,2,False,945945,1182.7200000000003,8.181818181818182
0,6,0,1,5,3,False,1576575,1351.6800000000003,7.2727272727272725
0,6,0,1,4,4,False,1576575,1329.1520000000003,7.2727272727272725
0,6,0,1,3,5,False,945945,1239.0400000000002,8.181818181818182
0,6,0,1,2,6,False,315315,1081.344,9.09090909090909
0,6,0,1,1,7,False,45045,856.0640000000001,11.818181818181817
0,6,0,0,9,0,False,5005,768.0,13.0
0,6,0,0,8,1,False,40040,921.6,11.0
0,6,0,0,7,2,False,140140,1075.2,9.0
0,6,0,0,6,3,False,280280,1228.8000000000002,8.0
0,6,0,0,5,4,False,350350,1382.4,7.0
0,6,0,0,4,5,False,280280,1331.2,8.0
0,6,0,0,3,6,False,140140,1218.56,8.0
0,6,0,0,2,7,False,40040,1044.48,9.0
0,6,0,0,1,8,False,5005,808.96,12.0
0,5,10,0,0,0,False,3003,880.0,11.0
0,5,9,1,0,0,False,30030,919.6,10.909090909090908
0,5,9,0,1,0,False,30030,919.6,11.0
0,5,8,2,0,0,False,135135,950.4,10.0
0,5,8,1,1,0,False,270270,958.3200000000002,10.0
0,5,8,0,2,0,False,135135,950.4000000000001,10.0
0,5,8,0,1,1,False,135135,918.7200000000001,11.0
0,5,7,3,0,0,False,360360,972.4000000000002,10.0
0,5,7,2,1,0,False,1081080,987.3600000000001,10.0
0,5,7,1,2,0,False,1081080,987.3600000000001,10.0
0,5,7,1,1,1,False,1081080,954.4480000000004,10.0
0,5,7,0,3,0,False,360360,972.4000000000002,10.0
0,5,7,0,2,1,False,720720,987.3600000000002,10.0
0,5,7,0,1,2,False,360360,912.5600000000001,11.0
0,5,6,4,0,0,False,630630,985.5999999999999,10.0
0,5,6,3,1,0,False,2522520,1006.7200000000001,10.0
0,5,6,2,2,0,False,3783780,1013.76,10.0
0,5,6,2,1,1,False,3783780,979.9680000000002,10.0
0,5,6,1,3,0,False,2522520,1006.7200000000001,10.0
0,5,6,1,2,1,False,5045040,1022.2080000000003,10.0
0,5,6,1,1,2,False,2522520,944.768,10.0
0,5,6,0,4,0,False,630630,985.6,10.0
0,5,6,0,3,1,False,1891890,1041.92,10.0
0,5,6,0,2,2,False,1891890,1013.7600000000001,10.0
0,5,6,0,1,3,False,630630,901.1200000000001,11.0
0,5,5,5,0,0,False,756756,990.0,10.0
0,5,5,4,1,0,False,3783780,1016.4000000000001,9.285714285714286
0,5,5,3,2,0,False,7567560,1029.6000000000001,9.23076923076923
0,5,5,3,1,1,False,7567560,995.2800000000002,10.0
0,5,5,2,3,0,False,7567560,1029.6,9.166666666666668
0,5,5,2,2,1,False,15135120,1045.44,9.166666666666668
0,5,5,2,1,2,False,7567560,966.24,10.0
0,5,5,1,4,0,False,3783780,1016.4000000000001,10.0
0,5,5,1,3,1,False,11351340,1074.4800000000002,9.09090909090909
0,5,5,1,2,2,False,11351340,1045.4400000000003,9.09090909090909
0,5,5,1,1,3,False,3783780,929.2800000000002,10.909090909090908
0,5,5,0,5,0,False,756756,990.0,10.0
0,5,5,0,4,1,False,3027024,1082.4,9.0
0,5,5,0,3,2,False,4540536,1095.6000000000001,9.0
0,5,5,0,2,3,False,3027024,1029.6000000000001,10.0
0,5,5,0,1,4,False,756756,884.4000000000001,11.0
0,5,4,6,0,0,False,630630,985.6,10.0
0,5,4,5,1,0,False,3783780,1016.4000000000002,9.333333333333334
0,5,4,4,2,0,False,9459450,1034.88,9.285714285714286
0,5,4,4,1,1,False,9459450,1000.3840000000001,10.0
0,5,4,3,3,0,False,12612600,1041.0400000000002,9.23076923076923
0,5,4,3,2,1,False,25225200,1057.0560000000003,9.23076923076923
0,5,4,3,1,2,False,12612600,976.976,10.0
0,5,4,2,4,0,False,9459450,1034.88,9.166666666666668
0,5,4,2,3,1,False,28378350,1094.0159999999998,9.166666666666668
0,5,4,2,2,2,False,28378350,1064.4479999999999,9.166666666666668
0,5,4,2,1,3,False,9459450,946.1759999999999,10.0
0,5,4,1,5,0,False,3783780,1016.4000000000001,10.0
0,5,4,1,4,1,False,15135120,1111.2640000000004,9.09090909090909
0,5,4,1,3,2,False,22702680,1124.8160000000003,9.09090909090909
0,5,4,1,2,3,False,15135120,1057.056,9.09090909090909
0,5,4,1,1,4,False,3783780,907.9840000000002,10.909090909090908
0,5,4,0,6,0,False,630630,924.0,11.0
0,5,4,0,5,1,False,3153150,1108.8,9.0
0,5,4,0,4,2,False,6306300,1158.0800000000002,9.0
0,5,4,0,3,3,False,6306300,1133.44,9.0
0,5,4,0,2,4,False,3153150,1034.88,10.0
0,5,4,0,1,5,False,630630,862.4000000000001,11.0
0,5,3,7,0,0,False,360360,972.4000000000001,9.999999999999998
0,5,3,6,1,0,False,2522520,1006.7200000000003,9.375
0,5,3,5,2,0,False,7567560,1029.6000000000001,9.333333333333334
0,5,3,5,1,1,False,7567560,995.2800000000002,10.0
0,5,3,4,3,0,False,12612600,1041.04,9.285714285714286
0,5,3,4,2,1,False,25225200,1057.056,9.285714285714286
0,5,3,4,1,2,False,12612600,976.976,10.0
0,5,3,3,4,0,False,12612600,1041.04,9.23076923076923
0,5,3,3,3,1,False,37837800,1100.528,9.23076923076923
0,5,3,3,2,2,False,37837800,1070.7839999999999,9.23076923076923
0,5,3,3,1,3,False,12612600,951.8080000000001,10.0
0,5,3,2,5,0,False,7567560,1029.6,9.166666666666668
0,5,3,2,4,1,False,30270240,1125.6960000000001,9.166666666666668
0,5,3,2,3,2,False,45405360,1139.424,8.333333333333334
0,5,3,2,2,3,False,30270240,1070.784,9.166666666666668
0,5,3,2,1,4,False,7567560,919.776,10.833333333333334
0,5,3,1,6,0,False,2522520,943.8000000000001,10.0
0,5,3,1,5,1,False,12612600,1132.5600000000002,9.09090909090909
0,5,3,1,4,2,False,25225200,1182.8960000000002,8.181818181818182
0,5,3,1,3,3,False,25225200,1157.7280000000003,8.181818181818182
0,5,3,1,2,4,False,12612600,1057.056,9.09090909090909
0,5,3,1,1,5,False,2522520,880.88,10.909090909090908
0,5,3,0,7,0,False,360360,858.0,11.0
0,5,3,0,6,1,False,2162160,1029.6000000000001,10.0
0,5,3,0,5,2,False,5405400,1201.2,8.0
0,5,3,0,4,3,False,7207200,1212.64,8.0
0,5,3,0,3,4,False,5405400,1155.4400000000003,9.0
0,5,3,0,2,5,False,2162160,1029.6000000000001,10.0
0,5,3,0,1,6,False,360360,835.1199999999999,12.0
0,5,2,8,0,0,False,135135,950.4,10.0
0,5,2,7,1,0,False,1081080,987.3600000000002,9.999999999999998
0,5,2,6,2,0,False,3783780,1013.7600000000001,9.375
0,5,2,6,1,1,False,3783780,979.9680000000003,10.0
0,5,2,5,3,0,False,7567560,1029.6000000000001,9.333333333333334
0,5,2,5,2,1,False,15135120,1045.44,9.333333333333334
0,5,2,5,1,2,False,7567560,966.24,10.0
0,5,2,4,4,0,False,9459450,1034.8799999999999,9.285714285714286
0,5,2,4,3,1,False,28378350,1094.016,9.285714285714286
0,5,2,4,2,2,False,28378350,1064.448,9.285714285714286
0,5,2,4,1,3,False,9459450,946.1760000000002,10.0
0,5,2,3,5,0,False,7567560,1029.6000000000001,9.23076923076923
0,5,2,3,4,1,False,30270240,1125.6960000000001,8.461538461538462
0,5,2,3,3,2,False,45405360,1139.4240000000002,8.461538461538462
0,5,2,3,2,3,False,30270240,1070.7840000000003,9.23076923076923
0,5,2,3,1,4,False,7567560,919.7760000000002,10.769230769230768
0,5,2,2,6,0,False,3783780,950.4,10.0
0,5,2,2,5,1,False,18918900,1140.48,8.333333333333334
0,5,2,2,4,2,False,37837800,1191.1680000000001,8.333333333333334
0,5,2,2,3,3,False,37837800,1165.824,8.333333333333334
0,5,2,2,2,4,False,18918900,1064.448,9.166666666666668
0,5,2,2,1,5,False,3783780,887.0399999999998,10.833333333333334
0,5,2,1,7,0,False,1081080,871.2,10.909090909090908
0,5,2,1,6,1,False,6486480,1045.4400000000003,9.09090909090909
0,5,2,1,5,2,False,16216200,1219.68,8.181818181818182
0,5,2,1,4,3,False,21621600,1231.2960000000003,8.181818181818182
0,5,2,1,3,4,False,16216200,1173.2160000000003,8.181818181818182
0,5,2,1,2,5,False,6486480,1045.4400000000003,9.09090909090909
0,5,2,1,1,6,False,1081080,847.9680000000002,11.818181818181817
0,5,2,0,8,0,False,135135,792.0,12.0
0,5,2,0,7,1,False,945945,950.4000000000001,10.0
0,5,2,0,6,2,False,2837835,1108.8,9.0
0,5,2,0,5,3,False,4729725,1267.2,8.0
0,5,2,0,4,4,False,4729725,1246.0800000000002,8.0
0,5,2,0,3,5,False,2837835,1161.6000000000001,9.0
0,5,2,0,2,6,False,945945,1013.7600000000001,10.0
0,5,2,0,1,7,False,135135,802.5600000000001,12.0
0,5,1,9,0,0,False,30030,919.5999999999999,10.526315789473685
0,5,1,8,1,0,False,270270,958.3199999999999,10.0
0,5,1,7,2,0,False,1081080,987.3600000000002,9.999999999999998
0,5,1,7,1,1,False,1081080,954.4480000000002,9.999999999999998
0,5,1,6,3,0,False,2522520,1006.7200000000001,9.375
0,5,1,6,2,1,False,5045040,1022.2080000000002,9.375
0,5,1,6,1,2,False,2522520,944.768,10.0
0,5,1,5,4,0,False,3783780,1016.4000000000001,9.333333333333334
0,5,1,5,3,1,False,11351340,1074.48,9.333333333333334
0,5,1,5,2,2,False,11351340,1045.44,9.333333333333334
0,5,1,5,1,3,False,3783780,929.28,10.666666666666666
0,5,1,4,5,0,False,3783780,1016.4,9.285714285714286
0,5,1,4,4,1,False,15135120,1111.2640000000001,8.571428571428571
0,5,1,4,3,2,False,22702680,1124.816,8.571428571428571
0,5,1,4,2,3,False,15135120,1057.056,9.285714285714286
0,5,1,4,1,4,False,3783780,907.984,10.714285714285715
0,5,1,3,6,0,False,2522520,943.8000000000001,10.0
0,5,1,3,5,1,False,12612600,1132.5600000000002,8.461538461538462
0,5,1,3,4,2,False,25225200,1182.8960000000002,8.461538461538462
0,5,1,3,3,3,False,25225200,1157.728,8.461538461538462
0,5,1,3,2,4,False,12612600,1057.0560000000003,9.23076923076923
0,5,1,3,1,5,False,2522520,880.8800000000001,10.769230769230768
0,5,1,2,7,0,False,1081080,871.1999999999999,10.833333333333334
0,5,1,2,6,1,False,6486480,1045.44,9.166666666666668
0,5,1,2,5,2,False,16216200,1219.68,8.333333333333334
0,5,1,2,4,3,False,21621600,1231.296,8.333333333333334
0,5,1,2,3,4,False,16216200,1173.2160000000003,8.333333333333334
0,5,1,2,2,5,False,6486480,1045.44,9.166666666666668
0,5,1,2,1,6,False,1081080,847.968,11.666666666666668
0,5,1,1,8,0,False,270270,798.6,11.818181818181817
0,5,1,1,7,1,False,1891890,958.3200000000002,10.0
0,5,1,1,6,2,False,5675670,1118.0400000000002,9.09090909090909
0,5,1,1,5,3,False,9459450,1277.7600000000002,8.181818181818182
0,5,1,1,4,4,False,9459450,1256.4640000000004,8.181818181818182
0,5,1,1,3,5,False,5675670,1171.28,8.181818181818182
0,5,1,1,2,6,False,1891890,1022.2080000000001,10.0
0,5,1,1,1,7,False,270270,809.2480000000002,11.818181818181817
0,5,1,0,9,0,False,30030,726.0,13.0
0,5,1,0,8,1,False,240240,871.2,11.0
0,5,1,0,7,2,False,840840,1016.4000000000001,10.0
0,5,1,0,6,3,False,1681680,1161.6000000000001,9.0
0,5,1,0,5,4,False,2102100,1306.8000000000002,8.0
0,5,1,0,4,5,False,1681680,1258.4,8.0
0,5,1,0,3,6,False,840840,1151.9199999999998,9.0
0,5,1,0,2,7,False,240240,987.3600000000001,10.0
0,5,1,0,1,8,False,30030,764.7200000000001,13.0
0,5,0,10,0,0,False,3003,880.0,11.0
0,5,0,9,1,0,False,30030,919.5999999999999,10.526315789473685
0,5,0,8,2,0,False,135135,950.4,10.0
0,5,0,8,1,1,False,135135,918.7200000000001,10.555555555555555
0,5,0,7,3,0,False,360360,972.4000000000001,9.999999999999998
0,5,0,7,2,1,False,720720,987.3600000000002,9.999999999999998
0,5,0,7,1,2,False,360360,912.5600000000002,10.588235294117647
0,5,0,6,4,0,False,630630,985.6,10.0
0,5,0,6,3,1,False,1891890,1041.92,9.375
0,5,0,6,2,2,False,1891890,1013.7600000000001,9.375
0,5,0,6,1,3,False,630630,901.1200000000001,10.625
0,5,0,5,5,0,False,756756,990.0,10.0
0,5,0,5,4,1,False,3027024,1082.4,9.333333333333334
0,5,0,5,3,2,False,4540536,1095.6000000000001,8.666666666666666
0,5,0,5,2,3,False,3027024,1029.6000000000001,9.333333333333334
0,5,0,5,1,4,False,756756,884.4000000000001,10.666666666666666
0,5,0,4,6,0,False,630630,923.9999999999999,10.714285714285715
0,5,0,4,5,1,False,3153150,1108.8,8.571428571428571
0,5,0,4,4,2,False,6306300,1158.08,8.571428571428571
0,5,0,4,3,3,False,6306300,1133.44,8.571428571428571
0,5,0,4,2,4,False,3153150,1034.88,9.285714285714286
0,5,0,4,1,5,False,630630,862.4,11.428571428571429
0,5,0,3,7,0,False,360360,858.0,11.538461538461538
0,5,0,3,6,1,False,2162160,1029.6000000000001,9.23076923076923
0,5,0,3,5,2,False,5405400,1201.2,8.461538461538462
0,5,0,3,4,3,False,7207200,1212.64,8.461538461538462
0,5,0,3,3,4,False,5405400,1155.4400000000003,8.461538461538462
0,5,0,3,2,5,False,2162160,1029.6000000000001,9.23076923076923
0,5,0,3,1,6,False,360360,835.1200000000001,11.538461538461538
0,5,0,2,8,0,False,135135,792.0,12.5
0,5,0,2,7,1,False,945945,950.4,10.0
0,5,0,2,6,2,False,2837835,1108.8,9.166666666666668
0,5,0,2,5,3,False,4729725,1267.2,7.5
0,5,0,2,4,4,False,4729725,1246.0800000000004,8.333333333333334
0,5,0,2,3,5,False,2837835,1161.6,8.333333333333334
0,5,0,2,2,6,False,945945,1013.76,10.0
0,5,0,2,1,7,False,135135,802.5600000000001,12.5
0,5,0,1,9,0,False,30030,726.0000000000001,13.636363636363635
0,5,0,1,8,1,False,240240,871.2,10.909090909090908
0,5,0,1,7,2,False,840840,1016.4000000000001,10.0
0,5,0,1,6,3,False,1681680,1161.6000000000001,8.181818181818182
0,5,0,1,5,4,False,2102100,1306.8000000000002,7.2727272727272725
0,5,0,1,4,5,False,1681680,1258.4,8.181818181818182
0,5,0,1,3,6,False,840840,1151.92,8.181818181818182
0,5,0,1,2,7,False,240240,987.3600000000001,10.0
0,5,0,1,1,8,False,30030,764.7200000000001,12.727272727272727
0,5,0,0,10,0,False,3003,660.0,15.0
0,5,0,0,9,1,False,27027,792.0,12.0
0,5,0,0,8,2,False,108108,924.0,11.0
0,5,0,0,7,3,False,252252,1056.0,9.0
0,5,0,0,6,4,False,378378,1188.0,8.0
0,5,0,0,5,5,False,378378,1320.0,8.0
0,5,0,0,4,6,False,252252,1249.6000000000001,8.0
0,5,0,0,3,7,False,108108,1126.4000000000003,9.0
0,5,0,0,2,8,False,27027,950.4000000000001,10.0
0,5,0,0,1,9,False,3003,721.6,14.0
0,4,11,0,0,0,False,1365,772.8000000000001,13.0
0,4,10,1,0,0,False,15015,809.6,11.818181818181817
0,4,10,0,1,0,False,15015,809.6000000000001,12.0
0,4,9,2,0,0,False,75075,839.0400000000001,11.666666666666668
0,4,9,1,1,0,False,150150,846.0320000000002,11.818181818181817
0,4,9,0,2,0,False,75075,839.04,12.0
0,4,9,0,1,1,False,75075,811.0720000000001,12.0
0,4,8,3,0,0,False,225225,861.1200000000001,11.538461538461538
0,4,8,2,1,0,False,675675,874.368,10.833333333333334
0,4,8,1,2,0,False,675675,874.368,10.909090909090908
0,4,8,1,1,1,False,675675,845.2224000000002,11.818181818181817
0,4,8,0,3,0,False,225225,861.1200000000001,11.0
0,4,8,0,2,1,False,450450,874.368,11.0
0,4,8,0,1,2,False,225225,808.128,12.0
0,4,7,4,0,0,False,450450,875.8400000000001,11.428571428571429
0,4,7,3,1,0,False,1801800,894.6080000000003,10.769230769230768
0,4,7,2,2,0,False,2702700,900.8640000000001,10.833333333333334
0,4,7,2,1,1,False,2702700,870.8352000000003,10.833333333333334
0,4,7,1,3,0,False,1801800,894.6080000000003,10.909090909090908
0,4,7,1,2,1,False,3603600,908.3712000000004,10.909090909090908
0,4,7,1,1,2,False,1801800,839.5552000000001,11.818181818181817
0,4,7,0,4,0,False,450450,875.8400000000001,11.0
0,4,7,0,3,1,False,1351350,925.8880000000001,11.0
0,4,7,0,2,2,False,1351350,900.8640000000001,11.0
0,4,7,0,1,3,False,450450,800.7680000000001,12.0
0,4,6,5,0,0,False,630630,883.2,10.666666666666666
0,4,6,4,1,0,False,3153150,906.7520000000001,10.714285714285715
0,4,6,3,2,0,False,6306300,918.5279999999999,10.769230769230768
0,4,6,3,1,1,False,6306300,887.9104000000002,10.769230769230768
0,4,6,2,3,0,False,6306300,918.528,10.833333333333334
0,4,6,2,2,1,False,12612600,932.6592,10.833333333333334
0,4,6,2,1,2,False,6306300,862.0032,11.666666666666668
0,4,6,1,4,0,False,3153150,906.752,10.909090909090908
0,4,6,1,3,1,False,9459450,958.5664,10.0
0,4,6,1,2,2,False,9459450,932.6592,10.909090909090908
0,4,6,1,1,3,False,3153150,829.0304000000002,11.818181818181817
0,4,6,0,5,0,False,630630,883.2,11.0
0,4,6,0,4,1,False,2522520,965.6320000000002,10.0
0,4,6,0,3,2,False,3783780,977.4080000000002,10.0
0,4,6,0,2,3,False,2522520,918.5280000000001,11.0
0,4,6,0,1,4,False,630630,788.9920000000001,12.0
0,4,5,6,0,0,False,630630,883.2,11.25
0,4,5,5,1,0,False,3783780,910.8000000000002,10.666666666666666
0,4,5,4,2,0,False,9459450,927.36,10.714285714285715
0,4,5,4,1,1,False,9459450,896.4480000000002,10.714285714285715
0,4,5,3,3,0,False,12612600,932.8800000000001,10.769230769230768
0,4,5,3,2,1,False,25225200,947.2320000000002,10.0
0,4,5,3,1,2,False,12612600,875.4720000000001,10.769230769230768
0,4,5,2,4,0,False,9459450,927.3599999999999,10.833333333333334
0,4,5,2,3,1,False,28378350,980.352,10.0
0,4,5,2,2,2,False,28378350,953.856,10.0
0,4,5,2,1,3,False,9459450,847.8720000000001,11.666666666666668
0,4,5,1,5,0,False,3783780,910.8000000000001,10.909090909090908
0,4,5,1,4,1,False,15135120,995.8080000000003,10.0
0,4,5,1,3,2,False,22702680,1007.9520000000002,10.0
0,4,5,1,2,3,False,15135120,947.2320000000002,10.0
0,4,5,1,1,4,False,3783780,813.6480000000001,11.818181818181817
0,4,5,0,6,0,False,630630,828.0,12.0
0,4,5,0,5,1,False,3153150,993.6,10.0
0,4,5,0,4,2,False,6306300,1037.76,10.0
0,4,5,0,3,3,False,6306300,1015.6800000000002,10.0
0,4,5,0,2,4,False,3153150,927.3600000000001,11.0
0,4,5,0,1,5,False,630630,772.8,13.0
0,4,4,7,0,0,False,450450,875.8400000000001,11.176470588235293
0,4,4,6,1,0,False,3153150,906.7520000000003,10.625
0,4,4,5,2,0,False,9459450,927.36,10.666666666666666
0,4,4,5,1,1,False,9459450,896.4480000000001,10.666666666666666
0,4,4,4,3,0,False,15765750,937.6640000000001,10.714285714285715
0,4,4,4,2,1,False,31531500,952.0896,10.0
0,4,4,4,1,2,False,15765750,879.9616,10.714285714285715
0,4,4,3,4,0,False,15765750,937.664,10.769230769230768
0,4,4,3,3,1,False,47297250,991.2448000000002,10.0
0,4,4,3,2,2,False,47297250,964.4544000000001,10.0
0,4,4,3,1,3,False,15765750,857.2928000000002,11.538461538461538
0,4,4,2,5,0,False,9459450,927.36,10.833333333333334
0,4,4,2,4,1,False,37837800,1013.9136000000001,10.0
0,4,4,2,3,2,False,56756700,1026.2784000000001,9.166666666666668
0,4,4,2,2,3,False,37837800,964.4544,10.0
0,4,4,2,1,4,False,9459450,828.4416,11.666666666666668
0,4,4,1,6,0,False,3153150,850.0800000000002,11.818181818181817
0,4,4,1,5,1,False,15765750,1020.0960000000002,10.0
0,4,4,1,4,2,False,31531500,1065.4336,9.09090909090909
0,4,4,1,3,3,False,31531500,1042.7648000000002,9.09090909090909
0,4,4,1,2,4,False,15765750,952.0896000000001,10.0
0,4,4,1,1,5,False,3153150,793.408,12.727272727272727
0,4,4,0,7,0,False,450450,772.8000000000001,13.0
0,4,4,0,6,1,False,2702700,927.3600000000001,11.0
0,4,4,0,5,2,False,6756750,1081.92,9.0
0,4,4,0,4,3,False,9009000,1092.224,9.0
0,4,4,0,3,4,False,6756750,1040.7040000000004,10.0
0,4,4,0,2,5,False,2702700,927.3600000000001,11.0
0,4,4,0,1,6,False,450450,752.192,13.0
0,4,3,8,0,0,False,225225,861.1200000000001,11.11111111111111
0,4,3,7,1,0,False,1801800,894.6080000000003,10.588235294117647
0,4,3,6,2,0,False,6306300,918.5280000000001,10.625
0,4,3,6,1,1,False,6306300,887.9104000000002,10.625
0,4,3,5,3,0,False,12612600,932.8800000000001,10.666666666666666
0,4,3,5,2,1,False,25225200,947.2320000000001,10.0
0,4,3,5,1,2,False,12612600,875.472,11.333333333333334
0,4,3,4,4,0,False,15765750,937.6639999999999,10.714285714285715
0,4,3,4,3,1,False,47297250,991.2447999999999,10.0
0,4,3,4,2,2,False,47297250,964.4544000000001,10.0
0,4,3,4,1,3,False,15765750,857.2928,11.428571428571429
0,4,3,3,5,0,False,12612600,932.8800000000001,10.769230769230768
0,4,3,3,4,1,False,50450400,1019.9488000000001,9.23076923076923
0,4,3,3,3,2,False,75675600,1032.3872000000001,9.23076923076923
0,4,3,3,2,3,False,50450400,970.1952000000001,10.0
0,4,3,3,1,4,False,12612600,833.3728000000001,11.538461538461538
0,4,3,2,6,0,False,6306300,861.12,11.666666666666668
0,4,3,2,5,1,False,31531500,1033.344,9.166666666666668
0,4,3,2,4,2,False,63063000,1079.2704,9.166666666666668
0,4,3,2,3,3,False,63063000,1056.3072,9.166666666666668
0,4,3,2,2,4,False,31531500,964.4544000000001,10.0
0,4,3,2,1,5,False,6306300,803.712,12.5
0,4,3,1,7,0,False,1801800,789.3600000000001,12.727272727272727
0,4,3,1,6,1,False,10810800,947.2320000000002,10.0
0,4,3,1,5,2,False,27027000,1105.104,9.09090909090909
0,4,3,1,4,3,False,36036000,1115.6288000000002,9.09090909090909
0,4,3,1,3,4,False,27027000,1063.0048000000004,9.09090909090909
0,4,3,1,2,5,False,10810800,947.2320000000002,10.0
0,4,3,1,1,6,False,1801800,768.3104,12.727272727272727
0,4,3,0,8,0,False,225225,717.6,14.0
0,4,3,0,7,1,False,1576575,861.1200000000001,11.0
0,4,3,0,6,2,False,4729725,1004.64,10.0
0,4,3,0,5,3,False,7882875,1148.16,9.0
0,4,3,0,4,4,False,7882875,1129.0240000000001,9.0
0,4,3,0,3,5,False,4729725,1052.4800000000002,9.0
0,4,3,0,2,6,False,1576575,918.5279999999999,11.0
0,4,3,0,1,7,False,225225,727.1680000000001,13.0
0,4,2,9,0,0,False,75075,839.04,11.578947368421053
0,4,2,8,1,0,False,675675,874.368,11.11111111111111
0,4,2,7,2,0,False,2702700,900.864,10.588235294117647
0,4,2,7,1,1,False,2702700,870.8352000000002,11.176470588235293
0,4,2,6,3,0,False,6306300,918.5280000000001,10.625
0,4,2,6,2,1,False,12612600,932.6592,10.625
0,4,2,6,1,2,False,6306300,862.0032,11.25
0,4,2,5,4,0,False,9459450,927.36,10.666666666666666
0,4,2,5,3,1,False,28378350,980.3520000000001,10.0
0,4,2,5,2,2,False,28378350,953.856,10.0
0,4,2,5,1,3,False,9459450,847.8720000000001,11.333333333333334
0,4,2,4,5,0,False,9459450,927.36,10.714285714285715
0,4,2,4,4,1,False,37837800,1013.9136000000002,9.285714285714286
0,4,2,4,3,2,False,56756700,1026.2784,9.285714285714286
0,4,2,4,2,3,False,37837800,964.4544000000001,10.0
0,4,2,4,1,4,False,9459450,828.4416,11.428571428571429
0,4,2,3,6,0,False,6306300,861.1200000000001,11.538461538461538
0,4,2,3,5,1,False,31531500,1033.3440000000003,9.23076923076923
0,4,2,3,4,2,False,63063000,1079.2704,9.23076923076923
0,4,2,3,3,3,False,63063000,1056.3072000000002,9.23076923076923
0,4,2,3,2,4,False,31531500,964.4544000000002,10.0
0,4,2,3,1,5,False,6306300,803.712,12.307692307692307
0,4,2,2,7,0,False,2702700,794.8800000000001,12.5
0,4,2,2,6,1,False,16216200,953.8560000000001,10.0
0,4,2,2,5,2,False,40540500,1112.832,9.166666666666668
0,4,2,2,4,3,False,54054000,1123.4304,9.166666666666668
0,4,2,2,3,4,False,40540500,1070.4384000000002,9.166666666666668
0,4,2,2,2,5,False,16216200,953.8560000000001,10.0
0,4,2,2,1,6,False,2702700,773.6831999999999,12.5
0,4,2,1,8,0,False,675675,728.6400000000002,13.636363636363635
0,4,2,1,7,1,False,4729725,874.3680000000002,10.909090909090908
0,4,2,1,6,2,False,14189175,1020.0960000000002,10.0
0,4,2,1,5,3,False,23648625,1165.824,8.181818181818182
0,4,2,1,4,4,False,23648625,1146.3936000000003,9.09090909090909
0,4,2,1,3,5,False,14189175,1068.6720000000003,9.09090909090909
0,4,2,1,2,6,False,4729725,932.6592,10.909090909090908
0,4,2,1,1,7,False,675675,738.3552000000001,13.636363636363635
0,4,2,0,9,0,False,75075,662.4000000000001,15.0
0,4,2,0,8,1,False,600600,794.8800000000001,12.0
0,4,2,0,7,2,False,2102100,927.3600000000001,11.0
0,4,2,0,6,3,False,4204200,1059.84,9.0
0,4,2,0,5,4,False,5255250,1192.3200000000002,8.0
0,4,2,0,4,5,False,4204200,1148.16,9.0
0,4,2,0,3,6,False,2102100,1051.008,9.0
0,4,2,0,2,7,False,600600,900.864,11.0
0,4,2,0,1,8,False,75075,697.7280000000001,14.0
0,4,1,10,0,0,False,15015,809.6000000000001,12.0
0,4,1,9,1,0,False,150150,846.0320000000003,11.578947368421053
0,4,1,8,2,0,False,675675,874.368,11.11111111111111
0,4,1,8,1,1,False,675675,845.2224000000003,11.666666666666666
0,4,1,7,3,0,False,1801800,894.6080000000003,10.588235294117647
0,4,1,7,2,1,False,3603600,908.3712000000003,10.588235294117647
0,4,1,7,1,2,False,1801800,839.5552000000001,11.76470588235294
0,4,1,6,4,0,False,3153150,906.7520000000003,10.625
0,4,1,6,3,1,False,9459450,958.5664000000003,10.0
0,4,1,6,2,2,False,9459450,932.6592000000003,10.625
0,4,1,6,1,3,False,3153150,829.0304000000002,11.875
0,4,1,5,5,0,False,3783780,910.8000000000002,10.666666666666666
0,4,1,5,4,1,False,15135120,995.8080000000002,10.0
0,4,1,5,3,2,False,22702680,1007.9520000000002,9.333333333333334
0,4,1,5,2,3,False,15135120,947.2320000000002,10.0
0,4,1,5,1,4,False,3783780,813.6480000000001,12.0
0,4,1,4,6,0,False,3153150,850.0800000000002,11.428571428571429
0,4,1,4,5,1,False,15765750,1020.0960000000001,9.285714285714286
0,4,1,4,4,2,False,31531500,1065.4336000000003,9.285714285714286
0,4,1,4,3,3,False,31531500,1042.7648000000002,9.285714285714286
0,4,1,4,2,4,False,15765750,952.0896000000002,10.0
0,4,1,4,1,5,False,3153150,793.4080000000001,12.142857142857144
0,4,1,3,7,0,False,1801800,789.3600000000002,12.307692307692307
0,4,1,3,6,1,False,10810800,947.2320000000002,10.0
0,4,1,3,5,2,False,27027000,1105.1040000000003,9.23076923076923
0,4,1,3,4,3,False,36036000,1115.6288000000004,8.461538461538462
0,4,1,3,3,4,False,27027000,1063.0048000000006,9.23076923076923
0,4,1,3,2,5,False,10810800,947.2320000000002,10.0
0,4,1,3,1,6,False,1801800,768.3104000000002,12.307692307692307
0,4,1,2,8,0,False,675675,728.6400000000002,13.333333333333334
0,4,1,2,7,1,False,4729725,874.368,10.833333333333334
0,4,1,2,6,2,False,14189175,1020.0960000000001,10.0
0,4,1,2,5,3,False,23648625,1165.824,8.333333333333334
0,4,1,2,4,4,False,23648625,1146.3936000000003,8.333333333333334
0,4,1,2,3,5,False,14189175,1068.6720000000003,9.166666666666668
0,4,1,2,2,6,False,4729725,932.6592,10.833333333333334
0,4,1,2,1,7,False,675675,738.3552000000002,13.333333333333334
0,4,1,1,9,0,False,150150,667.9200000000002,14.545454545454545
0,4,1,1,8,1,False,1201200,801.5040000000001,11.818181818181817
0,4,1,1,7,2,False,4204200,935.0880000000002,10.909090909090908
0,4,1,1,6,3,False,8408400,1068.6720000000003,9.09090909090909
0,4,1,1,5,4,False,10510500,1202.2560000000003,8.181818181818182
0,4,1,1,4,5,False,8408400,1157.7280000000003,8.181818181818182
0,4,1,1,3,6,False,4204200,1059.7664,9.09090909090909
0,4,1,1,2,7,False,1201200,908.3712000000004,10.909090909090908
0,4,1,1,1,8,False,150150,703.5424000000003,13.636363636363635
0,4,1,0,10,0,False,15015,607.2000000000002,16.0
0,4,1,0,9,1,False,135135,728.6400000000001,13.0
0,4,1,0,8,2,False,540540,850.0800000000002,12.0
0,4,1,0,7,3,False,1261260,971.5200000000001,10.0
0,4,1,0,6,4,False,1891890,1092.9600000000003,9.0
0,4,1,0,5,5,False,1891890,1214.4000000000003,8.0
0,4,1,0,4,6,False,1261260,1149.6320000000003,9.0
0,4,1,0,3,7,False,540540,1036.2880000000002,10.0
0,4,1,0,2,8,False,135135,874.3680000000003,11.0
0,4,1,0,1,9,False,15015,663.8720000000001,15.0
0,4,0,11,0,0,False,1365,772.8000000000001,12.38095238095238
0,4,0,10,1,0,False,15015,809.6000000000001,12.0
0,4,0,9,2,0,False,75075,839.04,11.578947368421053
0,4,0,9,1,1,False,75075,811.0720000000001,12.105263157894738
0,4,0,8,3,0,False,225225,861.1200000000001,11.11111111111111
0,4,0,8,2,1,False,450450,874.368,11.11111111111111
0,4,0,8,1,2,False,225225,808.1279999999999,11.666666666666666
0,4,0,7,4,0,False,450450,875.8400000000001,11.176470588235293
0,4,0,7,3,1,False,1351350,925.888,10.588235294117647
0,4,0,7,2,2,False,1351350,900.864,10.588235294117647
0,4,0,7,1,3,False,450450,800.7680000000003,11.76470588235294
0,4,0,6,5,0,False,630630,883.2,11.25
0,4,0,6,4,1,False,2522520,965.6320000000002,10.0
0,4,0,6,3,2,False,3783780,977.408,10.0
0,4,0,6,2,3,False,2522520,918.5280000000001,10.625
0,4,0,6,1,4,False,630630,788.9920000000002,12.5
0,4,0,5,6,0,False,630630,828.0,12.0
0,4,0,5,5,1,False,3153150,993.6000000000001,10.0
0,4,0,5,4,2,False,6306300,1037.7600000000002,9.333333333333334
0,4,0,5,3,3,False,6306300,1015.6800000000002,9.333333333333334
0,4,0,5,2,4,False,3153150,927.3600000000001,10.666666666666666
0,4,0,5,1,5,False,630630,772.8000000000001,12.666666666666666
0,4,0,4,7,0,False,450450,772.8,12.857142857142858
0,4,0,4,6,1,False,2702700,927.36,10.714285714285715
0,4,0,4,5,2,False,6756750,1081.92,9.285714285714286
0,4,0,4,4,3,False,9009000,1092.224,9.285714285714286
0,4,0,4,3,4,False,6756750,1040.7040000000002,9.285714285714286
0,4,0,4,2,5,False,2702700,927.36,10.714285714285715
0,4,0,4,1,6,False,450450,752.1920000000001,12.857142857142858
0,4,0,3,8,0,False,225225,717.6,13.846153846153845
0,4,0,3,7,1,False,1576575,861.1200000000001,11.538461538461538
0,4,0,3,6,2,False,4729725,1004.6400000000001,10.0
0,4,0,3,5,3,False,7882875,1148.16,8.461538461538462
0,4,0,3,4,4,False,7882875,1129.0240000000001,8.461538461538462
0,4,0,3,3,5,False,4729725,1052.4800000000002,9.23076923076923
0,4,0,3,2,6,False,1576575,918.5279999999999,10.769230769230768
0,4,0,3,1,7,False,225225,727.168,13.076923076923077
0,4,0,2,9,0,False,75075,662.4,15.0
0,4,0,2,8,1,False,600600,794.8800000000001,12.5
0,4,0,2,7,2,False,2102100,927.36,10.833333333333334
0,4,0,2,6,3,False,4204200,1059.84,9.166666666666668
0,4,0,2,5,4,False,5255250,1192.32,8.333333333333334
0,4,0,2,4,5,False,4204200,1148.16,8.333333333333334
0,4,0,2,3,6,False,2102100,1051.008,9.166666666666668
0,4,0,2,2,7,False,600600,900.864,10.833333333333334
0,4,0,2,1,8,False,75075,697.7280000000001,14.166666666666668
0,4,0,1,10,0,False,15015,607.2,16.363636363636363
0,4,0,1,9,1,False,135135,728.6400000000002,13.636363636363635
0,4,0,1,8,2,False,540540,850.0800000000002,11.818181818181817
0,4,0,1,7,3,False,1261260,971.5200000000001,10.0
0,4,0,1,6,4,False,1891890,1092.96,9.09090909090909
0,4,0,1,5,5,False,1891890,1214.4,8.181818181818182
0,4,0,1,4,6,False,1261260,1149.632,8.181818181818182
0,4,0,1,3,7,False,540540,1036.2880000000002,9.09090909090909
0,4,0,1,2,8,False,135135,874.3680000000002,10.909090909090908
0,4,0,1,1,9,False,15015,663.8720000000001,14.545454545454545
0,4,0,0,11,0,False,1365,552.0,18.0
0,4,0,0,10,1,False,13650,662.4000000000001,15.0
0,4,0,0,9,2,False,61425,772.8000000000001,13.0
0,4,0,0,8,3,False,163800,883.2,11.0
0,4,0,0,7,4,False,286650,993.6,10.0
0,4,0,0,6,5,False,343980,1104.0,9.0
0,4,0,0,5,6,False,286650,1214.4,8.0
0,4,0,0,4,7,False,163800,1133.44,9.0
0,4,0,0,3,8,False,61425,1008.3200000000002,10.0
0,4,0,0,2,9,False,13650,839.04,12.0
0,4,0,0,1,10,False,1365,625.6000000000001,16.0
0,3,12,0,0,0,False,455,651.2000000000002,15.0
0,3,11,1,0,0,False,5460,683.7600000000001,14.545454545454545
0,3,11,0,1,0,False,5460,683.7600000000001,14.0
0,3,10,2,0,0,False,30030,710.4,13.333333333333334
0,3,10,1,1,0,False,60060,716.3200000000003,13.636363636363635
0,3,10,0,2,0,False,30030,710.4000000000001,14.0
0,3,10,0,1,1,False,30030,686.7200000000001,14.0
0,3,9,3,0,0,False,100100,731.12,13.076923076923077
0,3,9,2,1,0,False,300300,742.368,13.333333333333334
0,3,9,1,2,0,False,300300,742.3680000000002,12.727272727272727
0,3,9,1,1,1,False,300300,717.6224000000002,13.636363636363635
0,3,9,0,3,0,False,100100,731.12,13.0
0,3,9,0,2,1,False,200200,742.368,13.0
0,3,9,0,1,2,False,100100,686.128,14.0
0,3,8,4,0,0,False,225225,745.9200000000001,12.857142857142858
0,3,8,3,1,0,False,900900,761.9040000000001,13.076923076923077
0,3,8,2,2,0,False,1351350,767.232,12.5
0,3,8,2,1,1,False,1351350,741.6576000000001,13.333333333333334
0,3,8,1,3,0,False,900900,761.9040000000002,12.727272727272727
0,3,8,1,2,1,False,1801800,773.6256000000001,12.727272727272727
0,3,8,1,1,2,False,900900,715.0176000000001,13.636363636363635
0,3,8,0,4,0,False,225225,745.9200000000001,13.0
0,3,8,0,3,1,False,675675,788.544,12.0
0,3,8,0,2,2,False,675675,767.232,13.0
0,3,8,0,1,3,False,225225,681.984,14.0
0,3,7,5,0,0,False,360360,754.8000000000002,12.666666666666666
0,3,7,4,1,0,False,1801800,774.9280000000002,12.142857142857144
0,3,7,3,2,0,False,3603600,784.9920000000001,12.307692307692307
0,3,7,3,1,1,False,3603600,758.8256000000003,13.076923076923077
0,3,7,2,3,0,False,3603600,784.9920000000002,12.5
0,3,7,2,2,1,False,7207200,797.0688000000001,12.5
0,3,7,2,1,2,False,3603600,736.6848000000001,13.333333333333334
0,3,7,1,4,0,False,1801800,774.9280000000002,12.727272727272727
0,3,7,1,3,1,False,5405400,819.2096000000003,11.818181818181817
0,3,7,1,2,2,False,5405400,797.0688000000002,11.818181818181817
0,3,7,1,1,3,False,1801800,708.5056000000002,13.636363636363635
0,3,7,0,5,0,False,360360,754.8000000000002,13.0
0,3,7,0,4,1,False,1441440,825.2480000000002,12.0
0,3,7,0,3,2,False,2162160,835.3120000000004,12.0
0,3,7,0,2,3,False,1441440,784.9920000000002,12.0
0,3,7,0,1,4,False,360360,674.2880000000002,14.0
0,3,6,6,0,0,False,420420,757.7600000000001,12.5
0,3,6,5,1,0,False,2522520,781.44,12.666666666666666
0,3,6,4,2,0,False,6306300,795.648,12.142857142857144
0,3,6,4,1,1,False,6306300,769.1264000000001,12.857142857142858
0,3,6,3,3,0,False,8408400,800.3840000000001,12.307692307692307
0,3,6,3,2,1,False,16816800,812.6976000000001,12.307692307692307
0,3,6,3,1,2,False,8408400,751.1296000000001,13.076923076923077
0,3,6,2,4,0,False,6306300,795.6479999999999,12.5
0,3,6,2,3,1,False,18918900,841.1136,11.666666666666668
0,3,6,2,2,2,False,18918900,818.3808,11.666666666666668
0,3,6,2,1,3,False,6306300,727.4495999999999,13.333333333333334
0,3,6,1,5,0,False,2522520,781.4400000000002,12.727272727272727
0,3,6,1,4,1,False,10090080,854.3744000000003,11.818181818181817
0,3,6,1,3,2,False,15135120,864.7936000000001,10.909090909090908
0,3,6,1,2,3,False,10090080,812.6976000000001,11.818181818181817
0,3,6,1,1,4,False,2522520,698.0864000000003,13.636363636363635
0,3,6,0,6,0,False,420420,710.4000000000001,14.0
0,3,6,0,5,1,False,2102100,852.4800000000001,12.0
0,3,6,0,4,2,False,4204200,890.368,11.0
0,3,6,0,3,3,False,4204200,871.424,11.0
0,3,6,0,2,4,False,2102100,795.6480000000001,12.0
0,3,6,0,1,5,False,420420,663.04,15.0
0,3,5,7,0,0,False,360360,754.8000000000001,12.941176470588234
0,3,5,6,1,0,False,2522520,781.44,12.5
0,3,5,5,2,0,False,7567560,799.2,12.0
0,3,5,5,1,1,False,7567560,772.5600000000002,12.666666666666666
0,3,5,4,3,0,False,12612600,808.08,12.142857142857144
0,3,5,4,2,1,False,25225200,820.5120000000001,12.142857142857144
0,3,5,4,1,2,False,12612600,758.3520000000001,12.857142857142858
0,3,5,3,4,0,False,12612600,808.08,12.307692307692307
0,3,5,3,3,1,False,37837800,854.2560000000001,11.538461538461538
0,3,5,3,2,2,False,37837800,831.168,11.538461538461538
0,3,5,3,1,3,False,12612600,738.8160000000001,13.076923076923077
0,3,5,2,5,0,False,7567560,799.1999999999999,12.5
0,3,5,2,4,1,False,30270240,873.792,10.833333333333334
0,3,5,2,3,2,False,45405360,884.4480000000001,10.833333333333334
0,3,5,2,2,3,False,30270240,831.1680000000001,11.666666666666668
0,3,5,2,1,4,False,7567560,713.952,13.333333333333334
0,3,5,1,6,0,False,2522520,732.6,13.636363636363635
0,3,5,1,5,1,False,12612600,879.1200000000001,10.909090909090908
0,3,5,1,4,2,False,25225200,918.1920000000002,10.909090909090908
0,3,5,1,3,3,False,25225200,898.6560000000001,10.909090909090908
0,3,5,1,2,4,False,12612600,820.5120000000002,11.818181818181817
0,3,5,1,1,5,False,2522520,683.7600000000001,14.545454545454545
0,3,5,0,7,0,False,360360,666.0,15.0
0,3,5,0,6,1,False,2162160,799.2,12.0
0,3,5,0,5,2,False,5405400,932.4000000000001,11.0
0,3,5,0,4,3,False,7207200,941.2800000000002,10.0
0,3,5,0,3,4,False,5405400,896.8800000000003,11.0
0,3,5,0,2,5,False,2162160,799.2,12.0
0,3,5,0,1,6,False,360360,648.24,15.0
0,3,4,8,0,0,False,225225,745.9200000000001,12.777777777777777
0,3,4,7,1,0,False,1801800,774.9280000000002,12.352941176470587
0,3,4,6,2,0,False,6306300,795.6480000000001,11.875
0,3,4,6,1,1,False,6306300,769.1264000000002,12.5
0,3,4,5,3,0,False,12612600,808.08,12.0
0,3,4,5,2,1,False,25225200,820.5120000000001,12.0
0,3,4,5,1,2,False,12612600,758.3520000000001,12.666666666666666
0,3,4,4,4,0,False,15765750,812.2239999999999,12.142857142857144
0,3,4,4,3,1,False,47297250,858.6368,11.428571428571429
0,3,4,4,2,2,False,47297250,835.4304,11.428571428571429
0,3,4,4,1,3,False,15765750,742.6048,12.857142857142858
0,3,4,3,5,0,False,12612600,808.08,12.307692307692307
0,3,4,3,4,1,False,50450400,883.5008000000001,10.769230769230768
0,3,4,3,3,2,False,75675600,894.2752000000002,10.769230769230768
0,3,4,3,2,3,False,50450400,840.4032000000001,11.538461538461538
0,3,4,3,1,4,False,12612600,721.8848,13.076923076923077
0,3,4,2,6,0,False,6306300,745.92,13.333333333333334
0,3,4,2,5,1,False,31531500,895.104,10.833333333333334
0,3,4,2,4,2,False,63063000,934.8864000000001,10.833333333333334
0,3,4,2,3,3,False,63063000,914.9952000000001,10.833333333333334
0,3,4,2,2,4,False,31531500,835.4304000000001,11.666666666666668
0,3,4,2,1,5,False,6306300,696.1919999999999,14.166666666666668
0,3,4,1,7,0,False,1801800,683.7600000000001,14.545454545454545
0,3,4,1,6,1,False,10810800,820.5120000000002,11.818181818181817
0,3,4,1,5,2,False,27027000,957.2640000000001,10.0
0,3,4,1,4,3,False,36036000,966.3808000000002,10.0
0,3,4,1,3,4,False,27027000,920.7968000000003,10.909090909090908
0,3,4,1,2,5,False,10810800,820.5120000000002,11.818181818181817
0,3,4,1,1,6,False,1801800,665.5264000000001,14.545454545454545
0,3,4,0,8,0,False,225225,621.6,16.0
0,3,4,0,7,1,False,1576575,745.9200000000001,13.0
0,3,4,0,6,2,False,4729725,870.24,11.0
0,3,4,0,5,3,False,7882875,994.5600000000001,10.0
0,3,4,0,4,4,False,7882875,977.9840000000003,10.0
0,3,4,0,3,5,False,4729725,911.6800000000002,11.0
0,3,4,0,2,6,False,1576575,795.648,12.0
0,3,4,0,1,7,False,225225,629.888,15.0
0,3,3,9,0,0,False,100100,731.12,13.157894736842106
0,3,3,8,1,0,False,900900,761.9040000000001,12.777777777777777
0,3,3,7,2,0,False,3603600,784.9920000000001,12.352941176470587
0,3,3,7,1,1,False,3603600,758.8256000000001,12.941176470588234
0,3,3,6,3,0,False,8408400,800.3840000000001,11.875
0,3,3,6,2,1,False,16816800,812.6976000000002,11.875
0,3,3,6,1,2,False,8408400,751.1296,13.125
0,3,3,5,4,0,False,12612600,808.08,12.0
0,3,3,5,3,1,False,37837800,854.2560000000001,11.333333333333334
0,3,3,5,2,2,False,37837800,831.1679999999999,11.333333333333334
0,3,3,5,1,3,False,12612600,738.8160000000001,13.333333333333334
0,3,3,4,5,0,False,12612600,808.08,12.142857142857144
0,3,3,4,4,1,False,50450400,883.5008000000001,10.714285714285715
0,3,3,4,3,2,False,75675600,894.2752,10.714285714285715
0,3,3,4,2,3,False,50450400,840.4032,11.428571428571429
0,3,3,4,1,4,False,12612600,721.8848,13.571428571428573
0,3,3,3,6,0,False,8408400,750.3600000000001,13.076923076923077
0,3,3,3,5,1,False,42042000,900.4320000000001,10.769230769230768
0,3,3,3,4,2,False,84084000,940.4512000000002,10.0
0,3,3,3,3,3,False,84084000,920.4416000000002,10.769230769230768
0,3,3,3,2,4,False,42042000,840.4032000000001,11.538461538461538
0,3,3,3,1,5,False,8408400,700.336,13.846153846153845
0,3,3,2,7,0,False,3603600,692.64,14.166666666666668
0,3,3,2,6,1,False,21621600,831.1680000000001,11.666666666666668
0,3,3,2,5,2,False,54054000,969.696,10.0
0,3,3,2,4,3,False,72072000,978.9312,10.0
0,3,3,2,3,4,False,54054000,932.7552000000003,10.833333333333334
0,3,3,2,2,5,False,21621600,831.1680000000001,11.666666666666668
0,3,3,2,1,6,False,3603600,674.1696,14.166666666666668
0,3,3,1,8,0,False,900900,634.9200000000001,15.454545454545453
0,3,3,1,7,1,False,6306300,761.9040000000002,12.727272727272727
0,3,3,1,6,2,False,18918900,888.8880000000001,10.909090909090908
0,3,3,1,5,3,False,31531500,1015.8720000000001,10.0
0,3,3,1,4,4,False,31531500,998.9408000000003,10.0
0,3,3,1,3,5,False,18918900,931.2160000000001,10.909090909090908
0,3,3,1,2,6,False,6306300,812.6976000000001,11.818181818181817
0,3,3,1,1,7,False,900900,643.3856000000002,15.454545454545453
0,3,3,0,9,0,False,100100,577.2,17.0
0,3,3,0,8,1,False,800800,692.6400000000001,14.0
0,3,3,0,7,2,False,2802800,808.08,12.0
0,3,3,0,6,3,False,5605600,923.52,11.0
0,3,3,0,5,4,False,7007000,1038.96,10.0
0,3,3,0,4,5,False,5605600,1000.4800000000001,10.0
0,3,3,0,3,6,False,2802800,915.8240000000001,11.0
0,3,3,0,2,7,False,800800,784.9920000000001,12.0
0,3,3,0,1,8,False,100100,607.984,16.0
0,3,2,10,0,0,False,30030,710.4000000000001,13.5
0,3,2,9,1,0,False,300300,742.368,13.157894736842106
0,3,2,8,2,0,False,1351350,767.2320000000001,12.777777777777777
0,3,2,8,1,1,False,1351350,741.6576000000002,12.777777777777777
0,3,2,7,3,0,False,3603600,784.9920000000002,12.352941176470587
0,3,2,7,2,1,False,7207200,797.0688000000001,12.352941176470587
0,3,2,7,1,2,False,3603600,736.6848000000001,12.941176470588234
0,3,2,6,4,0,False,6306300,795.648,11.875
0,3,2,6,3,1,False,18918900,841.1136000000001,11.25
0,3,2,6,2,2,False,18918900,818.3808000000001,11.875
0,3,2,6,1,3,False,6306300,727.4496000000001,13.125
0,3,2,5,5,0,False,7567560,799.2,12.0
0,3,2,5,4,1,False,30270240,873.7920000000001,11.333333333333334
0,3,2,5,3,2,False,45405360,884.4480000000001,10.666666666666666
0,3,2,5,2,3,False,30270240,831.1679999999999,11.333333333333334
0,3,2,5,1,4,False,7567560,713.9520000000001,13.333333333333334
0,3,2,4,6,0,False,6306300,745.9200000000001,12.857142857142858
0,3,2,4,5,1,False,31531500,895.1040000000002,10.714285714285715
0,3,2,4,4,2,False,63063000,934.8864,10.714285714285715
0,3,2,4,3,3,False,63063000,914.9952000000001,10.714285714285715
0,3,2,4,2,4,False,31531500,835.4304000000001,11.428571428571429
0,3,2,4,1,5,False,6306300,696.1919999999999,13.571428571428573
0,3,2,3,7,0,False,3603600,692.6400000000001,13.846153846153845
0,3,2,3,6,1,False,21621600,831.1680000000002,11.538461538461538
0,3,2,3,5,2,False,54054000,969.6960000000001,10.0
0,3,2,3,4,3,False,72072000,978.9312000000002,10.0
0,3,2,3,3,4,False,54054000,932.7552000000004,10.769230769230768
0,3,2,3,2,5,False,21621600,831.1680000000002,11.538461538461538
0,3,2,3,1,6,False,3603600,674.1696000000001,14.615384615384615
0,3,2,2,8,0,False,1351350,639.36,15.0
0,3,2,2,7,1,False,9459450,767.2320000000001,12.5
0,3,2,2,6,2,False,28378350,895.104,10.833333333333334
0,3,2,2,5,3,False,47297250,1022.976,10.0
0,3,2,2,4,4,False,47297250,1005.9264000000002,10.0
0,3,2,2,3,5,False,28378350,937.7280000000001,10.833333333333334
0,3,2,2,2,6,False,9459450,818.3808,11.666666666666668
0,3,2,2,1,7,False,1351350,647.8847999999999,15.0
0,3,2,1,9,0,False,300300,586.0800000000002,16.363636363636363
0,3,2,1,8,1,False,2402400,703.2960000000002,13.636363636363635
0,3,2,1,7,2,False,8408400,820.5120000000002,11.818181818181817
0,3,2,1,6,3,False,16816800,937.7280000000001,10.909090909090908
0,3,2,1,5,4,False,21021000,1054.9440000000002,9.09090909090909
0,3,2,1,4,5,False,16816800,1015.8720000000002,10.0
0,3,2,1,3,6,False,8408400,929.9136000000002,10.909090909090908
0,3,2,1,2,7,False,2402400,797.0688000000001,11.818181818181817
0,3,2,1,1,8,False,300300,617.3376000000001,15.454545454545453
0,3,2,0,10,0,False,30030,532.8000000000001,18.0
0,3,2,0,9,1,False,270270,639.3600000000001,15.0
0,3,2,0,8,2,False,1081080,745.9200000000001,13.0
0,3,2,0,7,3,False,2522520,852.48,12.0
0,3,2,0,6,4,False,3783780,959.0400000000002,10.0
0,3,2,0,5,5,False,3783780,1065.6000000000001,9.0
0,3,2,0,4,6,False,2522520,1008.768,10.0
0,3,2,0,3,7,False,1081080,909.3120000000004,11.0
0,3,2,0,2,8,False,270270,767.2320000000001,13.0
0,3,2,0,1,9,False,30030,582.528,17.0
0,3,1,11,0,0,False,5460,683.7600000000002,13.809523809523808
0,3,1,10,1,0,False,60060,716.3200000000002,13.5
0,3,1,9,2,0,False,300300,742.368,13.157894736842106
0,3,1,9,1,1,False,300300,717.6224000000002,13.157894736842106
0,3,1,8,3,0,False,900900,761.9040000000002,12.777777777777777
0,3,1,8,2,1,False,1801800,773.6256000000003,12.222222222222221
0,3,1,8,1,2,False,900900,715.0176000000001,13.333333333333332
0,3,1,7,4,0,False,1801800,774.9280000000002,12.352941176470587
0,3,1,7,3,1,False,5405400,819.2096000000004,11.76470588235294
0,3,1,7,2,2,False,5405400,797.0688000000001,12.352941176470587
0,3,1,7,1,3,False,1801800,708.5056000000001,13.52941176470588
0,3,1,6,5,0,False,2522520,781.4400000000002,12.5
0,3,1,6,4,1,False,10090080,854.3744000000003,11.25
0,3,1,6,3,2,False,15135120,864.7936000000002,11.25
0,3,1,6,2,3,False,10090080,812.6976000000002,11.875
0,3,1,6,1,4,False,2522520,698.0864000000001,13.75
0,3,1,5,6,0,False,2522520,732.6000000000001,13.333333333333334
0,3,1,5,5,1,False,12612600,879.1200000000002,11.333333333333334
0,3,1,5,4,2,False,25225200,918.1920000000002,10.666666666666666
0,3,1,5,3,3,False,25225200,898.6560000000002,10.666666666666666
0,3,1,5,2,4,False,12612600,820.5120000000002,12.0
0,3,1,5,1,5,False,2522520,683.7600000000001,14.0
0,3,1,4,7,0,False,1801800,683.7600000000001,14.285714285714286
0,3,1,4,6,1,False,10810800,820.5120000000002,12.142857142857144
0,3,1,4,5,2,False,27027000,957.2640000000002,10.0
0,3,1,4,4,3,False,36036000,966.3808000000001,10.0
0,3,1,4,3,4,False,27027000,920.7968000000004,10.714285714285715
0,3,1,4,2,5,False,10810800,820.5120000000002,12.142857142857144
0,3,1,4,1,6,False,1801800,665.5264,14.285714285714286
0,3,1,3,8,0,False,900900,634.9200000000002,15.384615384615383
0,3,1,3,7,1,False,6306300,761.9040000000002,13.076923076923077
0,3,1,3,6,2,False,18918900,888.8880000000003,10.769230769230768
0,3,1,3,5,3,False,31531500,1015.8720000000001,10.0
0,3,1,3,4,4,False,31531500,998.9408000000003,10.0
0,3,1,3,3,5,False,18918900,931.2160000000002,10.769230769230768
0,3,1,3,2,6,False,6306300,812.6976000000001,12.307692307692307
0,3,1,3,1,7,False,900900,643.3856000000002,14.615384615384615
0,3,1,2,9,0,False,300300,586.08,16.666666666666668
0,3,1,2,8,1,False,2402400,703.2960000000002,14.166666666666668
0,3,1,2,7,2,False,8408400,820.5120000000003,11.666666666666668
0,3,1,2,6,3,False,16816800,937.7280000000001,10.833333333333334
0,3,1,2,5,4,False,21021000,1054.9440000000004,9.166666666666668
0,3,1,2,4,5,False,16816800,1015.8720000000003,10.0
0,3,1,2,3,6,False,8408400,929.9136000000001,10.833333333333334
0,3,1,2,2,7,False,2402400,797.0688000000001,12.5
0,3,1,2,1,8,False,300300,617.3376000000002,15.833333333333334
0,3,1,1,10,0,False,60060,537.2400000000001,18.18181818181818
0,3,1,1,9,1,False,540540,644.6880000000002,15.454545454545453
0,3,1,1,8,2,False,2162160,752.1360000000003,12.727272727272727
0,3,1,1,7,3,False,5045040,859.5840000000002,11.818181818181817
0,3,1,1,6,4,False,7567560,967.0320000000005,10.0
0,3,1,1,5,5,False,7567560,1074.4800000000002,9.09090909090909
0,3,1,1,4,6,False,5045040,1017.1744000000003,10.0
0,3,1,1,3,7,False,2162160,916.8896000000004,10.909090909090908
0,3,1,1,2,8,False,540540,773.6256000000004,12.727272727272727
0,3,1,1,1,9,False,60060,587.3824000000001,16.363636363636363
0,3,1,0,11,0,False,5460,488.4000000000001,20.0
0,3,1,0,10,1,False,54600,586.0800000000002,17.0
0,3,1,0,9,2,False,245700,683.7600000000002,14.0
0,3,1,0,8,3,False,655200,781.44,13.0
0,3,1,0,7,4,False,1146600,879.1200000000003,11.0
0,3,1,0,6,5,False,1375920,976.8000000000002,10.0
0,3,1,0,5,6,False,1146600,1074.4800000000002,9.0
0,3,1,0,4,7,False,655200,1002.8480000000002,10.0
0,3,1,0,3,8,False,245700,892.1440000000002,11.0
0,3,1,0,2,9,False,54600,742.368,13.0
0,3,1,0,1,10,False,5460,553.5200000000002,17.0
0,3,0,12,0,0,False,455,651.2,14.545454545454545
0,3,0,11,1,0,False,5460,683.7600000000002,13.809523809523808
0,3,0,10,2,0,False,30030,710.4000000000001,13.5
0,3,0,10,1,1,False,30030,686.7200000000001,14.0
0,3,0,9,3,0,False,100100,731.12,13.157894736842106
0,3,0,9,2,1,False,200200,742.368,13.157894736842106
0,3,0,9,1,2,False,100100,686.1279999999999,14.210526315789474
0,3,0,8,4,0,False,225225,745.9200000000001,12.777777777777777
0,3,0,8,3,1,False,675675,788.5440000000001,12.222222222222221
0,3,0,8,2,2,False,675675,767.2320000000001,12.777777777777777
0,3,0,8,1,3,False,225225,681.9840000000002,13.88888888888889
0,3,0,7,5,0,False,360360,754.8000000000001,12.941176470588234
0,3,0,7,4,1,False,1441440,825.2480000000002,11.76470588235294
0,3,0,7,3,2,False,2162160,835.3120000000002,11.76470588235294
0,3,0,7,2,3,False,1441440,784.9920000000002,12.352941176470587
0,3,0,7,1,4,False,360360,674.2880000000001,14.117647058823527
0,3,0,6,6,0,False,420420,710.4000000000001,13.75
0,3,0,6,5,1,False,2102100,852.4800000000001,11.25
0,3,0,6,4,2,False,4204200,890.368,10.625
0,3,0,6,3,3,False,4204200,871.4240000000002,11.25
0,3,0,6,2,4,False,2102100,795.6480000000001,11.875
0,3,0,6,1,5,False,420420,663.0400000000001,14.375
0,3,0,5,7,0,False,360360,666.0,14.666666666666666
0,3,0,5,6,1,False,2162160,799.2,12.0
0,3,0,5,5,2,False,5405400,932.4000000000001,10.666666666666666
0,3,0,5,4,3,False,7207200,941.2800000000002,10.0
0,3,0,5,3,4,False,5405400,896.8800000000003,10.666666666666666
0,3,0,5,2,5,False,2162160,799.2,12.0
0,3,0,5,1,6,False,360360,648.24,14.666666666666666
0,3,0,4,8,0,False,225225,621.5999999999999,15.714285714285715
0,3,0,4,7,1,False,1576575,745.9200000000001,12.857142857142858
0,3,0,4,6,2,False,4729725,870.24,11.428571428571429
0,3,0,4,5,3,False,7882875,994.5600000000001,10.0
0,3,0,4,4,4,False,7882875,977.9840000000002,10.0
0,3,0,4,3,5,False,4729725,911.6800000000002,10.714285714285715
0,3,0,4,2,6,False,1576575,795.648,12.142857142857144
0,3,0,4,1,7,False,225225,629.888,15.000000000000002
0,3,0,3,9,0,False,100100,577.2,16.923076923076923
0,3,0,3,8,1,False,800800,692.6400000000001,13.846153846153845
0,3,0,3,7,2,False,2802800,808.08,12.307692307692307
0,3,0,3,6,3,False,5605600,923.5200000000001,10.769230769230768
0,3,0,3,5,4,False,7007000,1038.9600000000003,9.23076923076923
0,3,0,3,4,5,False,5605600,1000.48,10.0
0,3,0,3,3,6,False,2802800,915.8240000000001,10.769230769230768
0,3,0,3,2,7,False,800800,784.9920000000001,12.307692307692307
0,3,0,3,1,8,False,100100,607.9840000000002,16.153846153846153
0,3,0,2,10,0,False,30030,532.8,18.333333333333336
0,3,0,2,9,1,False,270270,639.36,15.0
0,3,0,2,8,2,False,1081080,745.92,13.333333333333334
0,3,0,2,7,3,False,2522520,852.4800000000001,11.666666666666668
0,3,0,2,6,4,False,3783780,959.0400000000002,10.0
0,3,0,2,5,5,False,3783780,1065.6,9.166666666666668
0,3,0,2,4,6,False,2522520,1008.7679999999999,10.0
0,3,0,2,3,7,False,1081080,909.3120000000002,10.833333333333334
0,3,0,2,2,8,False,270270,767.2320000000001,12.5
0,3,0,2,1,9,False,30030,582.528,16.666666666666668
0,3,0,1,11,0,False,5460,488.40000000000003,20.0
0,3,0,1,10,1,False,54600,586.0800000000002,16.363636363636363
0,3,0,1,9,2,False,245700,683.7600000000001,14.545454545454545
0,3,0,1,8,3,False,655200,781.4400000000002,12.727272727272727
0,3,0,1,7,4,False,1146600,879.1200000000002,10.909090909090908
0,3,0,1,6,5,False,1375920,976.8000000000001,10.0
0,3,0,1,5,6,False,1146600,1074.4800000000002,9.09090909090909
0,3,0,1,4,7,False,655200,1002.8480000000003,10.0
0,3,0,1,3,8,False,245700,892.1440000000001,10.909090909090908
0,3,0,1,2,9,False,54600,742.368,12.727272727272727
0,3,0,1,1,10,False,5460,553.5200000000002,17.27272727272727
0,3,0,0,12,0,False,455,444.0,22.0
0,3,0,0,11,1,False,5005,532.8000000000001,18.0
0,3,0,0,10,2,False,25025,621.6,16.0
0,3,0,0,9,3,False,75075,710.4000000000001,14.0
0,3,0,0,8,4,False,150150,799.2000000000002,12.0
0,3,0,0,7,5,False,210210,888.0,11.0
0,3,0,0,6,6,False,210210,976.8000000000001,10.0
0,3,0,0,5,7,False,150150,1065.6000000000001,9.0
0,3,0,0,4,8,False,75075,982.7199999999999,10.0
0,3,0,0,3,9,False,25025,864.3199999999999,11.0
0,3,0,0,2,10,False,5005,710.4000000000001,14.0
0,3,0,0,1,11,False,455,520.96,19.0
0,2,13,0,0,0,False,105,515.2,19.0
0,2,12,1,0,0,False,1365,542.08,18.18181818181818
0,2,12,0,1,0,False,1365,542.08,18.0
0,2,11,2,0,0,False,8190,564.48,16.666666666666668
0,2,11,1,1,0,False,16380,569.1840000000001,17.27272727272727
0,2,11,0,2,0,False,8190,564.48,17.0
0,2,11,0,1,1,False,8190,545.6640000000001,18.0
0,2,10,3,0,0,False,30030,582.4,16.153846153846153
0,2,10,2,1,0,False,90090,591.36,16.666666666666668
0,2,10,1,2,0,False,90090,591.3600000000001,16.363636363636363
0,2,10,1,1,1,False,90090,571.6480000000003,17.27272727272727
0,2,10,0,3,0,False,30030,582.4,17.0
0,2,10,0,2,1,False,60060,591.36,16.0
0,2,10,0,1,2,False,30030,546.56,18.0
0,2,9,4,0,0,False,75075,595.84,16.42857142857143
0,2,9,3,1,0,False,300300,608.6080000000002,16.153846153846153
0,2,9,2,2,0,False,450450,612.864,15.833333333333334
0,2,9,2,1,1,False,450450,592.4352000000001,16.666666666666668
0,2,9,1,3,0,False,300300,608.6080000000002,15.454545454545453
0,2,9,1,2,1,False,600600,617.9712000000001,15.454545454545453
0,2,9,1,1,2,False,300300,571.1552,17.27272727272727
0,2,9,0,4,0,False,75075,595.84,16.0
0,2,9,0,3,1,False,225225,629.888,15.0
0,2,9,0,2,2,False,225225,612.8639999999999,16.0
0,2,9,0,1,3,False,75075,544.768,18.0
0,2,8,5,0,0,False,135135,604.8000000000001,16.0
0,2,8,4,1,0,False,675675,620.9280000000001,15.714285714285715
0,2,8,3,2,0,False,1351350,628.992,15.384615384615383
0,2,8,3,1,1,False,1351350,608.0256000000002,16.153846153846153
0,2,8,2,3,0,False,1351350,628.9920000000001,15.0
0,2,8,2,2,1,False,2702700,638.6688,15.0
0,2,8,2,1,2,False,1351350,590.2848,16.666666666666668
0,2,8,1,4,0,False,675675,620.928,15.454545454545453
0,2,8,1,3,1,False,2027025,656.4096000000001,14.545454545454545
0,2,8,1,2,2,False,2027025,638.6688000000001,15.454545454545453
0,2,8,1,1,3,False,675675,567.7056,17.27272727272727
0,2,8,0,5,0,False,135135,604.8000000000001,16.0
0,2,8,0,4,1,False,540540,661.248,15.0
0,2,8,0,3,2,False,810810,669.3120000000001,15.0
0,2,8,0,2,3,False,540540,628.9920000000001,15.0
0,2,8,0,1,4,False,135135,540.288,18.0
0,2,7,6,0,0,False,180180,609.2800000000001,15.625
0,2,7,5,1,0,False,1081080,628.3200000000002,15.333333333333334
0,2,7,4,2,0,False,2702700,639.744,15.000000000000002
0,2,7,4,1,1,False,2702700,618.4192,15.714285714285715
0,2,7,3,3,0,False,3603600,643.5520000000001,14.615384615384615
0,2,7,3,2,1,False,7207200,653.4528000000001,14.615384615384615
0,2,7,3,1,2,False,3603600,603.9488,16.153846153846153
0,2,7,2,4,0,False,2702700,639.7440000000001,15.0
0,2,7,2,3,1,False,8108100,676.3008000000002,14.166666666666668
0,2,7,2,2,2,False,8108100,658.0224000000001,15.0
0,2,7,2,1,3,False,2702700,584.9088,16.666666666666668
0,2,7,1,5,0,False,1081080,628.3200000000003,15.454545454545453
0,2,7,1,4,1,False,4324320,686.9632000000003,14.545454545454545
0,2,7,1,3,2,False,6486480,695.3408000000002,13.636363636363635
0,2,7,1,2,3,False,4324320,653.4528000000001,14.545454545454545
0,2,7,1,1,4,False,1081080,561.2992000000003,17.27272727272727
0,2,7,0,6,0,False,180180,571.2000000000002,17.0
0,2,7,0,5,1,False,900900,685.44,14.0
0,2,7,0,4,2,False,1801800,715.9040000000001,14.0
0,2,7,0,3,3,False,1801800,700.6720000000001,14.0
0,2,7,0,2,4,False,900900,639.7440000000001,15.0
0,2,7,0,1,5,False,180180,533.1200000000001,18.0
0,2,6,7,0,0,False,180180,609.2800000000001,15.88235294117647
0,2,6,6,1,0,False,1261260,630.7840000000001,15.0
0,2,6,5,2,0,False,3783780,645.1200000000001,14.666666666666666
0,2,6,5,1,1,False,3783780,623.6160000000001,15.333333333333334
0,2,6,4,3,0,False,6306300,652.288,15.000000000000002
0,2,6,4,2,1,False,12612600,662.3232,14.285714285714286
0,2,6,4,1,2,False,6306300,612.1472,15.714285714285715
0,2,6,3,4,0,False,6306300,652.288,14.615384615384615
0,2,6,3,3,1,False,18918900,689.5616,13.846153846153845
0,2,6,3,2,2,False,18918900,670.9248,14.615384615384615
0,2,6,3,1,3,False,6306300,596.3776000000001,16.153846153846153
0,2,6,2,5,0,False,3783780,645.12,15.0
0,2,6,2,4,1,False,15135120,705.3312000000001,13.333333333333334
0,2,6,2,3,2,False,22702680,713.9328,13.333333333333334
0,2,6,2,2,3,False,15135120,670.9248,14.166666666666668
0,2,6,2,1,4,False,3783780,576.3072000000001,16.666666666666668
0,2,6,1,6,0,False,1261260,591.3600000000001,16.363636363636363
0,2,6,1,5,1,False,6306300,709.6320000000001,13.636363636363635
0,2,6,1,4,2,False,12612600,741.1712000000001,12.727272727272727
0,2,6,1,3,3,False,12612600,725.4016000000003,13.636363636363635
0,2,6,1,2,4,False,6306300,662.3232000000002,14.545454545454545
0,2,6,1,1,5,False,1261260,551.936,17.27272727272727
0,2,6,0,7,0,False,180180,537.6,18.0
0,2,6,0,6,1,False,1081080,645.12,15.0
0,2,6,0,5,2,False,2702700,752.6400000000001,13.0
0,2,6,0,4,3,False,3603600,759.808,13.0
0,2,6,0,3,4,False,2702700,723.9680000000003,13.0
0,2,6,0,2,5,False,1081080,645.12,15.0
0,2,6,0,1,6,False,180180,523.264,18.0
0,2,5,8,0,0,False,135135,604.8000000000001,15.555555555555555
0,2,5,7,1,0,False,1081080,628.3200000000002,15.294117647058822
0,2,5,6,2,0,False,3783780,645.1200000000001,15.0
0,2,5,6,1,1,False,3783780,623.6160000000001,15.625
0,2,5,5,3,0,False,7567560,655.2,14.666666666666666
0,2,5,5,2,1,False,15135120,665.28,14.666666666666666
0,2,5,5,1,2,False,7567560,614.88,15.333333333333334
0,2,5,4,4,0,False,9459450,658.5600000000001,14.285714285714286
0,2,5,4,3,1,False,28378350,696.192,13.571428571428573
0,2,5,4,2,2,False,28378350,677.376,14.285714285714286
0,2,5,4,1,3,False,9459450,602.112,15.714285714285715
0,2,5,3,5,0,False,7567560,655.2,14.615384615384615
0,2,5,3,4,1,False,30270240,716.3520000000001,13.846153846153845
0,2,5,3,3,2,False,45405360,725.0880000000002,13.076923076923077
0,2,5,3,2,3,False,30270240,681.4080000000001,13.846153846153845
0,2,5,3,1,4,False,7567560,585.3120000000001,16.153846153846153
0,2,5,2,6,0,False,3783780,604.8,15.833333333333334
0,2,5,2,5,1,False,18918900,725.7600000000001,13.333333333333334
0,2,5,2,4,2,False,37837800,758.0160000000001,12.5
0,2,5,2,3,3,False,37837800,741.8880000000001,13.333333333333334
0,2,5,2,2,4,False,18918900,677.376,14.166666666666668
0,2,5,2,1,5,False,3783780,564.48,16.666666666666668
0,2,5,1,7,0,False,1081080,554.4000000000001,17.27272727272727
0,2,5,1,6,1,False,6486480,665.2800000000001,14.545454545454545
0,2,5,1,5,2,False,16216200,776.1600000000001,12.727272727272727
0,2,5,1,4,3,False,21621600,783.5520000000002,12.727272727272727
0,2,5,1,3,4,False,16216200,746.5920000000003,12.727272727272727
0,2,5,1,2,5,False,6486480,665.2800000000001,14.545454545454545
0,2,5,1,1,6,False,1081080,539.616,18.18181818181818
0,2,5,0,8,0,False,135135,504.0,19.0
0,2,5,0,7,1,False,945945,604.8000000000001,16.0
0,2,5,0,6,2,False,2837835,705.6,14.0
0,2,5,0,5,3,False,4729725,806.4000000000001,12.0
0,2,5,0,4,4,False,4729725,792.9600000000002,12.0
0,2,5,0,3,5,False,2837835,739.2000000000002,13.0
0,2,5,0,2,6,False,945945,645.12,15.0
0,2,5,0,1,7,False,135135,510.72,19.0
0,2,4,9,0,0,False,75075,595.84,15.789473684210527
0,2,4,8,1,0,False,675675,620.9280000000001,15.555555555555555
0,2,4,7,2,0,False,2702700,639.744,14.705882352941176
0,2,4,7,1,1,False,2702700,618.4192000000002,15.294117647058822
0,2,4,6,3,0,False,6306300,652.2880000000001,15.0
0,2,4,6,2,1,False,12612600,662.3232000000002,14.375
0,2,4,6,1,2,False,6306300,612.1472000000001,15.625
0,2,4,5,4,0,False,9459450,658.56,14.666666666666666
0,2,4,5,3,1,False,28378350,696.192,14.0
0,2,4,5,2,2,False,28378350,677.3760000000001,14.0
0,2,4,5,1,3,False,9459450,602.1120000000001,16.0
0,2,4,4,5,0,False,9459450,658.5600000000001,14.285714285714286
0,2,4,4,4,1,False,37837800,720.0255999999999,13.571428571428573
0,2,4,4,3,2,False,56756700,728.8063999999999,13.571428571428573
0,2,4,4,2,3,False,37837800,684.9024,14.285714285714286
0,2,4,4,1,4,False,9459450,588.3136000000001,16.42857142857143
0,2,4,3,6,0,False,6306300,611.5200000000001,15.384615384615383
0,2,4,3,5,1,False,31531500,733.8240000000001,13.076923076923077
0,2,4,3,4,2,False,63063000,766.4384000000001,12.307692307692307
0,2,4,3,3,3,False,63063000,750.1312000000001,13.076923076923077
0,2,4,3,2,4,False,31531500,684.9024000000002,13.846153846153845
0,2,4,3,1,5,False,6306300,570.752,16.923076923076923
0,2,4,2,7,0,False,2702700,564.48,16.666666666666668
0,2,4,2,6,1,False,16216200,677.376,14.166666666666668
0,2,4,2,5,2,False,40540500,790.272,12.5
0,2,4,2,4,3,False,54054000,797.7984000000001,12.5
0,2,4,2,3,4,False,40540500,760.1664000000002,12.5
0,2,4,2,2,5,False,16216200,677.376,14.166666666666668
0,2,4,2,1,6,False,2702700,549.4272,17.5
0,2,4,1,8,0,False,675675,517.44,18.18181818181818
0,2,4,1,7,1,False,4729725,620.9280000000001,15.454545454545453
0,2,4,1,6,2,False,14189175,724.4160000000002,13.636363636363635
0,2,4,1,5,3,False,23648625,827.904,11.818181818181817
0,2,4,1,4,4,False,23648625,814.1056000000002,11.818181818181817
0,2,4,1,3,5,False,14189175,758.9120000000001,12.727272727272727
0,2,4,1,2,6,False,4729725,662.3232,14.545454545454545
0,2,4,1,1,7,False,675675,524.3392000000001,18.18181818181818
0,2,4,0,9,0,False,75075,470.40000000000003,20.0
0,2,4,0,8,1,False,600600,564.48,17.0
0,2,4,0,7,2,False,2102100,658.5600000000001,15.0
0,2,4,0,6,3,False,4204200,752.64,13.0
0,2,4,0,5,4,False,5255250,846.7200000000001,12.0
0,2,4,0,4,5,False,4204200,815.3600000000001,12.0
0,2,4,0,3,6,False,2102100,746.3679999999999,13.0
0,2,4,0,2,7,False,600600,639.7440000000001,15.0
0,2,4,0,1,8,False,75075,495.48800000000006,19.0
0,2,3,10,0,0,False,30030,582.4,16.5
0,2,3,9,1,0,False,300300,608.6080000000001,15.789473684210527
0,2,3,8,2,0,False,1351350,628.9920000000001,15.0
0,2,3,8,1,1,False,1351350,608.0256000000002,15.555555555555555
0,2,3,7,3,0,False,3603600,643.552,14.705882352941176
0,2,3,7,2,1,False,7207200,653.4528000000001,14.705882352941176
0,2,3,7,1,2,False,3603600,603.9488000000001,15.88235294117647
0,2,3,6,4,0,False,6306300,652.288,15.0
0,2,3,6,3,1,False,18918900,689.5616000000001,13.75
0,2,3,6,2,2,False,18918900,670.9248,14.375
0,2,3,6,1,3,False,6306300,596.3776000000001,16.25
0,2,3,5,5,0,False,7567560,655.2,14.666666666666666
0,2,3,5,4,1,False,30270240,716.3520000000001,13.333333333333334
0,2,3,5,3,2,False,45405360,725.0880000000001,13.333333333333334
0,2,3,5,2,3,False,30270240,681.4080000000001,14.0
0,2,3,5,1,4,False,7567560,585.3120000000001,16.666666666666668
0,2,3,4,6,0,False,6306300,611.52,15.714285714285715
0,2,3,4,5,1,False,31531500,733.8240000000001,12.857142857142858
0,2,3,4,4,2,False,63063000,766.4384,12.857142857142858
0,2,3,4,3,3,False,63063000,750.1311999999999,12.857142857142858
0,2,3,4,2,4,False,31531500,684.9024000000002,14.285714285714286
0,2,3,4,1,5,False,6306300,570.752,17.142857142857142
0,2,3,3,7,0,False,3603600,567.84,16.923076923076923
0,2,3,3,6,1,False,21621600,681.4080000000001,13.846153846153845
0,2,3,3,5,2,False,54054000,794.976,12.307692307692307
0,2,3,3,4,3,False,72072000,802.5472000000001,12.307692307692307
0,2,3,3,3,4,False,54054000,764.6912000000002,12.307692307692307
0,2,3,3,2,5,False,21621600,681.4080000000001,13.846153846153845
0,2,3,3,1,6,False,3603600,552.6976,17.692307692307693
0,2,3,2,8,0,False,1351350,524.16,18.333333333333336
0,2,3,2,7,1,False,9459450,628.9920000000001,15.0
0,2,3,2,6,2,False,28378350,733.824,13.333333333333334
0,2,3,2,5,3,False,47297250,838.6560000000001,11.666666666666668
0,2,3,2,4,4,False,47297250,824.6784000000001,11.666666666666668
0,2,3,2,3,5,False,28378350,768.7680000000001,12.5
0,2,3,2,2,6,False,9459450,670.9248,14.166666666666668
0,2,3,2,1,7,False,1351350,531.1488,18.333333333333336
0,2,3,1,9,0,False,300300,480.4800000000001,20.0
0,2,3,1,8,1,False,2402400,576.5760000000001,16.363636363636363
0,2,3,1,7,2,False,8408400,672.672,14.545454545454545
0,2,3,1,6,3,False,16816800,768.7680000000001,12.727272727272727
0,2,3,1,5,4,False,21021000,864.8640000000003,10.909090909090908
0,2,3,1,4,5,False,16816800,832.8320000000001,11.818181818181817
0,2,3,1,3,6,False,8408400,762.3616000000001,12.727272727272727
0,2,3,1,2,7,False,2402400,653.4528000000001,14.545454545454545
0,2,3,1,1,8,False,300300,506.10560000000004,19.09090909090909
0,2,3,0,10,0,False,30030,436.8,22.0
0,2,3,0,9,1,False,270270,524.1600000000001,18.0
0,2,3,0,8,2,False,1081080,611.52,16.0
0,2,3,0,7,3,False,2522520,698.8800000000001,14.0
0,2,3,0,6,4,False,3783780,786.2400000000001,12.0
0,2,3,0,5,5,False,3783780,873.6,11.0
0,2,3,0,4,6,False,2522520,827.008,12.0
0,2,3,0,3,7,False,1081080,745.4720000000002,13.0
0,2,3,0,2,8,False,270270,628.9920000000001,15.0
0,2,3,0,1,9,False,30030,477.568,20.0
0,2,2,11,0,0,False,8190,564.48,16.666666666666664
0,2,2,10,1,0,False,90090,591.36,16.0
0,2,2,9,2,0,False,450450,612.8639999999999,15.789473684210527
0,2,2,9,1,1,False,450450,592.4352000000001,16.315789473684212
0,2,2,8,3,0,False,1351350,628.9920000000001,15.0
0,2,2,8,2,1,False,2702700,638.6688,15.0
0,2,2,8,1,2,False,1351350,590.2848000000001,16.11111111111111
0,2,2,7,4,0,False,2702700,639.744,14.705882352941176
0,2,2,7,3,1,False,8108100,676.3008000000001,14.117647058823527
0,2,2,7,2,2,False,8108100,658.0224000000001,14.705882352941176
0,2,2,7,1,3,False,2702700,584.9088,16.470588235294116
0,2,2,6,5,0,False,3783780,645.1200000000001,15.0
0,2,2,6,4,1,False,15135120,705.3312000000002,13.75
0,2,2,6,3,2,False,22702680,713.9328,13.75
0,2,2,6,2,3,False,15135120,670.9248,14.375
0,2,2,6,1,4,False,3783780,576.3072000000001,16.875
0,2,2,5,6,0,False,3783780,604.8000000000001,16.0
0,2,2,5,5,1,False,18918900,725.7600000000001,13.333333333333334
0,2,2,5,4,2,False,37837800,758.0160000000001,12.666666666666666
0,2,2,5,3,3,False,37837800,741.888,13.333333333333334
0,2,2,5,2,4,False,18918900,677.3760000000001,14.0
0,2,2,5,1,5,False,3783780,564.48,16.666666666666668
0,2,2,4,7,0,False,2702700,564.48,17.142857142857142
0,2,2,4,6,1,False,16216200,677.3760000000001,14.285714285714286
0,2,2,4,5,2,False,40540500,790.2719999999999,12.142857142857144
0,2,2,4,4,3,False,54054000,797.7984000000001,12.142857142857144
0,2,2,4,3,4,False,40540500,760.1664000000001,12.857142857142858
0,2,2,4,2,5,False,16216200,677.3760000000001,14.285714285714286
0,2,2,4,1,6,False,2702700,549.4272,17.142857142857142
0,2,2,3,8,0,False,1351350,524.1600000000001,18.46153846153846
0,2,2,3,7,1,False,9459450,628.9920000000002,15.384615384615383
0,2,2,3,6,2,False,28378350,733.8240000000001,13.076923076923077
0,2,2,3,5,3,False,47297250,838.6560000000001,11.538461538461538
0,2,2,3,4,4,False,47297250,824.6784000000002,11.538461538461538
0,2,2,3,3,5,False,28378350,768.768,12.307692307692307
0,2,2,3,2,6,False,9459450,670.9248,14.615384615384615
0,2,2,3,1,7,False,1351350,531.1488,18.46153846153846
0,2,2,2,9,0,False,450450,483.84000000000003,20.0
0,2,2,2,8,1,False,3603600,580.6080000000001,16.666666666666668
0,2,2,2,7,2,False,12612600,677.376,14.166666666666668
0,2,2,2,6,3,False,25225200,774.144,12.5
0,2,2,2,5,4,False,31531500,870.9120000000001,10.833333333333334
0,2,2,2,4,5,False,25225200,838.6560000000001,11.666666666666668
0,2,2,2,3,6,False,12612600,767.6928,12.5
0,2,2,2,2,7,False,3603600,658.0224000000001,15.0
0,2,2,2,1,8,False,450450,509.6448,19.166666666666668
0,2,2,1,10,0,False,90090,443.5200000000001,21.818181818181817
0,2,2,1,9,1,False,810810,532.2240000000002,18.18181818181818
0,2,2,1,8,2,False,3243240,620.9280000000001,15.454545454545453
0,2,2,1,7,3,False,7567560,709.6320000000001,13.636363636363635
0,2,2,1,6,4,False,11351340,798.3360000000001,11.818181818181817
0,2,2,1,5,5,False,11351340,887.0400000000002,10.909090909090908
0,2,2,1,4,6,False,7567560,839.7312000000002,11.818181818181817
0,2,2,1,3,7,False,3243240,756.9408000000002,12.727272727272727
0,2,2,1,2,8,False,810810,638.6688000000001,15.454545454545453
0,2,2,1,1,9,False,90090,484.9152,20.0
0,2,2,0,11,0,False,8190,403.20000000000005,24.0
0,2,2,0,10,1,False,81900,483.8400000000001,20.0
0,2,2,0,9,2,False,368550,564.48,17.0
0,2,2,0,8,3,False,982800,645.12,15.0
0,2,2,0,7,4,False,1719900,725.7600000000001,13.0
0,2,2,0,6,5,False,2063880,806.4000000000001,12.0
0,2,2,0,5,6,False,1719900,887.04,11.0
0,2,2,0,4,7,False,982800,827.9040000000001,12.0
0,2,2,0,3,8,False,368550,736.5120000000002,13.0
0,2,2,0,2,9,False,81900,612.8639999999999,16.0
0,2,2,0,1,10,False,8190,456.96000000000004,21.0
0,2,1,12,0,0,False,1365,542.08,17.727272727272727
0,2,1,11,1,0,False,16380,569.1840000000001,16.666666666666664
0,2,1,10,2,0,False,90090,591.36,16.0
0,2,1,10,1,1,False,90090,571.648,16.5
0,2,1,9,3,0,False,300300,608.6080000000001,15.789473684210527
0,2,1,9,2,1,False,600600,617.9712000000001,15.263157894736842
0,2,1,9,1,2,False,300300,571.1552,16.842105263157894
0,2,1,8,4,0,False,675675,620.9280000000001,15.555555555555555
0,2,1,8,3,1,False,2027025,656.4096000000001,14.444444444444445
0,2,1,8,2,2,False,2027025,638.6688,15.0
0,2,1,8,1,3,False,675675,567.7056000000001,16.666666666666668
0,2,1,7,5,0,False,1081080,628.32,15.294117647058822
0,2,1,7,4,1,False,4324320,686.9632000000001,14.117647058823527
0,2,1,7,3,2,False,6486480,695.3408000000002,13.52941176470588
0,2,1,7,2,3,False,4324320,653.4528000000001,14.705882352941176
0,2,1,7,1,4,False,1081080,561.2992000000002,17.058823529411764
0,2,1,6,6,0,False,1261260,591.36,16.25
0,2,1,6,5,1,False,6306300,709.6320000000001,13.75
0,2,1,6,4,2,False,12612600,741.1712000000002,13.125
0,2,1,6,3,3,False,12612600,725.4016000000001,13.125
0,2,1,6,2,4,False,6306300,662.3232000000002,14.375
0,2,1,6,1,5,False,1261260,551.936,17.5
0,2,1,5,7,0,False,1081080,554.4000000000001,17.333333333333332
0,2,1,5,6,1,False,6486480,665.28,14.666666666666666
0,2,1,5,5,2,False,16216200,776.1600000000001,12.666666666666666
0,2,1,5,4,3,False,21621600,783.5520000000001,12.0
0,2,1,5,3,4,False,16216200,746.5920000000003,12.666666666666666
0,2,1,5,2,5,False,6486480,665.28,14.666666666666666
0,2,1,5,1,6,False,1081080,539.616,18.0
0,2,1,4,8,0,False,675675,517.44,18.571428571428573
0,2,1,4,7,1,False,4729725,620.9279999999999,15.714285714285715
0,2,1,4,6,2,False,14189175,724.416,13.571428571428573
0,2,1,4,5,3,False,23648625,827.904,11.428571428571429
0,2,1,4,4,4,False,23648625,814.1056000000001,12.142857142857144
0,2,1,4,3,5,False,14189175,758.912,12.857142857142858
0,2,1,4,2,6,False,4729725,662.3232,14.285714285714286
0,2,1,4,1,7,False,675675,524.3392,18.571428571428573
0,2,1,3,9,0,False,300300,480.48,20.0
0,2,1,3,8,1,False,2402400,576.576,16.923076923076923
0,2,1,3,7,2,False,8408400,672.6720000000001,14.615384615384615
0,2,1,3,6,3,False,16816800,768.768,12.307692307692307
0,2,1,3,5,4,False,21021000,864.8640000000001,11.538461538461538
0,2,1,3,4,5,False,16816800,832.8320000000001,11.538461538461538
0,2,1,3,3,6,False,8408400,762.3616000000001,13.076923076923077
0,2,1,3,2,7,False,2402400,653.4528000000001,14.615384615384615
0,2,1,3,1,8,False,300300,506.1056000000001,19.23076923076923
0,2,1,2,10,0,False,90090,443.52000000000004,21.666666666666668
0,2,1,2,9,1,False,810810,532.2239999999999,18.333333333333336
0,2,1,2,8,2,False,3243240,620.928,15.833333333333334
0,2,1,2,7,3,False,7567560,709.632,13.333333333333334
0,2,1,2,6,4,False,11351340,798.3360000000001,12.5
0,2,1,2,5,5,False,11351340,887.0400000000001,10.833333333333334
0,2,1,2,4,6,False,7567560,839.7312,11.666666666666668
0,2,1,2,3,7,False,3243240,756.9408000000001,12.5
0,2,1,2,2,8,False,810810,638.6688,15.0
0,2,1,2,1,9,False,90090,484.91519999999997,20.0
0,2,1,1,11,0,False,16380,406.56000000000006,23.636363636363633
0,2,1,1,10,1,False,163800,487.872,20.0
0,2,1,1,9,2,False,737100,569.1840000000001,17.27272727272727
0,2,1,1,8,3,False,1965600,650.4960000000001,14.545454545454545
0,2,1,1,7,4,False,3439800,731.8080000000001,13.636363636363635
0,2,1,1,6,5,False,4127760,813.1200000000001,11.818181818181817
0,2,1,1,5,6,False,3439800,894.4320000000001,10.909090909090908
0,2,1,1,4,7,False,1965600,834.8032000000001,11.818181818181817
0,2,1,1,3,8,False,737100,742.6496000000002,12.727272727272727
0,2,1,1,2,9,False,163800,617.9712,15.454545454545453
0,2,1,1,1,10,False,16380,460.7680000000001,20.909090909090907
0,2,1,0,12,0,False,1365,369.6,26.0
0,2,1,0,11,1,False,15015,443.52,22.0
0,2,1,0,10,2,False,75075,517.44,19.0
0,2,1,0,9,3,False,225225,591.36,16.0
0,2,1,0,8,4,False,450450,665.2800000000001,15.0
0,2,1,0,7,5,False,630630,739.2,13.0
0,2,1,0,6,6,False,630630,813.12,12.0
0,2,1,0,5,7,False,450450,887.04,11.0
0,2,1,0,4,8,False,225225,818.048,12.0
0,2,1,0,3,9,False,75075,719.488,14.0
0,2,1,0,2,10,False,15015,591.3600000000001,16.0
0,2,1,0,1,11,False,1365,433.66400000000004,22.0
0,2,0,13,0,0,False,105,515.1999999999999,18.260869565217394
0,2,0,12,1,0,False,1365,542.08,17.727272727272727
0,2,0,11,2,0,False,8190,564.48,16.666666666666664
0,2,0,11,1,1,False,8190,545.6640000000002,17.619047619047617
0,2,0,10,3,0,False,30030,582.4,16.5
0,2,0,10,2,1,False,60060,591.36,16.0
0,2,0,10,1,2,False,30030,546.56,17.5
0,2,0,9,4,0,False,75075,595.84,15.789473684210527
0,2,0,9,3,1,False,225225,629.8879999999999,15.263157894736842
0,2,0,9,2,2,False,225225,612.8639999999999,15.789473684210527
0,2,0,9,1,3,False,75075,544.768,17.36842105263158
0,2,0,8,5,0,False,135135,604.8000000000001,15.555555555555555
0,2,0,8,4,1,False,540540,661.2480000000002,14.444444444444445
0,2,0,8,3,2,False,810810,669.3120000000001,14.444444444444445
0,2,0,8,2,3,False,540540,628.9920000000001,15.0
0,2,0,8,1,4,False,135135,540.288,17.77777777777778
0,2,0,7,6,0,False,180180,571.2,16.470588235294116
0,2,0,7,5,1,False,900900,685.4400000000002,14.117647058823527
0,2,0,7,4,2,False,1801800,715.9040000000001,13.52941176470588
0,2,0,7,3,3,False,1801800,700.6720000000003,13.52941176470588
0,2,0,7,2,4,False,900900,639.7440000000001,14.705882352941176
0,2,0,7,1,5,False,180180,533.1200000000001,17.64705882352941
0,2,0,6,7,0,False,180180,537.6,17.5
0,2,0,6,6,1,False,1081080,645.1200000000001,15.0
0,2,0,6,5,2,False,2702700,752.6400000000001,12.5
0,2,0,6,4,3,False,3603600,759.8080000000001,12.5
0,2,0,6,3,4,False,2702700,723.9680000000003,13.125
0,2,0,6,2,5,False,1081080,645.1200000000001,15.0
0,2,0,6,1,6,False,180180,523.264,18.125
0,2,0,5,8,0,False,135135,504.0,18.666666666666668
0,2,0,5,7,1,False,945945,604.8000000000001,16.0
0,2,0,5,6,2,False,2837835,705.6,13.333333333333334
0,2,0,5,5,3,False,4729725,806.4000000000001,12.0
0,2,0,5,4,4,False,4729725,792.9600000000002,12.0
0,2,0,5,3,5,False,2837835,739.2,13.333333333333334
0,2,0,5,2,6,False,945945,645.1200000000001,14.666666666666666
0,2,0,5,1,7,False,135135,510.72,18.666666666666668
0,2,0,4,9,0,False,75075,470.4,20.0
0,2,0,4,8,1,False,600600,564.48,17.142857142857142
0,2,0,4,7,2,False,2102100,658.5600000000001,14.285714285714286
0,2,0,4,6,3,False,4204200,752.64,12.857142857142858
0,2,0,4,5,4,False,5255250,846.72,11.428571428571429
0,2,0,4,4,5,False,4204200,815.3599999999999,12.142857142857144
0,2,0,4,3,6,False,2102100,746.3679999999999,12.857142857142858
0,2,0,4,2,7,False,600600,639.744,15.000000000000002
0,2,0,4,1,8,False,75075,495.48800000000006,19.28571428571429
0,2,0,3,10,0,False,30030,436.8,21.538461538461537
0,2,0,3,9,1,False,270270,524.1600000000001,18.46153846153846
0,2,0,3,8,2,False,1081080,611.5200000000001,15.384615384615383
0,2,0,3,7,3,False,2522520,698.8800000000001,13.846153846153845
0,2,0,3,6,4,False,3783780,786.2400000000001,12.307692307692307
0,2,0,3,5,5,False,3783780,873.6,10.769230769230768
0,2,0,3,4,6,False,2522520,827.008,11.538461538461538
0,2,0,3,3,7,False,1081080,745.4720000000002,13.076923076923077
0,2,0,3,2,8,False,270270,628.9920000000002,15.384615384615383
0,2,0,3,1,9,False,30030,477.56800000000004,20.0
0,2,0,2,11,0,False,8190,403.2,23.333333333333336
0,2,0,2,10,1,False,81900,483.84000000000003,20.0
0,2,0,2,9,2,False,368550,564.48,16.666666666666668
0,2,0,2,8,3,False,982800,645.12,15.0
0,2,0,2,7,4,False,1719900,725.7600000000001,13.333333333333334
0,2,0,2,6,5,False,2063880,806.4,11.666666666666668
0,2,0,2,5,6,False,1719900,887.0400000000001,10.833333333333334
0,2,0,2,4,7,False,982800,827.9040000000001,11.666666666666668
0,2,0,2,3,8,False,368550,736.5120000000001,13.333333333333334
0,2,0,2,2,9,False,81900,612.864,15.833333333333334
0,2,0,2,1,10,False,8190,456.9600000000001,20.833333333333336
0,2,0,1,12,0,False,1365,369.6,25.454545454545453
0,2,0,1,11,1,False,15015,443.5200000000001,21.818181818181817
0,2,0,1,10,2,False,75075,517.44,18.18181818181818
0,2,0,1,9,3,False,225225,591.3600000000001,16.363636363636363
0,2,0,1,8,4,False,450450,665.2800000000001,14.545454545454545
0,2,0,1,7,5,False,630630,739.2,12.727272727272727
0,2,0,1,6,6,False,630630,813.1200000000001,11.818181818181817
0,2,0,1,5,7,False,450450,887.0400000000002,10.909090909090908
0,2,0,1,4,8,False,225225,818.048,11.818181818181817
0,2,0,1,3,9,False,75075,719.488,13.636363636363635
0,2,0,1,2,10,False,15015,591.3600000000002,16.363636363636363
0,2,0,1,1,11,False,1365,433.66400000000004,21.818181818181817
0,2,0,0,13,0,False,105,336.0,28.0
0,2,0,0,12,1,False,1260,403.20000000000005,24.0
0,2,0,0,11,2,False,6930,470.40000000000003,20.0
0,2,0,0,10,3,False,23100,537.6,18.0
0,2,0,0,9,4,False,51975,604.8000000000001,16.0
0,2,0,0,8,5,False,83160,672.0,14.0
0,2,0,0,7,6,False,97020,739.2,13.0
0,2,0,0,6,7,False,83160,806.4000000000001,12.0
0,2,0,0,5,8,False,51975,873.6,11.0
0,2,0,0,4,9,False,23100,797.4399999999999,12.0
0,2,0,0,3,10,False,6930,694.4000000000001,14.0
0,2,0,0,2,11,False,1260,564.48,17.0
0,2,0,0,1,12,False,105,407.68,24.0
0,1,14,0,0,0,False,15,364.80000000000007,26.0
0,1,13,1,0,0,False,210,384.56,24.545454545454543
0,1,13,0,1,0,False,210,384.56,25.0
0,1,12,2,0,0,False,1365,401.2800000000001,24.166666666666668
0,1,12,1,1,0,False,2730,404.6240000000002,23.636363636363633
0,1,12,0,2,0,False,1365,401.28000000000003,24.0
0,1,12,0,1,1,False,1365,387.9040000000001,25.0
0,1,11,3,0,0,False,5460,414.9600000000001,23.076923076923077
0,1,11,2,1,0,False,16380,421.34400000000005,22.5
0,1,11,1,2,0,False,16380,421.344,22.727272727272727
0,1,11,1,1,1,False,16380,407.2992000000001,23.636363636363633
0,1,11,0,3,0,False,5460,414.96000000000004,23.0
0,1,11,0,2,1,False,10920,421.34400000000005,23.0
0,1,11,0,1,2,False,5460,389.424,25.0
0,1,10,4,0,0,False,15015,425.59999999999997,22.142857142857146
0,1,10,3,1,0,False,60060,434.72000000000014,22.307692307692307
0,1,10,2,2,0,False,90090,437.76,21.666666666666668
0,1,10,2,1,1,False,90090,423.1680000000001,22.5
0,1,10,1,3,0,False,60060,434.7200000000001,21.818181818181817
0,1,10,1,2,1,False,120120,441.4080000000001,21.818181818181817
0,1,10,1,1,2,False,60060,407.968,23.636363636363633
0,1,10,0,4,0,False,15015,425.6,23.0
0,1,10,0,3,1,False,45045,449.92,21.0
0,1,10,0,2,2,False,45045,437.76,22.0
0,1,10,0,1,3,False,15015,389.12000000000006,25.0
0,1,9,5,0,0,False,30030,433.20000000000005,22.0
0,1,9,4,1,0,False,150150,444.75200000000007,21.42857142857143
0,1,9,3,2,0,False,300300,450.528,21.538461538461537
0,1,9,3,1,1,False,300300,435.51040000000006,22.307692307692307
0,1,9,2,3,0,False,300300,450.5280000000001,21.666666666666668
0,1,9,2,2,1,False,600600,457.45920000000007,20.833333333333336
0,1,9,2,1,2,False,300300,422.8032,22.5
0,1,9,1,4,0,False,150150,444.752,21.818181818181817
0,1,9,1,3,1,False,450450,470.1664,20.0
0,1,9,1,2,2,False,450450,457.4592000000001,20.909090909090907
0,1,9,1,1,3,False,150150,406.6304,23.636363636363633
0,1,9,0,5,0,False,30030,433.20000000000005,22.0
0,1,9,0,4,1,False,120120,473.63200000000006,20.0
0,1,9,0,3,2,False,180180,479.40800000000013,20.0
0,1,9,0,2,3,False,120120,450.528,21.0
0,1,9,0,1,4,False,30030,386.992,25.0
0,1,8,6,0,0,False,45045,437.76000000000005,21.875
0,1,8,5,1,0,False,270270,451.44000000000005,21.333333333333332
0,1,8,4,2,0,False,675675,459.64799999999997,20.714285714285715
0,1,8,4,1,1,False,675675,444.32640000000004,21.42857142857143
0,1,8,3,3,0,False,900900,462.38400000000007,20.76923076923077
0,1,8,3,2,1,False,1801800,469.4976000000001,20.76923076923077
0,1,8,3,1,2,False,900900,433.92960000000005,22.307692307692307
0,1,8,2,4,0,False,675675,459.64799999999997,20.833333333333336
0,1,8,2,3,1,False,2027025,485.9136,20.0
0,1,8,2,2,2,False,2027025,472.78079999999994,20.0
0,1,8,2,1,3,False,675675,420.24960000000004,22.5
0,1,8,1,5,0,False,270270,451.44000000000005,20.909090909090907
0,1,8,1,4,1,False,1081080,493.5744,19.09090909090909
0,1,8,1,3,2,False,1621620,499.5936000000001,19.09090909090909
0,1,8,1,2,3,False,1081080,469.4976000000001,20.909090909090907
0,1,8,1,1,4,False,270270,403.28640000000007,23.636363636363633
0,1,8,0,6,0,False,45045,410.40000000000003,23.0
0,1,8,0,5,1,False,225225,492.48,20.0
0,1,8,0,4,2,False,450450,514.368,19.0
0,1,8,0,3,3,False,450450,503.424,19.0
0,1,8,0,2,4,False,225225,459.6480000000001,21.0
0,1,8,0,1,5,False,45045,383.03999999999996,25.0
0,1,7,7,0,0,False,51480,439.2800000000001,21.76470588235294
0,1,7,6,1,0,False,360360,454.7840000000001,21.25
0,1,7,5,2,0,False,1081080,465.1200000000001,20.666666666666668
0,1,7,5,1,1,False,1081080,449.6160000000001,21.333333333333332
0,1,7,4,3,0,False,1801800,470.28800000000007,20.0
0,1,7,4,2,1,False,3603600,477.5232000000001,20.0
0,1,7,4,1,2,False,1801800,441.34720000000004,21.42857142857143
0,1,7,3,4,0,False,1801800,470.28800000000007,20.0
0,1,7,3,3,1,False,5405400,497.16160000000013,19.23076923076923
0,1,7,3,2,2,False,5405400,483.7248000000001,20.0
0,1,7,3,1,3,False,1801800,429.9776000000001,22.307692307692307
0,1,7,2,5,0,False,1081080,465.1200000000001,20.833333333333336
0,1,7,2,4,1,False,4324320,508.5312000000001,19.166666666666668
0,1,7,2,3,2,False,6486480,514.7328000000002,18.333333333333336
0,1,7,2,2,3,False,4324320,483.7248000000001,20.0
0,1,7,2,1,4,False,1081080,415.50720000000007,23.333333333333336
0,1,7,1,6,0,False,360360,426.3600000000002,22.727272727272727
0,1,7,1,5,1,False,1801800,511.6320000000002,19.09090909090909
0,1,7,1,4,2,False,3603600,534.3712000000002,18.18181818181818
0,1,7,1,3,3,False,3603600,523.0016000000002,18.18181818181818
0,1,7,1,2,4,False,1801800,477.52320000000014,20.0
0,1,7,1,1,5,False,360360,397.9360000000001,23.636363636363633
0,1,7,0,7,0,False,51480,387.60000000000014,25.0
0,1,7,0,6,1,False,308880,465.1200000000001,21.0
0,1,7,0,5,2,False,772200,542.6400000000002,18.0
0,1,7,0,4,3,False,1029600,547.8080000000001,18.0
0,1,7,0,3,4,False,772200,521.9680000000002,19.0
0,1,7,0,2,5,False,308880,465.1200000000001,21.0
0,1,7,0,1,6,False,51480,377.2640000000001,25.0
0,1,6,8,0,0,False,45045,437.76000000000005,21.666666666666668
0,1,6,7,1,0,False,360360,454.7840000000001,21.176470588235293
0,1,6,6,2,0,False,1261260,466.9440000000001,20.625
0,1,6,6,1,1,False,1261260,451.3792000000001,21.25
0,1,6,5,3,0,False,2522520,474.24,20.0
0,1,6,5,2,1,False,5045040,481.53600000000006,20.0
0,1,6,5,1,2,False,2522520,445.05600000000004,21.333333333333332
0,1,6,4,4,0,False,3153150,476.67199999999997,20.0
0,1,6,4,3,1,False,9459450,503.91040000000004,19.28571428571429
0,1,6,4,2,2,False,9459450,490.2912,19.28571428571429
0,1,6,4,1,3,False,3153150,435.81440000000003,22.142857142857146
0,1,6,3,5,0,False,2522520,474.24,20.0
0,1,6,3,4,1,False,10090080,518.5024000000001,18.46153846153846
0,1,6,3,3,2,False,15135120,524.8256000000001,18.46153846153846
0,1,6,3,2,3,False,10090080,493.2096000000001,19.23076923076923
0,1,6,3,1,4,False,2522520,423.65440000000007,22.307692307692307
0,1,6,2,6,0,False,1261260,437.76,21.666666666666668
0,1,6,2,5,1,False,6306300,525.312,18.333333333333336
0,1,6,2,4,2,False,12612600,548.6591999999999,17.5
0,1,6,2,3,3,False,12612600,536.9856000000001,18.333333333333336
0,1,6,2,2,4,False,6306300,490.2912,20.0
0,1,6,2,1,5,False,1261260,408.576,23.333333333333336
0,1,6,1,7,0,False,360360,401.28000000000003,23.636363636363633
0,1,6,1,6,1,False,2162160,481.5360000000001,20.0
0,1,6,1,5,2,False,5405400,561.792,17.27272727272727
0,1,6,1,4,3,False,7207200,567.1424000000001,17.27272727272727
0,1,6,1,3,4,False,5405400,540.3904000000002,18.18181818181818
0,1,6,1,2,5,False,2162160,481.5360000000001,20.0
0,1,6,1,1,6,False,360360,390.5792,24.545454545454543
0,1,6,0,8,0,False,45045,364.8,26.0
0,1,6,0,7,1,False,315315,437.76000000000005,22.0
0,1,6,0,6,2,False,945945,510.72,19.0
0,1,6,0,5,3,False,1576575,583.6800000000001,17.0
0,1,6,0,4,4,False,1576575,573.9520000000001,17.0
0,1,6,0,3,5,False,945945,535.0400000000001,18.0
0,1,6,0,2,6,False,315315,466.94399999999996,21.0
0,1,6,0,1,7,False,45045,369.664,26.0
0,1,5,9,0,0,False,30030,433.2,22.105263157894736
0,1,5,8,1,0,False,270270,451.44000000000005,21.11111111111111
0,1,5,7,2,0,False,1081080,465.12000000000006,20.588235294117645
0,1,5,7,1,1,False,1081080,449.6160000000001,21.176470588235293
0,1,5,6,3,0,False,2522520,474.24000000000007,20.0
0,1,5,6,2,1,False,5045040,481.53600000000006,20.0
0,1,5,6,1,2,False,2522520,445.05600000000004,21.25
0,1,5,5,4,0,False,3783780,478.80000000000007,20.0
0,1,5,5,3,1,False,11351340,506.1600000000001,18.666666666666668
0,1,5,5,2,2,False,11351340,492.48,19.333333333333332
0,1,5,5,1,3,False,3783780,437.76000000000005,22.0
0,1,5,4,5,0,False,3783780,478.79999999999995,20.0
0,1,5,4,4,1,False,15135120,523.488,18.571428571428573
0,1,5,4,3,2,False,22702680,529.872,17.857142857142858
0,1,5,4,2,3,False,15135120,497.95200000000006,19.28571428571429
0,1,5,4,1,4,False,3783780,427.728,22.142857142857146
0,1,5,3,6,0,False,2522520,444.6,21.538461538461537
0,1,5,3,5,1,False,12612600,533.5200000000001,17.692307692307693
0,1,5,3,4,2,False,25225200,557.2320000000002,16.923076923076923
0,1,5,3,3,3,False,25225200,545.376,17.692307692307693
0,1,5,3,2,4,False,12612600,497.9520000000001,19.23076923076923
0,1,5,3,1,5,False,2522520,414.9600000000001,23.076923076923077
0,1,5,2,7,0,False,1081080,410.4,23.333333333333336
0,1,5,2,6,1,False,6486480,492.48,19.166666666666668
0,1,5,2,5,2,False,16216200,574.56,16.666666666666668
0,1,5,2,4,3,False,21621600,580.032,16.666666666666668
0,1,5,2,3,4,False,16216200,552.6720000000001,17.5
0,1,5,2,2,5,False,6486480,492.48,19.166666666666668
0,1,5,2,1,6,False,1081080,399.45599999999996,24.166666666666668
0,1,5,1,8,0,False,270270,376.20000000000005,25.454545454545453
0,1,5,1,7,1,False,1891890,451.44000000000005,20.909090909090907
0,1,5,1,6,2,False,5675670,526.6800000000001,18.18181818181818
0,1,5,1,5,3,False,9459450,601.9200000000001,16.363636363636363
0,1,5,1,4,4,False,9459450,591.8880000000003,16.363636363636363
0,1,5,1,3,5,False,5675670,551.7600000000001,17.27272727272727
0,1,5,1,2,6,False,1891890,481.536,20.0
0,1,5,1,1,7,False,270270,381.216,25.454545454545453
0,1,5,0,9,0,False,30030,342.0,28.0
0,1,5,0,8,1,False,240240,410.40000000000003,23.0
0,1,5,0,7,2,False,840840,478.8,20.0
0,1,5,0,6,3,False,1681680,547.2,18.0
0,1,5,0,5,4,False,2102100,615.6,16.0
0,1,5,0,4,5,False,1681680,592.8000000000001,16.0
0,1,5,0,3,6,False,840840,542.64,18.0
0,1,5,0,2,7,False,240240,465.12,21.0
0,1,5,0,1,8,False,30030,360.24,27.0
0,1,4,10,0,0,False,15015,425.6,22.5
0,1,4,9,1,0,False,150150,444.75200000000007,21.578947368421055
0,1,4,8,2,0,False,675675,459.648,20.555555555555554
0,1,4,8,1,1,False,675675,444.32640000000015,21.666666666666668
0,1,4,7,3,0,False,1801800,470.2880000000001,19.999999999999996
0,1,4,7,2,1,False,3603600,477.5232000000001,19.999999999999996
0,1,4,7,1,2,False,1801800,441.34720000000004,21.76470588235294
0,1,4,6,4,0,False,3153150,476.672,20.0
0,1,4,6,3,1,False,9459450,503.91040000000004,18.75
0,1,4,6,2,2,False,9459450,490.29119999999995,19.375
0,1,4,6,1,3,False,3153150,435.81440000000003,21.875
0,1,4,5,5,0,False,3783780,478.80000000000007,20.0
0,1,4,5,4,1,False,15135120,523.488,18.0
0,1,4,5,3,2,False,22702680,529.8720000000001,18.0
0,1,4,5,2,3,False,15135120,497.9520000000001,19.333333333333332
0,1,4,5,1,4,False,3783780,427.72799999999995,22.0
0,1,4,4,6,0,False,3153150,446.88000000000005,21.42857142857143
0,1,4,4,5,1,False,15765750,536.256,17.857142857142858
0,1,4,4,4,2,False,31531500,560.0896,17.142857142857142
0,1,4,4,3,3,False,31531500,548.1727999999999,17.857142857142858
0,1,4,4,2,4,False,15765750,500.5056000000001,19.28571428571429
0,1,4,4,1,5,False,3153150,417.088,22.857142857142858
0,1,4,3,7,0,False,1801800,414.9600000000001,23.076923076923077
0,1,4,3,6,1,False,10810800,497.95200000000006,19.23076923076923
0,1,4,3,5,2,False,27027000,580.9440000000001,16.923076923076923
0,1,4,3,4,3,False,36036000,586.4768000000001,16.153846153846153
0,1,4,3,3,4,False,27027000,558.8128000000003,16.923076923076923
0,1,4,3,2,5,False,10810800,497.95200000000006,19.23076923076923
0,1,4,3,1,6,False,1801800,403.8944000000001,23.846153846153847
0,1,4,2,8,0,False,675675,383.04,25.0
0,1,4,2,7,1,False,4729725,459.648,20.833333333333336
0,1,4,2,6,2,False,14189175,536.2560000000001,18.333333333333336
0,1,4,2,5,3,False,23648625,612.864,15.833333333333334
0,1,4,2,4,4,False,23648625,602.6496000000001,15.833333333333334
0,1,4,2,3,5,False,14189175,561.792,17.5
0,1,4,2,2,6,False,4729725,490.2912,20.0
0,1,4,2,1,7,False,675675,388.1472,25.0
0,1,4,1,9,0,False,150150,351.12000000000006,27.27272727272727
0,1,4,1,8,1,False,1201200,421.34400000000005,22.727272727272727
0,1,4,1,7,2,False,4204200,491.5680000000001,20.0
0,1,4,1,6,3,False,8408400,561.792,17.27272727272727
0,1,4,1,5,4,False,10510500,632.0160000000001,15.454545454545453
0,1,4,1,4,5,False,8408400,608.6080000000002,15.454545454545453
0,1,4,1,3,6,False,4204200,557.1104,17.27272727272727
0,1,4,1,2,7,False,1201200,477.5232000000001,20.0
0,1,4,1,1,8,False,150150,369.8464000000001,25.454545454545453
0,1,4,0,10,0,False,15015,319.20000000000005,30.0
0,1,4,0,9,1,False,135135,383.04,25.0
0,1,4,0,8,2,False,540540,446.88000000000005,22.0
0,1,4,0,7,3,False,1261260,510.72,19.0
0,1,4,0,6,4,False,1891890,574.5600000000001,17.0
0,1,4,0,5,5,False,1891890,638.4000000000001,15.0
0,1,4,0,4,6,False,1261260,604.352,16.0
0,1,4,0,3,7,False,540540,544.7680000000001,18.0
0,1,4,0,2,8,False,135135,459.6480000000001,21.0
0,1,4,0,1,9,False,15015,348.99199999999996,27.0
0,1,3,11,0,0,False,5460,414.9600000000001,22.857142857142858
0,1,3,10,1,0,False,60060,434.7200000000001,22.0
0,1,3,9,2,0,False,300300,450.52799999999996,21.05263157894737
0,1,3,9,1,1,False,300300,435.51040000000006,22.105263157894736
0,1,3,8,3,0,False,900900,462.3840000000001,20.555555555555554
0,1,3,8,2,1,False,1801800,469.4976000000001,20.555555555555554
0,1,3,8,1,2,False,900900,433.9296,21.666666666666668
0,1,3,7,4,0,False,1801800,470.288,19.999999999999996
0,1,3,7,3,1,False,5405400,497.16160000000013,19.41176470588235
0,1,3,7,2,2,False,5405400,483.72480000000013,19.999999999999996
0,1,3,7,1,3,False,1801800,429.9776000000001,22.352941176470587
0,1,3,6,5,0,False,2522520,474.24000000000007,20.0
0,1,3,6,4,1,False,10090080,518.5024000000002,18.75
0,1,3,6,3,2,False,15135120,524.8256000000001,18.125
0,1,3,6,2,3,False,10090080,493.2096000000001,19.375
0,1,3,6,1,4,False,2522520,423.6544000000001,22.5
0,1,3,5,6,0,False,2522520,444.6,21.333333333333332
0,1,3,5,5,1,False,12612600,533.5200000000001,18.0
0,1,3,5,4,2,False,25225200,557.2320000000001,17.333333333333332
0,1,3,5,3,3,False,25225200,545.3760000000001,17.333333333333332
0,1,3,5,2,4,False,12612600,497.9520000000001,19.333333333333332
0,1,3,5,1,5,False,2522520,414.96,22.666666666666668
0,1,3,4,7,0,False,1801800,414.96000000000004,22.857142857142858
0,1,3,4,6,1,False,10810800,497.95200000000006,19.28571428571429
0,1,3,4,5,2,False,27027000,580.944,16.42857142857143
0,1,3,4,4,3,False,36036000,586.4768,16.42857142857143
0,1,3,4,3,4,False,27027000,558.8128000000002,17.142857142857142
0,1,3,4,2,5,False,10810800,497.95200000000006,19.28571428571429
0,1,3,4,1,6,False,1801800,403.8944,23.571428571428573
0,1,3,3,8,0,False,900900,385.32000000000005,24.615384615384613
0,1,3,3,7,1,False,6306300,462.38400000000007,20.76923076923077
0,1,3,3,6,2,False,18918900,539.4480000000001,17.692307692307693
0,1,3,3,5,3,False,31531500,616.5120000000001,15.384615384615383
0,1,3,3,4,4,False,31531500,606.2368000000001,16.153846153846153
0,1,3,3,3,5,False,18918900,565.1360000000001,16.923076923076923
0,1,3,3,2,6,False,6306300,493.2096000000001,19.23076923076923
0,1,3,3,1,7,False,900900,390.45760000000007,24.615384615384613
0,1,3,2,9,0,False,300300,355.68,26.666666666666668
0,1,3,2,8,1,False,2402400,426.8160000000001,22.5
0,1,3,2,7,2,False,8408400,497.952,19.166666666666668
0,1,3,2,6,3,False,16816800,569.088,16.666666666666668
0,1,3,2,5,4,False,21021000,640.224,15.0
0,1,3,2,4,5,False,16816800,616.5120000000001,15.833333333333334
0,1,3,2,3,6,False,8408400,564.3456,16.666666666666668
0,1,3,2,2,7,False,2402400,483.7248,20.0
0,1,3,2,1,8,False,300300,374.6496,25.833333333333336
0,1,3,1,10,0,False,60060,326.0400000000001,29.09090909090909
0,1,3,1,9,1,False,540540,391.2480000000001,24.545454545454543
0,1,3,1,8,2,False,2162160,456.4560000000001,20.909090909090907
0,1,3,1,7,3,False,5045040,521.6640000000001,18.18181818181818
0,1,3,1,6,4,False,7567560,586.8720000000002,16.363636363636363
0,1,3,1,5,5,False,7567560,652.0800000000002,14.545454545454545
0,1,3,1,4,6,False,5045040,617.3024000000001,15.454545454545453
0,1,3,1,3,7,False,2162160,556.4416000000002,17.27272727272727
0,1,3,1,2,8,False,540540,469.4976000000001,20.909090909090907
0,1,3,1,1,9,False,60060,356.47040000000004,27.27272727272727
0,1,3,0,11,0,False,5460,296.40000000000003,32.0
0,1,3,0,10,1,False,54600,355.68000000000006,27.0
0,1,3,0,9,2,False,245700,414.96000000000004,23.0
0,1,3,0,8,3,False,655200,474.24,20.0
0,1,3,0,7,4,False,1146600,533.5200000000001,18.0
0,1,3,0,6,5,False,1375920,592.8000000000001,16.0
0,1,3,0,5,6,False,1146600,652.0799999999999,15.0
0,1,3,0,4,7,False,655200,608.6080000000001,16.0
0,1,3,0,3,8,False,245700,541.4240000000001,18.0
0,1,3,0,2,9,False,54600,450.528,21.0
0,1,3,0,1,10,False,5460,335.9200000000001,28.0
0,1,2,12,0,0,False,1365,401.28000000000003,23.636363636363633
0,1,2,11,1,0,False,16380,421.34400000000005,22.38095238095238
0,1,2,10,2,0,False,90090,437.76,21.5
0,1,2,10,1,1,False,90090,423.16800000000006,22.5
0,1,2,9,3,0,False,300300,450.528,21.05263157894737
0,1,2,9,2,1,False,600600,457.4592,21.05263157894737
0,1,2,9,1,2,False,300300,422.80319999999995,22.63157894736842
0,1,2,8,4,0,False,675675,459.648,20.555555555555554
0,1,2,8,3,1,False,2027025,485.91360000000003,19.444444444444443
0,1,2,8,2,2,False,2027025,472.7808,20.0
0,1,2,8,1,3,False,675675,420.2496000000001,22.77777777777778
0,1,2,7,5,0,False,1081080,465.12000000000006,20.588235294117645
0,1,2,7,4,1,False,4324320,508.53120000000007,18.823529411764703
0,1,2,7,3,2,False,6486480,514.7328000000001,18.823529411764703
0,1,2,7,2,3,False,4324320,483.72480000000013,19.999999999999996
0,1,2,7,1,4,False,1081080,415.5072000000001,22.941176470588232
0,1,2,6,6,0,False,1261260,437.76000000000005,21.875
0,1,2,6,5,1,False,6306300,525.3120000000001,18.125
0,1,2,6,4,2,False,12612600,548.6592,17.5
0,1,2,6,3,3,False,12612600,536.9856000000001,18.125
0,1,2,6,2,4,False,6306300,490.29120000000006,19.375
0,1,2,6,1,5,False,1261260,408.576,23.125
0,1,2,5,7,0,False,1081080,410.40000000000003,23.333333333333332
0,1,2,5,6,1,False,6486480,492.4800000000001,19.333333333333332
0,1,2,5,5,2,False,16216200,574.5600000000001,16.666666666666668
0,1,2,5,4,3,False,21621600,580.032,16.666666666666668
0,1,2,5,3,4,False,16216200,552.6720000000001,17.333333333333332
0,1,2,5,2,5,False,6486480,492.4800000000001,19.333333333333332
0,1,2,5,1,6,False,1081080,399.456,24.0
0,1,2,4,8,0,False,675675,383.04,25.0
0,1,2,4,7,1,False,4729725,459.648,20.714285714285715
0,1,2,4,6,2,False,14189175,536.256,17.857142857142858
0,1,2,4,5,3,False,23648625,612.8639999999999,15.714285714285715
0,1,2,4,4,4,False,23648625,602.6496000000001,15.714285714285715
0,1,2,4,3,5,False,14189175,561.792,17.142857142857142
0,1,2,4,2,6,False,4729725,490.2912,19.28571428571429
0,1,2,4,1,7,False,675675,388.14719999999994,24.28571428571429
0,1,2,3,9,0,False,300300,355.68000000000006,26.923076923076923
0,1,2,3,8,1,False,2402400,426.8160000000001,22.307692307692307
0,1,2,3,7,2,False,8408400,497.95200000000006,19.23076923076923
0,1,2,3,6,3,False,16816800,569.088,16.923076923076923
0,1,2,3,5,4,False,21021000,640.224,15.384615384615383
0,1,2,3,4,5,False,16816800,616.5120000000001,15.384615384615383
0,1,2,3,3,6,False,8408400,564.3456000000001,16.923076923076923
0,1,2,3,2,7,False,2402400,483.7248,20.0
0,1,2,3,1,8,False,300300,374.6496,25.384615384615383
0,1,2,2,10,0,False,90090,328.32,29.166666666666668
0,1,2,2,9,1,False,810810,393.98400000000004,24.166666666666668
0,1,2,2,8,2,False,3243240,459.648,20.833333333333336
0,1,2,2,7,3,False,7567560,525.312,18.333333333333336
0,1,2,2,6,4,False,11351340,590.976,16.666666666666668
0,1,2,2,5,5,False,11351340,656.64,15.0
0,1,2,2,4,6,False,7567560,621.6192,15.833333333333334
0,1,2,2,3,7,False,3243240,560.3328,17.5
0,1,2,2,2,8,False,810810,472.7808,20.0
0,1,2,2,1,9,False,90090,358.9632,26.666666666666668
0,1,2,1,11,0,False,16380,300.96000000000004,31.818181818181817
0,1,2,1,10,1,False,163800,361.1520000000001,26.36363636363636
0,1,2,1,9,2,False,737100,421.34400000000005,22.727272727272727
0,1,2,1,8,3,False,1965600,481.536,20.0
0,1,2,1,7,4,False,3439800,541.7280000000001,18.18181818181818
0,1,2,1,6,5,False,4127760,601.9200000000001,16.363636363636363
0,1,2,1,5,6,False,3439800,662.112,14.545454545454545
0,1,2,1,4,7,False,1965600,617.9712000000001,15.454545454545453
0,1,2,1,3,8,False,737100,549.7536000000001,17.27272727272727
0,1,2,1,2,9,False,163800,457.4592,20.909090909090907
0,1,2,1,1,10,False,16380,341.0880000000001,28.18181818181818
0,1,2,0,12,0,False,1365,273.6,35.0
0,1,2,0,11,1,False,15015,328.32000000000005,29.0
0,1,2,0,10,2,False,75075,383.04,25.0
0,1,2,0,9,3,False,225225,437.76,22.0
0,1,2,0,8,4,False,450450,492.48,20.0
0,1,2,0,7,5,False,630630,547.2,18.0
0,1,2,0,6,6,False,630630,601.92,16.0
0,1,2,0,5,7,False,450450,656.6400000000001,15.0
0,1,2,0,4,8,False,225225,605.568,16.0
0,1,2,0,3,9,False,75075,532.6080000000001,18.0
0,1,2,0,2,10,False,15015,437.76000000000005,22.0
0,1,2,0,1,11,False,1365,321.02400000000006,30.0
0,1,1,13,0,0,False,210,384.56000000000006,24.782608695652176
0,1,1,12,1,0,False,2730,404.6240000000002,23.636363636363633
0,1,1,11,2,0,False,16380,421.34400000000005,22.38095238095238
0,1,1,11,1,1,False,16380,407.29920000000016,23.333333333333332
0,1,1,10,3,0,False,60060,434.7200000000001,22.0
0,1,1,10,2,1,False,120120,441.40800000000013,21.5
0,1,1,10,1,2,False,60060,407.9680000000001,23.5
0,1,1,9,4,0,False,150150,444.75200000000007,21.578947368421055
0,1,1,9,3,1,False,450450,470.16640000000007,20.0
0,1,1,9,2,2,False,450450,457.4592,21.05263157894737
0,1,1,9,1,3,False,150150,406.63040000000007,23.157894736842106
0,1,1,8,5,0,False,270270,451.4400000000001,21.11111111111111
0,1,1,8,4,1,False,1081080,493.5744000000001,19.444444444444443
0,1,1,8,3,2,False,1621620,499.59360000000015,18.88888888888889
0,1,1,8,2,3,False,1081080,469.4976000000001,20.555555555555554
0,1,1,8,1,4,False,270270,403.2864000000001,23.333333333333332
0,1,1,7,6,0,False,360360,426.3600000000002,22.352941176470587
0,1,1,7,5,1,False,1801800,511.6320000000001,18.823529411764703
0,1,1,7,4,2,False,3603600,534.3712000000002,17.64705882352941
0,1,1,7,3,3,False,3603600,523.0016000000002,18.235294117647058
0,1,1,7,2,4,False,1801800,477.52320000000014,19.999999999999996
0,1,1,7,1,5,False,360360,397.9360000000001,24.117647058823525
0,1,1,6,7,0,False,360360,401.28000000000014,23.75
0,1,1,6,6,1,False,2162160,481.53600000000006,20.0
0,1,1,6,5,2,False,5405400,561.7920000000003,16.875
0,1,1,6,4,3,False,7207200,567.1424000000002,16.875
0,1,1,6,3,4,False,5405400,540.3904000000002,17.5
0,1,1,6,2,5,False,2162160,481.53600000000006,20.0
0,1,1,6,1,6,False,360360,390.5792000000001,24.375
0,1,1,5,8,0,False,270270,376.2000000000001,25.333333333333332
0,1,1,5,7,1,False,1891890,451.44000000000005,21.333333333333332
0,1,1,5,6,2,False,5675670,526.6800000000002,18.0
0,1,1,5,5,3,False,9459450,601.9200000000001,16.0
0,1,1,5,4,4,False,9459450,591.8880000000001,16.0
0,1,1,5,3,5,False,5675670,551.7600000000002,17.333333333333332
0,1,1,5,2,6,False,1891890,481.53600000000006,20.0
0,1,1,5,1,7,False,270270,381.2160000000001,24.666666666666668
0,1,1,4,9,0,False,150150,351.12000000000006,27.142857142857146
0,1,1,4,8,1,False,1201200,421.34400000000005,22.857142857142858
0,1,1,4,7,2,False,4204200,491.56800000000015,19.28571428571429
0,1,1,4,6,3,False,8408400,561.792,17.142857142857142
0,1,1,4,5,4,False,10510500,632.0160000000001,15.000000000000002
0,1,1,4,4,5,False,8408400,608.6080000000001,15.714285714285715
0,1,1,4,3,6,False,4204200,557.1104000000001,17.142857142857142
0,1,1,4,2,7,False,1201200,477.5232000000001,20.0
0,1,1,4,1,8,False,150150,369.84640000000013,25.714285714285715
0,1,1,3,10,0,False,60060,326.0400000000001,29.23076923076923
0,1,1,3,9,1,False,540540,391.24800000000005,24.615384615384613
0,1,1,3,8,2,False,2162160,456.4560000000002,20.76923076923077
0,1,1,3,7,3,False,5045040,521.6640000000001,18.46153846153846
0,1,1,3,6,4,False,7567560,586.8720000000001,16.153846153846153
0,1,1,3,5,5,False,7567560,652.0800000000002,14.615384615384615
0,1,1,3,4,6,False,5045040,617.3024000000001,15.384615384615383
0,1,1,3,3,7,False,2162160,556.4416000000002,16.923076923076923
0,1,1,3,2,8,False,540540,469.49760000000015,20.76923076923077
0,1,1,3,1,9,False,60060,356.47040000000004,26.923076923076923
0,1,1,2,11,0,False,16380,300.9600000000001,31.666666666666668
0,1,1,2,10,1,False,163800,361.15200000000004,26.666666666666668
0,1,1,2,9,2,False,737100,421.3440000000001,22.5
0,1,1,2,8,3,False,1965600,481.536,20.0
0,1,1,2,7,4,False,3439800,541.7280000000001,17.5
0,1,1,2,6,5,False,4127760,601.9200000000002,15.833333333333334
0,1,1,2,5,6,False,3439800,662.1120000000001,15.0
0,1,1,2,4,7,False,1965600,617.9712000000001,15.833333333333334
0,1,1,2,3,8,False,737100,549.7536000000001,17.5
0,1,1,2,2,9,False,163800,457.45920000000007,20.833333333333336
0,1,1,2,1,10,False,16380,341.0880000000001,28.333333333333336
0,1,1,1,12,0,False,2730,275.8800000000001,34.54545454545454
0,1,1,1,11,1,False,30030,331.05600000000004,29.09090909090909
0,1,1,1,10,2,False,150150,386.23200000000014,24.545454545454543
0,1,1,1,9,3,False,450450,441.4080000000001,21.818181818181817
0,1,1,1,8,4,False,900900,496.5840000000001,19.09090909090909
0,1,1,1,7,5,False,1261260,551.7600000000002,17.27272727272727
0,1,1,1,6,6,False,1261260,606.9360000000001,16.363636363636363
0,1,1,1,5,7,False,900900,662.1120000000001,14.545454545454545
0,1,1,1,4,8,False,450450,610.6144000000003,15.454545454545453
0,1,1,1,3,9,False,150150,537.0464000000002,18.18181818181818
0,1,1,1,2,10,False,30030,441.4080000000002,21.818181818181817
0,1,1,1,1,11,False,2730,323.6992000000001,29.09090909090909
0,1,1,0,13,0,False,210,250.80000000000007,38.0
0,1,1,0,12,1,False,2520,300.96000000000004,32.0
0,1,1,0,11,2,False,13860,351.1200000000001,27.0
0,1,1,0,10,3,False,46200,401.28000000000003,24.0
0,1,1,0,9,4,False,103950,451.44000000000005,21.0
0,1,1,0,8,5,False,166320,501.60000000000014,19.0
0,1,1,0,7,6,False,194040,551.7600000000001,18.0
0,1,1,0,6,7,False,166320,601.9200000000001,16.0
0,1,1,0,5,8,False,103950,652.0800000000002,15.0
0,1,1,0,4,9,False,46200,595.232,16.0
0,1,1,0,3,10,False,13860,518.3200000000002,19.0
0,1,1,0,2,11,False,2520,421.34400000000005,23.0
0,1,1,0,1,12,False,210,304.30400000000003,31.0
0,1,0,14,0,0,False,15,364.80000000000007,25.83333333333333
0,1,0,13,1,0,False,210,384.56000000000006,24.782608695652176
0,1,0,12,2,0,False,1365,401.28000000000003,23.636363636363633
0,1,0,12,1,1,False,1365,387.90400000000017,24.545454545454543
0,1,0,11,3,0,False,5460,414.9600000000001,22.857142857142858
0,1,0,11,2,1,False,10920,421.34400000000005,22.38095238095238
0,1,0,11,1,2,False,5460,389.42400000000004,24.285714285714285
0,1,0,10,4,0,False,15015,425.6,22.5
0,1,0,10,3,1,False,45045,449.92,21.0
0,1,0,10,2,2,False,45045,437.76,21.5
0,1,0,10,1,3,False,15015,389.12000000000006,24.5
0,1,0,9,5,0,False,30030,433.2,22.105263157894736
0,1,0,9,4,1,False,120120,473.63200000000006,20.0
0,1,0,9,3,2,False,180180,479.4080000000001,20.0
0,1,0,9,2,3,False,120120,450.528,21.05263157894737
0,1,0,9,1,4,False,30030,386.9920000000001,24.736842105263158
0,1,0,8,6,0,False,45045,410.40000000000003,23.333333333333332
0,1,0,8,5,1,False,225225,492.4800000000001,19.444444444444443
0,1,0,8,4,2,False,450450,514.368,18.333333333333332
0,1,0,8,3,3,False,450450,503.42400000000004,18.88888888888889
0,1,0,8,2,4,False,225225,459.6480000000001,20.555555555555554
0,1,0,8,1,5,False,45045,383.04,25.0
0,1,0,7,7,0,False,51480,387.6,24.705882352941174
0,1,0,7,6,1,False,308880,465.12000000000006,20.588235294117645
0,1,0,7,5,2,False,772200,542.6400000000001,17.64705882352941
0,1,0,7,4,3,False,1029600,547.8080000000001,17.64705882352941
0,1,0,7,3,4,False,772200,521.9680000000002,18.235294117647058
0,1,0,7,2,5,False,308880,465.12000000000006,20.588235294117645
0,1,0,7,1,6,False,51480,377.264,25.294117647058822
0,1,0,6,8,0,False,45045,364.8,26.25
0,1,0,6,7,1,False,315315,437.76000000000005,21.875
0,1,0,6,6,2,False,945945,510.7200000000001,18.75
0,1,0,6,5,3,False,1576575,583.6800000000001,16.25
0,1,0,6,4,4,False,1576575,573.9520000000001,16.875
0,1,0,6,3,5,False,945945,535.0400000000002,18.125
0,1,0,6,2,6,False,315315,466.9440000000001,20.625
0,1,0,6,1,7,False,45045,369.66400000000004,25.625
0,1,0,5,9,0,False,30030,342.0,28.0
0,1,0,5,8,1,False,240240,410.40000000000003,23.333333333333332
0,1,0,5,7,2,False,840840,478.80000000000007,20.0
0,1,0,5,6,3,False,1681680,547.2,17.333333333333332
0,1,0,5,5,4,False,2102100,615.6,15.333333333333334
0,1,0,5,4,5,False,1681680,592.8000000000001,16.0
0,1,0,5,3,6,False,840840,542.64,17.333333333333332
0,1,0,5,2,7,False,240240,465.12000000000006,20.666666666666668
0,1,0,5,1,8,False,30030,360.24,26.666666666666668
0,1,0,4,10,0,False,15015,319.2,30.000000000000004
0,1,0,4,9,1,False,135135,383.04,25.0
0,1,0,4,8,2,False,540540,446.88000000000005,21.42857142857143
0,1,0,4,7,3,False,1261260,510.71999999999997,18.571428571428573
0,1,0,4,6,4,False,1891890,574.5600000000001,16.42857142857143
0,1,0,4,5,5,False,1891890,638.4,15.000000000000002
0,1,0,4,4,6,False,1261260,604.3520000000001,15.714285714285715
0,1,0,4,3,7,False,540540,544.7680000000001,17.857142857142858
0,1,0,4,2,8,False,135135,459.648,20.714285714285715
0,1,0,4,1,9,False,15015,348.99199999999996,27.142857142857146
0,1,0,3,11,0,False,5460,296.40000000000003,32.30769230769231
0,1,0,3,10,1,False,54600,355.68000000000006,26.923076923076923
0,1,0,3,9,2,False,245700,414.9600000000001,23.076923076923077
0,1,0,3,8,3,False,655200,474.24,20.0
0,1,0,3,7,4,False,1146600,533.5200000000001,17.692307692307693
0,1,0,3,6,5,False,1375920,592.8000000000001,16.153846153846153
0,1,0,3,5,6,False,1146600,652.08,14.615384615384615
0,1,0,3,4,7,False,655200,608.6080000000002,16.153846153846153
0,1,0,3,3,8,False,245700,541.4240000000001,17.692307692307693
0,1,0,3,2,9,False,54600,450.528,21.538461538461537
0,1,0,3,1,10,False,5460,335.9200000000001,28.46153846153846
0,1,0,2,12,0,False,1365,273.59999999999997,35.0
0,1,0,2,11,1,False,15015,328.32,29.166666666666668
0,1,0,2,10,2,False,75075,383.04,25.0
0,1,0,2,9,3,False,225225,437.76,21.666666666666668
0,1,0,2,8,4,False,450450,492.48,19.166666666666668
0,1,0,2,7,5,False,630630,547.1999999999999,17.5
0,1,0,2,6,6,False,630630,601.92,15.833333333333334
0,1,0,2,5,7,False,450450,656.64,15.0
0,1,0,2,4,8,False,225225,605.568,15.833333333333334
0,1,0,2,3,9,False,75075,532.608,18.333333333333336
0,1,0,2,2,10,False,15015,437.76000000000005,21.666666666666668
0,1,0,2,1,11,False,1365,321.02399999999994,30.0
0,1,0,1,13,0,False,210,250.8,38.18181818181818
0,1,0,1,12,1,False,2520,300.96000000000004,31.818181818181817
0,1,0,1,11,2,False,13860,351.12000000000006,27.27272727272727
0,1,0,1,10,3,False,46200,401.28000000000003,23.636363636363633
0,1,0,1,9,4,False,103950,451.44000000000005,20.909090909090907
0,1,0,1,8,5,False,166320,501.6,19.09090909090909
0,1,0,1,7,6,False,194040,551.7600000000001,17.27272727272727
0,1,0,1,6,7,False,166320,601.9200000000001,16.363636363636363
0,1,0,1,5,8,False,103950,652.0800000000002,14.545454545454545
0,1,0,1,4,9,False,46200,595.2320000000001,16.363636363636363
0,1,0,1,3,10,False,13860,518.3200000000002,18.18181818181818
0,1,0,1,2,11,False,2520,421.34400000000005,22.727272727272727
0,1,0,1,1,12,False,210,304.30400000000003,30.909090909090907
0,1,0,0,14,0,False,15,228.0,42.0
0,1,0,0,13,1,False,195,273.6,35.0
0,1,0,0,12,2,False,1170,319.20000000000005,30.0
0,1,0,0,11,3,False,4290,364.8,26.0
0,1,0,0,10,4,False,10725,410.40000000000003,23.0
0,1,0,0,9,5,False,19305,456.0,21.0
0,1,0,0,8,6,False,25740,501.6,19.0
0,1,0,0,7,7,False,25740,547.2,18.0
0,1,0,0,6,8,False,19305,592.8000000000001,16.0
0,1,0,0,5,9,False,10725,638.4,15.0
0,1,0,0,4,10,False,4290,577.6,17.0
0,1,0,0,3,11,False,1170,498.56000000000006,19.0
0,1,0,0,2,12,False,195,401.28,24.0
0,1,0,0,1,13,False,15,285.76000000000005,33.0
0,0,15,0,0,0,False,1,200.0,47.0
0,0,14,1,0,0,False,15,211.20000000000005,44.54545454545454
0,0,14,0,1,0,False,15,211.20000000000005,45.0
0,0,13,2,0,0,False,105,220.79999999999998,43.333333333333336
0,0,13,1,1,0,False,210,222.64000000000001,42.72727272727273
0,0,13,0,2,0,False,105,220.79999999999995,43.0
0,0,13,0,1,1,False,105,213.44000000000003,45.0
0,0,12,3,0,0,False,455,228.80000000000004,41.53846153846154
0,0,12,2,1,0,False,1365,232.32000000000005,40.833333333333336
0,0,12,1,2,0,False,1365,232.32000000000005,40.90909090909091
0,0,12,1,1,1,False,1365,224.5760000000001,42.72727272727273
0,0,12,0,3,0,False,455,228.80000000000007,42.0
0,0,12,0,2,1,False,910,232.32000000000005,41.0
0,0,12,0,1,2,False,455,214.72000000000003,44.0
0,0,11,4,0,0,False,1365,235.2,40.0
0,0,11,3,1,0,False,5460,240.24000000000007,39.230769230769226
0,0,11,2,2,0,False,8190,241.92000000000002,39.16666666666667
0,0,11,2,1,1,False,8190,233.85600000000002,40.833333333333336
0,0,11,1,3,0,False,5460,240.24000000000004,40.0
0,0,11,1,2,1,False,10920,243.936,39.090909090909086
0,0,11,1,1,2,False,5460,225.45600000000002,41.81818181818181
0,0,11,0,4,0,False,1365,235.20000000000002,40.0
0,0,11,0,3,1,False,4095,248.64000000000001,38.0
0,0,11,0,2,2,False,4095,241.92,39.0
0,0,11,0,1,3,False,1365,215.04000000000002,44.0
0,0,10,5,0,0,False,3003,240.0,39.333333333333336
0,0,10,4,1,0,False,15015,246.40000000000003,38.57142857142858
0,0,10,3,2,0,False,30030,249.60000000000002,37.69230769230769
0,0,10,3,1,1,False,30030,241.28000000000003,39.230769230769226
0,0,10,2,3,0,False,30030,249.6,38.333333333333336
0,0,10,2,2,1,False,60060,253.44,37.5
0,0,10,2,1,2,False,30030,234.24,40.833333333333336
0,0,10,1,4,0,False,15015,246.40000000000003,38.18181818181818
0,0,10,1,3,1,False,45045,260.48,36.36363636363636
0,0,10,1,2,2,False,45045,253.44000000000003,37.272727272727266
0,0,10,1,1,3,False,15015,225.28000000000003,41.81818181818181
0,0,10,0,5,0,False,3003,240.0,40.0
0,0,10,0,4,1,False,12012,262.40000000000003,36.0
0,0,10,0,3,2,False,18018,265.6,36.0
0,0,10,0,2,3,False,12012,249.60000000000002,38.0
0,0,10,0,1,4,False,3003,214.4,44.0
0,0,9,6,0,0,False,5005,243.20000000000002,38.75
0,0,9,5,1,0,False,30030,250.80000000000007,38.0
0,0,9,4,2,0,False,75075,255.35999999999999,37.142857142857146
0,0,9,4,1,1,False,75075,246.84800000000004,38.57142857142858
0,0,9,3,3,0,False,100100,256.88000000000005,36.92307692307692
0,0,9,3,2,1,False,200200,260.83200000000005,36.15384615384615
0,0,9,3,1,2,False,100100,241.072,39.230769230769226
0,0,9,2,4,0,False,75075,255.36,37.5
0,0,9,2,3,1,False,225225,269.952,35.0
0,0,9,2,2,2,False,225225,262.656,35.833333333333336
0,0,9,2,1,3,False,75075,233.47200000000004,40.833333333333336
0,0,9,1,5,0,False,30030,250.8,38.18181818181818
0,0,9,1,4,1,False,120120,274.208,34.54545454545454
0,0,9,1,3,2,False,180180,277.5520000000001,34.54545454545454
0,0,9,1,2,3,False,120120,260.83200000000005,36.36363636363636
0,0,9,1,1,4,False,30030,224.04800000000006,42.72727272727273
0,0,9,0,6,0,False,5005,228.0,42.0
0,0,9,0,5,1,False,25025,273.6,35.0
0,0,9,0,4,2,False,50050,285.76000000000005,33.0
0,0,9,0,3,3,False,50050,279.68,34.0
0,0,9,0,2,4,False,25025,255.36000000000004,37.0
0,0,9,0,1,5,False,5005,212.8,45.0
0,0,8,7,0,0,False,6435,244.8,38.8235294117647
0,0,8,6,1,0,False,45045,253.44000000000005,37.5
0,0,8,5,2,0,False,135135,259.20000000000005,36.666666666666664
0,0,8,5,1,1,False,135135,250.56000000000003,38.0
0,0,8,4,3,0,False,225225,262.08,36.42857142857143
0,0,8,4,2,1,False,450450,266.112,35.714285714285715
0,0,8,4,1,2,False,225225,245.952,38.57142857142858
0,0,8,3,4,0,False,225225,262.08,36.15384615384615
0,0,8,3,3,1,False,675675,277.05600000000004,34.61538461538461
0,0,8,3,2,2,False,675675,269.56800000000004,35.38461538461539
0,0,8,3,1,3,False,225225,239.61600000000004,39.230769230769226
0,0,8,2,5,0,False,135135,259.2,36.66666666666667
0,0,8,2,4,1,False,540540,283.39200000000005,33.333333333333336
0,0,8,2,3,2,False,810810,286.848,33.333333333333336
0,0,8,2,2,3,False,540540,269.568,35.0
0,0,8,2,1,4,False,135135,231.55200000000002,40.833333333333336
0,0,8,1,6,0,False,45045,237.60000000000002,40.0
0,0,8,1,5,1,False,225225,285.12,33.63636363636363
0,0,8,1,4,2,False,450450,297.79200000000003,31.818181818181817
0,0,8,1,3,3,False,450450,291.456,32.72727272727273
0,0,8,1,2,4,False,225225,266.1120000000001,35.45454545454545
0,0,8,1,1,5,False,45045,221.76000000000002,42.72727272727273
0,0,8,0,7,0,False,6435,216.0,44.0
0,0,8,0,6,1,False,38610,259.2,37.0
0,0,8,0,5,2,False,96525,302.40000000000003,32.0
0,0,8,0,4,3,False,128700,305.28000000000003,31.0
0,0,8,0,3,4,False,96525,290.88000000000005,33.0
0,0,8,0,2,5,False,38610,259.2,37.0
0,0,8,0,1,6,False,6435,210.24,45.0
0,0,7,8,0,0,False,6435,244.80000000000007,38.888888888888886
0,0,7,7,1,0,False,51480,254.3200000000001,37.05882352941176
0,0,7,6,2,0,False,180180,261.12000000000006,36.25
0,0,7,6,1,1,False,180180,252.41600000000008,37.5
0,0,7,5,3,0,False,360360,265.2000000000001,36.0
0,0,7,5,2,1,False,720720,269.2800000000001,35.333333333333336
0,0,7,5,1,2,False,360360,248.88000000000005,38.0
0,0,7,4,4,0,False,450450,266.56000000000006,35.714285714285715
0,0,7,4,3,1,False,1351350,281.7920000000001,33.57142857142858
0,0,7,4,2,2,False,1351350,274.17600000000004,34.285714285714285
0,0,7,4,1,3,False,450450,243.71200000000005,38.57142857142858
0,0,7,3,5,0,False,360360,265.2000000000001,36.15384615384615
0,0,7,3,4,1,False,1441440,289.9520000000001,33.07692307692307
0,0,7,3,3,2,False,2162160,293.48800000000006,32.30769230769231
0,0,7,3,2,3,False,1441440,275.8080000000001,34.61538461538461
0,0,7,3,1,4,False,360360,236.91200000000006,40.0
0,0,7,2,6,0,False,180180,244.80000000000007,39.16666666666667
0,0,7,2,5,1,False,900900,293.76000000000005,32.5
0,0,7,2,4,2,False,1801800,306.8160000000001,30.833333333333336
0,0,7,2,3,3,False,1801800,300.28800000000007,31.666666666666668
0,0,7,2,2,4,False,900900,274.1760000000001,35.0
0,0,7,2,1,5,False,180180,228.48000000000005,41.66666666666667
0,0,7,1,7,0,False,51480,224.4000000000001,42.72727272727273
0,0,7,1,6,1,False,308880,269.2800000000001,35.45454545454545
0,0,7,1,5,2,False,772200,314.16000000000014,29.999999999999996
0,0,7,1,4,3,False,1029600,317.15200000000016,29.999999999999996
0,0,7,1,3,4,False,772200,302.1920000000002,31.818181818181817
0,0,7,1,2,5,False,308880,269.2800000000001,35.45454545454545
0,0,7,1,1,6,False,51480,218.41600000000008,43.63636363636363
0,0,7,0,8,0,False,6435,204.00000000000006,47.0
0,0,7,0,7,1,False,45045,244.80000000000007,39.0
0,0,7,0,6,2,False,135135,285.6000000000001,33.0
0,0,7,0,5,3,False,225225,326.4000000000001,29.0
0,0,7,0,4,4,False,225225,320.9600000000001,30.0
0,0,7,0,3,5,False,135135,299.2000000000001,32.0
0,0,7,0,2,6,False,45045,261.12000000000006,36.0
0,0,7,0,1,7,False,6435,206.72000000000003,46.0
0,0,6,9,0,0,False,5005,243.2,38.94736842105263
0,0,6,8,1,0,False,45045,253.44000000000003,37.22222222222222
0,0,6,7,2,0,False,180180,261.12000000000006,36.470588235294116
0,0,6,7,1,1,False,180180,252.41600000000005,37.647058823529406
0,0,6,6,3,0,False,420420,266.24,35.625
0,0,6,6,2,1,False,840840,270.33600000000007,35.0
0,0,6,6,1,2,False,420420,249.856,38.125
0,0,6,5,4,0,False,630630,268.8,35.333333333333336
0,0,6,5,3,1,False,1891890,284.16,33.333333333333336
0,0,6,5,2,2,False,1891890,276.48,34.0
0,0,6,5,1,3,False,630630,245.76000000000005,38.666666666666664
0,0,6,4,5,0,False,630630,268.79999999999995,35.0
0,0,6,4,4,1,False,2522520,293.88800000000003,32.142857142857146
0,0,6,4,3,2,False,3783780,297.472,32.142857142857146
0,0,6,4,2,3,False,2522520,279.552,34.285714285714285
0,0,6,4,1,4,False,630630,240.128,39.285714285714285
0,0,6,3,6,0,False,420420,249.60000000000002,37.69230769230769
0,0,6,3,5,1,False,2102100,299.52000000000004,31.538461538461537
0,0,6,3,4,2,False,4204200,312.83200000000005,30.769230769230766
0,0,6,3,3,3,False,4204200,306.17600000000004,30.769230769230766
0,0,6,3,2,4,False,2102100,279.552,33.84615384615385
0,0,6,3,1,5,False,420420,232.96000000000004,40.76923076923077
0,0,6,2,7,0,False,180180,230.39999999999998,40.833333333333336
0,0,6,2,6,1,False,1081080,276.48,34.16666666666667
0,0,6,2,5,2,False,2702700,322.56,29.166666666666668
0,0,6,2,4,3,False,3603600,325.63200000000006,29.166666666666668
0,0,6,2,3,4,False,2702700,310.27200000000005,30.833333333333336
0,0,6,2,2,5,False,1081080,276.48,34.16666666666667
0,0,6,2,1,6,False,180180,224.256,42.5
0,0,6,1,8,0,False,45045,211.20000000000002,44.54545454545454
0,0,6,1,7,1,False,315315,253.44000000000003,37.272727272727266
0,0,6,1,6,2,False,945945,295.68000000000006,31.818181818181817
0,0,6,1,5,3,False,1576575,337.9200000000001,28.18181818181818
0,0,6,1,4,4,False,1576575,332.28800000000007,29.09090909090909
0,0,6,1,3,5,False,945945,309.76000000000005,30.909090909090907
0,0,6,1,2,6,False,315315,270.336,35.45454545454545
0,0,6,1,1,7,False,45045,214.01600000000002,44.54545454545454
0,0,6,0,9,0,False,5005,192.0,49.0
0,0,6,0,8,1,False,40040,230.4,41.0
0,0,6,0,7,2,False,140140,268.8,35.0
0,0,6,0,6,3,False,280280,307.20000000000005,31.0
0,0,6,0,5,4,False,350350,345.6,28.0
0,0,6,0,4,5,False,280280,332.8,29.0
0,0,6,0,3,6,False,140140,304.64,31.0
0,0,6,0,2,7,False,40040,261.12,36.0
0,0,6,0,1,8,False,5005,202.24,47.0
0,0,5,10,0,0,False,3003,240.0,39.5
0,0,5,9,1,0,False,30030,250.79999999999998,37.89473684210527
0,0,5,8,2,0,False,135135,259.2,36.666666666666664
0,0,5,8,1,1,False,135135,250.56000000000003,37.77777777777778
0,0,5,7,3,0,False,360360,265.20000000000005,35.882352941176464
0,0,5,7,2,1,False,720720,269.28000000000003,35.29411764705882
0,0,5,7,1,2,False,360360,248.88000000000002,38.23529411764706
0,0,5,6,4,0,False,630630,268.8,35.0
0,0,5,6,3,1,False,1891890,284.16,33.125
0,0,5,6,2,2,False,1891890,276.48,34.375
0,0,5,6,1,3,False,630630,245.76000000000005,38.75
0,0,5,5,5,0,False,756756,270.0,35.333333333333336
0,0,5,5,4,1,False,3027024,295.20000000000005,32.0
0,0,5,5,3,2,False,4540536,298.80000000000007,32.0
0,0,5,5,2,3,False,3027024,280.8,34.0
0,0,5,5,1,4,False,756756,241.20000000000002,39.333333333333336
0,0,5,4,6,0,False,630630,251.99999999999997,37.85714285714286
0,0,5,4,5,1,False,3153150,302.4,31.42857142857143
0,0,5,4,4,2,False,6306300,315.84000000000003,30.000000000000004
0,0,5,4,3,3,False,6306300,309.12,30.714285714285715
0,0,5,4,2,4,False,3153150,282.24,33.57142857142858
0,0,5,4,1,5,False,630630,235.2,40.0
0,0,5,3,7,0,False,360360,234.0,40.76923076923077
0,0,5,3,6,1,False,2162160,280.8,33.84615384615385
0,0,5,3,5,2,False,5405400,327.6,29.23076923076923
0,0,5,3,4,3,False,7207200,330.72,28.46153846153846
0,0,5,3,3,4,False,5405400,315.1200000000001,30.0
0,0,5,3,2,5,False,2162160,280.8,33.84615384615385
0,0,5,3,1,6,False,360360,227.76000000000002,41.53846153846154
0,0,5,2,8,0,False,135135,216.0,44.16666666666667
0,0,5,2,7,1,False,945945,259.2,36.66666666666667
0,0,5,2,6,2,False,2837835,302.4,31.666666666666668
0,0,5,2,5,3,False,4729725,345.59999999999997,27.5
0,0,5,2,4,4,False,4729725,339.84000000000003,28.333333333333336
0,0,5,2,3,5,False,2837835,316.8,30.0
0,0,5,2,2,6,False,945945,276.48,34.16666666666667
0,0,5,2,1,7,False,135135,218.88,43.333333333333336
0,0,5,1,9,0,False,30030,198.00000000000003,48.18181818181818
0,0,5,1,8,1,False,240240,237.60000000000002,40.0
0,0,5,1,7,2,False,840840,277.20000000000005,34.54545454545454
0,0,5,1,6,3,False,1681680,316.8,29.999999999999996
0,0,5,1,5,4,False,2102100,356.40000000000003,27.27272727272727
0,0,5,1,4,5,False,1681680,343.20000000000005,28.18181818181818
0,0,5,1,3,6,False,840840,314.16,29.999999999999996
0,0,5,1,2,7,False,240240,269.28000000000003,35.45454545454545
0,0,5,1,1,8,False,30030,208.56000000000003,45.45454545454545
0,0,5,0,10,0,False,3003,180.0,53.0
0,0,5,0,9,1,False,27027,216.0,44.0
0,0,5,0,8,2,False,108108,252.0,38.0
0,0,5,0,7,3,False,252252,288.0,33.0
0,0,5,0,6,4,False,378378,324.0,30.0
0,0,5,0,5,5,False,378378,360.0,27.0
0,0,5,0,4,6,False,252252,340.8,28.0
0,0,5,0,3,7,False,108108,307.20000000000005,31.0
0,0,5,0,2,8,False,27027,259.2,37.0
0,0,5,0,1,9,False,3003,196.79999999999998,48.0
0,0,4,11,0,0,False,1365,235.20000000000002,40.0
0,0,4,10,1,0,False,15015,246.4,38.5
0,0,4,9,2,0,False,75075,255.35999999999999,36.8421052631579
0,0,4,9,1,1,False,75075,246.84800000000007,38.42105263157895
0,0,4,8,3,0,False,225225,262.08,36.11111111111111
0,0,4,8,2,1,False,450450,266.112,35.55555555555556
0,0,4,8,1,2,False,225225,245.95199999999997,38.333333333333336
0,0,4,7,4,0,False,450450,266.56000000000006,35.29411764705882
0,0,4,7,3,1,False,1351350,281.79200000000003,33.52941176470588
0,0,4,7,2,2,False,1351350,274.17600000000004,34.705882352941174
0,0,4,7,1,3,False,450450,243.71200000000005,38.8235294117647
0,0,4,6,5,0,False,630630,268.8,35.0
0,0,4,6,4,1,False,2522520,293.8880000000001,32.5
0,0,4,6,3,2,False,3783780,297.4720000000001,31.875
0,0,4,6,2,3,False,2522520,279.5520000000001,33.75
0,0,4,6,1,4,False,630630,240.12800000000004,39.375
0,0,4,5,6,0,False,630630,252.0,37.333333333333336
0,0,4,5,5,1,False,3153150,302.40000000000003,31.333333333333332
0,0,4,5,4,2,False,6306300,315.84000000000003,30.0
0,0,4,5,3,3,False,6306300,309.12000000000006,30.666666666666668
0,0,4,5,2,4,False,3153150,282.24,33.333333333333336
0,0,4,5,1,5,False,630630,235.20000000000002,40.0
0,0,4,4,7,0,False,450450,235.2,40.0
0,0,4,4,6,1,False,2702700,282.24,33.57142857142858
0,0,4,4,5,2,False,6756750,329.28000000000003,28.571428571428573
0,0,4,4,4,3,False,9009000,332.416,28.571428571428573
0,0,4,4,3,4,False,6756750,316.73600000000005,30.000000000000004
0,0,4,4,2,5,False,2702700,282.24,33.57142857142858
0,0,4,4,1,6,False,450450,228.928,41.42857142857143
0,0,4,3,8,0,False,225225,218.4,43.07692307692307
0,0,4,3,7,1,False,1576575,262.08000000000004,36.15384615384615
0,0,4,3,6,2,False,4729725,305.76000000000005,30.769230769230766
0,0,4,3,5,3,False,7882875,349.44000000000005,26.923076923076923
0,0,4,3,4,4,False,7882875,343.6160000000001,27.69230769230769
0,0,4,3,3,5,False,4729725,320.32,30.0
0,0,4,3,2,6,False,1576575,279.552,33.84615384615385
0,0,4,3,1,7,False,225225,221.312,43.07692307692307
0,0,4,2,9,0,False,75075,201.6,46.66666666666667
0,0,4,2,8,1,False,600600,241.92000000000002,39.16666666666667
0,0,4,2,7,2,False,2102100,282.24,33.333333333333336
0,0,4,2,6,3,False,4204200,322.56,29.166666666666668
0,0,4,2,5,4,False,5255250,362.88000000000005,26.666666666666668
0,0,4,2,4,5,False,4204200,349.44,27.5
0,0,4,2,3,6,False,2102100,319.872,30.0
0,0,4,2,2,7,False,600600,274.176,35.0
0,0,4,2,1,8,False,75075,212.35200000000003,45.0
0,0,4,1,10,0,False,15015,184.8,50.90909090909091
0,0,4,1,9,1,False,135135,221.76000000000005,42.72727272727273
0,0,4,1,8,2,False,540540,258.72,36.36363636363636
0,0,4,1,7,3,False,1261260,295.68000000000006,31.818181818181817
0,0,4,1,6,4,False,1891890,332.64000000000004,29.09090909090909
0,0,4,1,5,5,False,1891890,369.6,25.454545454545453
0,0,4,1,4,6,False,1261260,349.88800000000003,27.27272727272727
0,0,4,1,3,7,False,540540,315.3920000000001,29.999999999999996
0,0,4,1,2,8,False,135135,266.1120000000001,35.45454545454545
0,0,4,1,1,9,False,15015,202.04800000000003,47.272727272727266
0,0,4,0,11,0,False,1365,168.0,56.0
0,0,4,0,10,1,False,13650,201.60000000000002,47.0
0,0,4,0,9,2,False,61425,235.20000000000002,40.0
0,0,4,0,8,3,False,163800,268.8,35.0
0,0,4,0,7,4,False,286650,302.40000000000003,32.0
0,0,4,0,6,5,False,343980,336.0,28.0
0,0,4,0,5,6,False,286650,369.6,26.0
0,0,4,0,4,7,False,163800,344.96000000000004,28.0
0,0,4,0,3,8,False,61425,306.88000000000005,31.0
0,0,4,0,2,9,False,13650,255.36,37.0
0,0,4,0,1,10,False,1365,190.40000000000003,50.0
0,0,3,12,0,0,False,455,228.8,41.36363636363636
0,0,3,11,1,0,False,5460,240.24,39.523809523809526
0,0,3,10,2,0,False,30030,249.60000000000002,38.0
0,0,3,10,1,1,False,30030,241.28000000000003,39.0
0,0,3,9,3,0,False,100100,256.88,36.8421052631579
0,0,3,9,2,1,False,200200,260.832,36.31578947368421
0,0,3,9,1,2,False,100100,241.07199999999997,39.473684210526315
0,0,3,8,4,0,False,225225,262.08,36.11111111111111
0,0,3,8,3,1,False,675675,277.05600000000004,34.44444444444444
0,0,3,8,2,2,False,675675,269.568,35.0
0,0,3,8,1,3,False,225225,239.616,39.44444444444444
0,0,3,7,5,0,False,360360,265.20000000000005,35.882352941176464
0,0,3,7,4,1,False,1441440,289.95200000000006,32.94117647058823
0,0,3,7,3,2,False,2162160,293.48800000000006,32.35294117647059
0,0,3,7,2,3,False,1441440,275.80800000000005,34.11764705882353
0,0,3,7,1,4,False,360360,236.91200000000003,39.99999999999999
0,0,3,6,6,0,False,420420,249.60000000000002,38.125
0,0,3,6,5,1,False,2102100,299.52000000000004,31.875
0,0,3,6,4,2,False,4204200,312.83200000000005,30.625
0,0,3,6,3,3,False,4204200,306.17600000000004,31.25
0,0,3,6,2,4,False,2102100,279.5520000000001,33.75
0,0,3,6,1,5,False,420420,232.96,40.625
0,0,3,5,7,0,False,360360,234.0,40.666666666666664
0,0,3,5,6,1,False,2162160,280.8,34.0
0,0,3,5,5,2,False,5405400,327.6,29.333333333333332
0,0,3,5,4,3,False,7207200,330.72,28.666666666666668
0,0,3,5,3,4,False,5405400,315.1200000000001,30.0
0,0,3,5,2,5,False,2162160,280.8,34.0
0,0,3,5,1,6,False,360360,227.76,41.333333333333336
0,0,3,4,8,0,False,225225,218.39999999999998,43.57142857142858
0,0,3,4,7,1,False,1576575,262.08,36.42857142857143
0,0,3,4,6,2,False,4729725,305.76,31.42857142857143
0,0,3,4,5,3,False,7882875,349.44,27.142857142857146
0,0,3,4,4,4,False,7882875,343.61600000000004,27.857142857142858
0,0,3,4,3,5,False,4729725,320.32,30.000000000000004
0,0,3,4,2,6,False,1576575,279.55199999999996,34.285714285714285
0,0,3,4,1,7,False,225225,221.312,42.85714285714286
0,0,3,3,9,0,False,100100,202.8,46.92307692307692
0,0,3,3,8,1,False,800800,243.36000000000004,39.230769230769226
0,0,3,3,7,2,False,2802800,283.92,33.84615384615385
0,0,3,3,6,3,False,5605600,324.48,29.23076923076923
0,0,3,3,5,4,False,7007000,365.04,26.153846153846153
0,0,3,3,4,5,False,5605600,351.52000000000004,26.923076923076923
0,0,3,3,3,6,False,2802800,321.776,29.23076923076923
0,0,3,3,2,7,False,800800,275.808,34.61538461538461
0,0,3,3,1,8,False,100100,213.61600000000004,44.61538461538461
0,0,3,2,10,0,False,30030,187.2,50.833333333333336
0,0,3,2,9,1,False,270270,224.64000000000001,42.5
0,0,3,2,8,2,False,1081080,262.08,36.66666666666667
0,0,3,2,7,3,False,2522520,299.52000000000004,31.666666666666668
0,0,3,2,6,4,False,3783780,336.96,28.333333333333336
0,0,3,2,5,5,False,3783780,374.4,25.833333333333336
0,0,3,2,4,6,False,2522520,354.432,26.666666666666668
0,0,3,2,3,7,False,1081080,319.48800000000006,30.0
0,0,3,2,2,8,False,270270,269.568,35.0
0,0,3,2,1,9,False,30030,204.672,46.66666666666667
0,0,3,1,11,0,False,5460,171.60000000000002,55.45454545454545
0,0,3,1,10,1,False,54600,205.92000000000004,46.36363636363636
0,0,3,1,9,2,False,245700,240.24000000000004,40.0
0,0,3,1,8,3,False,655200,274.56000000000006,34.54545454545454
0,0,3,1,7,4,False,1146600,308.88000000000005,30.909090909090907
0,0,3,1,6,5,False,1375920,343.20000000000005,28.18181818181818
0,0,3,1,5,6,False,1146600,377.5200000000001,25.454545454545453
0,0,3,1,4,7,False,655200,352.3520000000001,27.27272727272727
0,0,3,1,3,8,False,245700,313.4560000000001,29.999999999999996
0,0,3,1,2,9,False,54600,260.83200000000005,36.36363636363636
0,0,3,1,1,10,False,5460,194.48000000000005,49.090909090909086
0,0,3,0,12,0,False,455,156.0,61.0
0,0,3,0,11,1,False,5005,187.20000000000002,51.0
0,0,3,0,10,2,False,25025,218.4,44.0
0,0,3,0,9,3,False,75075,249.60000000000002,38.0
0,0,3,0,8,4,False,150150,280.8,34.0
0,0,3,0,7,5,False,210210,312.0,31.0
0,0,3,0,6,6,False,210210,343.20000000000005,28.0
0,0,3,0,5,7,False,150150,374.40000000000003,26.0
0,0,3,0,4,8,False,75075,345.28,28.0
0,0,3,0,3,9,False,25025,303.68,31.0
0,0,3,0,2,10,False,5005,249.60000000000005,38.0
0,0,3,0,1,11,False,455,183.04000000000002,52.0
0,0,2,13,0,0,False,105,220.79999999999998,42.608695652173914
0,0,2,12,1,0,False,1365,232.32000000000005,40.90909090909091
0,0,2,11,2,0,False,8190,241.92000000000002,39.047619047619044
0,0,2,11,1,1,False,8190,233.85600000000005,40.476190476190474
0,0,2,10,3,0,False,30030,249.60000000000002,38.0
0,0,2,10,2,1,False,60060,253.44000000000003,37.5
0,0,2,10,1,2,False,30030,234.24,40.5
0,0,2,9,4,0,False,75075,255.35999999999999,36.8421052631579
0,0,2,9,3,1,False,225225,269.952,35.26315789473684
0,0,2,9,2,2,False,225225,262.65599999999995,35.78947368421053
0,0,2,9,1,3,False,75075,233.47199999999998,40.526315789473685
0,0,2,8,5,0,False,135135,259.2,36.666666666666664
0,0,2,8,4,1,False,540540,283.39200000000005,33.333333333333336
0,0,2,8,3,2,False,810810,286.848,32.77777777777778
0,0,2,8,2,3,False,540540,269.56800000000004,35.0
0,0,2,8,1,4,False,135135,231.55200000000002,41.11111111111111
0,0,2,7,6,0,False,180180,244.8,38.8235294117647
0,0,2,7,5,1,False,900900,293.76000000000005,32.35294117647059
0,0,2,7,4,2,False,1801800,306.8160000000001,31.17647058823529
0,0,2,7,3,3,False,1801800,300.28800000000007,31.76470588235294
0,0,2,7,2,4,False,900900,274.1760000000001,34.705882352941174
0,0,2,7,1,5,False,180180,228.48000000000005,41.17647058823529
0,0,2,6,7,0,False,180180,230.4,41.25
0,0,2,6,6,1,False,1081080,276.48,34.375
0,0,2,6,5,2,False,2702700,322.56000000000006,29.375
0,0,2,6,4,3,False,3603600,325.63200000000006,29.375
0,0,2,6,3,4,False,2702700,310.27200000000016,30.625
0,0,2,6,2,5,False,1081080,276.48,34.375
0,0,2,6,1,6,False,180180,224.256,42.5
0,0,2,5,8,0,False,135135,216.0,44.0
0,0,2,5,7,1,False,945945,259.20000000000005,36.666666666666664
0,0,2,5,6,2,False,2837835,302.40000000000003,31.333333333333332
0,0,2,5,5,3,False,4729725,345.6,27.333333333333332
0,0,2,5,4,4,False,4729725,339.8400000000001,28.0
0,0,2,5,3,5,False,2837835,316.8,30.0
0,0,2,5,2,6,False,945945,276.48,34.0
0,0,2,5,1,7,False,135135,218.88000000000002,43.333333333333336
0,0,2,4,9,0,False,75075,201.6,47.142857142857146
0,0,2,4,8,1,False,600600,241.92,39.285714285714285
0,0,2,4,7,2,False,2102100,282.24,33.57142857142858
0,0,2,4,6,3,False,4204200,322.56,29.28571428571429
0,0,2,4,5,4,False,5255250,362.87999999999994,26.42857142857143
0,0,2,4,4,5,False,4204200,349.44,27.142857142857146
0,0,2,4,3,6,False,2102100,319.87199999999996,30.000000000000004
0,0,2,4,2,7,False,600600,274.17600000000004,34.285714285714285
0,0,2,4,1,8,False,75075,212.35200000000003,44.28571428571429
0,0,2,3,10,0,False,30030,187.20000000000002,50.76923076923077
0,0,2,3,9,1,False,270270,224.64000000000001,42.30769230769231
0,0,2,3,8,2,False,1081080,262.08000000000004,36.15384615384615
0,0,2,3,7,3,False,2522520,299.52000000000004,31.538461538461537
0,0,2,3,6,4,False,3783780,336.96,28.46153846153846
0,0,2,3,5,5,False,3783780,374.40000000000003,25.384615384615383
0,0,2,3,4,6,False,2522520,354.432,26.923076923076923
0,0,2,3,3,7,False,1081080,319.48800000000006,30.0
0,0,2,3,2,8,False,270270,269.56800000000004,35.38461538461539
0,0,2,3,1,9,False,30030,204.672,46.15384615384615
0,0,2,2,11,0,False,8190,172.79999999999998,55.0
0,0,2,2,10,1,False,81900,207.36,45.833333333333336
0,0,2,2,9,2,False,368550,241.92000000000002,39.16666666666667
0,0,2,2,8,3,False,982800,276.48,34.16666666666667
0,0,2,2,7,4,False,1719900,311.03999999999996,30.833333333333336
0,0,2,2,6,5,False,2063880,345.59999999999997,27.5
0,0,2,2,5,6,False,1719900,380.16,25.0
0,0,2,2,4,7,False,982800,354.816,26.666666666666668
0,0,2,2,3,8,False,368550,315.648,30.0
0,0,2,2,2,9,False,81900,262.656,35.833333333333336
0,0,2,2,1,10,False,8190,195.84000000000006,48.333333333333336
0,0,2,1,12,0,False,1365,158.4,59.99999999999999
0,0,2,1,11,1,False,15015,190.08000000000004,49.99999999999999
0,0,2,1,10,2,False,75075,221.76000000000005,42.72727272727273
0,0,2,1,9,3,False,225225,253.44000000000003,37.272727272727266
0,0,2,1,8,4,False,450450,285.12,33.63636363636363
0,0,2,1,7,5,False,630630,316.8,29.999999999999996
0,0,2,1,6,6,False,630630,348.48,27.27272727272727
0,0,2,1,5,7,False,450450,380.1600000000001,25.454545454545453
0,0,2,1,4,8,False,225225,350.59200000000004,27.27272727272727
0,0,2,1,3,9,False,75075,308.35200000000003,30.909090909090907
0,0,2,1,2,10,False,15015,253.44000000000008,37.272727272727266
0,0,2,1,1,11,False,1365,185.85600000000002,50.90909090909091
0,0,2,0,13,0,False,105,144.0,66.0
0,0,2,0,12,1,False,1260,172.8,55.0
0,0,2,0,11,2,False,6930,201.60000000000002,47.0
0,0,2,0,10,3,False,23100,230.4,41.0
0,0,2,0,9,4,False,51975,259.2,37.0
0,0,2,0,8,5,False,83160,288.0,33.0
0,0,2,0,7,6,False,97020,316.8,30.0
0,0,2,0,6,7,False,83160,345.6,28.0
0,0,2,0,5,8,False,51975,374.40000000000003,26.0
0,0,2,0,4,9,False,23100,341.76,28.0
0,0,2,0,3,10,False,6930,297.6000000000001,32.0
0,0,2,0,2,11,False,1260,241.92,39.0
0,0,2,0,1,12,False,105,174.72,54.0
0,0,1,14,0,0,False,15,211.20000000000007,44.58333333333333
0,0,1,13,1,0,False,210,222.64000000000004,42.608695652173914
0,0,1,12,2,0,False,1365,232.32000000000005,40.90909090909091
0,0,1,12,1,1,False,1365,224.5760000000001,42.272727272727266
0,0,1,11,3,0,False,5460,240.2400000000001,39.523809523809526
0,0,1,11,2,1,False,10920,243.93600000000006,38.57142857142857
0,0,1,11,1,2,False,5460,225.45600000000005,41.904761904761905
0,0,1,10,4,0,False,15015,246.4,38.5
0,0,1,10,3,1,False,45045,260.48,36.5
0,0,1,10,2,2,False,45045,253.44000000000003,37.5
0,0,1,10,1,3,False,15015,225.28000000000003,42.0
0,0,1,9,5,0,False,30030,250.80000000000004,37.89473684210527
0,0,1,9,4,1,False,120120,274.208,34.73684210526316
0,0,1,9,3,2,False,180180,277.5520000000001,34.21052631578947
0,0,1,9,2,3,False,120120,260.83200000000005,36.31578947368421
0,0,1,9,1,4,False,30030,224.04800000000006,42.10526315789474
0,0,1,8,6,0,False,45045,237.60000000000005,40.0
0,0,1,8,5,1,False,225225,285.12000000000006,33.333333333333336
0,0,1,8,4,2,False,450450,297.7920000000001,31.666666666666664
0,0,1,8,3,3,False,450450,291.4560000000001,32.77777777777778
0,0,1,8,2,4,False,225225,266.1120000000001,35.55555555555556
0,0,1,8,1,5,False,45045,221.76000000000002,42.77777777777778
0,0,1,7,7,0,False,51480,224.40000000000006,42.35294117647059
0,0,1,7,6,1,False,308880,269.2800000000001,35.29411764705882
0,0,1,7,5,2,False,772200,314.1600000000001,29.999999999999996
0,0,1,7,4,3,False,1029600,317.15200000000016,29.999999999999996
0,0,1,7,3,4,False,772200,302.1920000000002,31.17647058823529
0,0,1,7,2,5,False,308880,269.2800000000001,35.29411764705882
0,0,1,7,1,6,False,51480,218.41600000000005,43.52941176470588
0,0,1,6,8,0,False,45045,211.20000000000005,45.0
0,0,1,6,7,1,False,315315,253.44000000000005,37.5
0,0,1,6,6,2,False,945945,295.68000000000006,31.875
0,0,1,6,5,3,False,1576575,337.9200000000001,28.125
0,0,1,6,4,4,False,1576575,332.2880000000001,28.75
0,0,1,6,3,5,False,945945,309.7600000000001,30.625
0,0,1,6,2,6,False,315315,270.33600000000007,35.0
0,0,1,6,1,7,False,45045,214.01600000000005,44.375
0,0,1,5,9,0,False,30030,198.00000000000006,48.0
0,0,1,5,8,1,False,240240,237.60000000000005,40.0
0,0,1,5,7,2,False,840840,277.20000000000005,34.0
0,0,1,5,6,3,False,1681680,316.8,30.0
0,0,1,5,5,4,False,2102100,356.4000000000001,26.666666666666668
0,0,1,5,4,5,False,1681680,343.2000000000001,28.0
0,0,1,5,3,6,False,840840,314.16,30.0
0,0,1,5,2,7,False,240240,269.2800000000001,35.333333333333336
0,0,1,5,1,8,False,30030,208.56000000000006,45.333333333333336
0,0,1,4,10,0,False,15015,184.80000000000004,51.42857142857143
0,0,1,4,9,1,False,135135,221.76000000000005,42.85714285714286
0,0,1,4,8,2,False,540540,258.72,36.42857142857143
0,0,1,4,7,3,False,1261260,295.68,32.142857142857146
0,0,1,4,6,4,False,1891890,332.64000000000004,28.571428571428573
0,0,1,4,5,5,False,1891890,369.6000000000001,25.714285714285715
0,0,1,4,4,6,False,1261260,349.88800000000003,27.142857142857146
0,0,1,4,3,7,False,540540,315.3920000000001,30.000000000000004
0,0,1,4,2,8,False,135135,266.112,35.714285714285715
0,0,1,4,1,9,False,15015,202.04800000000003,47.142857142857146
0,0,1,3,11,0,False,5460,171.60000000000005,55.38461538461538
0,0,1,3,10,1,False,54600,205.92000000000004,46.15384615384615
0,0,1,3,9,2,False,245700,240.24000000000007,39.230769230769226
0,0,1,3,8,3,False,655200,274.56000000000006,34.61538461538461
0,0,1,3,7,4,False,1146600,308.88000000000005,30.769230769230766
0,0,1,3,6,5,False,1375920,343.2000000000001,27.69230769230769
0,0,1,3,5,6,False,1146600,377.52000000000004,25.384615384615383
0,0,1,3,4,7,False,655200,352.3520000000001,26.923076923076923
0,0,1,3,3,8,False,245700,313.4560000000001,30.0
0,0,1,3,2,9,False,54600,260.83200000000005,36.15384615384615
0,0,1,3,1,10,False,5460,194.48000000000008,48.46153846153846
0,0,1,2,12,0,False,1365,158.40000000000003,60.0
0,0,1,2,11,1,False,15015,190.08000000000004,50.0
0,0,1,2,10,2,False,75075,221.76000000000005,42.5
0,0,1,2,9,3,False,225225,253.44,37.5
0,0,1,2,8,4,False,450450,285.12000000000006,33.333333333333336
0,0,1,2,7,5,False,630630,316.80000000000007,30.0
0,0,1,2,6,6,False,630630,348.48,27.5
0,0,1,2,5,7,False,450450,380.1600000000001,25.0
0,0,1,2,4,8,False,225225,350.59200000000004,27.5
0,0,1,2,3,9,False,75075,308.35200000000003,30.833333333333336
0,0,1,2,2,10,False,15015,253.44000000000005,37.5
0,0,1,2,1,11,False,1365,185.85600000000002,50.833333333333336
0,0,1,1,13,0,False,210,145.20000000000005,65.45454545454545
0,0,1,1,12,1,False,2520,174.24000000000004,54.54545454545454
0,0,1,1,11,2,False,13860,203.28000000000006,46.36363636363636
0,0,1,1,10,3,False,46200,232.32000000000005,40.90909090909091
0,0,1,1,9,4,False,103950,261.36000000000007,36.36363636363636
0,0,1,1,8,5,False,166320,290.4000000000001,32.72727272727273
0,0,1,1,7,6,False,194040,319.44000000000005,29.999999999999996
0,0,1,1,6,7,False,166320,348.4800000000001,27.27272727272727
0,0,1,1,5,8,False,103950,377.5200000000001,25.454545454545453
0,0,1,1,4,9,False,46200,344.60800000000006,28.18181818181818
0,0,1,1,3,10,False,13860,300.08000000000015,31.818181818181817
0,0,1,1,2,11,False,2520,243.93600000000006,39.090909090909086
0,0,1,1,1,12,False,210,176.17600000000004,53.63636363636363
0,0,1,0,14,0,False,15,132.00000000000003,72.0
0,0,1,0,13,1,False,195,158.40000000000003,60.0
0,0,1,0,12,2,False,1170,184.80000000000004,51.0
0,0,1,0,11,3,False,4290,211.20000000000002,45.0
0,0,1,0,10,4,False,10725,237.60000000000005,40.0
0,0,1,0,9,5,False,19305,264.00000000000006,36.0
0,0,1,0,8,6,False,25740,290.40000000000003,33.0
0,0,1,0,7,7,False,25740,316.80000000000007,30.0
0,0,1,0,6,8,False,19305,343.20000000000005,28.0
0,0,1,0,5,9,False,10725,369.6,26.0
0,0,1,0,4,10,False,4290,334.4000000000001,29.0
0,0,1,0,3,11,False,1170,288.64000000000004,33.0
0,0,1,0,2,12,False,195,232.32,41.0
0,0,1,0,1,13,False,15,165.44000000000005,57.0
0,0,0,15,0,0,False,1,200.0,47.2
0,0,0,14,1,0,False,15,211.20000000000007,44.58333333333333
0,0,0,13,2,0,False,105,220.79999999999998,42.608695652173914
0,0,0,13,1,1,False,105,213.44,44.34782608695652
0,0,0,12,3,0,False,455,228.8,41.36363636363636
0,0,0,12,2,1,False,910,232.32000000000005,40.90909090909091
0,0,0,12,1,2,False,455,214.72000000000003,44.090909090909086
0,0,0,11,4,0,False,1365,235.20000000000002,40.0
0,0,0,11,3,1,False,4095,248.64000000000001,38.095238095238095
0,0,0,11,2,2,False,4095,241.92000000000002,39.047619047619044
0,0,0,11,1,3,False,1365,215.04000000000002,43.80952380952381
0,0,0,10,5,0,False,3003,240.0,39.5
0,0,0,10,4,1,False,12012,262.40000000000003,36.0
0,0,0,10,3,2,False,18018,265.6,35.5
0,0,0,10,2,3,False,12012,249.60000000000002,38.0
0,0,0,10,1,4,False,3003,214.4,44.0
0,0,0,9,6,0,False,5005,228.0,41.578947368421055
0,0,0,9,5,1,False,25025,273.59999999999997,34.73684210526316
0,0,0,9,4,2,False,50050,285.76,33.15789473684211
0,0,0,9,3,3,False,50050,279.68,33.68421052631579
0,0,0,9,2,4,False,25025,255.36000000000004,36.8421052631579
0,0,0,9,1,5,False,5005,212.79999999999998,44.21052631578947
0,0,0,8,7,0,False,6435,216.0,43.888888888888886
0,0,0,8,6,1,False,38610,259.2,36.666666666666664
0,0,0,8,5,2,False,96525,302.40000000000003,31.11111111111111
0,0,0,8,4,3,False,128700,305.28000000000003,31.11111111111111
0,0,0,8,3,4,False,96525,290.8800000000001,32.77777777777778
0,0,0,8,2,5,False,38610,259.2,36.666666666666664
0,0,0,8,1,6,False,6435,210.24000000000004,45.0
0,0,0,7,8,0,False,6435,204.00000000000003,46.470588235294116
0,0,0,7,7,1,False,45045,244.8,38.8235294117647
0,0,0,7,6,2,False,135135,285.6,32.94117647058823
0,0,0,7,5,3,False,225225,326.40000000000003,28.823529411764703
0,0,0,7,4,4,False,225225,320.9600000000001,29.41176470588235
0,0,0,7,3,5,False,135135,299.2000000000001,31.76470588235294
0,0,0,7,2,6,False,45045,261.12000000000006,36.470588235294116
0,0,0,7,1,7,False,6435,206.72000000000003,45.882352941176464
0,0,0,6,9,0,False,5005,192.0,49.375
0,0,0,6,8,1,False,40040,230.4,41.25
0,0,0,6,7,2,False,140140,268.8,35.0
0,0,0,6,6,3,False,280280,307.20000000000005,30.625
0,0,0,6,5,4,False,350350,345.6,27.5
0,0,0,6,4,5,False,280280,332.8,28.75
0,0,0,6,3,6,False,140140,304.64000000000004,31.25
0,0,0,6,2,7,False,40040,261.12000000000006,36.25
0,0,0,6,1,8,False,5005,202.24,46.875
0,0,0,5,10,0,False,3003,180.0,52.666666666666664
0,0,0,5,9,1,False,27027,216.0,44.0
0,0,0,5,8,2,False,108108,252.0,37.333333333333336
0,0,0,5,7,3,False,252252,288.0,32.666666666666664
0,0,0,5,6,4,False,378378,324.0,29.333333333333332
0,0,0,5,5,5,False,378378,360.0,26.666666666666668
0,0,0,5,4,6,False,252252,340.8,28.0
0,0,0,5,3,7,False,108108,307.2000000000001,30.666666666666668
0,0,0,5,2,8,False,27027,259.20000000000005,36.666666666666664
0,0,0,5,1,9,False,3003,196.8,48.0
0,0,0,4,11,0,False,1365,168.0,56.42857142857143
0,0,0,4,10,1,False,13650,201.6,47.142857142857146
0,0,0,4,9,2,False,61425,235.2,40.0
0,0,0,4,8,3,False,163800,268.79999999999995,35.0
0,0,0,4,7,4,False,286650,302.4,31.42857142857143
0,0,0,4,6,5,False,343980,336.0,28.571428571428573
0,0,0,4,5,6,False,286650,369.59999999999997,25.714285714285715
0,0,0,4,4,7,False,163800,344.96,27.857142857142858
0,0,0,4,3,8,False,61425,306.88,30.714285714285715
0,0,0,4,2,9,False,13650,255.35999999999996,37.142857142857146
0,0,0,4,1,10,False,1365,190.40000000000003,50.0
0,0,0,3,12,0,False,455,156.0,60.76923076923077
0,0,0,3,11,1,False,5005,187.20000000000002,50.76923076923077
0,0,0,3,10,2,False,25025,218.4,43.07692307692307
0,0,0,3,9,3,False,75075,249.60000000000002,37.69230769230769
0,0,0,3,8,4,False,150150,280.8,33.84615384615385
0,0,0,3,7,5,False,210210,312.0,30.769230769230766
0,0,0,3,6,6,False,210210,343.2,27.69230769230769
0,0,0,3,5,7,False,150150,374.40000000000003,25.384615384615383
0,0,0,3,4,8,False,75075,345.28000000000003,27.69230769230769
0,0,0,3,3,9,False,25025,303.68000000000006,31.538461538461537
0,0,0,3,2,10,False,5005,249.60000000000005,37.69230769230769
0,0,0,3,1,11,False,455,183.04000000000002,51.53846153846154
0,0,0,2,13,0,False,105,144.0,65.83333333333334
0,0,0,2,12,1,False,1260,172.79999999999998,55.0
0,0,0,2,11,2,False,6930,201.6,46.66666666666667
0,0,0,2,10,3,False,23100,230.39999999999998,40.833333333333336
0,0,0,2,9,4,False,51975,259.2,36.66666666666667
0,0,0,2,8,5,False,83160,288.0,33.333333333333336
0,0,0,2,7,6,False,97020,316.8,30.0
0,0,0,2,6,7,False,83160,345.59999999999997,27.5
0,0,0,2,5,8,False,51975,374.4,25.833333333333336
0,0,0,2,4,9,False,23100,341.75999999999993,28.333333333333336
0,0,0,2,3,10,False,6930,297.6000000000001,31.666666666666668
0,0,0,2,2,11,False,1260,241.92000000000002,39.16666666666667
0,0,0,2,1,12,False,105,174.72,54.16666666666667
0,0,0,1,14,0,False,15,132.0,71.81818181818181
0,0,0,1,13,1,False,195,158.4,59.99999999999999
0,0,0,1,12,2,False,1170,184.8,50.90909090909091
0,0,0,1,11,3,False,4290,211.20000000000002,44.54545454545454
0,0,0,1,10,4,False,10725,237.60000000000002,40.0
0,0,0,1,9,5,False,19305,264.0,36.36363636363636
0,0,0,1,8,6,False,25740,290.40000000000003,32.72727272727273
0,0,0,1,7,7,False,25740,316.8,29.999999999999996
0,0,0,1,6,8,False,19305,343.20000000000005,28.18181818181818
0,0,0,1,5,9,False,10725,369.6,25.454545454545453
0,0,0,1,4,10,False,4290,334.40000000000003,28.18181818181818
0,0,0,1,3,11,False,1170,288.64000000000004,32.72727272727273
0,0,0,1,2,12,False,195,232.31999999999996,40.90909090909091
0,0,0,1,1,13,False,15,165.44000000000003,57.272727272727266
0,0,0,0,15,0,False,1,120.0,79.0
0,0,0,0,14,1,False,14,144.0,66.0
0,0,0,0,13,2,False,91,168.0,56.0
0,0,0,0,12,3,False,364,192.0,49.0
0,0,0,0,11,4,False,1001,216.0,44.0
0,0,0,0,10,5,False,2002,240.0,40.0
0,0,0,0,9,6,False,3003,264.0,36.0
0,0,0,0,8,7,False,3432,288.0,33.0
0,0,0,0,7,8,False,3003,312.0,31.0
0,0,0,0,6,9,False,2002,336.0,28.0
0,0,0,0,5,10,False,1001,360.0,27.0
0,0,0,0,4,11,False,364,323.20000000000005,30.0
0,0,0,0,3,12,False,91,276.8,34.0
0,0,0,0,2,13,False,14,220.8,43.0
0,0,0,0,1,14,False,1,155.20000000000002,61.0
