flat_stacks,percent_stacks,skill_stacks,speed_stacks,crit_chance_stacks,crit_damage_stacks,all_attributes_present,path_count,expected_dps,ttk_seconds
15,0,0,0,0,0,False,1,238.09523809523807,27.0
14,1,0,0,0,0,False,15,288.0952380952381,22.0
14,0,1,0,0,0,False,15,251.42857142857142,25.0
14,0,0,1,0,0,False,15,251.42857142857144,25.454545454545453
14,0,0,0,1,0,False,15,251.42857142857142,25.0
13,2,0,0,0,0,False,105,338.0952380952381,19.0
13,1,1,0,0,0,False,210,306.4285714285714,21.0
13,1,0,1,0,0,False,210,306.42857142857144,20.909090909090907
13,1,0,0,1,0,False,210,306.4285714285714,21.0
13,0,2,0,0,0,False,105,262.85714285714283,24.0
13,0,1,1,0,0,False,210,265.0476190476191,23.636363636363633
13,0,1,0,1,0,False,210,265.0476190476191,24.0
13,0,0,2,0,0,False,105,262.85714285714283,24.166666666666668
13,0,0,1,1,0,False,210,265.0476190476191,23.636363636363633
13,0,0,0,2,0,False,105,262.85714285714283,24.0
13,0,0,0,1,1,False,105,254.0952380952381,25.0
12,3,0,0,0,0,False,455,388.0952380952381,17.0
12,2,1,0,0,0,False,1365,361.42857142857144,18.0
12,2,0,1,0,0,False,1365,361.42857142857144,18.18181818181818
12,2,0,0,1,0,False,1365,361.42857142857144,18.0
12,1,2,0,0,0,False,1365,322.85714285714283,20.0
12,1,1,1,0,0,False,2730,325.5476190476191,20.0
12,1,1,0,1,0,False,2730,325.5476190476191,20.0
12,1,0,2,0,0,False,1365,322.85714285714283,20.0
12,1,0,1,1,0,False,2730,325.5476190476191,20.0
12,1,0,0,2,0,False,1365,322.85714285714283,20.0
12,1,0,0,1,1,False,1365,312.09523809523813,21.0
12,0,3,0,0,0,False,455,272.38095238095235,23.0
12,0,2,1,0,0,False,1365,276.57142857142856,22.727272727272727
12,0,2,0,1,0,False,1365,276.5714285714286,23.0
12,0,1,2,0,0,False,1365,276.57142857142856,23.333333333333336
12,0,1,1,1,0,False,2730,278.8761904761905,22.727272727272727
12,0,1,0,2,0,False,1365,276.5714285714286,23.0
12,0,1,0,1,1,False,1365,267.352380952381,24.0
12,0,0,3,0,0,False,455,272.3809523809524,23.076923076923077
12,0,0,2,1,0,False,1365,276.57142857142856,23.333333333333336
12,0,0,1,2,0,False,1365,276.57142857142856,22.727272727272727
12,0,0,1,1,1,False,1365,267.352380952381,23.636363636363633
12,0,0,0,3,0,False,455,272.38095238095235,23.0
12,0,0,0,2,1,False,910,276.5714285714286,23.0
12,0,0,0,1,2,False,455,255.6190476190476,25.0
11,4,0,0,0,0,False,1365,438.0952380952381,15.0
11,3,1,0,0,0,False,5460,416.42857142857144,16.0
11,3,0,1,0,0,False,5460,416.42857142857144,15.454545454545453
11,3,0,0,1,0,False,5460,416.42857142857144,16.0
11,2,2,0,0,0,False,8190,382.85714285714283,17.0
11,2,1,1,0,0,False,16380,386.0476190476191,16.363636363636363
11,2,1,0,1,0,False,16380,386.0476190476191,17.0
11,2,0,2,0,0,False,8190,382.85714285714283,16.666666666666668
11,2,0,1,1,0,False,16380,386.0476190476191,16.363636363636363
11,2,0,0,2,0,False,8190,382.85714285714283,17.0
11,2,0,0,1,1,False,8190,370.0952380952381,17.0
11,1,3,0,0,0,False,5460,337.38095238095235,19.0
11,1,2,1,0,0,False,16380,342.57142857142856,19.09090909090909
11,1,2,0,1,0,False,16380,342.5714285714286,19.0
11,1,1,2,0,0,False,16380,342.57142857142856,18.333333333333336
11,1,1,1,1,0,False,32760,345.42619047619047,18.18181818181818
11,1,1,0,2,0,False,16380,342.57142857142856,19.0
11,1,1,0,1,1,False,16380,331.15238095238095,19.0
11,1,0,3,0,0,False,5460,337.3809523809524,19.23076923076923
11,1,0,2,1,0,False,16380,342.57142857142856,18.333333333333336
11,1,0,1,2,0,False,16380,342.57142857142856,19.09090909090909
11,1,0,1,1,1,False,16380,331.15238095238095,19.09090909090909
11,1,0,0,3,0,False,5460,337.38095238095235,19.0
11,1,0,0,2,1,False,10920,342.57142857142856,19.0
11,1,0,0,1,2,False,5460,316.6190476190476,20.0
11,0,4,0,0,0,False,1365,280.0,23.0
11,0,3,1,0,0,False,5460,286.0,22.727272727272727
11,0,3,0,1,0,False,5460,286.0,22.0
11,0,2,2,0,0,False,8190,288.0,22.5
11,0,2,1,1,0,False,16380,290.4000000000001,21.818181818181817
11,0,2,0,2,0,False,8190,287.99999999999994,22.0
11,0,2,0,1,1,False,8190,278.40000000000003,23.0
11,0,1,3,0,0,False,5460,286.00000000000006,22.307692307692307
11,0,1,2,1,0,False,16380,290.40000000000003,21.666666666666668
11,0,1,1,2,0,False,16380,290.4000000000001,21.818181818181817
11,0,1,1,1,1,False,16380,280.7200000000001,22.727272727272727
11,0,1,0,3,0,False,5460,286.00000000000006,22.0
11,0,1,0,2,1,False,10920,290.40000000000003,22.0
11,0,1,0,1,2,False,5460,268.40000000000003,24.0
11,0,0,4,0,0,False,1365,280.0,22.857142857142858
11,0,0,3,1,0,False,5460,286.00000000000006,22.307692307692307
11,0,0,2,2,0,False,8190,288.0,22.5
11,0,0,2,1,1,False,8190,278.4,22.5
11,0,0,1,3,0,False,5460,286.0,22.727272727272727
11,0,0,1,2,1,False,10920,290.40000000000003,21.818181818181817
11,0,0,1,1,2,False,5460,268.4,23.636363636363633
11,0,0,0,4,0,False,1365,280.0,23.0
11,0,0,0,3,1,False,4095,296.0,22.0
11,0,0,0,2,2,False,4095,287.99999999999994,22.0
11,0,0,0,1,3,False,1365,256.0,25.0
10,5,0,0,0,0,False,3003,488.0952380952381,13.0
10,4,1,0,0,0,False,15015,471.42857142857144,14.0
10,4,0,1,0,0,False,15015,471.42857142857144,13.636363636363635
10,4,0,0,1,0,False,15015,471.42857142857144,14.0
10,3,2,0,0,0,False,30030,442.85714285714283,15.0
10,3,1,1,0,0,False,60060,446.5476190476191,14.545454545454545
10,3,1,0,1,0,False,60060,446.54761904761915,14.0
10,3,0,2,0,0,False,30030,442.85714285714283,14.166666666666668
10,3,0,1,1,0,False,60060,446.5476190476191,14.545454545454545
10,3,0,0,2,0,False,30030,442.85714285714283,15.0
10,3,0,0,1,1,False,30030,428.09523809523813,15.0
10,2,3,0,0,0,False,30030,402.38095238095235,16.0
10,2,2,1,0,0,False,90090,408.57142857142856,15.454545454545453
10,2,2,0,1,0,False,90090,408.5714285714286,16.0
10,2,1,2,0,0,False,90090,408.5714285714286,15.833333333333334
10,2,1,1,1,0,False,180180,411.97619047619065,15.454545454545453
10,2,1,0,2,0,False,90090,408.5714285714286,16.0
10,2,1,0,1,1,False,90090,394.952380952381,16.0
10,2,0,3,0,0,False,30030,402.3809523809524,16.153846153846153
10,2,0,2,1,0,False,90090,408.5714285714286,15.833333333333334
10,2,0,1,2,0,False,90090,408.57142857142856,15.454545454545453
10,2,0,1,1,1,False,90090,394.952380952381,16.363636363636363
10,2,0,0,3,0,False,30030,402.38095238095235,16.0
10,2,0,0,2,1,False,60060,408.57142857142856,16.0
10,2,0,0,1,2,False,30030,377.6190476190476,17.0
10,1,4,0,0,0,False,15015,350.0,18.0
10,1,3,1,0,0,False,60060,357.50000000000006,18.18181818181818
10,1,3,0,1,0,False,60060,357.50000000000006,18.0
10,1,2,2,0,0,False,90090,360.0,17.5
10,1,2,1,1,0,False,180180,363.00000000000006,17.27272727272727
10,1,2,0,2,0,False,90090,360.0,18.0
10,1,2,0,1,1,False,90090,348.0,18.0
10,1,1,3,0,0,False,60060,357.5,17.692307692307693
10,1,1,2,1,0,False,180180,363.0,17.5
10,1,1,1,2,0,False,180180,363.00000000000006,17.27272727272727
10,1,1,1,1,1,True,180180,350.90000000000003,18.18181818181818
10,1,1,0,3,0,False,60060,357.5,18.0
10,1,1,0,2,1,False,120120,363.0,18.0
10,1,1,0,1,2,False,60060,335.49999999999994,19.0
10,1,0,4,0,0,False,15015,350.0,17.857142857142858
10,1,0,3,1,0,False,60060,357.5,17.692307692307693
10,1,0,2,2,0,False,90090,360.0,17.5
10,1,0,2,1,1,False,90090,348.00000000000006,18.333333333333336
10,1,0,1,3,0,False,60060,357.50000000000006,18.18181818181818
10,1,0,1,2,1,False,120120,363.00000000000006,17.27272727272727
10,1,0,1,1,2,False,60060,335.5,19.09090909090909
10,1,0,0,4,0,False,15015,350.0,18.0
10,1,0,0,3,1,False,45045,370.0,17.0
10,1,0,0,2,2,False,45045,360.0,18.0
10,1,0,0,1,3,False,15015,320.0,20.0
10,0,5,0,0,0,False,3003,285.7142857142857,22.0
10,0,4,1,0,0,False,15015,293.3333333333333,21.818181818181817
10,0,4,0,1,0,False,15015,293.3333333333333,22.0
10,0,3,2,0,0,False,30030,297.1428571428571,21.666666666666668
10,0,3,1,1,0,False,60060,299.6190476190476,20.909090909090907
10,0,3,0,2,0,False,30030,297.1428571428571,22.0
10,0,3,0,1,1,False,30030,287.23809523809524,22.0
10,0,2,3,0,0,False,30030,297.1428571428571,21.538461538461537
10,0,2,2,1,0,False,90090,301.71428571428567,20.833333333333336
10,0,2,1,2,0,False,90090,301.7142857142857,20.909090909090907
10,0,2,1,1,1,False,90090,291.6571428571429,21.818181818181817
10,0,2,0,3,0,False,30030,297.1428571428571,22.0
10,0,2,0,2,1,False,60060,301.7142857142857,21.0
10,0,2,0,1,2,False,30030,278.85714285714283,23.0
10,0,1,4,0,0,False,15015,293.33333333333337,21.42857142857143
10,0,1,3,1,0,False,60060,299.61904761904765,21.538461538461537
10,0,1,2,2,0,False,90090,301.71428571428567,20.833333333333336
10,0,1,2,1,1,False,90090,291.6571428571429,21.666666666666668
10,0,1,1,3,0,False,60060,299.61904761904765,20.909090909090907
10,0,1,1,2,1,False,120120,304.2285714285715,20.909090909090907
10,0,1,1,1,2,False,60060,281.1809523809524,22.727272727272727
10,0,1,0,4,0,False,15015,293.3333333333333,22.0
10,0,1,0,3,1,False,45045,310.0952380952381,21.0
10,0,1,0,2,2,False,45045,301.7142857142857,21.0
10,0,1,0,1,3,False,15015,268.1904761904762,24.0
10,0,0,5,0,0,False,3003,285.71428571428567,22.0
10,0,0,4,1,0,False,15015,293.33333333333337,21.42857142857143
10,0,0,3,2,0,False,30030,297.1428571428571,21.538461538461537
10,0,0,3,1,1,False,30030,287.23809523809524,22.307692307692307
10,0,0,2,3,0,False,30030,297.1428571428571,21.666666666666668
10,0,0,2,2,1,False,60060,301.71428571428567,20.833333333333336
10,0,0,2,1,2,False,30030,278.85714285714283,22.5
10,0,0,1,4,0,False,15015,293.3333333333333,21.818181818181817
10,0,0,1,3,1,False,45045,310.0952380952381,20.909090909090907
10,0,0,1,2,2,False,45045,301.7142857142857,20.909090909090907
10,0,0,1,1,3,False,15015,268.1904761904762,23.636363636363633
10,0,0,0,5,0,False,3003,285.7142857142857,22.0
10,0,0,0,4,1,False,12012,312.38095238095235,21.0
10,0,0,0,3,2,False,18018,316.19047619047615,20.0
10,0,0,0,2,3,False,12012,297.1428571428571,22.0
10,0,0,0,1,4,False,3003,255.2380952380952,25.0
9,6,0,0,0,0,False,5005,538.0952380952381,12.0
9,5,1,0,0,0,False,30030,526.4285714285714,12.0
9,5,0,1,0,0,False,30030,526.4285714285714,12.727272727272727
9,5,0,0,1,0,False,30030,526.4285714285714,12.0
9,4,2,0,0,0,False,75075,502.85714285714283,13.0
9,4,1,1,0,0,False,150150,507.0476190476191,12.727272727272727
9,4,1,0,1,0,False,150150,507.0476190476191,13.0
9,4,0,2,0,0,False,75075,502.85714285714283,12.5
9,4,0,1,1,0,False,150150,507.0476190476191,12.727272727272727
9,4,0,0,2,0,False,75075,502.85714285714283,13.0
9,4,0,0,1,1,False,75075,486.09523809523813,13.0
9,3,3,0,0,0,False,100100,467.38095238095235,14.0
9,3,2,1,0,0,False,300300,474.57142857142856,13.636363636363635
9,3,2,0,1,0,False,300300,474.5714285714286,14.0
9,3,1,2,0,0,False,300300,474.57142857142856,13.333333333333334
9,3,1,1,1,0,False,600600,478.52619047619055,13.636363636363635
9,3,1,0,2,0,False,300300,474.5714285714286,14.0
9,3,1,0,1,1,False,300300,458.75238095238103,14.0
9,3,0,3,0,0,False,100100,467.3809523809524,13.846153846153845
9,3,0,2,1,0,False,300300,474.57142857142856,13.333333333333334
9,3,0,1,2,0,False,300300,474.57142857142856,13.636363636363635
9,3,0,1,1,1,False,300300,458.752380952381,13.636363636363635
9,3,0,0,3,0,False,100100,467.38095238095235,14.0
9,3,0,0,2,1,False,200200,474.57142857142856,14.0
9,3,0,0,1,2,False,100100,438.6190476190476,15.0
9,2,4,0,0,0,False,75075,420.0,15.0
9,2,3,1,0,0,False,300300,429.00000000000006,15.454545454545453
9,2,3,0,1,0,False,300300,429.0,15.0
9,2,2,2,0,0,False,450450,432.0,15.0
9,2,2,1,1,0,False,900900,435.6,14.545454545454545
9,2,2,0,2,0,False,450450,431.99999999999994,15.0
9,2,2,0,1,1,False,450450,417.6,15.0
9,2,1,3,0,0,False,300300,429.0,14.615384615384615
9,2,1,2,1,0,False,900900,435.59999999999997,15.0
9,2,1,1,2,0,False,900900,435.6,14.545454545454545
9,2,1,1,1,1,True,900900,421.08000000000004,15.454545454545453
9,2,1,0,3,0,False,300300,428.99999999999994,15.0
9,2,1,0,2,1,False,600600,435.59999999999997,15.0
9,2,1,0,1,2,False,300300,402.6,16.0
9,2,0,4,0,0,False,75075,420.0,15.000000000000002
9,2,0,3,1,0,False,300300,429.0,14.615384615384615
9,2,0,2,2,0,False,450450,432.0,15.0
9,2,0,2,1,1,False,450450,417.59999999999997,15.0
9,2,0,1,3,0,False,300300,429.00000000000006,15.454545454545453
9,2,0,1,2,1,False,600600,435.6,14.545454545454545
9,2,0,1,1,2,False,300300,402.6,16.363636363636363
9,2,0,0,4,0,False,75075,420.0,15.0
9,2,0,0,3,1,False,225225,443.99999999999994,15.0
9,2,0,0,2,2,False,225225,431.99999999999994,15.0
9,2,0,0,1,3,False,75075,383.99999999999994,17.0
9,1,5,0,0,0,False,30030,360.7142857142857,18.0
9,1,4,1,0,0,False,150150,370.3333333333333,17.27272727272727
9,1,4,0,1,0,False,150150,370.3333333333333,17.0
9,1,3,2,0,0,False,300300,375.1428571428571,16.666666666666668
9,1,3,1,1,0,False,600600,378.2690476190477,17.27272727272727
9,1,3,0,2,0,False,300300,375.1428571428571,17.0
9,1,3,0,1,1,False,300300,362.6380952380953,18.0
9,1,2,3,0,0,False,300300,375.1428571428571,16.923076923076923
9,1,2,2,1,0,False,900900,380.9142857142857,16.666666666666668
9,1,2,1,2,0,False,900900,380.91428571428565,17.27272727272727
9,1,2,1,1,1,True,900900,368.2171428571429,17.27272727272727
9,1,2,0,3,0,False,300300,375.14285714285717,17.0
9,1,2,0,2,1,False,600600,380.9142857142857,17.0
9,1,2,0,1,2,False,300300,352.0571428571428,18.0
9,1,1,4,0,0,False,150150,370.3333333333333,17.142857142857142
9,1,1,3,1,0,False,600600,378.2690476190476,16.923076923076923
9,1,1,2,2,0,False,900900,380.9142857142857,16.666666666666668
9,1,1,2,1,1,True,900900,368.2171428571429,17.5
9,1,1,1,3,0,False,600600,378.2690476190476,17.27272727272727
9,1,1,1,2,1,True,1201200,384.0885714285714,16.363636363636363
9,1,1,1,1,2,True,600600,354.9909523809524,18.18181818181818
9,1,1,0,4,0,False,150150,370.33333333333326,17.0
9,1,1,0,3,1,False,450450,391.49523809523805,16.0
9,1,1,0,2,2,False,450450,380.91428571428565,17.0
9,1,1,0,1,3,False,150150,338.5904761904762,19.0
9,1,0,5,0,0,False,30030,360.71428571428567,17.333333333333332
9,1,0,4,1,0,False,150150,370.3333333333333,17.142857142857142
9,1,0,3,2,0,False,300300,375.1428571428571,16.923076923076923
9,1,0,3,1,1,False,300300,362.6380952380953,17.692307692307693
9,1,0,2,3,0,False,300300,375.1428571428571,16.666666666666668
9,1,0,2,2,1,False,600600,380.9142857142857,16.666666666666668
9,1,0,2,1,2,False,300300,352.0571428571428,18.333333333333336
9,1,0,1,4,0,False,150150,370.3333333333333,17.27272727272727
9,1,0,1,3,1,False,450450,391.4952380952381,16.363636363636363
9,1,0,1,2,2,False,450450,380.91428571428565,17.27272727272727
9,1,0,1,1,3,False,150150,338.5904761904762,19.09090909090909
9,1,0,0,5,0,False,30030,360.7142857142857,18.0
9,1,0,0,4,1,False,120120,394.3809523809524,16.0
9,1,0,0,3,2,False,180180,399.1904761904762,16.0
9,1,0,0,2,3,False,120120,375.14285714285717,17.0
9,1,0,0,1,4,False,30030,322.23809523809524,20.0
9,0,6,0,0,0,False,5005,289.5238095238095,22.0
9,0,5,1,0,0,False,30030,298.57142857142856,21.818181818181817
9,0,5,0,1,0,False,30030,298.57142857142856,21.0
9,0,4,2,0,0,False,75075,303.99999999999994,20.833333333333336
9,0,4,1,1,0,False,150150,306.53333333333336,20.909090909090907
9,0,4,0,2,0,False,75075,304.0,21.0
9,0,4,0,1,1,False,75075,293.86666666666673,22.0
9,0,3,3,0,0,False,100100,305.8095238095238,20.76923076923077
9,0,3,2,1,0,False,300300,310.5142857142858,20.833333333333336
9,0,3,1,2,0,False,300300,310.5142857142857,20.909090909090907
9,0,3,1,1,1,False,300300,300.1638095238096,20.909090909090907
9,0,3,0,3,0,False,100100,305.8095238095238,21.0
9,0,3,0,2,1,False,200200,310.51428571428573,21.0
9,0,3,0,1,2,False,100100,286.99047619047616,22.0
9,0,2,4,0,0,False,75075,304.0,20.714285714285715
9,0,2,3,1,0,False,300300,310.51428571428573,20.76923076923077
9,0,2,2,2,0,False,450450,312.6857142857142,20.0
9,0,2,2,1,1,False,450450,302.2628571428572,20.833333333333336
9,0,2,1,3,0,False,300300,310.51428571428573,20.909090909090907
9,0,2,1,2,1,False,600600,315.2914285714286,20.0
9,0,2,1,1,2,False,300300,291.4057142857142,21.818181818181817
9,0,2,0,4,0,False,75075,304.0,21.0
9,0,2,0,3,1,False,225225,321.37142857142857,20.0
9,0,2,0,2,2,False,225225,312.68571428571425,20.0
9,0,2,0,1,3,False,75075,277.9428571428572,23.0
9,0,1,5,0,0,False,30030,298.5714285714286,21.333333333333332
9,0,1,4,1,0,False,150150,306.53333333333336,20.714285714285715
9,0,1,3,2,0,False,300300,310.51428571428573,20.76923076923077
9,0,1,3,1,1,False,300300,300.1638095238096,21.538461538461537
9,0,1,2,3,0,False,300300,310.5142857142858,20.833333333333336
9,0,1,2,2,1,False,600600,315.29142857142864,20.0
9,0,1,2,1,2,False,300300,291.4057142857143,21.666666666666668
9,0,1,1,4,0,False,150150,306.53333333333336,20.909090909090907
9,0,1,1,3,1,False,450450,324.04952380952386,20.0
9,0,1,1,2,2,False,450450,315.2914285714286,20.0
9,0,1,1,1,3,False,150150,280.2590476190477,22.727272727272727
9,0,1,0,5,0,False,30030,298.5714285714286,21.0
9,0,1,0,4,1,False,120120,326.4380952380953,20.0
9,0,1,0,3,2,False,180180,330.41904761904766,19.0
9,0,1,0,2,3,False,120120,310.5142857142858,21.0
9,0,1,0,1,4,False,30030,266.72380952380956,24.0
9,0,0,6,0,0,False,5005,289.5238095238095,21.875
9,0,0,5,1,0,False,30030,298.5714285714286,21.333333333333332
9,0,0,4,2,0,False,75075,304.0,20.714285714285715
9,0,0,4,1,1,False,75075,293.8666666666667,21.42857142857143
9,0,0,3,3,0,False,100100,305.8095238095238,20.76923076923077
9,0,0,3,2,1,False,200200,310.51428571428573,20.76923076923077
9,0,0,3,1,2,False,100100,286.99047619047616,22.307692307692307
9,0,0,2,4,0,False,75075,303.99999999999994,20.833333333333336
9,0,0,2,3,1,False,225225,321.37142857142857,20.0
9,0,0,2,2,2,False,225225,312.6857142857142,20.0
9,0,0,2,1,3,False,75075,277.9428571428571,22.5
9,0,0,1,5,0,False,30030,298.57142857142856,21.818181818181817
9,0,0,1,4,1,False,120120,326.4380952380953,20.0
9,0,0,1,3,2,False,180180,330.41904761904766,19.09090909090909
9,0,0,1,2,3,False,120120,310.51428571428573,20.909090909090907
9,0,0,1,1,4,False,30030,266.72380952380956,23.636363636363633
9,0,0,0,6,0,False,5005,271.4285714285714,24.0
9,0,0,0,5,1,False,25025,325.7142857142857,20.0
9,0,0,0,4,2,False,50050,340.1904761904762,19.0
9,0,0,0,3,3,False,50050,332.95238095238096,19.0
9,0,0,0,2,4,False,25025,304.0,21.0
9,0,0,0,1,5,False,5005,253.33333333333331,25.0
8,7,0,0,0,0,False,6435,588.0952380952381,11.0
8,6,1,0,0,0,False,45045,581.4285714285714,11.0
8,6,0,1,0,0,False,45045,581.4285714285714,10.909090909090908
8,6,0,0,1,0,False,45045,581.4285714285714,11.0
8,5,2,0,0,0,False,135135,562.8571428571428,12.0
8,5,1,1,0,0,False,270270,567.5476190476192,11.818181818181817
8,5,1,0,1,0,False,270270,567.547619047619,12.0
8,5,0,2,0,0,False,135135,562.8571428571428,11.666666666666668
8,5,0,1,1,0,False,270270,567.5476190476192,11.818181818181817
8,5,0,0,2,0,False,135135,562.8571428571428,12.0
8,5,0,0,1,1,False,135135,544.0952380952381,12.0
8,4,3,0,0,0,False,225225,532.3809523809524,12.0
8,4,2,1,0,0,False,675675,540.5714285714286,11.818181818181817
8,4,2,0,1,0,False,675675,540.5714285714286,12.0
8,4,1,2,0,0,False,675675,540.5714285714286,11.666666666666668
8,4,1,1,1,0,False,1351350,545.0761904761906,11.818181818181817
8,4,1,0,2,0,False,675675,540.5714285714286,12.0
8,4,1,0,1,1,False,675675,522.5523809523811,12.0
8,4,0,3,0,0,False,225225,532.3809523809524,12.307692307692307
8,4,0,2,1,0,False,675675,540.5714285714286,11.666666666666668
8,4,0,1,2,0,False,675675,540.5714285714286,11.818181818181817
8,4,0,1,1,1,False,675675,522.5523809523811,12.727272727272727
8,4,0,0,3,0,False,225225,532.3809523809524,12.0
8,4,0,0,2,1,False,450450,540.5714285714286,12.0
8,4,0,0,1,2,False,225225,499.6190476190476,13.0
8,3,4,0,0,0,False,225225,490.0,13.0
8,3,3,1,0,0,False,900900,500.50000000000006,12.727272727272727
8,3,3,0,1,0,False,900900,500.50000000000006,13.0
8,3,2,2,0,0,False,1351350,504.0,12.5
8,3,2,1,1,0,False,2702700,508.20000000000005,12.727272727272727
8,3,2,0,2,0,False,1351350,503.9999999999999,13.0
8,3,2,0,1,1,False,1351350,487.20000000000005,13.0
8,3,1,3,0,0,False,900900,500.5000000000001,13.076923076923077
8,3,1,2,1,0,False,2702700,508.2000000000001,12.5
8,3,1,1,2,0,False,2702700,508.20000000000005,12.727272727272727
8,3,1,1,1,1,True,2702700,491.2600000000001,12.727272727272727
8,3,1,0,3,0,False,900900,500.50000000000006,13.0
8,3,1,0,2,1,False,1801800,508.2000000000001,13.0
8,3,1,0,1,2,False,900900,469.70000000000005,14.0
8,3,0,4,0,0,False,225225,489.99999999999994,12.857142857142858
8,3,0,3,1,0,False,900900,500.5000000000001,13.076923076923077
8,3,0,2,2,0,False,1351350,504.0,12.5
8,3,0,2,1,1,False,1351350,487.20000000000005,13.333333333333334
8,3,0,1,3,0,False,900900,500.50000000000006,12.727272727272727
8,3,0,1,2,1,False,1801800,508.20000000000005,12.727272727272727
8,3,0,1,1,2,False,900900,469.7,13.636363636363635
8,3,0,0,4,0,False,225225,490.0,13.0
8,3,0,0,3,1,False,675675,518.0,13.0
8,3,0,0,2,2,False,675675,503.9999999999999,13.0
8,3,0,0,1,3,False,225225,448.0,14.0
8,2,5,0,0,0,False,135135,435.71428571428567,15.0
8,2,4,1,0,0,False,675675,447.3333333333333,14.545454545454545
8,2,4,0,1,0,False,675675,447.33333333333337,14.0
8,2,3,2,0,0,False,1351350,453.1428571428571,14.166666666666668
8,2,3,1,1,0,False,2702700,456.91904761904766,14.545454545454545
8,2,3,0,2,0,False,1351350,453.14285714285705,14.0
8,2,3,0,1,1,False,1351350,438.03809523809525,15.0
8,2,2,3,0,0,False,1351350,453.1428571428571,13.846153846153845
8,2,2,2,1,0,False,4054050,460.1142857142857,14.166666666666668
8,2,2,1,2,0,False,4054050,460.11428571428576,13.636363636363635
8,2,2,1,1,1,True,4054050,444.7771428571429,14.545454545454545
8,2,2,0,3,0,False,1351350,453.1428571428571,14.0
8,2,2,0,2,1,False,2702700,460.1142857142857,14.0
8,2,2,0,1,2,False,1351350,425.2571428571428,15.0
8,2,1,4,0,0,False,675675,447.3333333333333,14.285714285714286
8,2,1,3,1,0,False,2702700,456.91904761904766,13.846153846153845
8,2,1,2,2,0,False,4054050,460.11428571428564,14.166666666666668
8,2,1,2,1,1,True,4054050,444.77714285714285,14.166666666666668
8,2,1,1,3,0,False,2702700,456.91904761904766,14.545454545454545
8,2,1,1,2,1,True,5405400,463.9485714285714,13.636363636363635
8,2,1,1,1,2,True,2702700,428.80095238095237,15.454545454545453
8,2,1,0,4,0,False,675675,447.3333333333333,14.0
8,2,1,0,3,1,False,2027025,472.8952380952381,14.0
8,2,1,0,2,2,False,2027025,460.1142857142857,14.0
8,2,1,0,1,3,False,675675,408.99047619047616,16.0
8,2,0,5,0,0,False,135135,435.7142857142857,14.666666666666666
8,2,0,4,1,0,False,675675,447.3333333333333,14.285714285714286
8,2,0,3,2,0,False,1351350,453.1428571428571,13.846153846153845
8,2,0,3,1,1,False,1351350,438.03809523809537,14.615384615384615
8,2,0,2,3,0,False,1351350,453.1428571428571,14.166666666666668
8,2,0,2,2,1,False,2702700,460.1142857142857,14.166666666666668
8,2,0,2,1,2,False,1351350,425.2571428571428,15.0
8,2,0,1,4,0,False,675675,447.3333333333333,14.545454545454545
8,2,0,1,3,1,False,2027025,472.8952380952381,13.636363636363635
8,2,0,1,2,2,False,2027025,460.11428571428576,13.636363636363635
8,2,0,1,1,3,False,675675,408.9904761904762,15.454545454545453
8,2,0,0,5,0,False,135135,435.71428571428567,15.0
8,2,0,0,4,1,False,540540,476.3809523809524,14.0
8,2,0,0,3,2,False,810810,482.1904761904762,13.0
8,2,0,0,2,3,False,540540,453.1428571428571,14.0
8,2,0,0,1,4,False,135135,389.23809523809524,17.0
8,1,6,0,0,0,False,45045,369.5238095238095,17.0
8,1,5,1,0,0,False,270270,381.07142857142856,17.27272727272727
8,1,5,0,1,0,False,270270,381.0714285714286,17.0
8,1,4,2,0,0,False,675675,387.99999999999994,16.666666666666668
8,1,4,1,1,0,False,1351350,391.2333333333334,16.363636363636363
8,1,4,0,2,0,False,675675,387.99999999999994,17.0
8,1,4,0,1,1,False,675675,375.0666666666667,17.0
8,1,3,3,0,0,False,900900,390.30952380952385,16.153846153846153
8,1,3,2,1,0,False,2702700,396.3142857142857,15.833333333333334
8,1,3,1,2,0,False,2702700,396.31428571428575,16.363636363636363
8,1,3,1,1,1,True,2702700,383.10380952380956,16.363636363636363
8,1,3,0,3,0,False,900900,390.3095238095238,17.0
8,1,3,0,2,1,False,1801800,396.3142857142857,16.0
8,1,3,0,1,2,False,900900,366.29047619047617,18.0
8,1,2,4,0,0,False,675675,387.99999999999994,16.42857142857143
8,1,2,3,1,0,False,2702700,396.31428571428575,16.153846153846153
8,1,2,2,2,0,False,4054050,399.08571428571423,15.833333333333334
8,1,2,2,1,1,True,4054050,385.78285714285715,16.666666666666668
8,1,2,1,3,0,False,2702700,396.31428571428575,16.363636363636363
8,1,2,1,2,1,True,5405400,402.4114285714286,16.363636363636363
8,1,2,1,1,2,True,2702700,371.9257142857143,17.27272727272727
8,1,2,0,4,0,False,675675,387.99999999999994,17.0
8,1,2,0,3,1,False,2027025,410.1714285714286,16.0
8,1,2,0,2,2,False,2027025,399.08571428571423,16.0
8,1,2,0,1,3,False,675675,354.74285714285713,18.0
8,1,1,5,0,0,False,270270,381.07142857142856,16.666666666666668
8,1,1,4,1,0,False,1351350,391.23333333333335,16.42857142857143
8,1,1,3,2,0,False,2702700,396.3142857142857,16.153846153846153
8,1,1,3,1,1,True,2702700,383.1038095238096,16.923076923076923
8,1,1,2,3,0,False,2702700,396.3142857142857,15.833333333333334
8,1,1,2,2,1,True,5405400,402.4114285714286,15.833333333333334
8,1,1,2,1,2,True,2702700,371.92571428571426,17.5
8,1,1,1,4,0,False,1351350,391.23333333333335,16.363636363636363
8,1,1,1,3,1,True,4054050,413.5895238095239,15.454545454545453
8,1,1,1,2,2,True,4054050,402.4114285714286,16.363636363636363
8,1,1,1,1,3,True,1351350,357.69904761904763,18.18181818181818
8,1,1,0,5,0,False,270270,381.07142857142856,17.0
8,1,1,0,4,1,False,1081080,416.6380952380952,16.0
8,1,1,0,3,2,False,1621620,421.71904761904767,15.0
8,1,1,0,2,3,False,1081080,396.3142857142857,16.0
8,1,1,0,1,4,False,270270,340.4238095238095,19.0
8,1,0,6,0,0,False,45045,369.5238095238095,17.5
8,1,0,5,1,0,False,270270,381.07142857142856,16.666666666666668
8,1,0,4,2,0,False,675675,387.99999999999994,16.42857142857143
8,1,0,4,1,1,False,675675,375.06666666666666,17.142857142857142
8,1,0,3,3,0,False,900900,390.30952380952385,16.153846153846153
8,1,0,3,2,1,False,1801800,396.31428571428575,16.153846153846153
8,1,0,3,1,2,False,900900,366.2904761904761,17.692307692307693
8,1,0,2,4,0,False,675675,387.99999999999994,16.666666666666668
8,1,0,2,3,1,False,2027025,410.1714285714285,15.833333333333334
8,1,0,2,2,2,False,2027025,399.08571428571423,15.833333333333334
8,1,0,2,1,3,False,675675,354.7428571428572,18.333333333333336
8,1,0,1,5,0,False,270270,381.07142857142856,17.27272727272727
8,1,0,1,4,1,False,1081080,416.6380952380953,15.454545454545453
8,1,0,1,3,2,False,1621620,421.7190476190476,15.454545454545453
8,1,0,1,2,3,False,1081080,396.31428571428575,16.363636363636363
8,1,0,1,1,4,False,270270,340.42380952380955,19.09090909090909
8,1,0,0,6,0,False,45045,346.4285714285714,19.0
8,1,0,0,5,1,False,225225,415.71428571428567,16.0
8,1,0,0,4,2,False,450450,434.1904761904762,15.0
8,1,0,0,3,3,False,450450,424.95238095238096,15.0
8,1,0,0,2,4,False,225225,388.0,17.0
8,1,0,0,1,5,False,45045,323.3333333333333,20.0
8,0,7,0,0,0,False,6435,291.42857142857144,22.0
8,0,6,1,0,0,False,45045,301.7142857142857,20.909090909090907
8,0,6,0,1,0,False,45045,301.7142857142857,21.0
8,0,5,2,0,0,False,135135,308.5714285714285,20.833333333333336
8,0,5,1,1,0,False,270270,311.14285714285717,20.909090909090907
8,0,5,0,2,0,False,135135,308.57142857142856,21.0
8,0,5,0,1,1,False,135135,298.28571428571433,21.0
8,0,4,3,0,0,False,225225,312.0,20.76923076923077
8,0,4,2,1,0,False,675675,316.8,20.0
8,0,4,1,2,0,False,675675,316.79999999999995,20.0
8,0,4,1,1,1,False,675675,306.24,20.909090909090907
8,0,4,0,3,0,False,225225,311.99999999999994,21.0
8,0,4,0,2,1,False,450450,316.79999999999995,20.0
8,0,4,0,1,2,False,225225,292.79999999999995,22.0
8,0,3,4,0,0,False,225225,311.99999999999994,20.714285714285715
8,0,3,3,1,0,False,900900,318.6857142857143,20.0
8,0,3,2,2,0,False,1351350,320.9142857142857,20.0
8,0,3,2,1,1,False,1351350,310.21714285714285,20.833333333333336
8,0,3,1,3,0,False,900900,318.68571428571425,20.0
8,0,3,1,2,1,False,1801800,323.58857142857147,20.0
8,0,3,1,1,2,False,900900,299.07428571428574,20.909090909090907
8,0,3,0,4,0,False,225225,311.99999999999994,21.0
8,0,3,0,3,1,False,675675,329.8285714285714,19.0
8,0,3,0,2,2,False,675675,320.91428571428565,20.0
8,0,3,0,1,3,False,225225,285.2571428571428,22.0
8,0,2,5,0,0,False,135135,308.57142857142856,20.666666666666668
8,0,2,4,1,0,False,675675,316.8,20.0
8,0,2,3,2,0,False,1351350,320.9142857142857,20.0
8,0,2,3,1,1,False,1351350,310.21714285714285,20.76923076923077
8,0,2,2,3,0,False,1351350,320.9142857142857,20.0
8,0,2,2,2,1,False,2702700,325.8514285714286,20.0
8,0,2,2,1,2,False,1351350,301.1657142857142,20.833333333333336
8,0,2,1,4,0,False,675675,316.79999999999995,20.0
8,0,2,1,3,1,False,2027025,334.90285714285716,19.09090909090909
8,0,2,1,2,2,False,2027025,325.8514285714286,20.0
8,0,2,1,1,3,False,675675,289.64571428571435,21.818181818181817
8,0,2,0,5,0,False,135135,308.57142857142856,21.0
8,0,2,0,4,1,False,540540,337.37142857142857,19.0
8,0,2,0,3,2,False,810810,341.4857142857143,19.0
8,0,2,0,2,3,False,540540,320.9142857142857,20.0
8,0,2,0,1,4,False,135135,275.65714285714284,23.0
8,0,1,6,0,0,False,45045,301.7142857142857,21.25
8,0,1,5,1,0,False,270270,311.14285714285717,20.666666666666668
8,0,1,4,2,0,False,675675,316.8,20.0
8,0,1,4,1,1,False,675675,306.24000000000007,20.714285714285715
8,0,1,3,3,0,False,900900,318.6857142857143,20.0
8,0,1,3,2,1,False,1801800,323.5885714285715,20.0
8,0,1,3,1,2,False,900900,299.07428571428574,21.538461538461537
8,0,1,2,4,0,False,675675,316.80000000000007,20.0
8,0,1,2,3,1,False,2027025,334.90285714285716,19.166666666666668
8,0,1,2,2,2,False,2027025,325.8514285714286,20.0
8,0,1,2,1,3,False,675675,289.64571428571435,21.666666666666668
8,0,1,1,5,0,False,270270,311.1428571428572,20.909090909090907
8,0,1,1,4,1,False,1081080,340.18285714285724,19.09090909090909
8,0,1,1,3,2,False,1621620,344.33142857142866,18.18181818181818
8,0,1,1,2,3,False,1081080,323.58857142857147,20.0
8,0,1,1,1,4,False,270270,277.9542857142858,22.727272727272727
8,0,1,0,6,0,False,45045,282.8571428571429,23.0
8,0,1,0,5,1,False,225225,339.42857142857144,19.0
8,0,1,0,4,2,False,450450,354.51428571428573,18.0
8,0,1,0,3,3,False,450450,346.9714285714286,19.0
8,0,1,0,2,4,False,225225,316.80000000000007,20.0
8,0,1,0,1,5,False,45045,264.00000000000006,24.0
8,0,0,7,0,0,False,6435,291.42857142857144,21.76470588235294
8,0,0,6,1,0,False,45045,301.7142857142857,21.25
8,0,0,5,2,0,False,135135,308.57142857142856,20.666666666666668
8,0,0,5,1,1,False,135135,298.2857142857143,21.333333333333332
8,0,0,4,3,0,False,225225,311.99999999999994,20.714285714285715
8,0,0,4,2,1,False,450450,316.8,20.0
8,0,0,4,1,2,False,225225,292.79999999999995,21.42857142857143
8,0,0,3,4,0,False,225225,312.0,20.76923076923077
8,0,0,3,3,1,False,675675,329.82857142857137,19.23076923076923
8,0,0,3,2,2,False,675675,320.9142857142857,20.0
8,0,0,3,1,3,False,225225,285.25714285714287,22.307692307692307
8,0,0,2,5,0,False,135135,308.5714285714285,20.833333333333336
8,0,0,2,4,1,False,540540,337.37142857142857,19.166666666666668
8,0,0,2,3,2,False,810810,341.48571428571427,18.333333333333336
8,0,0,2,2,3,False,540540,320.9142857142857,20.0
8,0,0,2,1,4,False,135135,275.65714285714284,23.333333333333336
8,0,0,1,6,0,False,45045,282.85714285714283,22.727272727272727
8,0,0,1,5,1,False,225225,339.42857142857144,19.09090909090909
8,0,0,1,4,2,False,450450,354.51428571428573,18.18181818181818
8,0,0,1,3,3,False,450450,346.97142857142853,18.18181818181818
8,0,0,1,2,4,False,225225,316.8,20.0
8,0,0,1,1,5,False,45045,264.0,24.545454545454543
8,0,0,0,7,0,False,6435,257.1428571428571,25.0
8,0,0,0,6,1,False,38610,308.57142857142856,21.0
8,0,0,0,5,2,False,96525,360.0,18.0
8,0,0,0,4,3,False,128700,363.42857142857144,18.0
8,0,0,0,3,4,False,96525,346.28571428571433,19.0
8,0,0,0,2,5,False,38610,308.57142857142856,21.0
8,0,0,0,1,6,False,6435,250.28571428571428,25.0
7,8,0,0,0,0,False,6435,638.0952380952381,10.0
7,7,1,0,0,0,False,51480,636.4285714285714,10.0
7,7,0,1,0,0,False,51480,636.4285714285714,10.0
7,7,0,0,1,0,False,51480,636.4285714285714,10.0
7,6,2,0,0,0,False,180180,622.8571428571428,11.0
7,6,1,1,0,0,False,360360,628.0476190476192,10.0
7,6,1,0,1,0,False,360360,628.047619047619,10.0
7,6,0,2,0,0,False,180180,622.8571428571428,10.833333333333334
7,6,0,1,1,0,False,360360,628.0476190476192,10.0
7,6,0,0,2,0,False,180180,622.8571428571428,11.0
7,6,0,0,1,1,False,180180,602.0952380952381,11.0
7,5,3,0,0,0,False,360360,597.3809523809523,11.0
7,5,2,1,0,0,False,1081080,606.5714285714287,10.909090909090908
7,5,2,0,1,0,False,1081080,606.5714285714287,11.0
7,5,1,2,0,0,False,1081080,606.5714285714284,10.833333333333334
7,5,1,1,1,0,False,2162160,611.6261904761906,10.909090909090908
7,5,1,0,2,0,False,1081080,606.5714285714286,11.0
7,5,1,0,1,1,False,1081080,586.3523809523809,11.0
7,5,0,3,0,0,False,360360,597.3809523809524,10.769230769230768
7,5,0,2,1,0,False,1081080,606.5714285714284,10.833333333333334
7,5,0,1,2,0,False,1081080,606.5714285714287,10.909090909090908
7,5,0,1,1,1,False,1081080,586.3523809523809,10.909090909090908
7,5,0,0,3,0,False,360360,597.3809523809523,11.0
7,5,0,0,2,1,False,720720,606.5714285714286,11.0
7,5,0,0,1,2,False,360360,560.6190476190476,12.0
7,4,4,0,0,0,False,450450,560.0,12.0
7,4,3,1,0,0,False,1801800,572.0,11.818181818181817
7,4,3,0,1,0,False,1801800,572.0,11.0
7,4,2,2,0,0,False,2702700,576.0,11.666666666666668
7,4,2,1,1,0,False,5405400,580.8000000000002,10.909090909090908
7,4,2,0,2,0,False,2702700,575.9999999999999,11.0
7,4,2,0,1,1,False,2702700,556.8000000000001,12.0
7,4,1,3,0,0,False,1801800,572.0000000000001,11.538461538461538
7,4,1,2,1,0,False,5405400,580.8000000000001,10.833333333333334
7,4,1,1,2,0,False,5405400,580.8000000000002,10.909090909090908
7,4,1,1,1,1,True,5405400,561.4400000000002,11.818181818181817
7,4,1,0,3,0,False,1801800,572.0000000000001,11.0
7,4,1,0,2,1,False,3603600,580.8000000000001,11.0
7,4,1,0,1,2,False,1801800,536.8000000000001,12.0
7,4,0,4,0,0,False,450450,560.0,11.428571428571429
7,4,0,3,1,0,False,1801800,572.0000000000001,11.538461538461538
7,4,0,2,2,0,False,2702700,576.0,11.666666666666668
7,4,0,2,1,1,False,2702700,556.8,11.666666666666668
7,4,0,1,3,0,False,1801800,572.0,11.818181818181817
7,4,0,1,2,1,False,3603600,580.8000000000001,10.909090909090908
7,4,0,1,1,2,False,1801800,536.8,11.818181818181817
7,4,0,0,4,0,False,450450,560.0,12.0
7,4,0,0,3,1,False,1351350,592.0,11.0
7,4,0,0,2,2,False,1351350,575.9999999999999,11.0
7,4,0,0,1,3,False,450450,512.0,13.0
7,3,5,0,0,0,False,360360,510.71428571428567,13.0
7,3,4,1,0,0,False,1801800,524.3333333333333,12.727272727272727
7,3,4,0,1,0,False,1801800,524.3333333333333,12.0
7,3,3,2,0,0,False,3603600,531.1428571428571,12.5
7,3,3,1,1,0,False,7207200,535.5690476190476,11.818181818181817
7,3,3,0,2,0,False,3603600,531.142857142857,12.0
7,3,3,0,1,1,False,3603600,513.4380952380952,13.0
7,3,2,3,0,0,False,3603600,531.1428571428571,12.307692307692307
7,3,2,2,1,0,False,10810800,539.3142857142857,11.666666666666668
7,3,2,1,2,0,False,10810800,539.3142857142857,11.818181818181817
7,3,2,1,1,1,True,10810800,521.3371428571429,12.727272727272727
7,3,2,0,3,0,False,3603600,531.1428571428571,12.0
7,3,2,0,2,1,False,7207200,539.3142857142857,12.0
7,3,2,0,1,2,False,3603600,498.4571428571428,13.0
7,3,1,4,0,0,False,1801800,524.3333333333334,12.142857142857144
7,3,1,3,1,0,False,7207200,535.5690476190478,12.307692307692307
7,3,1,2,2,0,False,10810800,539.3142857142857,11.666666666666668
7,3,1,2,1,1,True,10810800,521.3371428571429,12.5
7,3,1,1,3,0,False,7207200,535.5690476190476,11.818181818181817
7,3,1,1,2,1,True,14414400,543.8085714285716,11.818181818181817
7,3,1,1,1,2,True,7207200,502.6109523809525,12.727272727272727
7,3,1,0,4,0,False,1801800,524.3333333333334,12.0
7,3,1,0,3,1,False,5405400,554.2952380952381,12.0
7,3,1,0,2,2,False,5405400,539.3142857142858,12.0
7,3,1,0,1,3,False,1801800,479.39047619047625,14.0
7,3,0,5,0,0,False,360360,510.7142857142857,12.666666666666666
7,3,0,4,1,0,False,1801800,524.3333333333334,12.142857142857144
7,3,0,3,2,0,False,3603600,531.1428571428571,12.307692307692307
7,3,0,3,1,1,False,3603600,513.4380952380952,12.307692307692307
7,3,0,2,3,0,False,3603600,531.1428571428571,12.5
7,3,0,2,2,1,False,7207200,539.3142857142857,11.666666666666668
7,3,0,2,1,2,False,3603600,498.4571428571428,13.333333333333334
7,3,0,1,4,0,False,1801800,524.3333333333333,12.727272727272727
7,3,0,1,3,1,False,5405400,554.2952380952381,11.818181818181817
7,3,0,1,2,2,False,5405400,539.3142857142857,11.818181818181817
7,3,0,1,1,3,False,1801800,479.3904761904762,13.636363636363635
7,3,0,0,5,0,False,360360,510.71428571428567,13.0
7,3,0,0,4,1,False,1441440,558.3809523809524,12.0
7,3,0,0,3,2,False,2162160,565.1904761904761,12.0
7,3,0,0,2,3,False,1441440,531.1428571428571,12.0
7,3,0,0,1,4,False,360360,456.23809523809524,14.0
7,2,6,0,0,0,False,180180,449.5238095238095,14.0
7,2,5,1,0,0,False,1081080,463.57142857142856,13.636363636363635
7,2,5,0,1,0,False,1081080,463.5714285714286,14.0
7,2,4,2,0,0,False,2702700,471.99999999999994,13.333333333333334
7,2,4,1,1,0,False,5405400,475.93333333333334,13.636363636363635
7,2,4,0,2,0,False,2702700,471.99999999999994,14.0
7,2,4,0,1,1,False,2702700,456.2666666666667,14.0
7,2,3,3,0,0,False,3603600,474.80952380952385,13.846153846153845
7,2,3,2,1,0,False,10810800,482.1142857142857,13.333333333333334
7,2,3,1,2,0,False,10810800,482.11428571428576,13.636363636363635
7,2,3,1,1,1,True,10810800,466.0438095238096,13.636363636363635
7,2,3,0,3,0,False,3603600,474.8095238095238,14.0
7,2,3,0,2,1,False,7207200,482.1142857142857,13.0
7,2,3,0,1,2,False,3603600,445.5904761904762,15.0
7,2,2,4,0,0,False,2702700,471.99999999999994,13.571428571428573
7,2,2,3,1,0,False,10810800,482.11428571428576,13.076923076923077
7,2,2,2,2,0,False,16216200,485.48571428571427,13.333333333333334
7,2,2,2,1,1,True,16216200,469.30285714285714,13.333333333333334
7,2,2,1,3,0,False,10810800,482.11428571428576,13.636363636363635
7,2,2,1,2,1,True,21621600,489.5314285714286,13.636363636363635
7,2,2,1,1,2,True,10810800,452.4457142857143,14.545454545454545
7,2,2,0,4,0,False,2702700,471.99999999999994,14.0
7,2,2,0,3,1,False,8108100,498.97142857142853,13.0
7,2,2,0,2,2,False,8108100,485.48571428571427,13.0
7,2,2,0,1,3,False,2702700,431.54285714285714,15.0
7,2,1,5,0,0,False,1081080,463.57142857142856,14.0
7,2,1,4,1,0,False,5405400,475.93333333333334,13.571428571428573
7,2,1,3,2,0,False,10810800,482.1142857142857,13.076923076923077
7,2,1,3,1,1,True,10810800,466.0438095238096,13.846153846153845
7,2,1,2,3,0,False,10810800,482.1142857142857,13.333333333333334
7,2,1,2,2,1,True,21621600,489.5314285714286,13.333333333333334
7,2,1,2,1,2,True,10810800,452.44571428571425,14.166666666666668
7,2,1,1,4,0,False,5405400,475.9333333333333,13.636363636363635
7,2,1,1,3,1,True,16216200,503.1295238095238,12.727272727272727
7,2,1,1,2,2,True,16216200,489.53142857142853,13.636363636363635
7,2,1,1,1,3,True,5405400,435.1390476190477,14.545454545454545
7,2,1,0,5,0,False,1081080,463.57142857142856,14.0
7,2,1,0,4,1,False,4324320,506.83809523809526,13.0
7,2,1,0,3,2,False,6486480,513.0190476190477,13.0
7,2,1,0,2,3,False,4324320,482.1142857142857,13.0
7,2,1,0,1,4,False,1081080,414.12380952380954,16.0
7,2,0,6,0,0,False,180180,449.5238095238096,14.375
7,2,0,5,1,0,False,1081080,463.57142857142856,14.0
7,2,0,4,2,0,False,2702700,471.99999999999994,13.571428571428573
7,2,0,4,1,1,False,2702700,456.26666666666665,14.285714285714286
7,2,0,3,3,0,False,3603600,474.80952380952385,13.846153846153845
7,2,0,3,2,1,False,7207200,482.11428571428576,13.076923076923077
7,2,0,3,1,2,False,3603600,445.5904761904761,14.615384615384615
7,2,0,2,4,0,False,2702700,471.99999999999994,13.333333333333334
7,2,0,2,3,1,False,8108100,498.97142857142853,13.333333333333334
7,2,0,2,2,2,False,8108100,485.48571428571427,13.333333333333334
7,2,0,2,1,3,False,2702700,431.54285714285714,15.0
7,2,0,1,5,0,False,1081080,463.57142857142856,13.636363636363635
7,2,0,1,4,1,False,4324320,506.83809523809526,12.727272727272727
7,2,0,1,3,2,False,6486480,513.0190476190477,12.727272727272727
7,2,0,1,2,3,False,4324320,482.11428571428576,13.636363636363635
7,2,0,1,1,4,False,1081080,414.12380952380954,15.454545454545453
7,2,0,0,6,0,False,180180,421.4285714285714,15.0
7,2,0,0,5,1,False,900900,505.71428571428567,13.0
7,2,0,0,4,2,False,1801800,528.1904761904761,12.0
7,2,0,0,3,3,False,1801800,516.952380952381,13.0
7,2,0,0,2,4,False,900900,472.0,14.0
7,2,0,0,1,5,False,180180,393.3333333333333,16.0
7,1,7,0,0,0,False,51480,376.42857142857144,17.0
7,1,6,1,0,0,False,360360,389.7142857142857,16.363636363636363
7,1,6,0,1,0,False,360360,389.7142857142857,17.0
7,1,5,2,0,0,False,1081080,398.5714285714285,15.833333333333334
7,1,5,1,1,0,False,2162160,401.8928571428572,16.363636363636363
7,1,5,0,2,0,False,1081080,398.57142857142856,16.0
7,1,5,0,1,1,False,1081080,385.28571428571433,17.0
7,1,4,3,0,0,False,1801800,403.0,16.153846153846153
7,1,4,2,1,0,False,5405400,409.2,15.833333333333334
7,1,4,1,2,0,False,5405400,409.2,15.454545454545453
7,1,4,1,1,1,True,5405400,395.56000000000006,16.363636363636363
7,1,4,0,3,0,False,1801800,403.0,16.0
7,1,4,0,2,1,False,3603600,409.2,16.0
7,1,4,0,1,2,False,1801800,378.2,17.0
7,1,3,4,0,0,False,1801800,402.99999999999994,15.714285714285715
7,1,3,3,1,0,False,7207200,411.63571428571436,15.384615384615383
7,1,3,2,2,0,False,10810800,414.5142857142857,15.833333333333334
7,1,3,2,1,1,True,10810800,400.6971428571429,15.833333333333334
7,1,3,1,3,0,False,7207200,411.6357142857143,15.454545454545453
7,1,3,1,2,1,True,14414400,417.96857142857147,15.454545454545453
7,1,3,1,1,2,True,7207200,386.3042857142857,16.363636363636363
7,1,3,0,4,0,False,1801800,402.99999999999994,16.0
7,1,3,0,3,1,False,5405400,426.0285714285714,15.0
7,1,3,0,2,2,False,5405400,414.5142857142857,16.0
7,1,3,0,1,3,False,1801800,368.45714285714286,17.0
7,1,2,5,0,0,False,1081080,398.57142857142856,16.0
7,1,2,4,1,0,False,5405400,409.2,15.714285714285715
7,1,2,3,2,0,False,10810800,414.5142857142857,15.384615384615383
7,1,2,3,1,1,True,10810800,400.6971428571429,16.153846153846153
7,1,2,2,3,0,False,10810800,414.5142857142857,15.833333333333334
7,1,2,2,2,1,True,21621600,420.89142857142855,15.0
7,1,2,2,1,2,True,10810800,389.0057142857142,16.666666666666668
7,1,2,1,4,0,False,5405400,409.2,15.454545454545453
7,1,2,1,3,1,True,16216200,432.58285714285716,14.545454545454545
7,1,2,1,2,2,True,16216200,420.89142857142855,15.454545454545453
7,1,2,1,1,3,True,5405400,374.1257142857143,17.27272727272727
7,1,2,0,5,0,False,1081080,398.57142857142856,16.0
7,1,2,0,4,1,False,4324320,435.7714285714286,15.0
7,1,2,0,3,2,False,6486480,441.0857142857143,15.0
7,1,2,0,2,3,False,4324320,414.5142857142857,16.0
7,1,2,0,1,4,False,1081080,356.0571428571429,18.0
7,1,1,6,0,0,False,360360,389.7142857142858,16.25
7,1,1,5,1,0,False,2162160,401.89285714285717,16.0
7,1,1,4,2,0,False,5405400,409.2,15.714285714285715
7,1,1,4,1,1,True,5405400,395.56000000000006,16.42857142857143
7,1,1,3,3,0,False,7207200,411.63571428571436,15.384615384615383
7,1,1,3,2,1,True,14414400,417.96857142857147,15.384615384615383
7,1,1,3,1,2,True,7207200,386.3042857142858,16.923076923076923
7,1,1,2,4,0,False,5405400,409.2,15.833333333333334
7,1,1,2,3,1,True,16216200,432.58285714285716,15.0
7,1,1,2,2,2,True,16216200,420.89142857142855,15.0
7,1,1,2,1,3,True,5405400,374.1257142857143,17.5
7,1,1,1,5,0,False,2162160,401.8928571428572,16.363636363636363
7,1,1,1,4,1,True,8648640,439.4028571428572,14.545454545454545
7,1,1,1,3,2,True,12972960,444.76142857142867,14.545454545454545
7,1,1,1,2,3,True,8648640,417.9685714285715,15.454545454545453
7,1,1,1,1,4,True,2162160,359.0242857142858,18.18181818181818
7,1,1,0,6,0,False,360360,365.3571428571429,18.0
7,1,1,0,5,1,False,1801800,438.4285714285715,15.0
7,1,1,0,4,2,False,3603600,457.91428571428577,14.0
7,1,1,0,3,3,False,3603600,448.17142857142863,14.0
7,1,1,0,2,4,False,1801800,409.20000000000005,16.0
7,1,1,0,1,5,False,360360,341.0,19.0
7,1,0,7,0,0,False,51480,376.42857142857144,17.058823529411764
7,1,0,6,1,0,False,360360,389.7142857142858,16.25
7,1,0,5,2,0,False,1081080,398.57142857142856,16.0
7,1,0,5,1,1,False,1081080,385.28571428571433,16.666666666666668
7,1,0,4,3,0,False,1801800,402.99999999999994,15.714285714285715
7,1,0,4,2,1,False,3603600,409.2,15.714285714285715
7,1,0,4,1,2,False,1801800,378.19999999999993,17.142857142857142
7,1,0,3,4,0,False,1801800,403.0,16.153846153846153
7,1,0,3,3,1,False,5405400,426.02857142857147,15.384615384615383
7,1,0,3,2,2,False,5405400,414.5142857142857,15.384615384615383
7,1,0,3,1,3,False,1801800,368.4571428571429,17.692307692307693
7,1,0,2,5,0,False,1081080,398.5714285714285,15.833333333333334
7,1,0,2,4,1,False,4324320,435.77142857142854,15.0
7,1,0,2,3,2,False,6486480,441.08571428571435,15.0
7,1,0,2,2,3,False,4324320,414.5142857142857,15.833333333333334
7,1,0,2,1,4,False,1081080,356.0571428571429,18.333333333333336
7,1,0,1,6,0,False,360360,365.35714285714283,17.27272727272727
7,1,0,1,5,1,False,1801800,438.42857142857144,14.545454545454545
7,1,0,1,4,2,False,3603600,457.91428571428577,14.545454545454545
7,1,0,1,3,3,False,3603600,448.17142857142863,14.545454545454545
7,1,0,1,2,4,False,1801800,409.20000000000005,15.454545454545453
7,1,0,1,1,5,False,360360,341.0,19.09090909090909
7,1,0,0,7,0,False,51480,332.1428571428571,19.0
7,1,0,0,6,1,False,308880,398.57142857142856,16.0
7,1,0,0,5,2,False,772200,465.0,14.0
7,1,0,0,4,3,False,1029600,469.42857142857144,14.0
7,1,0,0,3,4,False,772200,447.28571428571433,14.0
7,1,0,0,2,5,False,308880,398.57142857142856,16.0
7,1,0,0,1,6,False,51480,323.2857142857143,20.0
7,0,8,0,0,0,False,6435,291.4285714285714,22.0
7,0,7,1,0,0,False,51480,302.7619047619049,20.909090909090907
7,0,7,0,1,0,False,51480,302.7619047619048,21.0
7,0,6,2,0,0,False,180180,310.85714285714283,20.833333333333336
7,0,6,1,1,0,False,360360,313.44761904761907,20.0
7,0,6,0,2,0,False,180180,310.85714285714283,21.0
7,0,6,0,1,1,False,180180,300.4952380952381,21.0
7,0,5,3,0,0,False,360360,315.71428571428567,20.0
7,0,5,2,1,0,False,1081080,320.5714285714285,20.0
7,0,5,1,2,0,False,1081080,320.57142857142856,20.0
7,0,5,1,1,1,False,1081080,309.8857142857143,20.909090909090907
7,0,5,0,3,0,False,360360,315.7142857142857,20.0
7,0,5,0,2,1,False,720720,320.57142857142856,20.0
7,0,5,0,1,2,False,360360,296.2857142857142,22.0
7,0,4,4,0,0,False,450450,317.33333333333326,20.0
7,0,4,3,1,0,False,1801800,324.1333333333334,20.0
7,0,4,2,2,0,False,2702700,326.3999999999999,19.166666666666668
7,0,4,2,1,1,False,2702700,315.5199999999999,20.0
7,0,4,1,3,0,False,1801800,324.1333333333333,20.0
7,0,4,1,2,1,False,3603600,329.11999999999995,19.09090909090909
7,0,4,1,1,2,False,1801800,304.18666666666667,20.909090909090907
7,0,4,0,4,0,False,450450,317.33333333333326,20.0
7,0,4,0,3,1,False,1351350,335.4666666666666,19.0
7,0,4,0,2,2,False,1351350,326.4,20.0
7,0,4,0,1,3,False,450450,290.1333333333333,22.0
7,0,3,5,0,0,False,360360,315.71428571428567,20.0
7,0,3,4,1,0,False,1801800,324.1333333333333,19.28571428571429
7,0,3,3,2,0,False,3603600,328.34285714285716,19.23076923076923
7,0,3,3,1,1,False,3603600,317.39809523809527,20.0
7,0,3,2,3,0,False,3603600,328.3428571428571,19.166666666666668
7,0,3,2,2,1,False,7207200,333.3942857142857,19.166666666666668
7,0,3,2,1,2,False,3603600,308.13714285714286,20.833333333333336
7,0,3,1,4,0,False,1801800,324.1333333333333,20.0
7,0,3,1,3,1,False,5405400,342.65523809523813,19.09090909090909
7,0,3,1,2,2,False,5405400,333.39428571428573,19.09090909090909
7,0,3,1,1,3,False,1801800,296.3504761904762,21.818181818181817
7,0,3,0,5,0,False,360360,315.7142857142857,20.0
7,0,3,0,4,1,False,1441440,345.1809523809524,19.0
7,0,3,0,3,2,False,2162160,349.3904761904762,18.0
7,0,3,0,2,3,False,1441440,328.3428571428571,20.0
7,0,3,0,1,4,False,360360,282.03809523809525,23.0
7,0,2,6,0,0,False,180180,310.8571428571429,20.625
7,0,2,5,1,0,False,1081080,320.57142857142856,20.0
7,0,2,4,2,0,False,2702700,326.3999999999999,19.28571428571429
7,0,2,4,1,1,False,2702700,315.52000000000004,20.0
7,0,2,3,3,0,False,3603600,328.34285714285716,19.23076923076923
7,0,2,3,2,1,False,7207200,333.39428571428573,19.23076923076923
7,0,2,3,1,2,False,3603600,308.13714285714286,20.76923076923077
7,0,2,2,4,0,False,2702700,326.3999999999999,19.166666666666668
7,0,2,2,3,1,False,8108100,345.0514285714286,18.333333333333336
7,0,2,2,2,2,False,8108100,335.7257142857142,19.166666666666668
7,0,2,2,1,3,False,2702700,298.42285714285714,21.666666666666668
7,0,2,1,5,0,False,1081080,320.57142857142856,20.0
7,0,2,1,4,1,False,4324320,350.4914285714286,18.18181818181818
7,0,2,1,3,2,False,6486480,354.76571428571435,18.18181818181818
7,0,2,1,2,3,False,4324320,333.39428571428573,19.09090909090909
7,0,2,1,1,4,False,1081080,286.37714285714287,22.727272727272727
7,0,2,0,6,0,False,180180,291.4285714285714,22.0
7,0,2,0,5,1,False,900900,349.71428571428567,18.0
7,0,2,0,4,2,False,1801800,365.25714285714287,18.0
7,0,2,0,3,3,False,1801800,357.48571428571427,18.0
7,0,2,0,2,4,False,900900,326.40000000000003,20.0
7,0,2,0,1,5,False,180180,271.99999999999994,23.0
7,0,1,7,0,0,False,51480,302.7619047619048,21.176470588235293
7,0,1,6,1,0,False,360360,313.4476190476191,20.0
7,0,1,5,2,0,False,1081080,320.57142857142856,20.0
7,0,1,5,1,1,False,1081080,309.88571428571436,20.666666666666668
7,0,1,4,3,0,False,1801800,324.1333333333333,19.28571428571429
7,0,1,4,2,1,False,3603600,329.12,19.28571428571429
7,0,1,4,1,2,False,1801800,304.18666666666667,20.714285714285715
7,0,1,3,4,0,False,1801800,324.1333333333334,20.0
7,0,1,3,3,1,False,5405400,342.65523809523813,18.46153846153846
7,0,1,3,2,2,False,5405400,333.39428571428573,19.23076923076923
7,0,1,3,1,3,False,1801800,296.35047619047623,21.538461538461537
7,0,1,2,5,0,False,1081080,320.5714285714286,20.0
7,0,1,2,4,1,False,4324320,350.49142857142857,18.333333333333336
7,0,1,2,3,2,False,6486480,354.7657142857143,18.333333333333336
7,0,1,2,2,3,False,4324320,333.3942857142857,19.166666666666668
7,0,1,2,1,4,False,1081080,286.37714285714287,22.5
7,0,1,1,6,0,False,360360,293.8571428571429,21.818181818181817
7,0,1,1,5,1,False,1801800,352.6285714285715,18.18181818181818
7,0,1,1,4,2,False,3603600,368.3009523809524,17.27272727272727
7,0,1,1,3,3,False,3603600,360.46476190476193,18.18181818181818
7,0,1,1,2,4,False,1801800,329.12000000000006,19.09090909090909
7,0,1,1,1,5,False,360360,274.2666666666667,23.636363636363633
7,0,1,0,7,0,False,51480,267.14285714285717,24.0
7,0,1,0,6,1,False,308880,320.5714285714286,20.0
7,0,1,0,5,2,False,772200,374.00000000000006,17.0
7,0,1,0,4,3,False,1029600,377.56190476190477,17.0
7,0,1,0,3,4,False,772200,359.75238095238103,18.0
7,0,1,0,2,5,False,308880,320.5714285714286,20.0
7,0,1,0,1,6,False,51480,260.0190476190476,25.0
7,0,0,8,0,0,False,6435,291.42857142857144,21.666666666666668
7,0,0,7,1,0,False,51480,302.7619047619048,21.176470588235293
7,0,0,6,2,0,False,180180,310.8571428571429,20.625
7,0,0,6,1,1,False,180180,300.4952380952381,21.25
7,0,0,5,3,0,False,360360,315.71428571428567,20.0
7,0,0,5,2,1,False,720720,320.57142857142856,20.0
7,0,0,5,1,2,False,360360,296.2857142857143,21.333333333333332
7,0,0,4,4,0,False,450450,317.33333333333326,20.0
7,0,0,4,3,1,False,1351350,335.4666666666666,19.28571428571429
7,0,0,4,2,2,False,1351350,326.3999999999999,19.28571428571429
7,0,0,4,1,3,False,450450,290.13333333333327,22.142857142857146
7,0,0,3,5,0,False,360360,315.71428571428567,20.0
7,0,0,3,4,1,False,1441440,345.18095238095236,18.46153846153846
7,0,0,3,3,2,False,2162160,349.39047619047625,18.46153846153846
7,0,0,3,2,3,False,1441440,328.34285714285716,19.23076923076923
7,0,0,3,1,4,False,360360,282.03809523809525,22.307692307692307
7,0,0,2,6,0,False,180180,291.4285714285714,21.666666666666668
7,0,0,2,5,1,False,900900,349.71428571428567,18.333333333333336
7,0,0,2,4,2,False,1801800,365.25714285714287,17.5
7,0,0,2,3,3,False,1801800,357.4857142857143,17.5
7,0,0,2,2,4,False,900900,326.4,19.166666666666668
7,0,0,2,1,5,False,180180,271.99999999999994,23.333333333333336
7,0,0,1,7,0,False,51480,267.1428571428571,23.636363636363633
7,0,0,1,6,1,False,308880,320.57142857142856,20.0
7,0,0,1,5,2,False,772200,374.00000000000006,17.27272727272727
7,0,0,1,4,3,False,1029600,377.56190476190477,17.27272727272727
7,0,0,1,3,4,False,772200,359.75238095238103,18.18181818181818
7,0,0,1,2,5,False,308880,320.57142857142856,20.0
7,0,0,1,1,6,False,51480,260.0190476190476,24.545454545454543
7,0,0,0,8,0,False,6435,242.85714285714283,26.0
7,0,0,0,7,1,False,45045,291.4285714285714,22.0
7,0,0,0,6,2,False,135135,340.0,19.0
7,0,0,0,5,3,False,225225,388.57142857142856,17.0
7,0,0,0,4,4,False,225225,382.09523809523813,17.0
7,0,0,0,3,5,False,135135,356.1904761904762,18.0
7,0,0,0,2,6,False,45045,310.85714285714283,21.0
7,0,0,0,1,7,False,6435,246.09523809523807,26.0
6,9,0,0,0,0,False,5005,688.0952380952381,10.0
6,8,1,0,0,0,False,45045,691.4285714285714,10.0
6,8,0,1,0,0,False,45045,691.4285714285714,9.09090909090909
6,8,0,0,1,0,False,45045,691.4285714285714,10.0
6,7,2,0,0,0,False,180180,682.8571428571428,10.0
6,7,1,1,0,0,False,360360,688.5476190476192,9.09090909090909
6,7,1,0,1,0,False,360360,688.547619047619,10.0
6,7,0,2,0,0,False,180180,682.8571428571428,9.166666666666668
6,7,0,1,1,0,False,360360,688.5476190476192,9.09090909090909
6,7,0,0,2,0,False,180180,682.8571428571428,10.0
6,7,0,0,1,1,False,180180,660.0952380952382,10.0
6,6,3,0,0,0,False,420420,662.3809523809523,10.0
6,6,2,1,0,0,False,1261260,672.5714285714287,10.0
6,6,2,0,1,0,False,1261260,672.5714285714286,10.0
6,6,1,2,0,0,False,1261260,672.5714285714286,10.0
6,6,1,1,1,0,False,2522520,678.1761904761905,10.0
6,6,1,0,2,0,False,1261260,672.5714285714284,10.0
6,6,1,0,1,1,False,1261260,650.152380952381,10.0
6,6,0,3,0,0,False,420420,662.3809523809524,10.0
6,6,0,2,1,0,False,1261260,672.5714285714286,10.0
6,6,0,1,2,0,False,1261260,672.5714285714287,10.0
6,6,0,1,1,1,False,1261260,650.152380952381,10.0
6,6,0,0,3,0,False,420420,662.3809523809523,10.0
6,6,0,0,2,1,False,840840,672.5714285714286,10.0
6,6,0,0,1,2,False,420420,621.6190476190475,11.0
6,5,4,0,0,0,False,630630,630.0,10.0
6,5,3,1,0,0,False,2522520,643.5,10.0
6,5,3,0,1,0,False,2522520,643.5,10.0
6,5,2,2,0,0,False,3783780,648.0,10.0
6,5,2,1,1,0,False,7567560,653.4000000000001,10.0
6,5,2,0,2,0,False,3783780,647.9999999999999,10.0
6,5,2,0,1,1,False,3783780,626.4,10.0
6,5,1,3,0,0,False,2522520,643.5,10.0
6,5,1,2,1,0,False,7567560,653.4,10.0
6,5,1,1,2,0,False,7567560,653.4,10.0
6,5,1,1,1,1,True,7567560,631.6200000000001,10.0
6,5,1,0,3,0,False,2522520,643.5,10.0
6,5,1,0,2,1,False,5045040,653.4,10.0
6,5,1,0,1,2,False,2522520,603.9,11.0
6,5,0,4,0,0,False,630630,630.0,10.0
6,5,0,3,1,0,False,2522520,643.5,10.0
6,5,0,2,2,0,False,3783780,648.0,10.0
6,5,0,2,1,1,False,3783780,626.4,10.0
6,5,0,1,3,0,False,2522520,643.5,10.0
6,5,0,1,2,1,False,5045040,653.4000000000001,10.0
6,5,0,1,1,2,False,2522520,603.9,10.909090909090908
6,5,0,0,4,0,False,630630,630.0,10.0
6,5,0,0,3,1,False,1891890,665.9999999999999,10.0
6,5,0,0,2,2,False,1891890,647.9999999999999,10.0
6,5,0,0,1,3,False,630630,576.0,11.0
6,4,5,0,0,0,False,630630,585.7142857142857,11.0
6,4,4,1,0,0,False,3153150,601.3333333333334,10.909090909090908
6,4,4,0,1,0,False,3153150,601.3333333333334,11.0
6,4,3,2,0,0,False,6306300,609.1428571428571,10.833333333333334
6,4,3,1,1,0,False,12612600,614.2190476190477,10.909090909090908
6,4,3,0,2,0,False,6306300,609.1428571428571,11.0
6,4,3,0,1,1,False,6306300,588.8380952380953,11.0
6,4,2,3,0,0,False,6306300,609.1428571428571,10.769230769230768
6,4,2,2,1,0,False,18918900,618.5142857142857,10.833333333333334
6,4,2,1,2,0,False,18918900,618.5142857142857,10.909090909090908
6,4,2,1,1,1,True,18918900,597.8971428571429,10.909090909090908
6,4,2,0,3,0,False,6306300,609.1428571428571,11.0
6,4,2,0,2,1,False,12612600,618.5142857142857,11.0
6,4,2,0,1,2,False,6306300,571.6571428571428,11.0
6,4,1,4,0,0,False,3153150,601.3333333333334,10.714285714285715
6,4,1,3,1,0,False,12612600,614.2190476190477,10.769230769230768
6,4,1,2,2,0,False,18918900,618.5142857142857,10.833333333333334
6,4,1,2,1,1,True,18918900,597.8971428571429,10.833333333333334
6,4,1,1,3,0,False,12612600,614.2190476190477,10.909090909090908
6,4,1,1,2,1,True,25225200,623.6685714285715,10.909090909090908
6,4,1,1,1,2,True,12612600,576.4209523809524,10.909090909090908
6,4,1,0,4,0,False,3153150,601.3333333333334,11.0
6,4,1,0,3,1,False,9459450,635.6952380952382,10.0
6,4,1,0,2,2,False,9459450,618.5142857142857,11.0
6,4,1,0,1,3,False,3153150,549.7904761904763,12.0
6,4,0,5,0,0,False,630630,585.7142857142858,11.333333333333334
6,4,0,4,1,0,False,3153150,601.3333333333334,10.714285714285715
6,4,0,3,2,0,False,6306300,609.1428571428571,10.769230769230768
6,4,0,3,1,1,False,6306300,588.8380952380953,10.769230769230768
6,4,0,2,3,0,False,6306300,609.1428571428571,10.833333333333334
6,4,0,2,2,1,False,12612600,618.5142857142857,10.833333333333334
6,4,0,2,1,2,False,6306300,571.6571428571428,11.666666666666668
6,4,0,1,4,0,False,3153150,601.3333333333334,10.909090909090908
6,4,0,1,3,1,False,9459450,635.6952380952381,10.0
6,4,0,1,2,2,False,9459450,618.5142857142857,10.909090909090908
6,4,0,1,1,3,False,3153150,549.7904761904762,11.818181818181817
6,4,0,0,5,0,False,630630,585.7142857142857,11.0
6,4,0,0,4,1,False,2522520,640.3809523809524,10.0
6,4,0,0,3,2,False,3783780,648.1904761904761,10.0
6,4,0,0,2,3,False,2522520,609.1428571428571,11.0
6,4,0,0,1,4,False,630630,523.2380952380952,12.0
6,3,6,0,0,0,False,420420,529.5238095238095,12.0
6,3,5,1,0,0,False,2522520,546.0714285714286,11.818181818181817
6,3,5,0,1,0,False,2522520,546.0714285714286,12.0
6,3,4,2,0,0,False,6306300,555.9999999999999,11.666666666666668
6,3,4,1,1,0,False,12612600,560.6333333333333,11.818181818181817
6,3,4,0,2,0,False,6306300,555.9999999999999,12.0
6,3,4,0,1,1,False,6306300,537.4666666666667,12.0
6,3,3,3,0,0,False,8408400,559.3095238095239,11.538461538461538
6,3,3,2,1,0,False,25225200,567.9142857142857,11.666666666666668
6,3,3,1,2,0,False,25225200,567.9142857142858,11.818181818181817
6,3,3,1,1,1,True,25225200,548.9838095238096,11.818181818181817
6,3,3,0,3,0,False,8408400,559.3095238095237,12.0
6,3,3,0,2,1,False,16816800,567.9142857142857,12.0
6,3,3,0,1,2,False,8408400,524.8904761904762,12.0
6,3,2,4,0,0,False,6306300,555.9999999999999,11.428571428571429
6,3,2,3,1,0,False,25225200,567.9142857142858,11.538461538461538
6,3,2,2,2,0,False,37837800,571.8857142857141,11.666666666666668
6,3,2,2,1,1,True,37837800,552.8228571428572,11.666666666666668
6,3,2,1,3,0,False,25225200,567.9142857142858,11.818181818181817
6,3,2,1,2,1,True,50450400,576.6514285714286,10.909090909090908
6,3,2,1,1,2,True,25225200,532.9657142857143,11.818181818181817
6,3,2,0,4,0,False,6306300,555.9999999999999,12.0
6,3,2,0,3,1,False,18918900,587.7714285714285,11.0
6,3,2,0,2,2,False,18918900,571.8857142857142,11.0
6,3,2,0,1,3,False,6306300,508.3428571428571,13.0
6,3,1,5,0,0,False,2522520,546.0714285714287,12.0
6,3,1,4,1,0,False,12612600,560.6333333333334,11.428571428571429
6,3,1,3,2,0,False,25225200,567.9142857142858,11.538461538461538
6,3,1,3,1,1,True,25225200,548.9838095238097,11.538461538461538
6,3,1,2,3,0,False,25225200,567.9142857142857,11.666666666666668
6,3,1,2,2,1,True,50450400,576.6514285714286,11.666666666666668
6,3,1,2,1,2,True,25225200,532.9657142857143,12.5
6,3,1,1,4,0,False,12612600,560.6333333333334,11.818181818181817
6,3,1,1,3,1,True,37837800,592.669523809524,10.909090909090908
6,3,1,1,2,2,True,37837800,576.6514285714286,10.909090909090908
6,3,1,1,1,3,True,12612600,512.5790476190477,12.727272727272727
6,3,1,0,5,0,False,2522520,546.0714285714287,12.0
6,3,1,0,4,1,False,10090080,597.0380952380953,11.0
6,3,1,0,3,2,False,15135120,604.3190476190478,11.0
6,3,1,0,2,3,False,10090080,567.9142857142857,12.0
6,3,1,0,1,4,False,2522520,487.82380952380964,13.0
6,3,0,6,0,0,False,420420,529.5238095238095,11.875
6,3,0,5,1,0,False,2522520,546.0714285714287,12.0
6,3,0,4,2,0,False,6306300,555.9999999999999,11.428571428571429
6,3,0,4,1,1,False,6306300,537.4666666666667,12.142857142857144
6,3,0,3,3,0,False,8408400,559.3095238095239,11.538461538461538
6,3,0,3,2,1,False,16816800,567.9142857142858,11.538461538461538
6,3,0,3,1,2,False,8408400,524.8904761904761,12.307692307692307
6,3,0,2,4,0,False,6306300,555.9999999999999,11.666666666666668
6,3,0,2,3,1,False,18918900,587.7714285714285,10.833333333333334
6,3,0,2,2,2,False,18918900,571.8857142857141,11.666666666666668
6,3,0,2,1,3,False,6306300,508.3428571428571,12.5
6,3,0,1,5,0,False,2522520,546.0714285714286,11.818181818181817
6,3,0,1,4,1,False,10090080,597.0380952380954,10.909090909090908
6,3,0,1,3,2,False,15135120,604.3190476190478,10.909090909090908
6,3,0,1,2,3,False,10090080,567.9142857142858,11.818181818181817
6,3,0,1,1,4,False,2522520,487.8238095238096,13.636363636363635
6,3,0,0,6,0,False,420420,496.4285714285714,13.0
6,3,0,0,5,1,False,2102100,595.7142857142857,11.0
6,3,0,0,4,2,False,4204200,622.1904761904763,11.0
6,3,0,0,3,3,False,4204200,608.9523809523808,11.0
6,3,0,0,2,4,False,2102100,556.0,12.0
6,3,0,0,1,5,False,420420,463.33333333333326,14.0
6,2,7,0,0,0,False,180180,461.42857142857144,14.0
6,2,6,1,0,0,False,1261260,477.7142857142857,13.636363636363635
6,2,6,0,1,0,False,1261260,477.7142857142857,14.0
6,2,5,2,0,0,False,3783780,488.5714285714285,13.333333333333334
6,2,5,1,1,0,False,7567560,492.6428571428572,12.727272727272727
6,2,5,0,2,0,False,3783780,488.57142857142856,13.0
6,2,5,0,1,1,False,3783780,472.2857142857143,14.0
6,2,4,3,0,0,False,6306300,494.0,13.076923076923077
6,2,4,2,1,0,False,18918900,501.59999999999997,12.5
6,2,4,1,2,0,False,18918900,501.59999999999997,12.727272727272727
6,2,4,1,1,1,True,18918900,484.88000000000005,13.636363636363635
6,2,4,0,3,0,False,6306300,494.0,13.0
6,2,4,0,2,1,False,12612600,501.6,13.0
6,2,4,0,1,2,False,6306300,463.59999999999997,14.0
6,2,3,4,0,0,False,6306300,493.99999999999994,12.857142857142858
6,2,3,3,1,0,False,25225200,504.5857142857143,13.076923076923077
6,2,3,2,2,0,False,37837800,508.11428571428564,12.5
6,2,3,2,1,1,True,37837800,491.1771428571429,13.333333333333334
6,2,3,1,3,0,False,25225200,504.58571428571435,12.727272727272727
6,2,3,1,2,1,True,50450400,512.3485714285714,12.727272727272727
6,2,3,1,1,2,True,25225200,473.5342857142857,13.636363636363635
6,2,3,0,4,0,False,6306300,493.9999999999999,13.0
6,2,3,0,3,1,False,18918900,522.2285714285714,12.0
6,2,3,0,2,2,False,18918900,508.11428571428564,13.0
6,2,3,0,1,3,False,6306300,451.65714285714284,14.0
6,2,2,5,0,0,False,3783780,488.57142857142856,13.333333333333334
6,2,2,4,1,0,False,18918900,501.6,12.857142857142858
6,2,2,3,2,0,False,37837800,508.1142857142857,12.307692307692307
6,2,2,3,1,1,True,37837800,491.1771428571429,13.076923076923077
6,2,2,2,3,0,False,37837800,508.1142857142857,12.5
6,2,2,2,2,1,True,75675600,515.9314285714286,12.5
6,2,2,2,1,2,True,37837800,476.8457142857143,13.333333333333334
6,2,2,1,4,0,False,18918900,501.59999999999997,12.727272727272727
6,2,2,1,3,1,True,56756700,530.2628571428571,11.818181818181817
6,2,2,1,2,2,True,56756700,515.9314285714286,12.727272727272727
6,2,2,1,1,3,True,18918900,458.60571428571427,13.636363636363635
6,2,2,0,5,0,False,3783780,488.57142857142856,13.0
6,2,2,0,4,1,False,15135120,534.1714285714286,12.0
6,2,2,0,3,2,False,22702680,540.6857142857143,12.0
6,2,2,0,2,3,False,15135120,508.11428571428564,13.0
6,2,2,0,1,4,False,3783780,436.45714285714286,15.0
6,2,1,6,0,0,False,1261260,477.7142857142857,13.125
6,2,1,5,1,0,False,7567560,492.64285714285717,13.333333333333334
6,2,1,4,2,0,False,18918900,501.59999999999997,12.857142857142858
6,2,1,4,1,1,True,18918900,484.88,13.571428571428573
6,2,1,3,3,0,False,25225200,504.5857142857143,13.076923076923077
6,2,1,3,2,1,True,50450400,512.3485714285714,12.307692307692307
6,2,1,3,1,2,True,25225200,473.53428571428566,13.846153846153845
6,2,1,2,4,0,False,18918900,501.5999999999999,12.5
6,2,1,2,3,1,True,56756700,530.2628571428571,12.5
6,2,1,2,2,2,True,56756700,515.9314285714286,12.5
6,2,1,2,1,3,True,18918900,458.60571428571427,14.166666666666668
6,2,1,1,5,0,False,7567560,492.64285714285717,12.727272727272727
6,2,1,1,4,1,True,30270240,538.6228571428571,11.818181818181817
6,2,1,1,3,2,True,45405360,545.1914285714287,11.818181818181817
6,2,1,1,2,3,True,30270240,512.3485714285714,12.727272727272727
6,2,1,1,1,4,True,7567560,440.0942857142858,14.545454545454545
6,2,1,0,6,0,False,1261260,447.85714285714283,14.0
6,2,1,0,5,1,False,6306300,537.4285714285714,12.0
6,2,1,0,4,2,False,12612600,561.3142857142857,12.0
6,2,1,0,3,3,False,12612600,549.3714285714286,12.0
6,2,1,0,2,4,False,6306300,501.6,13.0
6,2,1,0,1,5,False,1261260,417.99999999999994,15.0
6,2,0,7,0,0,False,180180,461.4285714285714,14.117647058823527
6,2,0,6,1,0,False,1261260,477.7142857142857,13.125
6,2,0,5,2,0,False,3783780,488.57142857142856,13.333333333333334
6,2,0,5,1,1,False,3783780,472.28571428571433,13.333333333333334
6,2,0,4,3,0,False,6306300,493.99999999999994,12.857142857142858
6,2,0,4,2,1,False,12612600,501.6,12.857142857142858
6,2,0,4,1,2,False,6306300,463.5999999999999,13.571428571428573
6,2,0,3,4,0,False,6306300,494.0,13.076923076923077
6,2,0,3,3,1,False,18918900,522.2285714285715,12.307692307692307
6,2,0,3,2,2,False,18918900,508.1142857142857,12.307692307692307
6,2,0,3,1,3,False,6306300,451.6571428571429,13.846153846153845
6,2,0,2,5,0,False,3783780,488.5714285714285,13.333333333333334
6,2,0,2,4,1,False,15135120,534.1714285714286,12.5
6,2,0,2,3,2,False,22702680,540.6857142857142,11.666666666666668
6,2,0,2,2,3,False,15135120,508.1142857142857,12.5
6,2,0,2,1,4,False,3783780,436.45714285714286,15.0
6,2,0,1,6,0,False,1261260,447.85714285714283,14.545454545454545
6,2,0,1,5,1,False,6306300,537.4285714285714,11.818181818181817
6,2,0,1,4,2,False,12612600,561.3142857142858,11.818181818181817
6,2,0,1,3,3,False,12612600,549.3714285714286,11.818181818181817
6,2,0,1,2,4,False,6306300,501.6000000000001,12.727272727272727
6,2,0,1,1,5,False,1261260,418.00000000000006,15.454545454545453
6,2,0,0,7,0,False,180180,407.1428571428571,16.0
6,2,0,0,6,1,False,1081080,488.57142857142856,13.0
6,2,0,0,5,2,False,2702700,570.0,11.0
6,2,0,0,4,3,False,3603600,575.4285714285714,11.0
6,2,0,0,3,4,False,2702700,548.2857142857144,12.0
6,2,0,0,2,5,False,1081080,488.57142857142856,13.0
6,2,0,0,1,6,False,180180,396.2857142857142,16.0
6,1,8,0,0,0,False,45045,381.4285714285714,17.0
6,1,7,1,0,0,False,360360,396.2619047619049,16.363636363636363
6,1,7,0,1,0,False,360360,396.2619047619048,16.0
6,1,6,2,0,0,False,1261260,406.85714285714283,15.833333333333334
6,1,6,1,1,0,False,2522520,410.2476190476191,15.454545454545453
6,1,6,0,2,0,False,1261260,406.85714285714283,16.0
6,1,6,0,1,1,False,1261260,393.2952380952381,16.0
6,1,5,3,0,0,False,2522520,413.2142857142857,15.384615384615383
6,1,5,2,1,0,False,7567560,419.5714285714286,15.0
6,1,5,1,2,0,False,7567560,419.57142857142856,15.454545454545453
6,1,5,1,1,1,True,7567560,405.58571428571435,15.454545454545453
6,1,5,0,3,0,False,2522520,413.21428571428567,16.0
6,1,5,0,2,1,False,5045040,419.57142857142856,15.0
6,1,5,0,1,2,False,2522520,387.7857142857143,17.0
6,1,4,4,0,0,False,3153150,415.33333333333326,15.714285714285715
6,1,4,3,1,0,False,12612600,424.2333333333334,15.384615384615383
6,1,4,2,2,0,False,18918900,427.2,15.0
6,1,4,2,1,1,True,18918900,412.96,15.833333333333334
6,1,4,1,3,0,False,12612600,424.23333333333335,15.454545454545453
6,1,4,1,2,1,True,25225200,430.76,14.545454545454545
6,1,4,1,1,2,True,12612600,398.12666666666667,16.363636363636363
6,1,4,0,4,0,False,3153150,415.33333333333326,16.0
6,1,4,0,3,1,False,9459450,439.0666666666666,15.0
6,1,4,0,2,2,False,9459450,427.2,15.0
6,1,4,0,1,3,False,3153150,379.73333333333335,17.0
6,1,3,5,0,0,False,2522520,413.2142857142857,15.333333333333334
6,1,3,4,1,0,False,12612600,424.2333333333333,15.000000000000002
6,1,3,3,2,0,False,25225200,429.7428571428571,14.615384615384615
6,1,3,3,1,1,True,25225200,415.4180952380953,15.384615384615383
6,1,3,2,3,0,False,25225200,429.7428571428572,15.0
6,1,3,2,2,1,True,50450400,436.3542857142857,15.0
6,1,3,2,1,2,True,25225200,403.2971428571428,15.833333333333334
6,1,3,1,4,0,False,12612600,424.23333333333335,15.454545454545453
6,1,3,1,3,1,True,37837800,448.4752380952381,14.545454545454545
6,1,3,1,2,2,True,37837800,436.3542857142857,14.545454545454545
6,1,3,1,1,3,True,12612600,387.8704761904762,16.363636363636363
6,1,3,0,5,0,False,2522520,413.21428571428567,16.0
6,1,3,0,4,1,False,10090080,451.78095238095244,14.0
6,1,3,0,3,2,False,15135120,457.29047619047617,14.0
6,1,3,0,2,3,False,10090080,429.74285714285713,15.0
6,1,3,0,1,4,False,2522520,369.1380952380952,17.0
6,1,2,6,0,0,False,1261260,406.8571428571429,15.625
6,1,2,5,1,0,False,7567560,419.57142857142856,15.333333333333334
6,1,2,4,2,0,False,18918900,427.19999999999993,15.000000000000002
6,1,2,4,1,1,True,18918900,412.96,15.714285714285715
6,1,2,3,3,0,False,25225200,429.74285714285713,14.615384615384615
6,1,2,3,2,1,True,50450400,436.3542857142857,14.615384615384615
6,1,2,3,1,2,True,25225200,403.29714285714283,16.153846153846153
6,1,2,2,4,0,False,18918900,427.19999999999993,15.0
6,1,2,2,3,1,True,56756700,451.6114285714285,14.166666666666668
6,1,2,2,2,2,True,56756700,439.4057142857142,15.0
6,1,2,2,1,3,True,18918900,390.5828571428571,16.666666666666668
6,1,2,1,5,0,False,7567560,419.57142857142856,15.454545454545453
6,1,2,1,4,1,True,30270240,458.73142857142864,13.636363636363635
6,1,2,1,3,2,True,45405360,464.3257142857143,13.636363636363635
6,1,2,1,2,3,True,30270240,436.35428571428577,14.545454545454545
6,1,2,1,1,4,True,7567560,374.81714285714287,17.27272727272727
6,1,2,0,6,0,False,1261260,381.4285714285714,17.0
6,1,2,0,5,1,False,6306300,457.7142857142857,14.0
6,1,2,0,4,2,False,12612600,478.0571428571429,14.0
6,1,2,0,3,3,False,12612600,467.8857142857143,14.0
6,1,2,0,2,4,False,6306300,427.20000000000005,15.0
6,1,2,0,1,5,False,1261260,355.99999999999994,18.0
6,1,1,7,0,0,False,360360,396.2619047619048,15.88235294117647
6,1,1,6,1,0,False,2522520,410.2476190476192,15.625
6,1,1,5,2,0,False,7567560,419.57142857142856,15.333333333333334
6,1,1,5,1,1,True,7567560,405.5857142857144,16.0
6,1,1,4,3,0,False,12612600,424.2333333333334,15.000000000000002
6,1,1,4,2,1,True,25225200,430.76,15.000000000000002
6,1,1,4,1,2,True,12612600,398.1266666666666,15.714285714285715
6,1,1,3,4,0,False,12612600,424.2333333333334,15.384615384615383
6,1,1,3,3,1,True,37837800,448.4752380952381,14.615384615384615
6,1,1,3,2,2,True,37837800,436.35428571428577,14.615384615384615
6,1,1,3,1,3,True,12612600,387.8704761904762,16.153846153846153
6,1,1,2,5,0,False,7567560,419.5714285714286,15.0
6,1,1,2,4,1,True,30270240,458.73142857142864,14.166666666666668
6,1,1,2,3,2,True,45405360,464.3257142857143,14.166666666666668
6,1,1,2,2,3,True,30270240,436.35428571428577,15.0
6,1,1,2,1,4,True,7567560,374.81714285714287,17.5
6,1,1,1,6,0,False,2522520,384.6071428571429,16.363636363636363
6,1,1,1,5,1,True,12612600,461.5285714285715,13.636363636363635
6,1,1,1,4,2,True,25225200,482.0409523809525,13.636363636363635
6,1,1,1,3,3,True,25225200,471.784761904762,13.636363636363635
6,1,1,1,2,4,True,12612600,430.76000000000005,14.545454545454545
6,1,1,1,1,5,True,2522520,358.96666666666675,18.18181818181818
6,1,1,0,7,0,False,360360,349.64285714285717,18.0
6,1,1,0,6,1,False,2162160,419.5714285714286,15.0
6,1,1,0,5,2,False,5405400,489.5000000000001,13.0
6,1,1,0,4,3,False,7207200,494.16190476190485,13.0
6,1,1,0,3,4,False,5405400,470.85238095238105,14.0
6,1,1,0,2,5,False,2162160,419.5714285714286,15.0
6,1,1,0,1,6,False,360360,340.31904761904764,19.0
6,1,0,8,0,0,False,45045,381.42857142857144,16.666666666666668
6,1,0,7,1,0,False,360360,396.2619047619048,15.88235294117647
6,1,0,6,2,0,False,1261260,406.8571428571429,15.625
6,1,0,6,1,1,False,1261260,393.2952380952381,16.25
6,1,0,5,3,0,False,2522520,413.2142857142857,15.333333333333334
6,1,0,5,2,1,False,5045040,419.5714285714285,15.333333333333334
6,1,0,5,1,2,False,2522520,387.7857142857143,16.666666666666668
6,1,0,4,4,0,False,3153150,415.33333333333326,15.714285714285715
6,1,0,4,3,1,False,9459450,439.0666666666666,14.285714285714286
6,1,0,4,2,2,False,9459450,427.19999999999993,15.000000000000002
6,1,0,4,1,3,False,3153150,379.7333333333333,17.142857142857142
6,1,0,3,5,0,False,2522520,413.2142857142857,15.384615384615383
6,1,0,3,4,1,False,10090080,451.7809523809524,13.846153846153845
6,1,0,3,3,2,False,15135120,457.2904761904762,13.846153846153845
6,1,0,3,2,3,False,10090080,429.74285714285713,14.615384615384615
6,1,0,3,1,4,False,2522520,369.1380952380953,17.692307692307693
6,1,0,2,6,0,False,1261260,381.4285714285714,16.666666666666668
6,1,0,2,5,1,False,6306300,457.71428571428567,14.166666666666668
6,1,0,2,4,2,False,12612600,478.0571428571428,13.333333333333334
6,1,0,2,3,3,False,12612600,467.8857142857143,14.166666666666668
6,1,0,2,2,4,False,6306300,427.2,15.0
6,1,0,2,1,5,False,1261260,355.99999999999994,18.333333333333336
6,1,0,1,7,0,False,360360,349.64285714285717,18.18181818181818
6,1,0,1,6,1,False,2162160,419.57142857142856,15.454545454545453
6,1,0,1,5,2,False,5405400,489.50000000000006,13.636363636363635
6,1,0,1,4,3,False,7207200,494.1619047619048,12.727272727272727
6,1,0,1,3,4,False,5405400,470.85238095238105,13.636363636363635
6,1,0,1,2,5,False,2162160,419.57142857142856,15.454545454545453
6,1,0,1,1,6,False,360360,340.31904761904764,19.09090909090909
6,1,0,0,8,0,False,45045,317.85714285714283,20.0
6,1,0,0,7,1,False,315315,381.4285714285714,17.0
6,1,0,0,6,2,False,945945,445.0,15.0
6,1,0,0,5,3,False,1576575,508.57142857142856,13.0
6,1,0,0,4,4,False,1576575,500.0952380952381,13.0
6,1,0,0,3,5,False,945945,466.1904761904762,14.0
6,1,0,0,2,6,False,315315,406.85714285714283,16.0
6,1,0,0,1,7,False,45045,322.0952380952381,20.0
6,0,9,0,0,0,False,5005,289.5238095238095,22.0
6,0,8,1,0,0,False,45045,301.7142857142857,20.909090909090907
6,0,8,0,1,0,False,45045,301.7142857142857,21.0
6,0,7,2,0,0,False,180180,310.85714285714283,20.833333333333336
6,0,7,1,1,0,False,360360,313.44761904761907,20.0
6,0,7,0,2,0,False,180180,310.85714285714283,21.0
6,0,7,0,1,1,False,180180,300.4952380952381,21.0
6,0,6,3,0,0,False,420420,316.95238095238096,20.0
6,0,6,2,1,0,False,1261260,321.8285714285714,20.0
6,0,6,1,2,0,False,1261260,321.8285714285714,20.0
6,0,6,1,1,1,False,1261260,311.10095238095244,20.909090909090907
6,0,6,0,3,0,False,420420,316.95238095238096,20.0
6,0,6,0,2,1,False,840840,321.8285714285714,20.0
6,0,6,0,1,2,False,420420,297.447619047619,22.0
6,0,5,4,0,0,False,630630,319.99999999999994,20.0
6,0,5,3,1,0,False,2522520,326.85714285714283,19.23076923076923
6,0,5,2,2,0,False,3783780,329.1428571428571,19.166666666666668
6,0,5,2,1,1,False,3783780,318.1714285714286,20.0
6,0,5,1,3,0,False,2522520,326.85714285714283,20.0
6,0,5,1,2,1,False,5045040,331.8857142857143,19.09090909090909
6,0,5,1,1,2,False,2522520,306.74285714285713,20.909090909090907
6,0,5,0,4,0,False,630630,320.0,20.0
6,0,5,0,3,1,False,1891890,338.2857142857143,19.0
6,0,5,0,2,2,False,1891890,329.1428571428571,19.0
6,0,5,0,1,3,False,630630,292.57142857142856,22.0
6,0,4,5,0,0,False,630630,320.0,20.0
6,0,4,4,1,0,False,3153150,328.53333333333336,19.28571428571429
6,0,4,3,2,0,False,6306300,332.8,19.23076923076923
6,0,4,3,1,1,False,6306300,321.7066666666667,20.0
6,0,4,2,3,0,False,6306300,332.79999999999995,19.166666666666668
6,0,4,2,2,1,False,12612600,337.91999999999996,19.166666666666668
6,0,4,2,1,2,False,6306300,312.32,20.833333333333336
6,0,4,1,4,0,False,3153150,328.5333333333333,19.09090909090909
6,0,4,1,3,1,False,9459450,347.3066666666667,18.18181818181818
6,0,4,1,2,2,False,9459450,337.92,19.09090909090909
6,0,4,1,1,3,False,3153150,300.37333333333333,20.909090909090907
6,0,4,0,5,0,False,630630,320.0,20.0
6,0,4,0,4,1,False,2522520,349.8666666666667,18.0
6,0,4,0,3,2,False,3783780,354.1333333333333,18.0
6,0,4,0,2,3,False,2522520,332.79999999999995,19.0
6,0,4,0,1,4,False,630630,285.8666666666667,22.0
6,0,3,6,0,0,False,420420,316.95238095238096,20.0
6,0,3,5,1,0,False,2522520,326.85714285714283,19.333333333333332
6,0,3,4,2,0,False,6306300,332.79999999999995,19.28571428571429
6,0,3,4,1,1,False,6306300,321.70666666666665,20.0
6,0,3,3,3,0,False,8408400,334.7809523809524,19.23076923076923
6,0,3,3,2,1,False,16816800,339.93142857142857,18.46153846153846
6,0,3,3,1,2,False,8408400,314.1790476190476,20.0
6,0,3,2,4,0,False,6306300,332.79999999999995,19.166666666666668
6,0,3,2,3,1,False,18918900,351.8171428571428,18.333333333333336
6,0,3,2,2,2,False,18918900,342.3085714285714,18.333333333333336
6,0,3,2,1,3,False,6306300,304.2742857142857,20.833333333333336
6,0,3,1,5,0,False,2522520,326.85714285714283,20.0
6,0,3,1,4,1,False,10090080,357.36380952380955,18.18181818181818
6,0,3,1,3,2,False,15135120,361.7219047619048,18.18181818181818
6,0,3,1,2,3,False,10090080,339.93142857142857,19.09090909090909
6,0,3,1,1,4,False,2522520,291.992380952381,21.818181818181817
6,0,3,0,6,0,False,420420,297.1428571428571,22.0
6,0,3,0,5,1,False,2102100,356.5714285714286,18.0
6,0,3,0,4,2,False,4204200,372.4190476190476,17.0
6,0,3,0,3,3,False,4204200,364.4952380952381,18.0
6,0,3,0,2,4,False,2102100,332.8,19.0
6,0,3,0,1,5,False,420420,277.3333333333333,23.0
6,0,2,7,0,0,False,180180,310.85714285714283,20.588235294117645
6,0,2,6,1,0,False,1261260,321.8285714285714,20.0
6,0,2,5,2,0,False,3783780,329.1428571428571,19.333333333333332
6,0,2,5,1,1,False,3783780,318.1714285714286,20.0
6,0,2,4,3,0,False,6306300,332.8,19.28571428571429
6,0,2,4,2,1,False,12612600,337.91999999999996,18.571428571428573
6,0,2,4,1,2,False,6306300,312.32,20.714285714285715
6,0,2,3,4,0,False,6306300,332.79999999999995,19.23076923076923
6,0,2,3,3,1,False,18918900,351.8171428571428,18.46153846153846
6,0,2,3,2,2,False,18918900,342.3085714285715,18.46153846153846
6,0,2,3,1,3,False,6306300,304.27428571428567,20.76923076923077
6,0,2,2,5,0,False,3783780,329.1428571428571,19.166666666666668
6,0,2,2,4,1,False,15135120,359.8628571428571,17.5
6,0,2,2,3,2,False,22702680,364.25142857142856,17.5
6,0,2,2,2,3,False,15135120,342.3085714285714,18.333333333333336
6,0,2,2,1,4,False,3783780,294.0342857142857,21.666666666666668
6,0,2,1,6,0,False,1261260,301.7142857142857,20.909090909090907
6,0,2,1,5,1,False,6306300,362.05714285714294,17.27272727272727
6,0,2,1,4,2,False,12612600,378.1485714285715,17.27272727272727
6,0,2,1,3,3,False,12612600,370.10285714285715,17.27272727272727
6,0,2,1,2,4,False,6306300,337.9200000000001,19.09090909090909
6,0,2,1,1,5,False,1261260,281.59999999999997,22.727272727272727
6,0,2,0,7,0,False,180180,274.2857142857143,23.0
6,0,2,0,6,1,False,1081080,329.14285714285717,19.0
6,0,2,0,5,2,False,2702700,384.0,17.0
6,0,2,0,4,3,False,3603600,387.65714285714284,17.0
6,0,2,0,3,4,False,2702700,369.3714285714286,17.0
6,0,2,0,2,5,False,1081080,329.14285714285717,19.0
6,0,2,0,1,6,False,180180,266.97142857142853,24.0
6,0,1,8,0,0,False,45045,301.7142857142857,21.11111111111111
6,0,1,7,1,0,False,360360,313.44761904761907,19.999999999999996
6,0,1,6,2,0,False,1261260,321.8285714285714,20.0
6,0,1,6,1,1,False,1261260,311.10095238095244,20.625
6,0,1,5,3,0,False,2522520,326.85714285714283,19.333333333333332
6,0,1,5,2,1,False,5045040,331.8857142857143,19.333333333333332
6,0,1,5,1,2,False,2522520,306.74285714285713,20.666666666666668
6,0,1,4,4,0,False,3153150,328.53333333333325,19.28571428571429
6,0,1,4,3,1,False,9459450,347.3066666666667,18.571428571428573
6,0,1,4,2,2,False,9459450,337.91999999999996,18.571428571428573
6,0,1,4,1,3,False,3153150,300.3733333333333,21.42857142857143
6,0,1,3,5,0,False,2522520,326.85714285714283,19.23076923076923
6,0,1,3,4,1,False,10090080,357.3638095238096,17.692307692307693
6,0,1,3,3,2,False,15135120,361.7219047619048,17.692307692307693
6,0,1,3,2,3,False,10090080,339.93142857142857,18.46153846153846
6,0,1,3,1,4,False,2522520,291.992380952381,21.538461538461537
6,0,1,2,6,0,False,1261260,301.71428571428567,20.833333333333336
6,0,1,2,5,1,False,6306300,362.0571428571429,17.5
6,0,1,2,4,2,False,12612600,378.14857142857136,16.666666666666668
6,0,1,2,3,3,False,12612600,370.1028571428572,17.5
6,0,1,2,2,4,False,6306300,337.91999999999996,19.166666666666668
6,0,1,2,1,5,False,1261260,281.59999999999997,22.5
6,0,1,1,7,0,False,360360,276.57142857142856,22.727272727272727
6,0,1,1,6,1,False,2162160,331.8857142857143,19.09090909090909
6,0,1,1,5,2,False,5405400,387.20000000000005,16.363636363636363
6,0,1,1,4,3,False,7207200,390.88761904761907,16.363636363636363
6,0,1,1,3,4,False,5405400,372.4495238095239,17.27272727272727
6,0,1,1,2,5,False,2162160,331.8857142857143,19.09090909090909
6,0,1,1,1,6,False,360360,269.19619047619045,23.636363636363633
6,0,1,0,8,0,False,45045,251.42857142857142,25.0
6,0,1,0,7,1,False,315315,301.7142857142857,21.0
6,0,1,0,6,2,False,945945,352.0,18.0
6,0,1,0,5,3,False,1576575,402.2857142857142,16.0
6,0,1,0,4,4,False,1576575,395.58095238095245,16.0
6,0,1,0,3,5,False,945945,368.76190476190476,17.0
6,0,1,0,2,6,False,315315,321.82857142857137,20.0
6,0,1,0,1,7,False,45045,254.78095238095236,25.0
6,0,0,9,0,0,False,5005,289.5238095238095,22.105263157894736
6,0,0,8,1,0,False,45045,301.7142857142857,21.11111111111111
6,0,0,7,2,0,False,180180,310.85714285714283,20.588235294117645
6,0,0,7,1,1,False,180180,300.49523809523816,21.176470588235293
6,0,0,6,3,0,False,420420,316.95238095238096,20.0
6,0,0,6,2,1,False,840840,321.8285714285714,20.0
6,0,0,6,1,2,False,420420,297.447619047619,21.25
6,0,0,5,4,0,False,630630,320.0,20.0
6,0,0,5,3,1,False,1891890,338.2857142857143,18.666666666666668
6,0,0,5,2,2,False,1891890,329.1428571428571,19.333333333333332
6,0,0,5,1,3,False,630630,292.57142857142856,22.0
6,0,0,4,5,0,False,630630,319.99999999999994,20.0
6,0,0,4,4,1,False,2522520,349.8666666666667,18.571428571428573
6,0,0,4,3,2,False,3783780,354.1333333333333,17.857142857142858
6,0,0,4,2,3,False,2522520,332.8,19.28571428571429
6,0,0,4,1,4,False,630630,285.8666666666666,22.142857142857146
6,0,0,3,6,0,False,420420,297.1428571428571,21.538461538461537
6,0,0,3,5,1,False,2102100,356.57142857142856,17.692307692307693
6,0,0,3,4,2,False,4204200,372.41904761904766,16.923076923076923
6,0,0,3,3,3,False,4204200,364.49523809523816,17.692307692307693
6,0,0,3,2,4,False,2102100,332.8,19.23076923076923
6,0,0,3,1,5,False,420420,277.3333333333333,23.076923076923077
6,0,0,2,7,0,False,180180,274.2857142857143,23.333333333333336
6,0,0,2,6,1,False,1081080,329.1428571428571,19.166666666666668
6,0,0,2,5,2,False,2702700,384.0,16.666666666666668
6,0,0,2,4,3,False,3603600,387.6571428571429,16.666666666666668
6,0,0,2,3,4,False,2702700,369.3714285714286,17.5
6,0,0,2,2,5,False,1081080,329.1428571428571,19.166666666666668
6,0,0,2,1,6,False,180180,266.97142857142853,24.166666666666668
6,0,0,1,8,0,False,45045,251.42857142857144,25.454545454545453
6,0,0,1,7,1,False,315315,301.7142857142857,20.909090909090907
6,0,0,1,6,2,False,945945,352.0,18.18181818181818
6,0,0,1,5,3,False,1576575,402.2857142857143,16.363636363636363
6,0,0,1,4,4,False,1576575,395.58095238095245,16.363636363636363
6,0,0,1,3,5,False,945945,368.7619047619048,17.27272727272727
6,0,0,1,2,6,False,315315,321.8285714285714,20.0
6,0,0,1,1,7,False,45045,254.78095238095239,24.545454545454543
6,0,0,0,9,0,False,5005,228.57142857142856,28.0
6,0,0,0,8,1,False,40040,274.2857142857143,23.0
6,0,0,0,7,2,False,140140,320.0,20.0
6,0,0,0,6,3,False,280280,365.71428571428567,18.0
6,0,0,0,5,4,False,350350,411.4285714285714,16.0
6,0,0,0,4,5,False,280280,396.19047619047615,16.0
6,0,0,0,3,6,False,140140,362.66666666666663,18.0
6,0,0,0,2,7,False,40040,310.85714285714283,21.0
6,0,0,0,1,8,False,5005,240.76190476190476,26.0
5,10,0,0,0,0,False,3003,738.0952380952381,9.0
5,9,1,0,0,0,False,30030,746.4285714285714,9.0
5,9,0,1,0,0,False,30030,746.4285714285714,9.09090909090909
5,9,0,0,1,0,False,30030,746.4285714285714,9.0
5,8,2,0,0,0,False,135135,742.8571428571428,9.0
5,8,1,1,0,0,False,270270,749.0476190476193,9.09090909090909
5,8,1,0,1,0,False,270270,749.0476190476193,9.0
5,8,0,2,0,0,False,135135,742.8571428571428,9.166666666666668
5,8,0,1,1,0,False,270270,749.0476190476193,9.09090909090909
5,8,0,0,2,0,False,135135,742.8571428571428,9.0
5,8,0,0,1,1,False,135135,718.0952380952382,9.0
5,7,3,0,0,0,False,360360,727.3809523809523,9.0
5,7,2,1,0,0,False,1081080,738.5714285714287,9.09090909090909
5,7,2,0,1,0,False,1081080,738.5714285714287,9.0
5,7,1,2,0,0,False,1081080,738.5714285714286,9.166666666666668
5,7,1,1,1,0,False,2162160,744.7261904761907,9.09090909090909
5,7,1,0,2,0,False,1081080,738.5714285714286,9.0
5,7,1,0,1,1,False,1081080,713.952380952381,9.0
5,7,0,3,0,0,False,360360,727.3809523809524,9.23076923076923
5,7,0,2,1,0,False,1081080,738.5714285714286,9.166666666666668
5,7,0,1,2,0,False,1081080,738.5714285714287,9.09090909090909
5,7,0,1,1,1,False,1081080,713.9523809523811,9.09090909090909
5,7,0,0,3,0,False,360360,727.3809523809523,9.0
5,7,0,0,2,1,False,720720,738.5714285714286,9.0
5,7,0,0,1,2,False,360360,682.6190476190476,10.0
5,6,4,0,0,0,False,630630,700.0,9.0
5,6,3,1,0,0,False,2522520,715.0000000000001,9.09090909090909
5,6,3,0,1,0,False,2522520,715.0000000000001,9.0
5,6,2,2,0,0,False,3783780,720.0,9.166666666666668
5,6,2,1,1,0,False,7567560,726.0000000000001,9.09090909090909
5,6,2,0,2,0,False,3783780,720.0,9.0
5,6,2,0,1,1,False,3783780,696.0,9.0
5,6,1,3,0,0,False,2522520,715.0,9.23076923076923
5,6,1,2,1,0,False,7567560,726.0,9.166666666666668
5,6,1,1,2,0,False,7567560,726.0000000000001,9.09090909090909
5,6,1,1,1,1,True,7567560,701.8000000000001,9.09090909090909
5,6,1,0,3,0,False,2522520,715.0,9.0
5,6,1,0,2,1,False,5045040,726.0,9.0
5,6,1,0,1,2,False,2522520,670.9999999999999,10.0
5,6,0,4,0,0,False,630630,700.0,9.285714285714286
5,6,0,3,1,0,False,2522520,715.0,9.23076923076923
5,6,0,2,2,0,False,3783780,720.0,9.166666666666668
5,6,0,2,1,1,False,3783780,696.0000000000001,9.166666666666668
5,6,0,1,3,0,False,2522520,715.0000000000001,9.09090909090909
5,6,0,1,2,1,False,5045040,726.0000000000001,9.09090909090909
5,6,0,1,1,2,False,2522520,671.0,10.0
5,6,0,0,4,0,False,630630,700.0,9.0
5,6,0,0,3,1,False,1891890,740.0,9.0
5,6,0,0,2,2,False,1891890,720.0,9.0
5,6,0,0,1,3,False,630630,640.0,10.0
5,5,5,0,0,0,False,756756,660.7142857142857,10.0
5,5,4,1,0,0,False,3783780,678.3333333333334,10.0
5,5,4,0,1,0,False,3783780,678.3333333333334,10.0
5,5,3,2,0,0,False,7567560,687.1428571428571,9.166666666666668
5,5,3,1,1,0,False,15135120,692.8690476190476,9.09090909090909
5,5,3,0,2,0,False,7567560,687.1428571428571,10.0
5,5,3,0,1,1,False,7567560,664.2380952380953,10.0
5,5,2,3,0,0,False,7567560,687.1428571428571,9.23076923076923
5,5,2,2,1,0,False,22702680,697.7142857142857,9.166666666666668
5,5,2,1,2,0,False,22702680,697.7142857142857,9.09090909090909
5,5,2,1,1,1,True,22702680,674.457142857143,10.0
5,5,2,0,3,0,False,7567560,687.1428571428571,10.0
5,5,2,0,2,1,False,15135120,697.7142857142857,9.0
5,5,2,0,1,2,False,7567560,644.8571428571429,10.0
5,5,1,4,0,0,False,3783780,678.3333333333334,9.285714285714286
5,5,1,3,1,0,False,15135120,692.8690476190478,9.23076923076923
5,5,1,2,2,0,False,22702680,697.7142857142857,9.166666666666668
5,5,1,2,1,1,True,22702680,674.4571428571429,10.0
5,5,1,1,3,0,False,15135120,692.8690476190477,9.09090909090909
5,5,1,1,2,1,True,30270240,703.5285714285715,9.09090909090909
5,5,1,1,1,2,True,15135120,650.2309523809525,10.0
5,5,1,0,4,0,False,3783780,678.3333333333333,10.0
5,5,1,0,3,1,False,11351340,717.0952380952381,9.0
5,5,1,0,2,2,False,11351340,697.7142857142857,9.0
5,5,1,0,1,3,False,3783780,620.1904761904761,11.0
5,5,0,5,0,0,False,756756,660.7142857142857,10.0
5,5,0,4,1,0,False,3783780,678.3333333333334,9.285714285714286
5,5,0,3,2,0,False,7567560,687.1428571428571,9.23076923076923
5,5,0,3,1,1,False,7567560,664.2380952380953,10.0
5,5,0,2,3,0,False,7567560,687.1428571428571,9.166666666666668
5,5,0,2,2,1,False,15135120,697.7142857142857,9.166666666666668
5,5,0,2,1,2,False,7567560,644.8571428571428,10.0
5,5,0,1,4,0,False,3783780,678.3333333333334,10.0
5,5,0,1,3,1,False,11351340,717.0952380952381,9.09090909090909
5,5,0,1,2,2,False,11351340,697.7142857142857,9.09090909090909
5,5,0,1,1,3,False,3783780,620.1904761904761,10.909090909090908
5,5,0,0,5,0,False,756756,660.7142857142857,10.0
5,5,0,0,4,1,False,3027024,722.3809523809524,9.0
5,5,0,0,3,2,False,4540536,731.1904761904763,9.0
5,5,0,0,2,3,False,3027024,687.1428571428571,10.0
5,5,0,0,1,4,False,756756,590.2380952380952,11.0
5,4,6,0,0,0,False,630630,609.5238095238095,11.0
5,4,5,1,0,0,False,3783780,628.5714285714287,10.0
5,4,5,0,1,0,False,3783780,628.5714285714286,10.0
5,4,4,2,0,0,False,9459450,639.9999999999999,10.0
5,4,4,1,1,0,False,18918900,645.3333333333334,10.0
5,4,4,0,2,0,False,9459450,640.0,10.0
5,4,4,0,1,1,False,9459450,618.6666666666667,11.0
5,4,3,3,0,0,False,12612600,643.8095238095237,10.0
5,4,3,2,1,0,False,37837800,653.7142857142857,10.0
5,4,3,1,2,0,False,37837800,653.7142857142857,10.0
5,4,3,1,1,1,True,37837800,631.9238095238096,10.0
5,4,3,0,3,0,False,12612600,643.8095238095237,10.0
5,4,3,0,2,1,False,25225200,653.7142857142857,10.0
5,4,3,0,1,2,False,12612600,604.1904761904761,11.0
5,4,2,4,0,0,False,9459450,639.9999999999999,10.0
5,4,2,3,1,0,False,37837800,653.7142857142857,10.0
5,4,2,2,2,0,False,56756700,658.2857142857142,10.0
5,4,2,2,1,1,True,56756700,636.3428571428572,10.0
5,4,2,1,3,0,False,37837800,653.7142857142857,10.0
5,4,2,1,2,1,True,75675600,663.7714285714286,10.0
5,4,2,1,1,2,True,37837800,613.4857142857143,10.909090909090908
5,4,2,0,4,0,False,9459450,640.0,10.0
5,4,2,0,3,1,False,28378350,676.5714285714286,10.0
5,4,2,0,2,2,False,28378350,658.2857142857142,10.0
5,4,2,0,1,3,False,9459450,585.1428571428571,11.0
5,4,1,5,0,0,False,3783780,628.5714285714287,10.0
5,4,1,4,1,0,False,18918900,645.3333333333334,10.0
5,4,1,3,2,0,False,37837800,653.7142857142857,10.0
5,4,1,3,1,1,True,37837800,631.9238095238096,10.0
5,4,1,2,3,0,False,37837800,653.7142857142858,10.0
5,4,1,2,2,1,True,75675600,663.7714285714286,10.0
5,4,1,2,1,2,True,37837800,613.4857142857144,10.833333333333334
5,4,1,1,4,0,False,18918900,645.3333333333334,10.0
5,4,1,1,3,1,True,56756700,682.2095238095238,10.0
5,4,1,1,2,2,True,56756700,663.7714285714286,10.0
5,4,1,1,1,3,True,18918900,590.0190476190477,10.909090909090908
5,4,1,0,5,0,False,3783780,628.5714285714287,10.0
5,4,1,0,4,1,False,15135120,687.2380952380953,10.0
5,4,1,0,3,2,False,22702680,695.6190476190478,9.0
5,4,1,0,2,3,False,15135120,653.7142857142858,10.0
5,4,1,0,1,4,False,3783780,561.5238095238096,12.0
5,4,0,6,0,0,False,630630,609.5238095238095,10.625
5,4,0,5,1,0,False,3783780,628.5714285714287,10.0
5,4,0,4,2,0,False,9459450,639.9999999999999,10.0
5,4,0,4,1,1,False,9459450,618.6666666666666,10.714285714285715
5,4,0,3,3,0,False,12612600,643.8095238095237,10.0
5,4,0,3,2,1,False,25225200,653.7142857142857,10.0
5,4,0,3,1,2,False,12612600,604.1904761904763,10.769230769230768
5,4,0,2,4,0,False,9459450,639.9999999999999,10.0
5,4,0,2,3,1,False,28378350,676.5714285714284,10.0
5,4,0,2,2,2,False,28378350,658.2857142857142,10.0
5,4,0,2,1,3,False,9459450,585.1428571428571,10.833333333333334
5,4,0,1,5,0,False,3783780,628.5714285714287,10.0
5,4,0,1,4,1,False,15135120,687.2380952380952,10.0
5,4,0,1,3,2,False,22702680,695.6190476190476,9.09090909090909
5,4,0,1,2,3,False,15135120,653.7142857142857,10.0
5,4,0,1,1,4,False,3783780,561.5238095238095,11.818181818181817
5,4,0,0,6,0,False,630630,571.4285714285714,11.0
5,4,0,0,5,1,False,3153150,685.7142857142857,10.0
5,4,0,0,4,2,False,6306300,716.1904761904761,9.0
5,4,0,0,3,3,False,6306300,700.952380952381,9.0
5,4,0,0,2,4,False,3153150,640.0000000000001,10.0
5,4,0,0,1,5,False,630630,533.3333333333333,12.0
5,3,7,0,0,0,False,360360,546.4285714285716,12.0
5,3,6,1,0,0,False,2522520,565.7142857142857,11.818181818181817
5,3,6,0,1,0,False,2522520,565.7142857142857,12.0
5,3,5,2,0,0,False,7567560,578.5714285714286,10.833333333333334
5,3,5,1,1,0,False,15135120,583.3928571428571,10.909090909090908
5,3,5,0,2,0,False,7567560,578.5714285714286,11.0
5,3,5,0,1,1,False,7567560,559.2857142857143,12.0
5,3,4,3,0,0,False,12612600,585.0,10.769230769230768
5,3,4,2,1,0,False,37837800,594.0,10.833333333333334
5,3,4,1,2,0,False,37837800,593.9999999999999,10.909090909090908
5,3,4,1,1,1,True,37837800,574.2,10.909090909090908
5,3,4,0,3,0,False,12612600,585.0,11.0
5,3,4,0,2,1,False,25225200,593.9999999999999,11.0
5,3,4,0,1,2,False,12612600,548.9999999999999,12.0
5,3,3,4,0,0,False,12612600,584.9999999999999,10.714285714285715
5,3,3,3,1,0,False,50450400,597.5357142857143,10.769230769230768
5,3,3,2,2,0,False,75675600,601.7142857142857,10.833333333333334
5,3,3,2,1,1,True,75675600,581.6571428571428,10.833333333333334
5,3,3,1,3,0,False,50450400,597.5357142857143,10.909090909090908
5,3,3,1,2,1,True,100900800,606.7285714285715,10.909090909090908
5,3,3,1,1,2,True,50450400,560.7642857142857,11.818181818181817
5,3,3,0,4,0,False,12612600,585.0,11.0
5,3,3,0,3,1,False,37837800,618.4285714285714,11.0
5,3,3,0,2,2,False,37837800,601.7142857142857,11.0
5,3,3,0,1,3,False,12612600,534.8571428571429,12.0
5,3,2,5,0,0,False,7567560,578.5714285714284,11.333333333333334
5,3,2,4,1,0,False,37837800,594.0,10.714285714285715
5,3,2,3,2,0,False,75675600,601.7142857142857,10.769230769230768
5,3,2,3,1,1,True,75675600,581.6571428571428,10.769230769230768
5,3,2,2,3,0,False,75675600,601.7142857142857,10.833333333333334
5,3,2,2,2,1,True,151351200,610.9714285714285,10.833333333333334
5,3,2,2,1,2,True,75675600,564.6857142857142,11.666666666666668
5,3,2,1,4,0,False,37837800,594.0,10.909090909090908
5,3,2,1,3,1,True,113513400,627.9428571428571,10.0
5,3,2,1,2,2,True,113513400,610.9714285714285,10.909090909090908
5,3,2,1,1,3,True,37837800,543.0857142857143,11.818181818181817
5,3,2,0,5,0,False,7567560,578.5714285714286,11.0
5,3,2,0,4,1,False,30270240,632.5714285714286,10.0
5,3,2,0,3,2,False,45405360,640.2857142857143,10.0
5,3,2,0,2,3,False,30270240,601.7142857142858,11.0
5,3,2,0,1,4,False,7567560,516.8571428571429,13.0
5,3,1,6,0,0,False,2522520,565.7142857142858,11.25
5,3,1,5,1,0,False,15135120,583.3928571428572,11.333333333333334
5,3,1,4,2,0,False,37837800,594.0,10.714285714285715
5,3,1,4,1,1,True,37837800,574.2,11.428571428571429
5,3,1,3,3,0,False,50450400,597.5357142857144,10.769230769230768
5,3,1,3,2,1,True,100900800,606.7285714285715,10.769230769230768
5,3,1,3,1,2,True,50450400,560.7642857142857,11.538461538461538
5,3,1,2,4,0,False,37837800,594.0,10.833333333333334
5,3,1,2,3,1,True,113513400,627.9428571428572,10.0
5,3,1,2,2,2,True,113513400,610.9714285714285,10.833333333333334
5,3,1,2,1,3,True,37837800,543.0857142857144,11.666666666666668
5,3,1,1,5,0,False,15135120,583.3928571428572,10.909090909090908
5,3,1,1,4,1,True,60540480,637.8428571428574,10.0
5,3,1,1,3,2,True,90810720,645.6214285714286,10.0
5,3,1,1,2,3,True,60540480,606.7285714285716,10.909090909090908
5,3,1,1,1,4,True,15135120,521.1642857142858,12.727272727272727
5,3,1,0,6,0,False,2522520,530.3571428571429,12.0
5,3,1,0,5,1,False,12612600,636.4285714285714,10.0
5,3,1,0,4,2,False,25225200,664.7142857142858,10.0
5,3,1,0,3,3,False,25225200,650.5714285714287,10.0
5,3,1,0,2,4,False,12612600,594.0000000000001,11.0
5,3,1,0,1,5,False,2522520,495.0,13.0
5,3,0,7,0,0,False,360360,546.4285714285714,11.76470588235294
5,3,0,6,1,0,False,2522520,565.7142857142858,11.25
5,3,0,5,2,0,False,7567560,578.5714285714284,11.333333333333334
5,3,0,5,1,1,False,7567560,559.2857142857143,11.333333333333334
5,3,0,4,3,0,False,12612600,584.9999999999999,10.714285714285715
5,3,0,4,2,1,False,25225200,594.0,10.714285714285715
5,3,0,4,1,2,False,12612600,548.9999999999999,11.428571428571429
5,3,0,3,4,0,False,12612600,585.0,10.769230769230768
5,3,0,3,3,1,False,37837800,618.4285714285713,10.769230769230768
5,3,0,3,2,2,False,37837800,601.7142857142857,10.769230769230768
5,3,0,3,1,3,False,12612600,534.8571428571428,12.307692307692307
5,3,0,2,5,0,False,7567560,578.5714285714286,10.833333333333334
5,3,0,2,4,1,False,30270240,632.5714285714286,10.0
5,3,0,2,3,2,False,45405360,640.2857142857142,10.0
5,3,0,2,2,3,False,30270240,601.7142857142857,10.833333333333334
5,3,0,2,1,4,False,7567560,516.8571428571428,12.5
5,3,0,1,6,0,False,2522520,530.3571428571429,11.818181818181817
5,3,0,1,5,1,False,12612600,636.4285714285714,10.0
5,3,0,1,4,2,False,25225200,664.7142857142857,10.0
5,3,0,1,3,3,False,25225200,650.5714285714287,10.0
5,3,0,1,2,4,False,12612600,594.0,10.909090909090908
5,3,0,1,1,5,False,2522520,495.0,12.727272727272727
5,3,0,0,7,0,False,360360,482.1428571428571,13.0
5,3,0,0,6,1,False,2162160,578.5714285714286,11.0
5,3,0,0,5,2,False,5405400,675.0,10.0
5,3,0,0,4,3,False,7207200,681.4285714285714,10.0
5,3,0,0,3,4,False,5405400,649.2857142857143,10.0
5,3,0,0,2,5,False,2162160,578.5714285714286,11.0
5,3,0,0,1,6,False,360360,469.2857142857143,14.0
5,2,8,0,0,0,False,135135,471.4285714285714,14.0
5,2,7,1,0,0,False,1081080,489.7619047619048,13.636363636363635
5,2,7,0,1,0,False,1081080,489.7619047619048,13.0
5,2,6,2,0,0,False,3783780,502.85714285714283,12.5
5,2,6,1,1,0,False,7567560,507.0476190476191,12.727272727272727
5,2,6,0,2,0,False,3783780,502.85714285714283,13.0
5,2,6,0,1,1,False,3783780,486.09523809523813,13.0
5,2,5,3,0,0,False,7567560,510.7142857142857,12.307692307692307
5,2,5,2,1,0,False,22702680,518.5714285714286,12.5
5,2,5,1,2,0,False,22702680,518.5714285714286,12.727272727272727
5,2,5,1,1,1,True,22702680,501.28571428571433,12.727272727272727
5,2,5,0,3,0,False,7567560,510.71428571428567,13.0
5,2,5,0,2,1,False,15135120,518.5714285714286,13.0
5,2,5,0,1,2,False,7567560,479.2857142857143,14.0
5,2,4,4,0,0,False,9459450,513.3333333333333,12.857142857142858
5,2,4,3,1,0,False,37837800,524.3333333333334,12.307692307692307
5,2,4,2,2,0,False,56756700,528.0,12.5
5,2,4,2,1,1,True,56756700,510.40000000000003,12.5
5,2,4,1,3,0,False,37837800,524.3333333333334,12.727272727272727
5,2,4,1,2,1,True,75675600,532.4000000000001,11.818181818181817
5,2,4,1,1,2,True,37837800,492.06666666666666,12.727272727272727
5,2,4,0,4,0,False,9459450,513.3333333333333,13.0
5,2,4,0,3,1,False,28378350,542.6666666666666,12.0
5,2,4,0,2,2,False,28378350,528.0,12.0
5,2,4,0,1,3,False,9459450,469.3333333333333,14.0
5,2,3,5,0,0,False,7567560,510.7142857142857,12.666666666666666
5,2,3,4,1,0,False,37837800,524.3333333333334,12.142857142857144
5,2,3,3,2,0,False,75675600,531.1428571428571,12.307692307692307
5,2,3,3,1,1,True,75675600,513.4380952380952,12.307692307692307
5,2,3,2,3,0,False,75675600,531.1428571428571,12.5
5,2,3,2,2,1,True,151351200,539.3142857142857,11.666666666666668
5,2,3,2,1,2,True,75675600,498.4571428571428,13.333333333333334
5,2,3,1,4,0,False,37837800,524.3333333333333,12.727272727272727
5,2,3,1,3,1,True,113513400,554.2952380952381,11.818181818181817
5,2,3,1,2,2,True,113513400,539.3142857142857,11.818181818181817
5,2,3,1,1,3,True,37837800,479.3904761904762,13.636363636363635
5,2,3,0,5,0,False,7567560,510.71428571428567,13.0
5,2,3,0,4,1,False,30270240,558.3809523809524,12.0
5,2,3,0,3,2,False,45405360,565.1904761904761,12.0
5,2,3,0,2,3,False,30270240,531.1428571428571,12.0
5,2,3,0,1,4,False,7567560,456.23809523809524,14.0
5,2,2,6,0,0,False,3783780,502.8571428571429,12.5
5,2,2,5,1,0,False,22702680,518.5714285714286,12.666666666666666
5,2,2,4,2,0,False,56756700,527.9999999999999,12.142857142857144
5,2,2,4,1,1,True,56756700,510.40000000000003,12.857142857142858
5,2,2,3,3,0,False,75675600,531.1428571428571,12.307692307692307
5,2,2,3,2,1,True,151351200,539.3142857142857,12.307692307692307
5,2,2,3,1,2,True,75675600,498.4571428571428,13.076923076923077
5,2,2,2,4,0,False,56756700,527.9999999999999,12.5
5,2,2,2,3,1,True,170270100,558.1714285714285,11.666666666666668
5,2,2,2,2,2,True,170270100,543.0857142857143,11.666666666666668
5,2,2,2,1,3,True,56756700,482.74285714285713,13.333333333333334
5,2,2,1,5,0,False,22702680,518.5714285714286,12.727272727272727
5,2,2,1,4,1,True,90810720,566.9714285714286,11.818181818181817
5,2,2,1,3,2,True,136216080,573.8857142857144,10.909090909090908
5,2,2,1,2,3,True,90810720,539.3142857142858,11.818181818181817
5,2,2,1,1,4,True,22702680,463.2571428571429,13.636363636363635
5,2,2,0,6,0,False,3783780,471.4285714285714,14.0
5,2,2,0,5,1,False,18918900,565.7142857142857,12.0
5,2,2,0,4,2,False,37837800,590.8571428571429,11.0
5,2,2,0,3,3,False,37837800,578.2857142857143,11.0
5,2,2,0,2,4,False,18918900,528.0000000000001,12.0
5,2,2,0,1,5,False,3783780,439.99999999999994,15.0
5,2,1,7,0,0,False,1081080,489.76190476190476,12.941176470588234
5,2,1,6,1,0,False,7567560,507.04761904761904,12.5
5,2,1,5,2,0,False,22702680,518.5714285714286,12.666666666666666
5,2,1,5,1,1,True,22702680,501.28571428571433,12.666666666666666
5,2,1,4,3,0,False,37837800,524.3333333333333,12.142857142857144
5,2,1,4,2,1,True,75675600,532.4,12.142857142857144
5,2,1,4,1,2,True,37837800,492.06666666666666,12.857142857142858
5,2,1,3,4,0,False,37837800,524.3333333333334,12.307692307692307
5,2,1,3,3,1,True,113513400,554.2952380952381,11.538461538461538
5,2,1,3,2,2,True,113513400,539.3142857142856,12.307692307692307
5,2,1,3,1,3,True,37837800,479.39047619047614,13.076923076923077
5,2,1,2,5,0,False,22702680,518.5714285714286,12.5
5,2,1,2,4,1,True,90810720,566.9714285714285,11.666666666666668
5,2,1,2,3,2,True,136216080,573.8857142857142,11.666666666666668
5,2,1,2,2,3,True,90810720,539.3142857142857,11.666666666666668
5,2,1,2,1,4,True,22702680,463.2571428571428,14.166666666666668
5,2,1,1,6,0,False,7567560,475.35714285714283,13.636363636363635
5,2,1,1,5,1,True,37837800,570.4285714285714,11.818181818181817
5,2,1,1,4,2,True,75675600,595.7809523809524,10.909090909090908
5,2,1,1,3,3,True,75675600,583.104761904762,10.909090909090908
5,2,1,1,2,4,True,37837800,532.4000000000001,11.818181818181817
5,2,1,1,1,5,True,7567560,443.6666666666667,14.545454545454545
5,2,1,0,7,0,False,1081080,432.1428571428571,15.0
5,2,1,0,6,1,False,6486480,518.5714285714286,13.0
5,2,1,0,5,2,False,16216200,605.0,11.0
5,2,1,0,4,3,False,21621600,610.7619047619048,11.0
5,2,1,0,3,4,False,16216200,581.9523809523811,11.0
5,2,1,0,2,5,False,6486480,518.5714285714286,13.0
5,2,1,0,1,6,False,1081080,420.6190476190476,15.0
5,2,0,8,0,0,False,135135,471.4285714285714,13.333333333333332
5,2,0,7,1,0,False,1081080,489.76190476190476,12.941176470588234
5,2,0,6,2,0,False,3783780,502.8571428571429,12.5
5,2,0,6,1,1,False,3783780,486.0952380952382,13.125
5,2,0,5,3,0,False,7567560,510.7142857142857,12.666666666666666
5,2,0,5,2,1,False,15135120,518.5714285714286,12.666666666666666
5,2,0,5,1,2,False,7567560,479.2857142857143,13.333333333333334
5,2,0,4,4,0,False,9459450,513.3333333333333,12.857142857142858
5,2,0,4,3,1,False,28378350,542.6666666666666,12.142857142857144
5,2,0,4,2,2,False,28378350,527.9999999999999,12.142857142857144
5,2,0,4,1,3,False,9459450,469.3333333333333,13.571428571428573
5,2,0,3,5,0,False,7567560,510.7142857142857,12.307692307692307
5,2,0,3,4,1,False,30270240,558.3809523809525,11.538461538461538
5,2,0,3,3,2,False,45405360,565.1904761904763,11.538461538461538
5,2,0,3,2,3,False,30270240,531.1428571428571,12.307692307692307
5,2,0,3,1,4,False,7567560,456.2380952380952,13.846153846153845
5,2,0,2,6,0,False,3783780,471.4285714285714,13.333333333333334
5,2,0,2,5,1,False,18918900,565.7142857142857,11.666666666666668
5,2,0,2,4,2,False,37837800,590.8571428571428,10.833333333333334
5,2,0,2,3,3,False,37837800,578.2857142857142,10.833333333333334
5,2,0,2,2,4,False,18918900,528.0,12.5
5,2,0,2,1,5,False,3783780,439.99999999999994,15.0
5,2,0,1,7,0,False,1081080,432.14285714285717,14.545454545454545
5,2,0,1,6,1,False,6486480,518.5714285714286,12.727272727272727
5,2,0,1,5,2,False,16216200,605.0,10.909090909090908
5,2,0,1,4,3,False,21621600,610.7619047619047,10.909090909090908
5,2,0,1,3,4,False,16216200,581.9523809523811,10.909090909090908
5,2,0,1,2,5,False,6486480,518.5714285714286,12.727272727272727
5,2,0,1,1,6,False,1081080,420.6190476190476,15.454545454545453
5,2,0,0,8,0,False,135135,392.85714285714283,16.0
5,2,0,0,7,1,False,945945,471.4285714285714,14.0
5,2,0,0,6,2,False,2837835,550.0,12.0
5,2,0,0,5,3,False,4729725,628.5714285714286,10.0
5,2,0,0,4,4,False,4729725,618.0952380952382,11.0
5,2,0,0,3,5,False,2837835,576.1904761904761,11.0
5,2,0,0,2,6,False,945945,502.85714285714283,13.0
5,2,0,0,1,7,False,135135,398.0952380952381,16.0
5,1,9,0,0,0,False,30030,384.5238095238095,17.0
5,1,8,1,0,0,False,270270,400.7142857142857,16.363636363636363
5,1,8,0,1,0,False,270270,400.7142857142857,16.0
5,1,7,2,0,0,False,1081080,412.8571428571429,15.833333333333334
5,1,7,1,1,0,False,2162160,416.29761904761915,15.454545454545453
5,1,7,0,2,0,False,1081080,412.8571428571429,16.0
5,1,7,0,1,1,False,1081080,399.0952380952382,16.0
5,1,6,3,0,0,False,2522520,420.95238095238096,15.384615384615383
5,1,6,2,1,0,False,7567560,427.42857142857144,15.0
5,1,6,1,2,0,False,7567560,427.42857142857144,15.454545454545453
5,1,6,1,1,1,True,7567560,413.1809523809524,15.454545454545453
5,1,6,0,3,0,False,2522520,420.9523809523809,15.0
5,1,6,0,2,1,False,5045040,427.4285714285714,15.0
5,1,6,0,1,2,False,2522520,395.04761904761904,16.0
5,1,5,4,0,0,False,3783780,424.99999999999994,15.000000000000002
5,1,5,3,1,0,False,15135120,434.10714285714283,14.615384615384615
5,1,5,2,2,0,False,22702680,437.1428571428571,15.0
5,1,5,2,1,1,True,22702680,422.5714285714286,15.0
5,1,5,1,3,0,False,15135120,434.10714285714283,14.545454545454545
5,1,5,1,2,1,True,30270240,440.7857142857143,14.545454545454545
5,1,5,1,1,2,True,15135120,407.39285714285717,15.454545454545453
5,1,5,0,4,0,False,3783780,425.0,15.0
5,1,5,0,3,1,False,11351340,449.2857142857143,14.0
5,1,5,0,2,2,False,11351340,437.1428571428571,15.0
5,1,5,0,1,3,False,3783780,388.57142857142856,17.0
5,1,4,5,0,0,False,3783780,425.0,15.333333333333334
5,1,4,4,1,0,False,18918900,436.33333333333326,15.000000000000002
5,1,4,3,2,0,False,37837800,442.0,14.615384615384615
5,1,4,3,1,1,True,37837800,427.2666666666667,15.384615384615383
5,1,4,2,3,0,False,37837800,441.99999999999994,14.166666666666668
5,1,4,2,2,1,True,75675600,448.8,14.166666666666668
5,1,4,2,1,2,True,37837800,414.79999999999995,15.833333333333334
5,1,4,1,4,0,False,18918900,436.3333333333333,14.545454545454545
5,1,4,1,3,1,True,56756700,461.2666666666667,13.636363636363635
5,1,4,1,2,2,True,56756700,448.79999999999995,14.545454545454545
5,1,4,1,1,3,True,18918900,398.9333333333334,16.363636363636363
5,1,4,0,5,0,False,3783780,425.0,15.0
5,1,4,0,4,1,False,15135120,464.6666666666667,14.0
5,1,4,0,3,2,False,22702680,470.3333333333333,14.0
5,1,4,0,2,3,False,15135120,442.0,15.0
5,1,4,0,1,4,False,3783780,379.6666666666667,17.0
5,1,3,6,0,0,False,2522520,420.95238095238096,15.0
5,1,3,5,1,0,False,15135120,434.1071428571428,14.666666666666666
5,1,3,4,2,0,False,37837800,442.0,14.285714285714286
5,1,3,4,1,1,True,37837800,427.26666666666665,15.000000000000002
5,1,3,3,3,0,False,50450400,444.6309523809524,14.615384615384615
5,1,3,3,2,1,True,100900800,451.4714285714286,13.846153846153845
5,1,3,3,1,2,True,50450400,417.26904761904757,15.384615384615383
5,1,3,2,4,0,False,37837800,441.99999999999994,14.166666666666668
5,1,3,2,3,1,True,113513400,467.25714285714287,14.166666666666668
5,1,3,2,2,2,True,113513400,454.6285714285714,14.166666666666668
5,1,3,2,1,3,True,37837800,404.1142857142857,15.833333333333334
5,1,3,1,5,0,False,15135120,434.10714285714283,14.545454545454545
5,1,3,1,4,1,True,60540480,474.62380952380954,13.636363636363635
5,1,3,1,3,2,True,90810720,480.4119047619048,13.636363636363635
5,1,3,1,2,3,True,60540480,451.4714285714286,14.545454545454545
5,1,3,1,1,4,True,15135120,387.802380952381,16.363636363636363
5,1,3,0,6,0,False,2522520,394.6428571428571,16.0
5,1,3,0,5,1,False,12612600,473.57142857142856,14.0
5,1,3,0,4,2,False,25225200,494.6190476190476,13.0
5,1,3,0,3,3,False,25225200,484.0952380952381,13.0
5,1,3,0,2,4,False,12612600,442.0,15.0
5,1,3,0,1,5,False,2522520,368.3333333333333,17.0
5,1,2,7,0,0,False,1081080,412.85714285714283,15.294117647058822
5,1,2,6,1,0,False,7567560,427.4285714285714,15.0
5,1,2,5,2,0,False,22702680,437.1428571428571,14.666666666666666
5,1,2,5,1,1,True,22702680,422.57142857142856,15.333333333333334
5,1,2,4,3,0,False,37837800,442.0,14.285714285714286
5,1,2,4,2,1,True,75675600,448.79999999999995,14.285714285714286
5,1,2,4,1,2,True,37837800,414.7999999999999,15.714285714285715
5,1,2,3,4,0,False,37837800,442.0,14.615384615384615
5,1,2,3,3,1,True,113513400,467.2571428571428,13.846153846153845
5,1,2,3,2,2,True,113513400,454.6285714285714,13.846153846153845
5,1,2,3,1,3,True,37837800,404.11428571428576,16.153846153846153
5,1,2,2,5,0,False,22702680,437.1428571428571,15.0
5,1,2,2,4,1,True,90810720,477.9428571428572,13.333333333333334
5,1,2,2,3,2,True,136216080,483.7714285714285,13.333333333333334
5,1,2,2,2,3,True,90810720,454.6285714285714,14.166666666666668
5,1,2,2,1,4,True,22702680,390.51428571428573,16.666666666666668
5,1,2,1,6,0,False,7567560,400.7142857142857,16.363636363636363
5,1,2,1,5,1,True,37837800,480.85714285714283,13.636363636363635
5,1,2,1,4,2,True,75675600,502.22857142857146,12.727272727272727
5,1,2,1,3,3,True,75675600,491.5428571428572,12.727272727272727
5,1,2,1,2,4,True,37837800,448.8,14.545454545454545
5,1,2,1,1,5,True,7567560,374.00000000000006,17.27272727272727
5,1,2,0,7,0,False,1081080,364.2857142857143,18.0
5,1,2,0,6,1,False,6486480,437.1428571428571,15.0
5,1,2,0,5,2,False,16216200,510.0,13.0
5,1,2,0,4,3,False,21621600,514.8571428571429,13.0
5,1,2,0,3,4,False,16216200,490.57142857142867,13.0
5,1,2,0,2,5,False,6486480,437.1428571428571,15.0
5,1,2,0,1,6,False,1081080,354.57142857142856,18.0
5,1,1,8,0,0,False,270270,400.7142857142857,16.11111111111111
5,1,1,7,1,0,False,2162160,416.29761904761915,15.294117647058822
5,1,1,6,2,0,False,7567560,427.4285714285714,15.0
5,1,1,6,1,1,True,7567560,413.1809523809525,15.625
5,1,1,5,3,0,False,15135120,434.1071428571429,14.666666666666666
5,1,1,5,2,1,True,30270240,440.78571428571433,14.666666666666666
5,1,1,5,1,2,True,15135120,407.3928571428571,16.0
5,1,1,4,4,0,False,18918900,436.33333333333326,15.000000000000002
5,1,1,4,3,1,True,56756700,461.26666666666665,13.571428571428573
5,1,1,4,2,2,True,56756700,448.79999999999995,14.285714285714286
5,1,1,4,1,3,True,18918900,398.93333333333334,15.714285714285715
5,1,1,3,5,0,False,15135120,434.1071428571429,14.615384615384615
5,1,1,3,4,1,True,60540480,474.6238095238096,13.846153846153845
5,1,1,3,3,2,True,90810720,480.41190476190485,13.076923076923077
5,1,1,3,2,3,True,60540480,451.4714285714286,13.846153846153845
5,1,1,3,1,4,True,15135120,387.80238095238104,16.153846153846153
5,1,1,2,6,0,False,7567560,400.7142857142857,15.833333333333334
5,1,1,2,5,1,True,37837800,480.85714285714283,13.333333333333334
5,1,1,2,4,2,True,75675600,502.22857142857146,12.5
5,1,1,2,3,3,True,75675600,491.54285714285714,13.333333333333334
5,1,1,2,2,4,True,37837800,448.80000000000007,14.166666666666668
5,1,1,2,1,5,True,7567560,373.99999999999994,17.5
5,1,1,1,7,0,False,2162160,367.3214285714286,17.27272727272727
5,1,1,1,6,1,True,12972960,440.78571428571433,14.545454545454545
5,1,1,1,5,2,True,32432400,514.25,12.727272727272727
5,1,1,1,4,3,True,43243200,519.1476190476191,12.727272727272727
5,1,1,1,3,4,True,32432400,494.659523809524,12.727272727272727
5,1,1,1,2,5,True,12972960,440.78571428571433,14.545454545454545
5,1,1,1,1,6,True,2162160,357.5261904761905,18.18181818181818
5,1,1,0,8,0,False,270270,333.92857142857144,19.0
5,1,1,0,7,1,False,1891890,400.7142857142857,16.0
5,1,1,0,6,2,False,5675670,467.5,14.0
5,1,1,0,5,3,False,9459450,534.2857142857142,12.0
5,1,1,0,4,4,False,9459450,525.3809523809524,12.0
5,1,1,0,3,5,False,5675670,489.7619047619048,13.0
5,1,1,0,2,6,False,1891890,427.4285714285714,15.0
5,1,1,0,1,7,False,270270,338.3809523809524,19.0
5,1,0,9,0,0,False,30030,384.5238095238095,16.315789473684212
5,1,0,8,1,0,False,270270,400.7142857142857,16.11111111111111
5,1,0,7,2,0,False,1081080,412.85714285714283,15.294117647058822
5,1,0,7,1,1,False,1081080,399.0952380952382,15.88235294117647
5,1,0,6,3,0,False,2522520,420.95238095238096,15.0
5,1,0,6,2,1,False,5045040,427.4285714285714,15.0
5,1,0,6,1,2,False,2522520,395.04761904761904,16.25
5,1,0,5,4,0,False,3783780,425.0,15.333333333333334
5,1,0,5,3,1,False,11351340,449.2857142857143,14.0
5,1,0,5,2,2,False,11351340,437.1428571428571,14.666666666666666
5,1,0,5,1,3,False,3783780,388.57142857142856,16.666666666666668
5,1,0,4,5,0,False,3783780,424.99999999999994,15.000000000000002
5,1,0,4,4,1,False,15135120,464.6666666666666,13.571428571428573
5,1,0,4,3,2,False,22702680,470.3333333333333,13.571428571428573
5,1,0,4,2,3,False,15135120,442.0,14.285714285714286
5,1,0,4,1,4,False,3783780,379.6666666666666,17.142857142857142
5,1,0,3,6,0,False,2522520,394.6428571428571,16.153846153846153
5,1,0,3,5,1,False,12612600,473.57142857142856,13.846153846153845
5,1,0,3,4,2,False,25225200,494.61904761904765,13.076923076923077
5,1,0,3,3,3,False,25225200,484.0952380952381,13.076923076923077
5,1,0,3,2,4,False,12612600,442.0000000000001,14.615384615384615
5,1,0,3,1,5,False,2522520,368.3333333333333,17.692307692307693
5,1,0,2,7,0,False,1081080,364.2857142857143,17.5
5,1,0,2,6,1,False,6486480,437.1428571428571,15.0
5,1,0,2,5,2,False,16216200,510.0,12.5
5,1,0,2,4,3,False,21621600,514.8571428571428,12.5
5,1,0,2,3,4,False,16216200,490.57142857142867,13.333333333333334
5,1,0,2,2,5,False,6486480,437.1428571428571,15.0
5,1,0,2,1,6,False,1081080,354.57142857142856,18.333333333333336
5,1,0,1,8,0,False,270270,333.92857142857144,19.09090909090909
5,1,0,1,7,1,False,1891890,400.7142857142857,16.363636363636363
5,1,0,1,6,2,False,5675670,467.50000000000006,13.636363636363635
5,1,0,1,5,3,False,9459450,534.2857142857142,11.818181818181817
5,1,0,1,4,4,False,9459450,525.3809523809524,12.727272727272727
5,1,0,1,3,5,False,5675670,489.7619047619048,13.636363636363635
5,1,0,1,2,6,False,1891890,427.42857142857144,15.454545454545453
5,1,0,1,1,7,False,270270,338.38095238095235,19.09090909090909
5,1,0,0,9,0,False,30030,303.57142857142856,21.0
5,1,0,0,8,1,False,240240,364.2857142857143,18.0
5,1,0,0,7,2,False,840840,425.0,15.0
5,1,0,0,6,3,False,1681680,485.71428571428567,13.0
5,1,0,0,5,4,False,2102100,546.4285714285714,12.0
5,1,0,0,4,5,False,1681680,526.1904761904761,12.0
5,1,0,0,3,6,False,840840,481.66666666666663,13.0
5,1,0,0,2,7,False,240240,412.85714285714283,16.0
5,1,0,0,1,8,False,30030,319.76190476190476,20.0
5,0,10,0,0,0,False,3003,285.7142857142857,22.0
5,0,9,1,0,0,False,30030,298.57142857142856,21.818181818181817
5,0,9,0,1,0,False,30030,298.57142857142856,21.0
5,0,8,2,0,0,False,135135,308.5714285714285,20.833333333333336
5,0,8,1,1,0,False,270270,311.14285714285717,20.909090909090907
5,0,8,0,2,0,False,135135,308.57142857142856,21.0
5,0,8,0,1,1,False,135135,298.28571428571433,21.0
5,0,7,3,0,0,False,360360,315.7142857142857,20.0
5,0,7,2,1,0,False,1081080,320.5714285714286,20.0
5,0,7,1,2,0,False,1081080,320.57142857142856,20.0
5,0,7,1,1,1,False,1081080,309.88571428571436,20.909090909090907
5,0,7,0,3,0,False,360360,315.7142857142858,20.0
5,0,7,0,2,1,False,720720,320.5714285714286,20.0
5,0,7,0,1,2,False,360360,296.2857142857143,22.0
5,0,6,4,0,0,False,630630,319.99999999999994,20.0
5,0,6,3,1,0,False,2522520,326.85714285714283,19.23076923076923
5,0,6,2,2,0,False,3783780,329.1428571428571,19.166666666666668
5,0,6,2,1,1,False,3783780,318.1714285714286,20.0
5,0,6,1,3,0,False,2522520,326.85714285714283,20.0
5,0,6,1,2,1,False,5045040,331.8857142857143,19.09090909090909
5,0,6,1,1,2,False,2522520,306.74285714285713,20.909090909090907
5,0,6,0,4,0,False,630630,320.0,20.0
5,0,6,0,3,1,False,1891890,338.2857142857143,19.0
5,0,6,0,2,2,False,1891890,329.1428571428571,19.0
5,0,6,0,1,3,False,630630,292.57142857142856,22.0
5,0,5,5,0,0,False,756756,321.42857142857144,20.0
5,0,5,4,1,0,False,3783780,330.0,19.28571428571429
5,0,5,3,2,0,False,7567560,334.2857142857143,19.23076923076923
5,0,5,3,1,1,False,7567560,323.1428571428572,20.0
5,0,5,2,3,0,False,7567560,334.2857142857143,19.166666666666668
5,0,5,2,2,1,False,15135120,339.4285714285714,19.166666666666668
5,0,5,2,1,2,False,7567560,313.71428571428567,20.0
5,0,5,1,4,0,False,3783780,330.0,19.09090909090909
5,0,5,1,3,1,False,11351340,348.85714285714283,18.18181818181818
5,0,5,1,2,2,False,11351340,339.42857142857144,19.09090909090909
5,0,5,1,1,3,False,3783780,301.7142857142857,20.909090909090907
5,0,5,0,5,0,False,756756,321.4285714285714,20.0
5,0,5,0,4,1,False,3027024,351.4285714285714,18.0
5,0,5,0,3,2,False,4540536,355.7142857142857,18.0
5,0,5,0,2,3,False,3027024,334.2857142857143,19.0
5,0,5,0,1,4,False,756756,287.1428571428571,22.0
5,0,4,6,0,0,False,630630,320.0,20.0
5,0,4,5,1,0,False,3783780,330.00000000000006,19.333333333333332
5,0,4,4,2,0,False,9459450,336.0,19.28571428571429
5,0,4,4,1,1,False,9459450,324.79999999999995,19.28571428571429
5,0,4,3,3,0,False,12612600,338.0,19.23076923076923
5,0,4,3,2,1,False,25225200,343.2,18.46153846153846
5,0,4,3,1,2,False,12612600,317.2,20.0
5,0,4,2,4,0,False,9459450,336.0,19.166666666666668
5,0,4,2,3,1,False,28378350,355.2,18.333333333333336
5,0,4,2,2,2,False,28378350,345.5999999999999,18.333333333333336
5,0,4,2,1,3,False,9459450,307.2,20.833333333333336
5,0,4,1,5,0,False,3783780,330.0,19.09090909090909
5,0,4,1,4,1,False,15135120,360.8,18.18181818181818
5,0,4,1,3,2,False,22702680,365.20000000000005,17.27272727272727
5,0,4,1,2,3,False,15135120,343.20000000000005,19.09090909090909
5,0,4,1,1,4,False,3783780,294.8,21.818181818181817
5,0,4,0,6,0,False,630630,300.0,21.0
5,0,4,0,5,1,False,3153150,360.0,18.0
5,0,4,0,4,2,False,6306300,376.0,17.0
5,0,4,0,3,3,False,6306300,368.0,17.0
5,0,4,0,2,4,False,3153150,336.0,19.0
5,0,4,0,1,5,False,630630,280.0,23.0
5,0,3,7,0,0,False,360360,315.7142857142857,19.999999999999996
5,0,3,6,1,0,False,2522520,326.8571428571429,19.375
5,0,3,5,2,0,False,7567560,334.2857142857142,19.333333333333332
5,0,3,5,1,1,False,7567560,323.14285714285717,20.0
5,0,3,4,3,0,False,12612600,337.99999999999994,18.571428571428573
5,0,3,4,2,1,False,25225200,343.2,18.571428571428573
5,0,3,4,1,2,False,12612600,317.19999999999993,20.0
5,0,3,3,4,0,False,12612600,338.0,19.23076923076923
5,0,3,3,3,1,False,37837800,357.31428571428575,17.692307692307693
5,0,3,3,2,2,False,37837800,347.6571428571429,18.46153846153846
5,0,3,3,1,3,False,12612600,309.0285714285714,20.76923076923077
5,0,3,2,5,0,False,7567560,334.2857142857143,19.166666666666668
5,0,3,2,4,1,False,30270240,365.48571428571427,17.5
5,0,3,2,3,2,False,45405360,369.9428571428572,17.5
5,0,3,2,2,3,False,30270240,347.6571428571428,18.333333333333336
5,0,3,2,1,4,False,7567560,298.62857142857143,21.666666666666668
5,0,3,1,6,0,False,2522520,306.42857142857144,20.909090909090907
5,0,3,1,5,1,False,12612600,367.7142857142857,17.27272727272727
5,0,3,1,4,2,False,25225200,384.05714285714294,16.363636363636363
5,0,3,1,3,3,False,25225200,375.8857142857143,17.27272727272727
5,0,3,1,2,4,False,12612600,343.20000000000005,19.09090909090909
5,0,3,1,1,5,False,2522520,286.0,22.727272727272727
5,0,3,0,7,0,False,360360,278.57142857142856,23.0
5,0,3,0,6,1,False,2162160,334.2857142857143,19.0
5,0,3,0,5,2,False,5405400,390.0,17.0
5,0,3,0,4,3,False,7207200,393.7142857142857,16.0
5,0,3,0,3,4,False,5405400,375.1428571428572,17.0
5,0,3,0,2,5,False,2162160,334.2857142857143,19.0
5,0,3,0,1,6,False,360360,271.1428571428571,24.0
5,0,2,8,0,0,False,135135,308.57142857142856,20.555555555555554
5,0,2,7,1,0,False,1081080,320.5714285714286,19.999999999999996
5,0,2,6,2,0,False,3783780,329.1428571428571,19.375
5,0,2,6,1,1,False,3783780,318.1714285714286,20.0
5,0,2,5,3,0,False,7567560,334.2857142857142,19.333333333333332
5,0,2,5,2,1,False,15135120,339.42857142857144,18.666666666666668
5,0,2,5,1,2,False,7567560,313.7142857142857,20.0
5,0,2,4,4,0,False,9459450,335.99999999999994,19.28571428571429
5,0,2,4,3,1,False,28378350,355.19999999999993,17.857142857142858
5,0,2,4,2,2,False,28378350,345.59999999999997,18.571428571428573
5,0,2,4,1,3,False,9459450,307.2,20.714285714285715
5,0,2,3,5,0,False,7567560,334.2857142857143,19.23076923076923
5,0,2,3,4,1,False,30270240,365.4857142857143,17.692307692307693
5,0,2,3,3,2,False,45405360,369.9428571428571,16.923076923076923
5,0,2,3,2,3,False,30270240,347.6571428571429,18.46153846153846
5,0,2,3,1,4,False,7567560,298.62857142857143,21.538461538461537
5,0,2,2,6,0,False,3783780,308.5714285714285,20.833333333333336
5,0,2,2,5,1,False,18918900,370.2857142857143,17.5
5,0,2,2,4,2,False,37837800,386.74285714285713,16.666666666666668
5,0,2,2,3,3,False,37837800,378.5142857142857,16.666666666666668
5,0,2,2,2,4,False,18918900,345.59999999999997,18.333333333333336
5,0,2,2,1,5,False,3783780,287.99999999999994,22.5
5,0,2,1,7,0,False,1081080,282.85714285714283,22.727272727272727
5,0,2,1,6,1,False,6486480,339.42857142857144,19.09090909090909
5,0,2,1,5,2,False,16216200,396.00000000000006,16.363636363636363
5,0,2,1,4,3,False,21621600,399.7714285714286,16.363636363636363
5,0,2,1,3,4,False,16216200,380.9142857142858,17.27272727272727
5,0,2,1,2,5,False,6486480,339.42857142857144,19.09090909090909
5,0,2,1,1,6,False,1081080,275.31428571428575,22.727272727272727
5,0,2,0,8,0,False,135135,257.1428571428571,25.0
5,0,2,0,7,1,False,945945,308.57142857142856,21.0
5,0,2,0,6,2,False,2837835,360.0,18.0
5,0,2,0,5,3,False,4729725,411.4285714285714,16.0
5,0,2,0,4,4,False,4729725,404.5714285714286,16.0
5,0,2,0,3,5,False,2837835,377.14285714285717,17.0
5,0,2,0,2,6,False,945945,329.1428571428571,19.0
5,0,2,0,1,7,False,135135,260.57142857142856,24.0
5,0,1,9,0,0,False,30030,298.57142857142856,21.05263157894737
5,0,1,8,1,0,False,270270,311.14285714285717,20.555555555555554
5,0,1,7,2,0,False,1081080,320.57142857142856,19.999999999999996
5,0,1,7,1,1,False,1081080,309.88571428571436,20.588235294117645
5,0,1,6,3,0,False,2522520,326.8571428571429,19.375
5,0,1,6,2,1,False,5045040,331.8857142857143,19.375
5,0,1,6,1,2,False,2522520,306.74285714285713,20.625
5,0,1,5,4,0,False,3783780,329.99999999999994,19.333333333333332
5,0,1,5,3,1,False,11351340,348.85714285714283,18.0
5,0,1,5,2,2,False,11351340,339.42857142857144,18.666666666666668
5,0,1,5,1,3,False,3783780,301.7142857142857,21.333333333333332
5,0,1,4,5,0,False,3783780,329.99999999999994,19.28571428571429
5,0,1,4,4,1,False,15135120,360.8,17.857142857142858
5,0,1,4,3,2,False,22702680,365.20000000000005,17.142857142857142
5,0,1,4,2,3,False,15135120,343.2,18.571428571428573
5,0,1,4,1,4,False,3783780,294.8,21.42857142857143
5,0,1,3,6,0,False,2522520,306.4285714285714,20.76923076923077
5,0,1,3,5,1,False,12612600,367.7142857142857,17.692307692307693
5,0,1,3,4,2,False,25225200,384.0571428571429,16.923076923076923
5,0,1,3,3,3,False,25225200,375.88571428571436,16.923076923076923
5,0,1,3,2,4,False,12612600,343.2000000000001,18.46153846153846
5,0,1,3,1,5,False,2522520,286.0,22.307692307692307
5,0,1,2,7,0,False,1081080,282.85714285714283,22.5
5,0,1,2,6,1,False,6486480,339.4285714285714,19.166666666666668
5,0,1,2,5,2,False,16216200,396.0,15.833333333333334
5,0,1,2,4,3,False,21621600,399.77142857142854,15.833333333333334
5,0,1,2,3,4,False,16216200,380.91428571428577,16.666666666666668
5,0,1,2,2,5,False,6486480,339.4285714285714,19.166666666666668
5,0,1,2,1,6,False,1081080,275.3142857142857,23.333333333333336
5,0,1,1,8,0,False,270270,259.2857142857143,24.545454545454543
5,0,1,1,7,1,False,1891890,311.14285714285717,20.909090909090907
5,0,1,1,6,2,False,5675670,363.00000000000006,17.27272727272727
5,0,1,1,5,3,False,9459450,414.85714285714283,15.454545454545453
5,0,1,1,4,4,False,9459450,407.94285714285724,15.454545454545453
5,0,1,1,3,5,False,5675670,380.28571428571433,17.27272727272727
5,0,1,1,2,6,False,1891890,331.8857142857143,19.09090909090909
5,0,1,1,1,7,False,270270,262.7428571428572,24.545454545454543
5,0,1,0,9,0,False,30030,235.7142857142857,27.0
5,0,1,0,8,1,False,240240,282.85714285714283,23.0
5,0,1,0,7,2,False,840840,330.0,19.0
5,0,1,0,6,3,False,1681680,377.1428571428571,17.0
5,0,1,0,5,4,False,2102100,424.28571428571433,15.0
5,0,1,0,4,5,False,1681680,408.57142857142856,16.0
5,0,1,0,3,6,False,840840,373.99999999999994,17.0
5,0,1,0,2,7,False,240240,320.57142857142856,20.0
5,0,1,0,1,8,False,30030,248.28571428571425,26.0
5,0,0,10,0,0,False,3003,285.7142857142857,22.0
5,0,0,9,1,0,False,30030,298.57142857142856,21.05263157894737
5,0,0,8,2,0,False,135135,308.57142857142856,20.555555555555554
5,0,0,8,1,1,False,135135,298.28571428571433,21.11111111111111
5,0,0,7,3,0,False,360360,315.7142857142857,19.999999999999996
5,0,0,7,2,1,False,720720,320.57142857142856,19.999999999999996
5,0,0,7,1,2,False,360360,296.2857142857143,21.176470588235293
5,0,0,6,4,0,False,630630,320.0,20.0
5,0,0,6,3,1,False,1891890,338.2857142857143,18.75
5,0,0,6,2,2,False,1891890,329.1428571428571,19.375
5,0,0,6,1,3,False,630630,292.57142857142856,21.875
5,0,0,5,5,0,False,756756,321.42857142857144,20.0
5,0,0,5,4,1,False,3027024,351.42857142857144,18.0
5,0,0,5,3,2,False,4540536,355.7142857142858,18.0
5,0,0,5,2,3,False,3027024,334.2857142857142,19.333333333333332
5,0,0,5,1,4,False,756756,287.1428571428571,22.0
5,0,0,4,6,0,False,630630,299.99999999999994,21.42857142857143
5,0,0,4,5,1,False,3153150,359.99999999999994,17.857142857142858
5,0,0,4,4,2,False,6306300,375.99999999999994,17.142857142857142
5,0,0,4,3,3,False,6306300,367.99999999999994,17.142857142857142
5,0,0,4,2,4,False,3153150,336.0,19.28571428571429
5,0,0,4,1,5,False,630630,280.0,22.857142857142858
5,0,0,3,7,0,False,360360,278.57142857142856,23.076923076923077
5,0,0,3,6,1,False,2162160,334.2857142857143,19.23076923076923
5,0,0,3,5,2,False,5405400,390.0,16.153846153846153
5,0,0,3,4,3,False,7207200,393.7142857142857,16.153846153846153
5,0,0,3,3,4,False,5405400,375.1428571428572,16.923076923076923
5,0,0,3,2,5,False,2162160,334.2857142857143,19.23076923076923
5,0,0,3,1,6,False,360360,271.1428571428571,23.076923076923077
5,0,0,2,8,0,False,135135,257.1428571428571,25.0
5,0,0,2,7,1,False,945945,308.5714285714285,20.833333333333336
5,0,0,2,6,2,False,2837835,360.0,17.5
5,0,0,2,5,3,False,4729725,411.4285714285714,15.833333333333334
5,0,0,2,4,4,False,4729725,404.5714285714286,15.833333333333334
5,0,0,2,3,5,False,2837835,377.1428571428571,16.666666666666668
5,0,0,2,2,6,False,945945,329.1428571428571,19.166666666666668
5,0,0,2,1,7,False,135135,260.57142857142856,24.166666666666668
5,0,0,1,9,0,False,30030,235.71428571428572,27.27272727272727
5,0,0,1,8,1,False,240240,282.85714285714283,22.727272727272727
5,0,0,1,7,2,False,840840,330.0,19.09090909090909
5,0,0,1,6,3,False,1681680,377.14285714285717,17.27272727272727
5,0,0,1,5,4,False,2102100,424.2857142857143,15.454545454545453
5,0,0,1,4,5,False,1681680,408.57142857142856,15.454545454545453
5,0,0,1,3,6,False,840840,374.00000000000006,17.27272727272727
5,0,0,1,2,7,False,240240,320.57142857142856,20.0
5,0,0,1,1,8,False,30030,248.28571428571428,25.454545454545453
5,0,0,0,10,0,False,3003,214.28571428571428,30.0
5,0,0,0,9,1,False,27027,257.1428571428571,25.0
5,0,0,0,8,2,False,108108,300.0,21.0
5,0,0,0,7,3,False,252252,342.85714285714283,19.0
5,0,0,0,6,4,False,378378,385.71428571428567,17.0
5,0,0,0,5,5,False,378378,428.57142857142856,15.0
5,0,0,0,4,6,False,252252,405.71428571428567,16.0
5,0,0,0,3,7,False,108108,365.7142857142857,18.0
5,0,0,0,2,8,False,27027,308.57142857142856,21.0
5,0,0,0,1,9,False,3003,234.28571428571425,27.0
4,11,0,0,0,0,False,1365,788.0952380952381,8.0
4,10,1,0,0,0,False,15015,801.4285714285714,8.0
4,10,0,1,0,0,False,15015,801.4285714285714,8.181818181818182
4,10,0,0,1,0,False,15015,801.4285714285714,8.0
4,9,2,0,0,0,False,75075,802.8571428571428,8.0
4,9,1,1,0,0,False,150150,809.5476190476192,8.181818181818182
4,9,1,0,1,0,False,150150,809.5476190476192,8.0
4,9,0,2,0,0,False,75075,802.8571428571428,8.333333333333334
4,9,0,1,1,0,False,150150,809.5476190476192,8.181818181818182
4,9,0,0,2,0,False,75075,802.8571428571428,8.0
4,9,0,0,1,1,False,75075,776.0952380952382,9.0
4,8,3,0,0,0,False,225225,792.3809523809523,8.0
4,8,2,1,0,0,False,675675,804.5714285714286,8.181818181818182
4,8,2,0,1,0,False,675675,804.5714285714286,8.0
4,8,1,2,0,0,False,675675,804.5714285714286,8.333333333333334
4,8,1,1,1,0,False,1351350,811.2761904761905,8.181818181818182
4,8,1,0,2,0,False,675675,804.5714285714284,8.0
4,8,1,0,1,1,False,675675,777.752380952381,9.0
4,8,0,3,0,0,False,225225,792.3809523809524,8.461538461538462
4,8,0,2,1,0,False,675675,804.5714285714286,8.333333333333334
4,8,0,1,2,0,False,675675,804.5714285714286,8.181818181818182
4,8,0,1,1,1,False,675675,777.7523809523811,8.181818181818182
4,8,0,0,3,0,False,225225,792.3809523809523,8.0
4,8,0,0,2,1,False,450450,804.5714285714286,8.0
4,8,0,0,1,2,False,225225,743.6190476190475,9.0
4,7,4,0,0,0,False,450450,770.0,9.0
4,7,3,1,0,0,False,1801800,786.5000000000001,8.181818181818182
4,7,3,0,1,0,False,1801800,786.5,8.0
4,7,2,2,0,0,False,2702700,792.0,8.333333333333334
4,7,2,1,1,0,False,5405400,798.6,8.181818181818182
4,7,2,0,2,0,False,2702700,792.0,8.0
4,7,2,0,1,1,False,2702700,765.6,9.0
4,7,1,3,0,0,False,1801800,786.5,8.461538461538462
4,7,1,2,1,0,False,5405400,798.6,8.333333333333334
4,7,1,1,2,0,False,5405400,798.5999999999999,8.181818181818182
4,7,1,1,1,1,True,5405400,771.9800000000001,8.181818181818182
4,7,1,0,3,0,False,1801800,786.5,8.0
4,7,1,0,2,1,False,3603600,798.6,8.0
4,7,1,0,1,2,False,1801800,738.0999999999999,9.0
4,7,0,4,0,0,False,450450,770.0,8.571428571428571
4,7,0,3,1,0,False,1801800,786.5,8.461538461538462
4,7,0,2,2,0,False,2702700,792.0,8.333333333333334
4,7,0,2,1,1,False,2702700,765.6,8.333333333333334
4,7,0,1,3,0,False,1801800,786.5000000000001,8.181818181818182
4,7,0,1,2,1,False,3603600,798.6,8.181818181818182
4,7,0,1,1,2,False,1801800,738.0999999999999,9.09090909090909
4,7,0,0,4,0,False,450450,770.0,9.0
4,7,0,0,3,1,False,1351350,814.0,8.0
4,7,0,0,2,2,False,1351350,792.0,8.0
4,7,0,0,1,3,False,450450,704.0,9.0
4,6,5,0,0,0,False,630630,735.7142857142857,9.0
4,6,4,1,0,0,False,3153150,755.3333333333334,9.09090909090909
4,6,4,0,1,0,False,3153150,755.3333333333333,9.0
4,6,3,2,0,0,False,6306300,765.1428571428571,8.333333333333334
4,6,3,1,1,0,False,12612600,771.5190476190477,8.181818181818182
4,6,3,0,2,0,False,6306300,765.1428571428571,9.0
4,6,3,0,1,1,False,6306300,739.6380952380953,9.0
4,6,2,3,0,0,False,6306300,765.1428571428571,8.461538461538462
4,6,2,2,1,0,False,18918900,776.9142857142857,8.333333333333334
4,6,2,1,2,0,False,18918900,776.9142857142857,8.181818181818182
4,6,2,1,1,1,True,18918900,751.0171428571431,9.09090909090909
4,6,2,0,3,0,False,6306300,765.1428571428571,9.0
4,6,2,0,2,1,False,12612600,776.9142857142857,9.0
4,6,2,0,1,2,False,6306300,718.0571428571428,9.0
4,6,1,4,0,0,False,3153150,755.3333333333333,8.571428571428571
4,6,1,3,1,0,False,12612600,771.5190476190477,8.461538461538462
4,6,1,2,2,0,False,18918900,776.9142857142856,8.333333333333334
4,6,1,2,1,1,True,18918900,751.0171428571429,8.333333333333334
4,6,1,1,3,0,False,12612600,771.5190476190477,8.181818181818182
4,6,1,1,2,1,True,25225200,783.3885714285715,8.181818181818182
4,6,1,1,1,2,True,12612600,724.0409523809525,9.09090909090909
4,6,1,0,4,0,False,3153150,755.3333333333333,9.0
4,6,1,0,3,1,False,9459450,798.495238095238,8.0
4,6,1,0,2,2,False,9459450,776.9142857142857,9.0
4,6,1,0,1,3,False,3153150,690.5904761904761,10.0
4,6,0,5,0,0,False,630630,735.7142857142857,8.666666666666666
4,6,0,4,1,0,False,3153150,755.3333333333333,8.571428571428571
4,6,0,3,2,0,False,6306300,765.1428571428571,8.461538461538462
4,6,0,3,1,1,False,6306300,739.6380952380953,8.461538461538462
4,6,0,2,3,0,False,6306300,765.1428571428571,8.333333333333334
4,6,0,2,2,1,False,12612600,776.9142857142857,8.333333333333334
4,6,0,2,1,2,False,6306300,718.0571428571427,9.166666666666668
4,6,0,1,4,0,False,3153150,755.3333333333334,9.09090909090909
4,6,0,1,3,1,False,9459450,798.4952380952382,8.181818181818182
4,6,0,1,2,2,False,9459450,776.9142857142857,8.181818181818182
4,6,0,1,1,3,False,3153150,690.5904761904762,9.09090909090909
4,6,0,0,5,0,False,630630,735.7142857142857,9.0
4,6,0,0,4,1,False,2522520,804.3809523809524,8.0
4,6,0,0,3,2,False,3783780,814.1904761904763,8.0
4,6,0,0,2,3,False,2522520,765.1428571428571,9.0
4,6,0,0,1,4,False,630630,657.2380952380952,10.0
4,5,6,0,0,0,False,630630,689.5238095238095,10.0
4,5,5,1,0,0,False,3783780,711.0714285714287,9.09090909090909
4,5,5,0,1,0,False,3783780,711.0714285714287,9.0
4,5,4,2,0,0,False,9459450,723.9999999999999,9.166666666666668
4,5,4,1,1,0,False,18918900,730.0333333333333,9.09090909090909
4,5,4,0,2,0,False,9459450,723.9999999999999,9.0
4,5,4,0,1,1,False,9459450,699.8666666666668,9.0
4,5,3,3,0,0,False,12612600,728.3095238095237,9.23076923076923
4,5,3,2,1,0,False,37837800,739.5142857142857,9.166666666666668
4,5,3,1,2,0,False,37837800,739.5142857142857,9.09090909090909
4,5,3,1,1,1,True,37837800,714.8638095238097,9.09090909090909
4,5,3,0,3,0,False,12612600,728.3095238095237,9.0
4,5,3,0,2,1,False,25225200,739.5142857142857,9.0
4,5,3,0,1,2,False,12612600,683.4904761904761,10.0
4,5,2,4,0,0,False,9459450,723.9999999999999,9.285714285714286
4,5,2,3,1,0,False,37837800,739.5142857142857,8.461538461538462
4,5,2,2,2,0,False,56756700,744.6857142857142,9.166666666666668
4,5,2,2,1,1,True,56756700,719.8628571428573,9.166666666666668
4,5,2,1,3,0,False,37837800,739.5142857142857,9.09090909090909
4,5,2,1,2,1,True,75675600,750.8914285714286,9.09090909090909
4,5,2,1,1,2,True,37837800,694.0057142857144,9.09090909090909
4,5,2,0,4,0,False,9459450,723.9999999999999,9.0
4,5,2,0,3,1,False,28378350,765.3714285714285,9.0
4,5,2,0,2,2,False,28378350,744.6857142857142,9.0
4,5,2,0,1,3,False,9459450,661.9428571428571,10.0
4,5,1,5,0,0,False,3783780,711.0714285714287,9.333333333333334
4,5,1,4,1,0,False,18918900,730.0333333333333,8.571428571428571
4,5,1,3,2,0,False,37837800,739.5142857142857,8.461538461538462
4,5,1,3,1,1,True,37837800,714.8638095238097,9.23076923076923
4,5,1,2,3,0,False,37837800,739.5142857142857,9.166666666666668
4,5,1,2,2,1,True,75675600,750.8914285714287,8.333333333333334
4,5,1,2,1,2,True,37837800,694.0057142857144,9.166666666666668
4,5,1,1,4,0,False,18918900,730.0333333333333,9.09090909090909
4,5,1,1,3,1,True,56756700,771.7495238095239,8.181818181818182
4,5,1,1,2,2,True,56756700,750.8914285714287,9.09090909090909
4,5,1,1,1,3,True,18918900,667.4590476190479,10.0
4,5,1,0,5,0,False,3783780,711.0714285714287,9.0
4,5,1,0,4,1,False,15135120,777.4380952380953,9.0
4,5,1,0,3,2,False,22702680,786.9190476190478,8.0
4,5,1,0,2,3,False,15135120,739.5142857142857,9.0
4,5,1,0,1,4,False,3783780,635.2238095238096,10.0
4,5,0,6,0,0,False,630630,689.5238095238095,9.375
4,5,0,5,1,0,False,3783780,711.0714285714287,9.333333333333334
4,5,0,4,2,0,False,9459450,723.9999999999999,9.285714285714286
4,5,0,4,1,1,False,9459450,699.8666666666668,9.285714285714286
4,5,0,3,3,0,False,12612600,728.3095238095237,9.23076923076923
4,5,0,3,2,1,False,25225200,739.5142857142857,8.461538461538462
4,5,0,3,1,2,False,12612600,683.4904761904761,9.23076923076923
4,5,0,2,4,0,False,9459450,723.9999999999999,9.166666666666668
4,5,0,2,3,1,False,28378350,765.3714285714286,8.333333333333334
4,5,0,2,2,2,False,28378350,744.6857142857142,9.166666666666668
4,5,0,2,1,3,False,9459450,661.9428571428571,10.0
4,5,0,1,5,0,False,3783780,711.0714285714287,9.09090909090909
4,5,0,1,4,1,False,15135120,777.4380952380952,8.181818181818182
4,5,0,1,3,2,False,22702680,786.9190476190477,8.181818181818182
4,5,0,1,2,3,False,15135120,739.5142857142857,9.09090909090909
4,5,0,1,1,4,False,3783780,635.2238095238096,10.0
4,5,0,0,6,0,False,630630,646.4285714285714,10.0
4,5,0,0,5,1,False,3153150,775.7142857142857,9.0
4,5,0,0,4,2,False,6306300,810.1904761904761,8.0
4,5,0,0,3,3,False,6306300,792.952380952381,8.0
4,5,0,0,2,4,False,3153150,724.0,9.0
4,5,0,0,1,5,False,630630,603.3333333333333,11.0
4,4,7,0,0,0,False,450450,631.4285714285716,10.0
4,4,6,1,0,0,False,3153150,653.7142857142857,10.0
4,4,6,0,1,0,False,3153150,653.7142857142858,10.0
4,4,5,2,0,0,False,9459450,668.5714285714286,10.0
4,4,5,1,1,0,False,18918900,674.1428571428571,10.0
4,4,5,0,2,0,False,9459450,668.5714285714286,10.0
4,4,5,0,1,1,False,9459450,646.2857142857143,10.0
4,4,4,3,0,0,False,15765750,676.0,10.0
4,4,4,2,1,0,False,47297250,686.4,9.166666666666668
4,4,4,1,2,0,False,47297250,686.4,10.0
4,4,4,1,1,1,True,47297250,663.5200000000001,10.0
4,4,4,0,3,0,False,15765750,676.0,10.0
4,4,4,0,2,1,False,31531500,686.4,10.0
4,4,4,0,1,2,False,15765750,634.4,10.0
4,4,3,4,0,0,False,15765750,675.9999999999999,9.285714285714286
4,4,3,3,1,0,False,63063000,690.4857142857143,9.23076923076923
4,4,3,2,2,0,False,94594500,695.3142857142856,9.166666666666668
4,4,3,2,1,1,True,94594500,672.1371428571429,10.0
4,4,3,1,3,0,False,63063000,690.4857142857143,9.09090909090909
4,4,3,1,2,1,True,126126000,701.1085714285714,9.09090909090909
4,4,3,1,1,2,True,63063000,647.9942857142856,10.0
4,4,3,0,4,0,False,15765750,675.9999999999999,10.0
4,4,3,0,3,1,False,47297250,714.6285714285714,9.0
4,4,3,0,2,2,False,47297250,695.3142857142856,9.0
4,4,3,0,1,3,False,15765750,618.0571428571428,11.0
4,4,2,5,0,0,False,9459450,668.5714285714284,10.0
4,4,2,4,1,0,False,47297250,686.4,9.285714285714286
4,4,2,3,2,0,False,94594500,695.3142857142858,9.23076923076923
4,4,2,3,1,1,True,94594500,672.137142857143,10.0
4,4,2,2,3,0,False,94594500,695.3142857142856,9.166666666666668
4,4,2,2,2,1,True,189189000,706.0114285714286,9.166666666666668
4,4,2,2,1,2,True,94594500,652.5257142857143,10.0
4,4,2,1,4,0,False,47297250,686.4,10.0
4,4,2,1,3,1,True,141891750,725.6228571428572,9.09090909090909
4,4,2,1,2,2,True,141891750,706.0114285714285,9.09090909090909
4,4,2,1,1,3,True,47297250,627.5657142857142,10.0
4,4,2,0,5,0,False,9459450,668.5714285714286,10.0
4,4,2,0,4,1,False,37837800,730.9714285714286,9.0
4,4,2,0,3,2,False,56756700,739.8857142857144,9.0
4,4,2,0,2,3,False,37837800,695.3142857142857,9.0
4,4,2,0,1,4,False,9459450,597.2571428571429,11.0
4,4,1,6,0,0,False,3153150,653.7142857142858,10.0
4,4,1,5,1,0,False,18918900,674.1428571428572,9.333333333333334
4,4,1,4,2,0,False,47297250,686.4,9.285714285714286
4,4,1,4,1,1,True,47297250,663.5200000000001,10.0
4,4,1,3,3,0,False,63063000,690.4857142857143,9.23076923076923
4,4,1,3,2,1,True,126126000,701.1085714285716,9.23076923076923
4,4,1,3,1,2,True,63063000,647.9942857142858,10.0
4,4,1,2,4,0,False,47297250,686.4,9.166666666666668
4,4,1,2,3,1,True,141891750,725.6228571428571,9.166666666666668
4,4,1,2,2,2,True,141891750,706.0114285714286,9.166666666666668
4,4,1,2,1,3,True,47297250,627.5657142857143,10.0
4,4,1,1,5,0,False,18918900,674.1428571428572,10.0
4,4,1,1,4,1,True,75675600,737.0628571428573,9.09090909090909
4,4,1,1,3,2,True,113513400,746.0514285714287,9.09090909090909
4,4,1,1,2,3,True,75675600,701.1085714285715,9.09090909090909
4,4,1,1,1,4,True,18918900,602.2342857142859,10.909090909090908
4,4,1,0,6,0,False,3153150,612.8571428571429,11.0
4,4,1,0,5,1,False,15765750,735.4285714285716,9.0
4,4,1,0,4,2,False,31531500,768.1142857142859,9.0
4,4,1,0,3,3,False,31531500,751.7714285714286,9.0
4,4,1,0,2,4,False,15765750,686.4000000000001,10.0
4,4,1,0,1,5,False,3153150,572.0,11.0
4,4,0,7,0,0,False,450450,631.4285714285714,9.999999999999998
4,4,0,6,1,0,False,3153150,653.7142857142858,10.0
4,4,0,5,2,0,False,9459450,668.5714285714284,10.0
4,4,0,5,1,1,False,9459450,646.2857142857143,10.0
4,4,0,4,3,0,False,15765750,675.9999999999999,9.285714285714286
4,4,0,4,2,1,False,31531500,686.4,9.285714285714286
4,4,0,4,1,2,False,15765750,634.3999999999999,10.0
4,4,0,3,4,0,False,15765750,676.0,10.0
4,4,0,3,3,1,False,47297250,714.6285714285715,9.23076923076923
4,4,0,3,2,2,False,47297250,695.3142857142858,9.23076923076923
4,4,0,3,1,3,False,15765750,618.0571428571428,10.769230769230768
4,4,0,2,5,0,False,9459450,668.5714285714286,10.0
4,4,0,2,4,1,False,37837800,730.9714285714285,9.166666666666668
4,4,0,2,3,2,False,56756700,739.8857142857144,9.166666666666668
4,4,0,2,2,3,False,37837800,695.3142857142856,9.166666666666668
4,4,0,2,1,4,False,9459450,597.2571428571429,10.833333333333334
4,4,0,1,6,0,False,3153150,612.8571428571429,10.909090909090908
4,4,0,1,5,1,False,15765750,735.4285714285714,9.09090909090909
4,4,0,1,4,2,False,31531500,768.1142857142859,8.181818181818182
4,4,0,1,3,3,False,31531500,751.7714285714286,9.09090909090909
4,4,0,1,2,4,False,15765750,686.4000000000001,10.0
4,4,0,1,1,5,False,3153150,572.0,11.818181818181817
4,4,0,0,7,0,False,450450,557.1428571428571,12.0
4,4,0,0,6,1,False,2702700,668.5714285714286,10.0
4,4,0,0,5,2,False,6756750,780.0,9.0
4,4,0,0,4,3,False,9009000,787.4285714285714,8.0
4,4,0,0,3,4,False,6756750,750.2857142857144,9.0
4,4,0,0,2,5,False,2702700,668.5714285714286,10.0
4,4,0,0,1,6,False,450450,542.2857142857142,12.0
4,3,8,0,0,0,False,225225,561.4285714285714,12.0
4,3,7,1,0,0,False,1801800,583.2619047619049,10.909090909090908
4,3,7,0,1,0,False,1801800,583.2619047619049,11.0
4,3,6,2,0,0,False,6306300,598.8571428571428,10.833333333333334
4,3,6,1,1,0,False,12612600,603.8476190476191,10.909090909090908
4,3,6,0,2,0,False,6306300,598.8571428571428,11.0
4,3,6,0,1,1,False,6306300,578.8952380952381,11.0
4,3,5,3,0,0,False,12612600,608.2142857142857,10.769230769230768
4,3,5,2,1,0,False,37837800,617.5714285714286,10.833333333333334
4,3,5,1,2,0,False,37837800,617.5714285714287,10.909090909090908
4,3,5,1,1,1,True,37837800,596.9857142857143,10.909090909090908
4,3,5,0,3,0,False,12612600,608.2142857142857,11.0
4,3,5,0,2,1,False,25225200,617.5714285714286,11.0
4,3,5,0,1,2,False,12612600,570.7857142857142,11.0
4,3,4,4,0,0,False,15765750,611.3333333333331,10.714285714285715
4,3,4,3,1,0,False,63063000,624.4333333333333,10.769230769230768
4,3,4,2,2,0,False,94594500,628.7999999999998,10.0
4,3,4,2,1,1,True,94594500,607.8399999999999,10.833333333333334
4,3,4,1,3,0,False,63063000,624.4333333333334,10.909090909090908
4,3,4,1,2,1,True,126126000,634.0399999999998,10.0
4,3,4,1,1,2,True,63063000,586.0066666666667,10.909090909090908
4,3,4,0,4,0,False,15765750,611.3333333333331,11.0
4,3,4,0,3,1,False,47297250,646.2666666666665,10.0
4,3,4,0,2,2,False,47297250,628.7999999999998,10.0
4,3,4,0,1,3,False,15765750,558.9333333333333,12.0
4,3,3,5,0,0,False,12612600,608.2142857142858,10.666666666666666
4,3,3,4,1,0,False,63063000,624.4333333333333,10.714285714285715
4,3,3,3,2,0,False,126126000,632.5428571428571,10.0
4,3,3,3,1,1,True,126126000,611.4580952380953,10.769230769230768
4,3,3,2,3,0,False,126126000,632.5428571428571,10.0
4,3,3,2,2,1,True,252252000,642.2742857142856,10.0
4,3,3,2,1,2,True,126126000,593.6171428571428,10.833333333333334
4,3,3,1,4,0,False,63063000,624.4333333333334,10.909090909090908
4,3,3,1,3,1,True,189189000,660.115238095238,10.0
4,3,3,1,2,2,True,189189000,642.2742857142856,10.0
4,3,3,1,1,3,True,63063000,570.9104761904762,11.818181818181817
4,3,3,0,5,0,False,12612600,608.2142857142857,11.0
4,3,3,0,4,1,False,50450400,664.9809523809523,10.0
4,3,3,0,3,2,False,75675600,673.0904761904761,10.0
4,3,3,0,2,3,False,50450400,632.5428571428572,10.0
4,3,3,0,1,4,False,12612600,543.3380952380952,12.0
4,3,2,6,0,0,False,6306300,598.8571428571429,10.625
4,3,2,5,1,0,False,37837800,617.5714285714286,10.666666666666666
4,3,2,4,2,0,False,94594500,628.8,10.0
4,3,2,4,1,1,True,94594500,607.8399999999999,10.714285714285715
4,3,2,3,3,0,False,126126000,632.5428571428571,10.0
4,3,2,3,2,1,True,252252000,642.2742857142857,10.0
4,3,2,3,1,2,True,126126000,593.6171428571428,10.769230769230768
4,3,2,2,4,0,False,94594500,628.7999999999998,10.0
4,3,2,2,3,1,True,283783500,664.7314285714284,10.0
4,3,2,2,2,2,True,283783500,646.7657142857142,10.0
4,3,2,2,1,3,True,94594500,574.9028571428571,11.666666666666668
4,3,2,1,5,0,False,37837800,617.5714285714287,10.909090909090908
4,3,2,1,4,1,True,151351200,675.2114285714288,10.0
4,3,2,1,3,2,True,227026800,683.4457142857144,10.0
4,3,2,1,2,3,True,151351200,642.2742857142857,10.0
4,3,2,1,1,4,True,37837800,551.6971428571429,11.818181818181817
4,3,2,0,6,0,False,6306300,561.4285714285714,12.0
4,3,2,0,5,1,False,31531500,673.7142857142857,10.0
4,3,2,0,4,2,False,63063000,703.6571428571428,9.0
4,3,2,0,3,3,False,63063000,688.6857142857142,10.0
4,3,2,0,2,4,False,31531500,628.8,10.0
4,3,2,0,1,5,False,6306300,523.9999999999999,12.0
4,3,1,7,0,0,False,1801800,583.2619047619049,11.176470588235293
4,3,1,6,1,0,False,12612600,603.8476190476192,10.625
4,3,1,5,2,0,False,37837800,617.5714285714287,10.666666666666666
4,3,1,5,1,1,True,37837800,596.9857142857144,10.666666666666666
4,3,1,4,3,0,False,63063000,624.4333333333334,10.714285714285715
4,3,1,4,2,1,True,126126000,634.0400000000001,10.0
4,3,1,4,1,2,True,63063000,586.0066666666667,10.714285714285715
4,3,1,3,4,0,False,63063000,624.4333333333333,10.769230769230768
4,3,1,3,3,1,True,189189000,660.1152380952382,10.0
4,3,1,3,2,2,True,189189000,642.2742857142858,10.0
4,3,1,3,1,3,True,63063000,570.9104761904763,11.538461538461538
4,3,1,2,5,0,False,37837800,617.5714285714287,10.833333333333334
4,3,1,2,4,1,True,151351200,675.2114285714288,10.0
4,3,1,2,3,2,True,227026800,683.4457142857143,9.166666666666668
4,3,1,2,2,3,True,151351200,642.2742857142858,10.0
4,3,1,2,1,4,True,37837800,551.6971428571429,11.666666666666668
4,3,1,1,6,0,False,12612600,566.107142857143,11.818181818181817
4,3,1,1,5,1,True,63063000,679.3285714285715,10.0
4,3,1,1,4,2,True,126126000,709.5209523809525,9.09090909090909
4,3,1,1,3,3,True,126126000,694.4247619047621,9.09090909090909
4,3,1,1,2,4,True,63063000,634.0400000000002,10.0
4,3,1,1,1,5,True,12612600,528.3666666666667,12.727272727272727
4,3,1,0,7,0,False,1801800,514.6428571428572,13.0
4,3,1,0,6,1,False,10810800,617.5714285714287,11.0
4,3,1,0,5,2,False,27027000,720.5000000000001,9.0
4,3,1,0,4,3,False,36036000,727.3619047619048,9.0
4,3,1,0,3,4,False,27027000,693.0523809523812,10.0
4,3,1,0,2,5,False,10810800,617.5714285714287,11.0
4,3,1,0,1,6,False,1801800,500.9190476190476,13.0
4,3,0,8,0,0,False,225225,561.4285714285713,11.666666666666666
4,3,0,7,1,0,False,1801800,583.2619047619049,11.176470588235293
4,3,0,6,2,0,False,6306300,598.8571428571429,10.625
4,3,0,6,1,1,False,6306300,578.8952380952381,11.25
4,3,0,5,3,0,False,12612600,608.2142857142858,10.666666666666666
4,3,0,5,2,1,False,25225200,617.5714285714286,10.666666666666666
4,3,0,5,1,2,False,12612600,570.7857142857142,11.333333333333334
4,3,0,4,4,0,False,15765750,611.3333333333331,10.714285714285715
4,3,0,4,3,1,False,47297250,646.2666666666665,10.0
4,3,0,4,2,2,False,47297250,628.8,10.0
4,3,0,4,1,3,False,15765750,558.9333333333332,11.428571428571429
4,3,0,3,5,0,False,12612600,608.2142857142857,10.769230769230768
4,3,0,3,4,1,False,50450400,664.9809523809524,10.0
4,3,0,3,3,2,False,75675600,673.0904761904762,10.0
4,3,0,3,2,3,False,50450400,632.5428571428571,10.0
4,3,0,3,1,4,False,12612600,543.3380952380953,11.538461538461538
4,3,0,2,6,0,False,6306300,561.4285714285713,11.666666666666668
4,3,0,2,5,1,False,31531500,673.7142857142857,10.0
4,3,0,2,4,2,False,63063000,703.6571428571428,9.166666666666668
4,3,0,2,3,3,False,63063000,688.6857142857143,9.166666666666668
4,3,0,2,2,4,False,31531500,628.8,10.0
4,3,0,2,1,5,False,6306300,523.9999999999999,12.5
4,3,0,1,7,0,False,1801800,514.6428571428571,12.727272727272727
4,3,0,1,6,1,False,10810800,617.5714285714287,10.909090909090908
4,3,0,1,5,2,False,27027000,720.5000000000001,9.09090909090909
4,3,0,1,4,3,False,36036000,727.3619047619048,9.09090909090909
4,3,0,1,3,4,False,27027000,693.0523809523811,9.09090909090909
4,3,0,1,2,5,False,10810800,617.5714285714287,10.909090909090908
4,3,0,1,1,6,False,1801800,500.9190476190476,12.727272727272727
4,3,0,0,8,0,False,225225,467.85714285714283,14.0
4,3,0,0,7,1,False,1576575,561.4285714285714,12.0
4,3,0,0,6,2,False,4729725,655.0,10.0
4,3,0,0,5,3,False,7882875,748.5714285714286,9.0
4,3,0,0,4,4,False,7882875,736.0952380952382,9.0
4,3,0,0,3,5,False,4729725,686.1904761904763,10.0
4,3,0,0,2,6,False,1576575,598.8571428571428,11.0
4,3,0,0,1,7,False,225225,474.0952380952381,14.0
4,2,9,0,0,0,False,75075,479.5238095238095,14.0
4,2,8,1,0,0,False,675675,499.7142857142857,12.727272727272727
4,2,8,0,1,0,False,675675,499.7142857142857,13.0
4,2,7,2,0,0,False,2702700,514.8571428571429,12.5
4,2,7,1,1,0,False,5405400,519.1476190476192,12.727272727272727
4,2,7,0,2,0,False,2702700,514.8571428571429,13.0
4,2,7,0,1,1,False,2702700,497.6952380952382,13.0
4,2,6,3,0,0,False,6306300,524.952380952381,12.307692307692307
4,2,6,2,1,0,False,18918900,533.0285714285715,12.5
4,2,6,1,2,0,False,18918900,533.0285714285714,11.818181818181817
4,2,6,1,1,1,True,18918900,515.2609523809524,12.727272727272727
4,2,6,0,3,0,False,6306300,524.952380952381,12.0
4,2,6,0,2,1,False,12612600,533.0285714285715,12.0
4,2,6,0,1,2,False,6306300,492.647619047619,13.0
4,2,5,4,0,0,False,9459450,530.0,12.142857142857144
4,2,5,3,1,0,False,37837800,541.3571428571429,12.307692307692307
4,2,5,2,2,0,False,56756700,545.1428571428571,11.666666666666668
4,2,5,2,1,1,True,56756700,526.9714285714285,12.5
4,2,5,1,3,0,False,37837800,541.3571428571429,11.818181818181817
4,2,5,1,2,1,True,75675600,549.6857142857143,11.818181818181817
4,2,5,1,1,2,True,37837800,508.04285714285714,12.727272727272727
4,2,5,0,4,0,False,9459450,530.0,12.0
4,2,5,0,3,1,False,28378350,560.2857142857142,12.0
4,2,5,0,2,2,False,28378350,545.1428571428571,12.0
4,2,5,0,1,3,False,9459450,484.57142857142856,13.0
4,2,4,5,0,0,False,9459450,530.0,12.0
4,2,4,4,1,0,False,47297250,544.1333333333333,12.142857142857144
4,2,4,3,2,0,False,94594500,551.1999999999999,11.538461538461538
4,2,4,3,1,1,True,94594500,532.8266666666668,12.307692307692307
4,2,4,2,3,0,False,94594500,551.1999999999999,11.666666666666668
4,2,4,2,2,1,True,189189000,559.68,11.666666666666668
4,2,4,2,1,2,True,94594500,517.28,12.5
4,2,4,1,4,0,False,47297250,544.1333333333333,11.818181818181817
4,2,4,1,3,1,True,141891750,575.2266666666668,10.909090909090908
4,2,4,1,2,2,True,141891750,559.68,11.818181818181817
4,2,4,1,1,3,True,47297250,497.49333333333334,12.727272727272727
4,2,4,0,5,0,False,9459450,530.0,12.0
4,2,4,0,4,1,False,37837800,579.4666666666667,11.0
4,2,4,0,3,2,False,56756700,586.5333333333333,11.0
4,2,4,0,2,3,False,37837800,551.1999999999999,12.0
4,2,4,0,1,4,False,9459450,473.4666666666667,14.0
4,2,3,6,0,0,False,6306300,524.952380952381,12.5
4,2,3,5,1,0,False,37837800,541.3571428571429,12.0
4,2,3,4,2,0,False,94594500,551.1999999999999,11.428571428571429
4,2,3,4,1,1,True,94594500,532.8266666666667,12.142857142857144
4,2,3,3,3,0,False,126126000,554.4809523809524,11.538461538461538
4,2,3,3,2,1,True,252252000,563.0114285714286,11.538461538461538
4,2,3,3,1,2,True,126126000,520.3590476190476,12.307692307692307
4,2,3,2,4,0,False,94594500,551.1999999999999,11.666666666666668
4,2,3,2,3,1,True,283783500,582.6971428571428,10.833333333333334
4,2,3,2,2,2,True,283783500,566.9485714285713,11.666666666666668
4,2,3,2,1,3,True,94594500,503.9542857142857,12.5
4,2,3,1,5,0,False,37837800,541.3571428571429,11.818181818181817
4,2,3,1,4,1,True,151351200,591.8838095238096,10.909090909090908
4,2,3,1,3,2,True,227026800,599.1019047619047,10.909090909090908
4,2,3,1,2,3,True,151351200,563.0114285714287,11.818181818181817
4,2,3,1,1,4,True,37837800,483.612380952381,13.636363636363635
4,2,3,0,6,0,False,6306300,492.1428571428571,13.0
4,2,3,0,5,1,False,31531500,590.5714285714286,11.0
4,2,3,0,4,2,False,63063000,616.8190476190476,11.0
4,2,3,0,3,3,False,63063000,603.6952380952381,11.0
4,2,3,0,2,4,False,31531500,551.2,12.0
4,2,3,0,1,5,False,6306300,459.33333333333326,14.0
4,2,2,7,0,0,False,2702700,514.8571428571429,12.352941176470587
4,2,2,6,1,0,False,18918900,533.0285714285714,11.875
4,2,2,5,2,0,False,56756700,545.1428571428571,12.0
4,2,2,5,1,1,True,56756700,526.9714285714286,12.0
4,2,2,4,3,0,False,94594500,551.1999999999999,11.428571428571429
4,2,2,4,2,1,True,189189000,559.68,11.428571428571429
4,2,2,4,1,2,True,94594500,517.28,12.142857142857144
4,2,2,3,4,0,False,94594500,551.1999999999999,11.538461538461538
4,2,2,3,3,1,True,283783500,582.6971428571428,10.769230769230768
4,2,2,3,2,2,True,283783500,566.9485714285713,11.538461538461538
4,2,2,3,1,3,True,94594500,503.95428571428573,13.076923076923077
4,2,2,2,5,0,False,56756700,545.1428571428571,11.666666666666668
4,2,2,2,4,1,True,227026800,596.0228571428572,10.833333333333334
4,2,2,2,3,2,True,340540200,603.2914285714286,10.833333333333334
4,2,2,2,2,3,True,227026800,566.9485714285714,11.666666666666668
4,2,2,2,1,4,True,56756700,486.9942857142857,13.333333333333334
4,2,2,1,6,0,False,18918900,499.7142857142857,12.727272727272727
4,2,2,1,5,1,True,94594500,599.6571428571428,10.909090909090908
4,2,2,1,4,2,True,189189000,626.3085714285716,10.0
4,2,2,1,3,3,True,189189000,612.9828571428573,10.909090909090908
4,2,2,1,2,4,True,94594500,559.68,11.818181818181817
4,2,2,1,1,5,True,18918900,466.4,13.636363636363635
4,2,2,0,7,0,False,2702700,454.2857142857143,14.0
4,2,2,0,6,1,False,16216200,545.1428571428571,12.0
4,2,2,0,5,2,False,40540500,636.0,10.0
4,2,2,0,4,3,False,54054000,642.0571428571429,10.0
4,2,2,0,3,4,False,40540500,611.7714285714287,11.0
4,2,2,0,2,5,False,16216200,545.1428571428571,12.0
4,2,2,0,1,6,False,2702700,442.1714285714285,15.0
4,2,1,8,0,0,False,675675,499.71428571428567,12.777777777777777
4,2,1,7,1,0,False,5405400,519.1476190476192,12.352941176470587
4,2,1,6,2,0,False,18918900,533.0285714285714,11.875
4,2,1,6,1,1,True,18918900,515.2609523809524,12.5
4,2,1,5,3,0,False,37837800,541.3571428571428,12.0
4,2,1,5,2,1,True,75675600,549.6857142857143,12.0
4,2,1,5,1,2,True,37837800,508.04285714285714,12.666666666666666
4,2,1,4,4,0,False,47297250,544.1333333333332,12.142857142857144
4,2,1,4,3,1,True,141891750,575.2266666666666,11.428571428571429
4,2,1,4,2,2,True,141891750,559.68,11.428571428571429
4,2,1,4,1,3,True,47297250,497.4933333333333,12.857142857142858
4,2,1,3,5,0,False,37837800,541.3571428571428,12.307692307692307
4,2,1,3,4,1,True,151351200,591.8838095238095,10.769230769230768
4,2,1,3,3,2,True,227026800,599.1019047619047,10.769230769230768
4,2,1,3,2,3,True,151351200,563.0114285714286,11.538461538461538
4,2,1,3,1,4,True,37837800,483.61238095238093,13.076923076923077
4,2,1,2,6,0,False,18918900,499.71428571428567,13.333333333333334
4,2,1,2,5,1,True,94594500,599.6571428571428,10.833333333333334
4,2,1,2,4,2,True,189189000,626.3085714285713,10.0
4,2,1,2,3,3,True,189189000,612.982857142857,10.833333333333334
4,2,1,2,2,4,True,94594500,559.68,11.666666666666668
4,2,1,2,1,5,True,18918900,466.3999999999999,14.166666666666668
4,2,1,1,7,0,False,5405400,458.07142857142856,14.545454545454545
4,2,1,1,6,1,True,32432400,549.6857142857143,11.818181818181817
4,2,1,1,5,2,True,81081000,641.3000000000001,10.0
4,2,1,1,4,3,True,108108000,647.4076190476192,10.0
4,2,1,1,3,4,True,81081000,616.8695238095239,10.909090909090908
4,2,1,1,2,5,True,32432400,549.6857142857143,11.818181818181817
4,2,1,1,1,6,True,5405400,445.8561904761905,14.545454545454545
4,2,1,0,8,0,False,675675,416.4285714285714,16.0
4,2,1,0,7,1,False,4729725,499.7142857142857,13.0
4,2,1,0,6,2,False,14189175,583.0,11.0
4,2,1,0,5,3,False,23648625,666.2857142857142,10.0
4,2,1,0,4,4,False,23648625,655.1809523809524,10.0
4,2,1,0,3,5,False,14189175,610.7619047619048,11.0
4,2,1,0,2,6,False,4729725,533.0285714285714,12.0
4,2,1,0,1,7,False,675675,421.9809523809523,15.0
4,2,0,9,0,0,False,75075,479.5238095238095,13.157894736842106
4,2,0,8,1,0,False,675675,499.71428571428567,12.777777777777777
4,2,0,7,2,0,False,2702700,514.8571428571429,12.352941176470587
4,2,0,7,1,1,False,2702700,497.69523809523815,12.941176470588234
4,2,0,6,3,0,False,6306300,524.952380952381,12.5
4,2,0,6,2,1,False,12612600,533.0285714285714,11.875
4,2,0,6,1,2,False,6306300,492.6476190476191,13.125
4,2,0,5,4,0,False,9459450,530.0,12.0
4,2,0,5,3,1,False,28378350,560.2857142857142,11.333333333333334
4,2,0,5,2,2,False,28378350,545.1428571428571,12.0
4,2,0,5,1,3,False,9459450,484.57142857142856,13.333333333333334
4,2,0,4,5,0,False,9459450,530.0,12.142857142857144
4,2,0,4,4,1,False,37837800,579.4666666666667,11.428571428571429
4,2,0,4,3,2,False,56756700,586.5333333333333,10.714285714285715
4,2,0,4,2,3,False,37837800,551.1999999999999,11.428571428571429
4,2,0,4,1,4,False,9459450,473.46666666666664,13.571428571428573
4,2,0,3,6,0,False,6306300,492.1428571428571,13.076923076923077
4,2,0,3,5,1,False,31531500,590.5714285714286,10.769230769230768
4,2,0,3,4,2,False,63063000,616.8190476190476,10.769230769230768
4,2,0,3,3,3,False,63063000,603.6952380952381,10.769230769230768
4,2,0,3,2,4,False,31531500,551.2,11.538461538461538
4,2,0,3,1,5,False,6306300,459.3333333333333,13.846153846153845
4,2,0,2,7,0,False,2702700,454.2857142857143,14.166666666666668
4,2,0,2,6,1,False,16216200,545.1428571428571,11.666666666666668
4,2,0,2,5,2,False,40540500,636.0,10.0
4,2,0,2,4,3,False,54054000,642.0571428571428,10.0
4,2,0,2,3,4,False,40540500,611.7714285714286,10.833333333333334
4,2,0,2,2,5,False,16216200,545.1428571428571,11.666666666666668
4,2,0,2,1,6,False,2702700,442.1714285714285,14.166666666666668
4,2,0,1,8,0,False,675675,416.42857142857144,15.454545454545453
4,2,0,1,7,1,False,4729725,499.7142857142857,12.727272727272727
4,2,0,1,6,2,False,14189175,583.0,10.909090909090908
4,2,0,1,5,3,False,23648625,666.2857142857143,10.0
4,2,0,1,4,4,False,23648625,655.1809523809525,10.0
4,2,0,1,3,5,False,14189175,610.7619047619047,10.909090909090908
4,2,0,1,2,6,False,4729725,533.0285714285714,11.818181818181817
4,2,0,1,1,7,False,675675,421.9809523809524,15.454545454545453
4,2,0,0,9,0,False,75075,378.57142857142856,17.0
4,2,0,0,8,1,False,600600,454.2857142857143,14.0
4,2,0,0,7,2,False,2102100,530.0,12.0
4,2,0,0,6,3,False,4204200,605.7142857142857,11.0
4,2,0,0,5,4,False,5255250,681.4285714285714,10.0
4,2,0,0,4,5,False,4204200,656.1904761904761,10.0
4,2,0,0,3,6,False,2102100,600.6666666666665,11.0
4,2,0,0,2,7,False,600600,514.8571428571429,13.0
4,2,0,0,1,8,False,75075,398.76190476190476,16.0
4,1,10,0,0,0,False,15015,385.71428571428567,17.0
4,1,9,1,0,0,False,150150,403.07142857142856,16.363636363636363
4,1,9,0,1,0,False,150150,403.07142857142856,16.0
4,1,8,2,0,0,False,675675,416.5714285714285,15.833333333333334
4,1,8,1,1,0,False,1351350,420.0428571428572,15.454545454545453
4,1,8,0,2,0,False,675675,416.5714285714285,16.0
4,1,8,0,1,1,False,675675,402.6857142857143,16.0
4,1,7,3,0,0,False,1801800,426.2142857142858,15.384615384615383
4,1,7,2,1,0,False,5405400,432.7714285714286,15.0
4,1,7,1,2,0,False,5405400,432.7714285714287,14.545454545454545
4,1,7,1,1,1,True,5405400,418.3457142857144,15.454545454545453
4,1,7,0,3,0,False,1801800,426.2142857142858,15.0
4,1,7,0,2,1,False,3603600,432.7714285714286,15.0
4,1,7,0,1,2,False,1801800,399.9857142857143,16.0
4,1,6,4,0,0,False,3153150,431.99999999999994,15.000000000000002
4,1,6,3,1,0,False,12612600,441.25714285714287,14.615384615384615
4,1,6,2,2,0,False,18918900,444.3428571428571,14.166666666666668
4,1,6,2,1,1,True,18918900,429.5314285714286,15.0
4,1,6,1,3,0,False,12612600,441.25714285714287,14.545454545454545
4,1,6,1,2,1,True,25225200,448.04571428571427,14.545454545454545
4,1,6,1,1,2,True,12612600,414.1028571428571,15.454545454545453
4,1,6,0,4,0,False,3153150,431.99999999999994,15.0
4,1,6,0,3,1,False,9459450,456.68571428571425,14.0
4,1,6,0,2,2,False,9459450,444.3428571428571,15.0
4,1,6,0,1,3,False,3153150,394.9714285714286,16.0
4,1,5,5,0,0,False,3783780,433.92857142857144,14.666666666666666
4,1,5,4,1,0,False,18918900,445.5,14.285714285714286
4,1,5,3,2,0,False,37837800,451.2857142857143,14.615384615384615
4,1,5,3,1,1,True,37837800,436.24285714285713,14.615384615384615
4,1,5,2,3,0,False,37837800,451.2857142857143,14.166666666666668
4,1,5,2,2,1,True,75675600,458.22857142857146,14.166666666666668
4,1,5,2,1,2,True,37837800,423.5142857142857,15.0
4,1,5,1,4,0,False,18918900,445.50000000000006,14.545454545454545
4,1,5,1,3,1,True,56756700,470.95714285714286,13.636363636363635
4,1,5,1,2,2,True,56756700,458.2285714285714,14.545454545454545
4,1,5,1,1,3,True,18918900,407.31428571428575,15.454545454545453
4,1,5,0,5,0,False,3783780,433.9285714285714,15.0
4,1,5,0,4,1,False,15135120,474.42857142857144,14.0
4,1,5,0,3,2,False,22702680,480.2142857142857,14.0
4,1,5,0,2,3,False,15135120,451.2857142857143,14.0
4,1,5,0,1,4,False,3783780,387.64285714285717,17.0
4,1,4,6,0,0,False,3153150,432.0,15.0
4,1,4,5,1,0,False,18918900,445.5,14.666666666666666
4,1,4,4,2,0,False,47297250,453.5999999999999,14.285714285714286
4,1,4,4,1,1,True,47297250,438.47999999999996,14.285714285714286
4,1,4,3,3,0,False,63063000,456.3,13.846153846153845
4,1,4,3,2,1,True,126126000,463.32000000000005,13.846153846153845
4,1,4,3,1,2,True,63063000,428.21999999999997,14.615384615384615
4,1,4,2,4,0,False,47297250,453.5999999999999,14.166666666666668
4,1,4,2,3,1,True,141891750,479.5199999999999,13.333333333333334
4,1,4,2,2,2,True,141891750,466.56,14.166666666666668
4,1,4,2,1,3,True,47297250,414.71999999999997,15.833333333333334
4,1,4,1,5,0,False,18918900,445.50000000000006,14.545454545454545
4,1,4,1,4,1,True,75675600,487.08000000000004,13.636363636363635
4,1,4,1,3,2,True,113513400,493.02000000000004,12.727272727272727
4,1,4,1,2,3,True,75675600,463.32000000000005,13.636363636363635
4,1,4,1,1,4,True,18918900,397.98,16.363636363636363
4,1,4,0,6,0,False,3153150,405.0,16.0
4,1,4,0,5,1,False,15765750,486.0,13.0
4,1,4,0,4,2,False,31531500,507.59999999999997,13.0
4,1,4,0,3,3,False,31531500,496.79999999999995,13.0
4,1,4,0,2,4,False,15765750,453.6,14.0
4,1,4,0,1,5,False,3153150,377.99999999999994,17.0
4,1,3,7,0,0,False,1801800,426.2142857142857,14.705882352941176
4,1,3,6,1,0,False,12612600,441.257142857143,14.375
4,1,3,5,2,0,False,37837800,451.2857142857142,14.0
4,1,3,5,1,1,True,37837800,436.24285714285725,14.666666666666666
4,1,3,4,3,0,False,63063000,456.3,14.285714285714286
4,1,3,4,2,1,True,126126000,463.31999999999994,13.571428571428573
4,1,3,4,1,2,True,63063000,428.21999999999997,15.000000000000002
4,1,3,3,4,0,False,63063000,456.29999999999995,13.846153846153845
4,1,3,3,3,1,True,189189000,482.3742857142857,13.076923076923077
4,1,3,3,2,2,True,189189000,469.33714285714285,13.846153846153845
4,1,3,3,1,3,True,63063000,417.1885714285714,15.384615384615383
4,1,3,2,5,0,False,37837800,451.2857142857143,14.166666666666668
4,1,3,2,4,1,True,151351200,493.4057142857143,13.333333333333334
4,1,3,2,3,2,True,227026800,499.42285714285714,13.333333333333334
4,1,3,2,2,3,True,151351200,469.3371428571428,13.333333333333334
4,1,3,2,1,4,True,37837800,403.1485714285714,15.833333333333334
4,1,3,1,6,0,False,12612600,413.67857142857144,15.454545454545453
4,1,3,1,5,1,True,63063000,496.41428571428577,12.727272727272727
4,1,3,1,4,2,True,126126000,518.4771428571429,12.727272727272727
4,1,3,1,3,3,True,126126000,507.4457142857143,12.727272727272727
4,1,3,1,2,4,True,63063000,463.3200000000001,13.636363636363635
4,1,3,1,1,5,True,12612600,386.09999999999997,16.363636363636363
4,1,3,0,7,0,False,1801800,376.07142857142856,17.0
4,1,3,0,6,1,False,10810800,451.2857142857143,14.0
4,1,3,0,5,2,False,27027000,526.5,12.0
4,1,3,0,4,3,False,36036000,531.5142857142857,12.0
4,1,3,0,3,4,False,27027000,506.44285714285724,13.0
4,1,3,0,2,5,False,10810800,451.2857142857143,14.0
4,1,3,0,1,6,False,1801800,366.0428571428571,18.0
4,1,2,8,0,0,False,675675,416.57142857142856,15.555555555555555
4,1,2,7,1,0,False,5405400,432.7714285714286,14.705882352941176
4,1,2,6,2,0,False,18918900,444.3428571428571,14.375
4,1,2,6,1,1,True,18918900,429.5314285714287,15.0
4,1,2,5,3,0,False,37837800,451.28571428571433,14.0
4,1,2,5,2,1,True,75675600,458.2285714285714,14.0
4,1,2,5,1,2,True,37837800,423.5142857142856,15.333333333333334
4,1,2,4,4,0,False,47297250,453.5999999999999,14.285714285714286
4,1,2,4,3,1,True,141891750,479.5199999999999,13.571428571428573
4,1,2,4,2,2,True,141891750,466.5599999999999,13.571428571428573
4,1,2,4,1,3,True,47297250,414.72,15.714285714285715
4,1,2,3,5,0,False,37837800,451.2857142857143,14.615384615384615
4,1,2,3,4,1,True,151351200,493.4057142857143,13.076923076923077
4,1,2,3,3,2,True,227026800,499.4228571428572,13.076923076923077
4,1,2,3,2,3,True,151351200,469.3371428571429,13.846153846153845
4,1,2,3,1,4,True,37837800,403.1485714285714,16.153846153846153
4,1,2,2,6,0,False,18918900,416.5714285714285,15.833333333333334
4,1,2,2,5,1,True,94594500,499.88571428571424,13.333333333333334
4,1,2,2,4,2,True,189189000,522.1028571428571,12.5
4,1,2,2,3,3,True,189189000,510.9942857142857,12.5
4,1,2,2,2,4,True,94594500,466.56000000000006,14.166666666666668
4,1,2,2,1,5,True,18918900,388.7999999999999,16.666666666666668
4,1,2,1,7,0,False,5405400,381.85714285714283,17.27272727272727
4,1,2,1,6,1,True,32432400,458.22857142857146,14.545454545454545
4,1,2,1,5,2,True,81081000,534.6,11.818181818181817
4,1,2,1,4,3,True,108108000,539.6914285714287,11.818181818181817
4,1,2,1,3,4,True,81081000,514.2342857142859,12.727272727272727
4,1,2,1,2,5,True,32432400,458.22857142857146,14.545454545454545
4,1,2,1,1,6,True,5405400,371.6742857142857,17.27272727272727
4,1,2,0,8,0,False,675675,347.1428571428571,19.0
4,1,2,0,7,1,False,4729725,416.57142857142856,16.0
4,1,2,0,6,2,False,14189175,486.0,13.0
4,1,2,0,5,3,False,23648625,555.4285714285713,12.0
4,1,2,0,4,4,False,23648625,546.1714285714287,12.0
4,1,2,0,3,5,False,14189175,509.1428571428571,13.0
4,1,2,0,2,6,False,4729725,444.3428571428571,15.0
4,1,2,0,1,7,False,675675,351.77142857142854,18.0
4,1,1,9,0,0,False,150150,403.0714285714286,15.789473684210527
4,1,1,8,1,0,False,1351350,420.0428571428572,15.0
4,1,1,7,2,0,False,5405400,432.7714285714286,14.705882352941176
4,1,1,7,1,1,True,5405400,418.3457142857144,15.294117647058822
4,1,1,6,3,0,False,12612600,441.257142857143,14.375
4,1,1,6,2,1,True,25225200,448.0457142857144,14.375
4,1,1,6,1,2,True,12612600,414.1028571428572,15.625
4,1,1,5,4,0,False,18918900,445.5,14.666666666666666
4,1,1,5,3,1,True,56756700,470.9571428571429,13.333333333333334
4,1,1,5,2,2,True,56756700,458.2285714285715,14.0
4,1,1,5,1,3,True,18918900,407.3142857142858,16.0
4,1,1,4,5,0,False,18918900,445.5,14.285714285714286
4,1,1,4,4,1,True,75675600,487.08000000000004,12.857142857142858
4,1,1,4,3,2,True,113513400,493.0200000000001,12.857142857142858
4,1,1,4,2,3,True,75675600,463.32,13.571428571428573
4,1,1,4,1,4,True,18918900,397.98,15.714285714285715
4,1,1,3,6,0,False,12612600,413.67857142857144,15.384615384615383
4,1,1,3,5,1,True,63063000,496.41428571428577,13.076923076923077
4,1,1,3,4,2,True,126126000,518.4771428571429,12.307692307692307
4,1,1,3,3,3,True,126126000,507.4457142857144,13.076923076923077
4,1,1,3,2,4,True,63063000,463.32000000000005,13.846153846153845
4,1,1,3,1,5,True,12612600,386.1,16.923076923076923
4,1,1,2,7,0,False,5405400,381.85714285714283,16.666666666666668
4,1,1,2,6,1,True,32432400,458.22857142857146,14.166666666666668
4,1,1,2,5,2,True,81081000,534.6,12.5
4,1,1,2,4,3,True,108108000,539.6914285714286,11.666666666666668
4,1,1,2,3,4,True,81081000,514.2342857142858,12.5
4,1,1,2,2,5,True,32432400,458.22857142857146,14.166666666666668
4,1,1,2,1,6,True,5405400,371.67428571428576,17.5
4,1,1,1,8,0,False,1351350,350.03571428571433,18.18181818181818
4,1,1,1,7,1,True,9459450,420.0428571428572,15.454545454545453
4,1,1,1,6,2,True,28378350,490.0500000000001,13.636363636363635
4,1,1,1,5,3,True,47297250,560.0571428571428,11.818181818181817
4,1,1,1,4,4,True,47297250,550.7228571428574,11.818181818181817
4,1,1,1,3,5,True,28378350,513.3857142857144,12.727272727272727
4,1,1,1,2,6,True,9459450,448.0457142857144,14.545454545454545
4,1,1,1,1,7,True,1351350,354.70285714285717,18.18181818181818
4,1,1,0,9,0,False,150150,318.2142857142857,20.0
4,1,1,0,8,1,False,1201200,381.8571428571429,17.0
4,1,1,0,7,2,False,4204200,445.50000000000006,15.0
4,1,1,0,6,3,False,8408400,509.1428571428571,13.0
4,1,1,0,5,4,False,10510500,572.7857142857143,11.0
4,1,1,0,4,5,False,8408400,551.5714285714287,12.0
4,1,1,0,3,6,False,4204200,504.9000000000001,13.0
4,1,1,0,2,7,False,1201200,432.7714285714286,15.0
4,1,1,0,1,8,False,150150,335.1857142857143,19.0
4,1,0,10,0,0,False,15015,385.71428571428567,16.5
4,1,0,9,1,0,False,150150,403.0714285714286,15.789473684210527
4,1,0,8,2,0,False,675675,416.57142857142856,15.555555555555555
4,1,0,8,1,1,False,675675,402.6857142857143,15.555555555555555
4,1,0,7,3,0,False,1801800,426.2142857142857,14.705882352941176
4,1,0,7,2,1,False,3603600,432.7714285714286,14.705882352941176
4,1,0,7,1,2,False,1801800,399.98571428571427,15.88235294117647
4,1,0,6,4,0,False,3153150,432.0,15.0
4,1,0,6,3,1,False,9459450,456.68571428571425,13.75
4,1,0,6,2,2,False,9459450,444.3428571428571,14.375
4,1,0,6,1,3,False,3153150,394.97142857142853,16.25
4,1,0,5,5,0,False,3783780,433.92857142857144,14.666666666666666
4,1,0,5,4,1,False,15135120,474.42857142857144,13.333333333333334
4,1,0,5,3,2,False,22702680,480.2142857142858,13.333333333333334
4,1,0,5,2,3,False,15135120,451.28571428571433,14.0
4,1,0,5,1,4,False,3783780,387.64285714285717,16.666666666666668
4,1,0,4,6,0,False,3153150,404.99999999999994,15.714285714285715
4,1,0,4,5,1,False,15765750,485.99999999999994,13.571428571428573
4,1,0,4,4,2,False,31531500,507.6,12.857142857142858
4,1,0,4,3,3,False,31531500,496.79999999999995,12.857142857142858
4,1,0,4,2,4,False,15765750,453.59999999999997,14.285714285714286
4,1,0,4,1,5,False,3153150,378.0,17.142857142857142
4,1,0,3,7,0,False,1801800,376.07142857142856,16.923076923076923
4,1,0,3,6,1,False,10810800,451.2857142857143,14.615384615384615
4,1,0,3,5,2,False,27027000,526.5,12.307692307692307
4,1,0,3,4,3,False,36036000,531.5142857142857,12.307692307692307
4,1,0,3,3,4,False,27027000,506.44285714285724,13.076923076923077
4,1,0,3,2,5,False,10810800,451.2857142857143,14.615384615384615
4,1,0,3,1,6,False,1801800,366.04285714285714,17.692307692307693
4,1,0,2,8,0,False,675675,347.1428571428571,18.333333333333336
4,1,0,2,7,1,False,4729725,416.5714285714285,15.833333333333334
4,1,0,2,6,2,False,14189175,486.0,13.333333333333334
4,1,0,2,5,3,False,23648625,555.4285714285713,11.666666666666668
4,1,0,2,4,4,False,23648625,546.1714285714287,11.666666666666668
4,1,0,2,3,5,False,14189175,509.14285714285717,12.5
4,1,0,2,2,6,False,4729725,444.3428571428571,14.166666666666668
4,1,0,2,1,7,False,675675,351.77142857142854,18.333333333333336
4,1,0,1,9,0,False,150150,318.2142857142857,20.0
4,1,0,1,8,1,False,1201200,381.85714285714283,17.27272727272727
4,1,0,1,7,2,False,4204200,445.50000000000006,14.545454545454545
4,1,0,1,6,3,False,8408400,509.14285714285717,12.727272727272727
4,1,0,1,5,4,False,10510500,572.7857142857143,11.818181818181817
4,1,0,1,4,5,False,8408400,551.5714285714286,11.818181818181817
4,1,0,1,3,6,False,4204200,504.9,12.727272727272727
4,1,0,1,2,7,False,1201200,432.7714285714286,14.545454545454545
4,1,0,1,1,8,False,150150,335.18571428571425,19.09090909090909
4,1,0,0,10,0,False,15015,289.2857142857143,22.0
4,1,0,0,9,1,False,135135,347.1428571428571,19.0
4,1,0,0,8,2,False,540540,405.0,16.0
4,1,0,0,7,3,False,1261260,462.85714285714283,14.0
4,1,0,0,6,4,False,1891890,520.7142857142857,13.0
4,1,0,0,5,5,False,1891890,578.5714285714286,11.0
4,1,0,0,4,6,False,1261260,547.7142857142857,12.0
4,1,0,0,3,7,False,540540,493.7142857142858,13.0
4,1,0,0,2,8,False,135135,416.57142857142856,16.0
4,1,0,0,1,9,False,15015,316.2857142857142,20.0
4,0,11,0,0,0,False,1365,280.0,23.0
4,0,10,1,0,0,False,15015,293.3333333333333,21.818181818181817
4,0,10,0,1,0,False,15015,293.3333333333333,22.0
4,0,9,2,0,0,False,75075,303.99999999999994,20.833333333333336
4,0,9,1,1,0,False,150150,306.53333333333336,20.909090909090907
4,0,9,0,2,0,False,75075,304.0,21.0
4,0,9,0,1,1,False,75075,293.86666666666673,22.0
4,0,8,3,0,0,False,225225,312.0,20.76923076923077
4,0,8,2,1,0,False,675675,316.80000000000007,20.0
4,0,8,1,2,0,False,675675,316.79999999999995,20.0
4,0,8,1,1,1,False,675675,306.24000000000007,20.909090909090907
4,0,8,0,3,0,False,225225,312.0,21.0
4,0,8,0,2,1,False,450450,316.8,20.0
4,0,8,0,1,2,False,225225,292.79999999999995,22.0
4,0,7,4,0,0,False,450450,317.3333333333333,20.0
4,0,7,3,1,0,False,1801800,324.1333333333334,20.0
4,0,7,2,2,0,False,2702700,326.4,19.166666666666668
4,0,7,2,1,1,False,2702700,315.52,20.0
4,0,7,1,3,0,False,1801800,324.1333333333334,20.0
4,0,7,1,2,1,False,3603600,329.12,19.09090909090909
4,0,7,1,1,2,False,1801800,304.18666666666667,20.909090909090907
4,0,7,0,4,0,False,450450,317.33333333333337,20.0
4,0,7,0,3,1,False,1351350,335.4666666666667,19.0
4,0,7,0,2,2,False,1351350,326.40000000000003,20.0
4,0,7,0,1,3,False,450450,290.1333333333334,22.0
4,0,6,5,0,0,False,630630,320.0,20.0
4,0,6,4,1,0,False,3153150,328.53333333333336,19.28571428571429
4,0,6,3,2,0,False,6306300,332.8,19.23076923076923
4,0,6,3,1,1,False,6306300,321.7066666666667,20.0
4,0,6,2,3,0,False,6306300,332.79999999999995,19.166666666666668
4,0,6,2,2,1,False,12612600,337.91999999999996,19.166666666666668
4,0,6,2,1,2,False,6306300,312.32,20.833333333333336
4,0,6,1,4,0,False,3153150,328.5333333333333,19.09090909090909
4,0,6,1,3,1,False,9459450,347.3066666666667,18.18181818181818
4,0,6,1,2,2,False,9459450,337.92,19.09090909090909
4,0,6,1,1,3,False,3153150,300.37333333333333,20.909090909090907
4,0,6,0,5,0,False,630630,320.0,20.0
4,0,6,0,4,1,False,2522520,349.8666666666667,18.0
4,0,6,0,3,2,False,3783780,354.1333333333333,18.0
4,0,6,0,2,3,False,2522520,332.79999999999995,19.0
4,0,6,0,1,4,False,630630,285.8666666666667,22.0
4,0,5,6,0,0,False,630630,320.0,20.0
4,0,5,5,1,0,False,3783780,330.00000000000006,19.333333333333332
4,0,5,4,2,0,False,9459450,336.0,19.28571428571429
4,0,5,4,1,1,False,9459450,324.79999999999995,19.28571428571429
4,0,5,3,3,0,False,12612600,338.0,19.23076923076923
4,0,5,3,2,1,False,25225200,343.2,18.46153846153846
4,0,5,3,1,2,False,12612600,317.2,20.0
4,0,5,2,4,0,False,9459450,336.0,19.166666666666668
4,0,5,2,3,1,False,28378350,355.2,18.333333333333336
4,0,5,2,2,2,False,28378350,345.5999999999999,18.333333333333336
4,0,5,2,1,3,False,9459450,307.2,20.833333333333336
4,0,5,1,5,0,False,3783780,330.0,19.09090909090909
4,0,5,1,4,1,False,15135120,360.8,18.18181818181818
4,0,5,1,3,2,False,22702680,365.20000000000005,17.27272727272727
4,0,5,1,2,3,False,15135120,343.20000000000005,19.09090909090909
4,0,5,1,1,4,False,3783780,294.8,21.818181818181817
4,0,5,0,6,0,False,630630,300.0,21.0
4,0,5,0,5,1,False,3153150,360.0,18.0
4,0,5,0,4,2,False,6306300,376.0,17.0
4,0,5,0,3,3,False,6306300,368.0,17.0
4,0,5,0,2,4,False,3153150,336.0,19.0
4,0,5,0,1,5,False,630630,280.0,23.0
4,0,4,7,0,0,False,450450,317.33333333333337,19.999999999999996
4,0,4,6,1,0,False,3153150,328.53333333333336,19.375
4,0,4,5,2,0,False,9459450,335.99999999999994,18.666666666666668
4,0,4,5,1,1,False,9459450,324.8,19.333333333333332
4,0,4,4,3,0,False,15765750,339.7333333333333,18.571428571428573
4,0,4,4,2,1,False,31531500,344.96,18.571428571428573
4,0,4,4,1,2,False,15765750,318.82666666666665,20.0
4,0,4,3,4,0,False,15765750,339.73333333333335,18.46153846153846
4,0,4,3,3,1,False,47297250,359.14666666666665,17.692307692307693
4,0,4,3,2,2,False,47297250,349.44000000000005,18.46153846153846
4,0,4,3,1,3,False,15765750,310.6133333333333,20.76923076923077
4,0,4,2,5,0,False,9459450,336.0,19.166666666666668
4,0,4,2,4,1,False,37837800,367.35999999999996,17.5
4,0,4,2,3,2,False,56756700,371.84,17.5
4,0,4,2,2,3,False,37837800,349.44,18.333333333333336
4,0,4,2,1,4,False,9459450,300.16,20.833333333333336
4,0,4,1,6,0,False,3153150,308.0,20.909090909090907
4,0,4,1,5,1,False,15765750,369.6,17.27272727272727
4,0,4,1,4,2,False,31531500,386.0266666666667,16.363636363636363
4,0,4,1,3,3,False,31531500,377.8133333333334,17.27272727272727
4,0,4,1,2,4,False,15765750,344.96000000000004,18.18181818181818
4,0,4,1,1,5,False,3153150,287.4666666666667,21.818181818181817
4,0,4,0,7,0,False,450450,280.0,23.0
4,0,4,0,6,1,False,2702700,336.0,19.0
4,0,4,0,5,2,False,6756750,392.0,16.0
4,0,4,0,4,3,False,9009000,395.73333333333335,16.0
4,0,4,0,3,4,False,6756750,377.0666666666667,17.0
4,0,4,0,2,5,False,2702700,336.0,19.0
4,0,4,0,1,6,False,450450,272.5333333333333,23.0
4,0,3,8,0,0,False,225225,312.0,20.555555555555554
4,0,3,7,1,0,False,1801800,324.1333333333334,19.41176470588235
4,0,3,6,2,0,False,6306300,332.8,19.375
4,0,3,6,1,1,False,6306300,321.7066666666667,20.0
4,0,3,5,3,0,False,12612600,338.0,18.666666666666668
4,0,3,5,2,1,False,25225200,343.2,18.666666666666668
4,0,3,5,1,2,False,12612600,317.19999999999993,20.0
4,0,3,4,4,0,False,15765750,339.73333333333323,18.571428571428573
4,0,3,4,3,1,False,47297250,359.1466666666667,17.857142857142858
4,0,3,4,2,2,False,47297250,349.43999999999994,18.571428571428573
4,0,3,4,1,3,False,15765750,310.61333333333334,20.714285714285715
4,0,3,3,5,0,False,12612600,338.0,19.23076923076923
4,0,3,3,4,1,False,50450400,369.5466666666667,16.923076923076923
4,0,3,3,3,2,False,75675600,374.05333333333334,16.923076923076923
4,0,3,3,2,3,False,50450400,351.52,18.46153846153846
4,0,3,3,1,4,False,12612600,301.9466666666667,20.76923076923077
4,0,3,2,6,0,False,6306300,312.0,20.833333333333336
4,0,3,2,5,1,False,31531500,374.4,17.5
4,0,3,2,4,2,False,63063000,391.04,16.666666666666668
4,0,3,2,3,3,False,63063000,382.71999999999997,16.666666666666668
4,0,3,2,2,4,False,31531500,349.44000000000005,18.333333333333336
4,0,3,2,1,5,False,6306300,291.19999999999993,21.666666666666668
4,0,3,1,7,0,False,1801800,286.0,22.727272727272727
4,0,3,1,6,1,False,10810800,343.20000000000005,19.09090909090909
4,0,3,1,5,2,False,27027000,400.4,16.363636363636363
4,0,3,1,4,3,False,36036000,404.2133333333334,16.363636363636363
4,0,3,1,3,4,False,27027000,385.14666666666676,16.363636363636363
4,0,3,1,2,5,False,10810800,343.20000000000005,19.09090909090909
4,0,3,1,1,6,False,1801800,278.37333333333333,22.727272727272727
4,0,3,0,8,0,False,225225,260.0,25.0
4,0,3,0,7,1,False,1576575,312.0,21.0
4,0,3,0,6,2,False,4729725,363.99999999999994,18.0
4,0,3,0,5,3,False,7882875,416.0,16.0
4,0,3,0,4,4,False,7882875,409.06666666666666,16.0
4,0,3,0,3,5,False,4729725,381.33333333333337,17.0
4,0,3,0,2,6,False,1576575,332.79999999999995,19.0
4,0,3,0,1,7,False,225225,263.46666666666664,24.0
4,0,2,9,0,0,False,75075,304.0,21.05263157894737
4,0,2,8,1,0,False,675675,316.8,20.0
4,0,2,7,2,0,False,2702700,326.4,19.41176470588235
4,0,2,7,1,1,False,2702700,315.5200000000001,19.999999999999996
4,0,2,6,3,0,False,6306300,332.8,19.375
4,0,2,6,2,1,False,12612600,337.9200000000001,18.75
4,0,2,6,1,2,False,6306300,312.32,20.625
4,0,2,5,4,0,False,9459450,335.99999999999994,18.666666666666668
4,0,2,5,3,1,False,28378350,355.2,18.0
4,0,2,5,2,2,False,28378350,345.59999999999997,18.666666666666668
4,0,2,5,1,3,False,9459450,307.2,20.666666666666668
4,0,2,4,5,0,False,9459450,336.0,19.28571428571429
4,0,2,4,4,1,False,37837800,367.36,17.142857142857142
4,0,2,4,3,2,False,56756700,371.8399999999999,17.142857142857142
4,0,2,4,2,3,False,37837800,349.43999999999994,18.571428571428573
4,0,2,4,1,4,False,9459450,300.15999999999997,21.42857142857143
4,0,2,3,6,0,False,6306300,312.0,20.76923076923077
4,0,2,3,5,1,False,31531500,374.40000000000003,16.923076923076923
4,0,2,3,4,2,False,63063000,391.04,16.153846153846153
4,0,2,3,3,3,False,63063000,382.71999999999997,16.923076923076923
4,0,2,3,2,4,False,31531500,349.44000000000005,18.46153846153846
4,0,2,3,1,5,False,6306300,291.2,21.538461538461537
4,0,2,2,7,0,False,2702700,288.0,22.5
4,0,2,2,6,1,False,16216200,345.59999999999997,18.333333333333336
4,0,2,2,5,2,False,40540500,403.2,15.833333333333334
4,0,2,2,4,3,False,54054000,407.03999999999996,15.833333333333334
4,0,2,2,3,4,False,40540500,387.84000000000003,16.666666666666668
4,0,2,2,2,5,False,16216200,345.59999999999997,18.333333333333336
4,0,2,2,1,6,False,2702700,280.32,22.5
4,0,2,1,8,0,False,675675,264.0,24.545454545454543
4,0,2,1,7,1,False,4729725,316.8,20.0
4,0,2,1,6,2,False,14189175,369.6,17.27272727272727
4,0,2,1,5,3,False,23648625,422.4,15.454545454545453
4,0,2,1,4,4,False,23648625,415.36000000000007,15.454545454545453
4,0,2,1,3,5,False,14189175,387.20000000000005,16.363636363636363
4,0,2,1,2,6,False,4729725,337.92,19.09090909090909
4,0,2,1,1,7,False,675675,267.52,23.636363636363633
4,0,2,0,9,0,False,75075,240.0,27.0
4,0,2,0,8,1,False,600600,288.0,22.0
4,0,2,0,7,2,False,2102100,336.0,19.0
4,0,2,0,6,3,False,4204200,383.99999999999994,17.0
4,0,2,0,5,4,False,5255250,432.0,15.0
4,0,2,0,4,5,False,4204200,416.0,16.0
4,0,2,0,3,6,False,2102100,380.79999999999995,17.0
4,0,2,0,2,7,False,600600,326.40000000000003,20.0
4,0,2,0,1,8,False,75075,252.79999999999998,25.0
4,0,1,10,0,0,False,15015,293.3333333333333,21.5
4,0,1,9,1,0,False,150150,306.53333333333336,20.526315789473685
4,0,1,8,2,0,False,675675,316.79999999999995,20.0
4,0,1,8,1,1,False,675675,306.24,20.555555555555554
4,0,1,7,3,0,False,1801800,324.1333333333334,19.41176470588235
4,0,1,7,2,1,False,3603600,329.12,19.41176470588235
4,0,1,7,1,2,False,1801800,304.18666666666667,20.588235294117645
4,0,1,6,4,0,False,3153150,328.5333333333333,19.375
4,0,1,6,3,1,False,9459450,347.3066666666666,18.125
4,0,1,6,2,2,False,9459450,337.92,18.75
4,0,1,6,1,3,False,3153150,300.37333333333333,21.25
4,0,1,5,5,0,False,3783780,330.0,19.333333333333332
4,0,1,5,4,1,False,15135120,360.80000000000007,17.333333333333332
4,0,1,5,3,2,False,22702680,365.2,17.333333333333332
4,0,1,5,2,3,False,15135120,343.2,18.666666666666668
4,0,1,5,1,4,False,3783780,294.8,21.333333333333332
4,0,1,4,6,0,False,3153150,308.0,20.714285714285715
4,0,1,4,5,1,False,15765750,369.59999999999997,17.142857142857142
4,0,1,4,4,2,False,31531500,386.02666666666664,16.42857142857143
4,0,1,4,3,3,False,31531500,377.81333333333333,17.142857142857142
4,0,1,4,2,4,False,15765750,344.96,18.571428571428573
4,0,1,4,1,5,False,3153150,287.46666666666664,22.142857142857146
4,0,1,3,7,0,False,1801800,286.0,22.307692307692307
4,0,1,3,6,1,False,10810800,343.2,18.46153846153846
4,0,1,3,5,2,False,27027000,400.40000000000003,16.153846153846153
4,0,1,3,4,3,False,36036000,404.21333333333337,16.153846153846153
4,0,1,3,3,4,False,27027000,385.1466666666668,16.923076923076923
4,0,1,3,2,5,False,10810800,343.2,18.46153846153846
4,0,1,3,1,6,False,1801800,278.37333333333333,23.076923076923077
4,0,1,2,8,0,False,675675,264.0,24.166666666666668
4,0,1,2,7,1,False,4729725,316.8,20.0
4,0,1,2,6,2,False,14189175,369.59999999999997,17.5
4,0,1,2,5,3,False,23648625,422.3999999999999,15.0
4,0,1,2,4,4,False,23648625,415.36000000000007,15.833333333333334
4,0,1,2,3,5,False,14189175,387.2,16.666666666666668
4,0,1,2,2,6,False,4729725,337.91999999999996,19.166666666666668
4,0,1,2,1,7,False,675675,267.52,24.166666666666668
4,0,1,1,9,0,False,150150,242.00000000000003,26.36363636363636
4,0,1,1,8,1,False,1201200,290.40000000000003,21.818181818181817
4,0,1,1,7,2,False,4204200,338.8,19.09090909090909
4,0,1,1,6,3,False,8408400,387.2,16.363636363636363
4,0,1,1,5,4,False,10510500,435.6,14.545454545454545
4,0,1,1,4,5,False,8408400,419.46666666666675,15.454545454545453
4,0,1,1,3,6,False,4204200,383.9733333333333,16.363636363636363
4,0,1,1,2,7,False,1201200,329.12,19.09090909090909
4,0,1,1,1,8,False,150150,254.9066666666667,24.545454545454543
4,0,1,0,10,0,False,15015,220.0,29.0
4,0,1,0,9,1,False,135135,264.0,24.0
4,0,1,0,8,2,False,540540,308.0,21.0
4,0,1,0,7,3,False,1261260,351.99999999999994,18.0
4,0,1,0,6,4,False,1891890,396.0,16.0
4,0,1,0,5,5,False,1891890,440.0,15.0
4,0,1,0,4,6,False,1261260,416.53333333333325,16.0
4,0,1,0,3,7,False,540540,375.4666666666667,17.0
4,0,1,0,2,8,False,135135,316.8,20.0
4,0,1,0,1,9,False,15015,240.5333333333333,26.0
4,0,0,11,0,0,False,1365,280.0,22.38095238095238
4,0,0,10,1,0,False,15015,293.3333333333333,21.5
4,0,0,9,2,0,False,75075,304.0,21.05263157894737
4,0,0,9,1,1,False,75075,293.8666666666667,21.578947368421055
4,0,0,8,3,0,False,225225,312.0,20.555555555555554
4,0,0,8,2,1,False,450450,316.8,20.0
4,0,0,8,1,2,False,225225,292.79999999999995,21.666666666666668
4,0,0,7,4,0,False,450450,317.33333333333337,19.999999999999996
4,0,0,7,3,1,False,1351350,335.4666666666667,18.823529411764703
4,0,0,7,2,2,False,1351350,326.4,19.41176470588235
4,0,0,7,1,3,False,450450,290.1333333333334,21.76470588235294
4,0,0,6,5,0,False,630630,320.0,20.0
4,0,0,6,4,1,False,2522520,349.86666666666673,18.125
4,0,0,6,3,2,False,3783780,354.1333333333334,18.125
4,0,0,6,2,3,False,2522520,332.8,19.375
4,0,0,6,1,4,False,630630,285.86666666666673,21.875
4,0,0,5,6,0,False,630630,300.0,21.333333333333332
4,0,0,5,5,1,False,3153150,360.0,18.0
4,0,0,5,4,2,False,6306300,375.99999999999994,16.666666666666668
4,0,0,5,3,3,False,6306300,368.0,17.333333333333332
4,0,0,5,2,4,False,3153150,336.0,18.666666666666668
4,0,0,5,1,5,False,630630,280.0,22.666666666666668
4,0,0,4,7,0,False,450450,280.0,22.857142857142858
4,0,0,4,6,1,False,2702700,336.0,19.28571428571429
4,0,0,4,5,2,False,6756750,392.0,16.42857142857143
4,0,0,4,4,3,False,9009000,395.73333333333335,16.42857142857143
4,0,0,4,3,4,False,6756750,377.0666666666667,17.142857142857142
4,0,0,4,2,5,False,2702700,336.0,19.28571428571429
4,0,0,4,1,6,False,450450,272.5333333333333,23.571428571428573
4,0,0,3,8,0,False,225225,260.0,24.615384615384613
4,0,0,3,7,1,False,1576575,312.0,20.76923076923077
4,0,0,3,6,2,False,4729725,364.0,17.692307692307693
4,0,0,3,5,3,False,7882875,416.0,15.384615384615383
4,0,0,3,4,4,False,7882875,409.0666666666667,15.384615384615383
4,0,0,3,3,5,False,4729725,381.3333333333333,16.923076923076923
4,0,0,3,2,6,False,1576575,332.8,19.23076923076923
4,0,0,3,1,7,False,225225,263.46666666666664,23.846153846153847
4,0,0,2,9,0,False,75075,240.0,26.666666666666668
4,0,0,2,8,1,False,600600,288.0,22.5
4,0,0,2,7,2,False,2102100,336.0,19.166666666666668
4,0,0,2,6,3,False,4204200,384.0,16.666666666666668
4,0,0,2,5,4,False,5255250,432.0,15.0
4,0,0,2,4,5,False,4204200,415.99999999999994,15.833333333333334
4,0,0,2,3,6,False,2102100,380.79999999999995,16.666666666666668
4,0,0,2,2,7,False,600600,326.4,19.166666666666668
4,0,0,2,1,8,False,75075,252.79999999999998,25.0
4,0,0,1,10,0,False,15015,220.00000000000003,29.09090909090909
4,0,0,1,9,1,False,135135,264.0,24.545454545454543
4,0,0,1,8,2,False,540540,308.0,20.909090909090907
4,0,0,1,7,3,False,1261260,352.0,18.18181818181818
4,0,0,1,6,4,False,1891890,396.00000000000006,16.363636363636363
4,0,0,1,5,5,False,1891890,440.00000000000006,14.545454545454545
4,0,0,1,4,6,False,1261260,416.5333333333333,15.454545454545453
4,0,0,1,3,7,False,540540,375.4666666666668,17.27272727272727
4,0,0,1,2,8,False,135135,316.8,20.0
4,0,0,1,1,9,False,15015,240.53333333333333,26.36363636363636
4,0,0,0,11,0,False,1365,200.0,32.0
4,0,0,0,10,1,False,13650,240.0,27.0
4,0,0,0,9,2,False,61425,280.0,23.0
4,0,0,0,8,3,False,163800,320.0,20.0
4,0,0,0,7,4,False,286650,360.0,18.0
4,0,0,0,6,5,False,343980,400.0,16.0
4,0,0,0,5,6,False,286650,440.0,15.0
4,0,0,0,4,7,False,163800,410.66666666666663,16.0
4,0,0,0,3,8,False,61425,365.3333333333333,18.0
4,0,0,0,2,9,False,13650,304.0,21.0
4,0,0,0,1,10,False,1365,226.66666666666669,28.0
3,12,0,0,0,0,False,455,838.0952380952381,8.0
3,11,1,0,0,0,False,5460,856.4285714285714,8.0
3,11,0,1,0,0,False,5460,856.4285714285714,8.181818181818182
3,11,0,0,1,0,False,5460,856.4285714285714,8.0
3,10,2,0,0,0,False,30030,862.8571428571428,8.0
3,10,1,1,0,0,False,60060,870.0476190476192,7.2727272727272725
3,10,1,0,1,0,False,60060,870.0476190476192,8.0
3,10,0,2,0,0,False,30030,862.8571428571428,7.5
3,10,0,1,1,0,False,60060,870.0476190476192,7.2727272727272725
3,10,0,0,2,0,False,30030,862.8571428571428,8.0
3,10,0,0,1,1,False,30030,834.0952380952381,8.0
3,9,3,0,0,0,False,100100,857.3809523809523,8.0
3,9,2,1,0,0,False,300300,870.5714285714286,7.2727272727272725
3,9,2,0,1,0,False,300300,870.5714285714286,8.0
3,9,1,2,0,0,False,300300,870.5714285714287,7.5
3,9,1,1,1,0,False,600600,877.8261904761906,7.2727272727272725
3,9,1,0,2,0,False,300300,870.5714285714287,8.0
3,9,1,0,1,1,False,300300,841.5523809523811,8.0
3,9,0,3,0,0,False,100100,857.3809523809524,7.692307692307692
3,9,0,2,1,0,False,300300,870.5714285714287,7.5
3,9,0,1,2,0,False,300300,870.5714285714286,7.2727272727272725
3,9,0,1,1,1,False,300300,841.552380952381,8.181818181818182
3,9,0,0,3,0,False,100100,857.3809523809523,8.0
3,9,0,0,2,1,False,200200,870.5714285714286,8.0
3,9,0,0,1,2,False,100100,804.6190476190476,8.0
3,8,4,0,0,0,False,225225,840.0,8.0
3,8,3,1,0,0,False,900900,858.0000000000001,8.181818181818182
3,8,3,0,1,0,False,900900,858.0,8.0
3,8,2,2,0,0,False,1351350,864.0,7.5
3,8,2,1,1,0,False,2702700,871.2,7.2727272727272725
3,8,2,0,2,0,False,1351350,863.9999999999999,8.0
3,8,2,0,1,1,False,1351350,835.2,8.0
3,8,1,3,0,0,False,900900,858.0,7.692307692307692
3,8,1,2,1,0,False,2702700,871.1999999999999,7.5
3,8,1,1,2,0,False,2702700,871.2,7.2727272727272725
3,8,1,1,1,1,True,2702700,842.1600000000001,8.181818181818182
3,8,1,0,3,0,False,900900,857.9999999999999,8.0
3,8,1,0,2,1,False,1801800,871.1999999999999,8.0
3,8,1,0,1,2,False,900900,805.2,8.0
3,8,0,4,0,0,False,225225,840.0,7.857142857142858
3,8,0,3,1,0,False,900900,858.0,7.692307692307692
3,8,0,2,2,0,False,1351350,864.0,7.5
3,8,0,2,1,1,False,1351350,835.1999999999999,7.5
3,8,0,1,3,0,False,900900,858.0000000000001,8.181818181818182
3,8,0,1,2,1,False,1801800,871.2,7.2727272727272725
3,8,0,1,1,2,False,900900,805.2,8.181818181818182
3,8,0,0,4,0,False,225225,840.0,8.0
3,8,0,0,3,1,False,675675,887.9999999999999,8.0
3,8,0,0,2,2,False,675675,863.9999999999999,8.0
3,8,0,0,1,3,False,225225,767.9999999999999,9.0
3,7,5,0,0,0,False,360360,810.7142857142857,8.0
3,7,4,1,0,0,False,1801800,832.3333333333334,8.181818181818182
3,7,4,0,1,0,False,1801800,832.3333333333334,8.0
3,7,3,2,0,0,False,3603600,843.1428571428571,7.5
3,7,3,1,1,0,False,7207200,850.1690476190478,8.181818181818182
3,7,3,0,2,0,False,3603600,843.142857142857,8.0
3,7,3,0,1,1,False,3603600,815.0380952380953,8.0
3,7,2,3,0,0,False,3603600,843.1428571428571,7.692307692307692
3,7,2,2,1,0,False,10810800,856.1142857142858,7.5
3,7,2,1,2,0,False,10810800,856.1142857142858,8.181818181818182
3,7,2,1,1,1,True,10810800,827.577142857143,8.181818181818182
3,7,2,0,3,0,False,3603600,843.1428571428571,8.0
3,7,2,0,2,1,False,7207200,856.1142857142858,8.0
3,7,2,0,1,2,False,3603600,791.2571428571428,8.0
3,7,1,4,0,0,False,1801800,832.3333333333333,7.857142857142858
3,7,1,3,1,0,False,7207200,850.1690476190477,7.692307692307692
3,7,1,2,2,0,False,10810800,856.1142857142858,7.5
3,7,1,2,1,1,True,10810800,827.5771428571428,8.333333333333334
3,7,1,1,3,0,False,7207200,850.1690476190475,8.181818181818182
3,7,1,1,2,1,True,14414400,863.2485714285714,7.2727272727272725
3,7,1,1,1,2,True,7207200,797.8509523809524,8.181818181818182
3,7,1,0,4,0,False,1801800,832.3333333333333,8.0
3,7,1,0,3,1,False,5405400,879.895238095238,8.0
3,7,1,0,2,2,False,5405400,856.1142857142856,8.0
3,7,1,0,1,3,False,1801800,760.9904761904761,9.0
3,7,0,5,0,0,False,360360,810.7142857142858,8.0
3,7,0,4,1,0,False,1801800,832.3333333333333,7.857142857142858
3,7,0,3,2,0,False,3603600,843.1428571428571,7.692307692307692
3,7,0,3,1,1,False,3603600,815.0380952380953,7.692307692307692
3,7,0,2,3,0,False,3603600,843.1428571428571,7.5
3,7,0,2,2,1,False,7207200,856.1142857142858,7.5
3,7,0,2,1,2,False,3603600,791.2571428571429,8.333333333333334
3,7,0,1,4,0,False,1801800,832.3333333333334,8.181818181818182
3,7,0,1,3,1,False,5405400,879.895238095238,7.2727272727272725
3,7,0,1,2,2,False,5405400,856.1142857142858,8.181818181818182
3,7,0,1,1,3,False,1801800,760.9904761904762,9.09090909090909
3,7,0,0,5,0,False,360360,810.7142857142857,8.0
3,7,0,0,4,1,False,1441440,886.3809523809524,8.0
3,7,0,0,3,2,False,2162160,897.1904761904763,7.0
3,7,0,0,2,3,False,1441440,843.1428571428571,8.0
3,7,0,0,1,4,False,360360,724.2380952380953,9.0
3,6,6,0,0,0,False,420420,769.5238095238095,9.0
3,6,5,1,0,0,False,2522520,793.5714285714287,8.181818181818182
3,6,5,0,1,0,False,2522520,793.5714285714287,8.0
3,6,4,2,0,0,False,6306300,807.9999999999999,8.333333333333334
3,6,4,1,1,0,False,12612600,814.7333333333333,8.181818181818182
3,6,4,0,2,0,False,6306300,807.9999999999999,8.0
3,6,4,0,1,1,False,6306300,781.0666666666667,9.0
3,6,3,3,0,0,False,8408400,812.8095238095237,7.692307692307692
3,6,3,2,1,0,False,25225200,825.3142857142858,8.333333333333334
3,6,3,1,2,0,False,25225200,825.3142857142857,8.181818181818182
3,6,3,1,1,1,True,25225200,797.8038095238097,8.181818181818182
3,6,3,0,3,0,False,8408400,812.8095238095239,8.0
3,6,3,0,2,1,False,16816800,825.3142857142857,8.0
3,6,3,0,1,2,False,8408400,762.790476190476,9.0
3,6,2,4,0,0,False,6306300,807.9999999999999,7.857142857142858
3,6,2,3,1,0,False,25225200,825.3142857142858,7.692307692307692
3,6,2,2,2,0,False,37837800,831.0857142857141,8.333333333333334
3,6,2,2,1,1,True,37837800,803.3828571428571,8.333333333333334
3,6,2,1,3,0,False,25225200,825.3142857142858,8.181818181818182
3,6,2,1,2,1,True,50450400,838.0114285714286,8.181818181818182
3,6,2,1,1,2,True,25225200,774.5257142857142,8.181818181818182
3,6,2,0,4,0,False,6306300,807.9999999999999,8.0
3,6,2,0,3,1,False,18918900,854.1714285714285,8.0
3,6,2,0,2,2,False,18918900,831.0857142857142,8.0
3,6,2,0,1,3,False,6306300,738.7428571428571,9.0
3,6,1,5,0,0,False,2522520,793.5714285714286,8.0
3,6,1,4,1,0,False,12612600,814.7333333333333,7.857142857142858
3,6,1,3,2,0,False,25225200,825.3142857142858,7.692307692307692
3,6,1,3,1,1,True,25225200,797.8038095238097,8.461538461538462
3,6,1,2,3,0,False,25225200,825.3142857142856,8.333333333333334
3,6,1,2,2,1,True,50450400,838.0114285714284,7.5
3,6,1,2,1,2,True,25225200,774.5257142857142,8.333333333333334
3,6,1,1,4,0,False,12612600,814.7333333333332,8.181818181818182
3,6,1,1,3,1,True,37837800,861.2895238095238,7.2727272727272725
3,6,1,1,2,2,True,37837800,838.0114285714285,8.181818181818182
3,6,1,1,1,3,True,12612600,744.8990476190477,9.09090909090909
3,6,1,0,5,0,False,2522520,793.5714285714286,8.0
3,6,1,0,4,1,False,10090080,867.6380952380953,8.0
3,6,1,0,3,2,False,15135120,878.2190476190477,8.0
3,6,1,0,2,3,False,10090080,825.3142857142857,8.0
3,6,1,0,1,4,False,2522520,708.9238095238095,9.0
3,6,0,6,0,0,False,420420,769.5238095238095,8.125
3,6,0,5,1,0,False,2522520,793.5714285714286,8.0
3,6,0,4,2,0,False,6306300,807.9999999999999,7.857142857142858
3,6,0,4,1,1,False,6306300,781.0666666666666,8.571428571428571
3,6,0,3,3,0,False,8408400,812.8095238095237,7.692307692307692
3,6,0,3,2,1,False,16816800,825.3142857142858,7.692307692307692
3,6,0,3,1,2,False,8408400,762.7904761904762,8.461538461538462
3,6,0,2,4,0,False,6306300,807.9999999999999,8.333333333333334
3,6,0,2,3,1,False,18918900,854.1714285714285,7.5
3,6,0,2,2,2,False,18918900,831.0857142857141,8.333333333333334
3,6,0,2,1,3,False,6306300,738.7428571428571,9.166666666666668
3,6,0,1,5,0,False,2522520,793.5714285714287,8.181818181818182
3,6,0,1,4,1,False,10090080,867.6380952380954,7.2727272727272725
3,6,0,1,3,2,False,15135120,878.2190476190477,7.2727272727272725
3,6,0,1,2,3,False,10090080,825.3142857142858,8.181818181818182
3,6,0,1,1,4,False,2522520,708.9238095238096,9.09090909090909
3,6,0,0,6,0,False,420420,721.4285714285714,9.0
3,6,0,0,5,1,False,2102100,865.7142857142857,8.0
3,6,0,0,4,2,False,4204200,904.1904761904763,7.0
3,6,0,0,3,3,False,4204200,884.952380952381,8.0
3,6,0,0,2,4,False,2102100,808.0,8.0
3,6,0,0,1,5,False,420420,673.3333333333333,10.0
3,5,7,0,0,0,False,360360,716.4285714285714,9.0
3,5,6,1,0,0,False,2522520,741.7142857142857,9.09090909090909
3,5,6,0,1,0,False,2522520,741.7142857142858,9.0
3,5,5,2,0,0,False,7567560,758.5714285714286,8.333333333333334
3,5,5,1,1,0,False,15135120,764.8928571428572,8.181818181818182
3,5,5,0,2,0,False,7567560,758.5714285714286,9.0
3,5,5,0,1,1,False,7567560,733.2857142857143,9.0
3,5,4,3,0,0,False,12612600,767.0,8.461538461538462
3,5,4,2,1,0,False,37837800,778.8,8.333333333333334
3,5,4,1,2,0,False,37837800,778.8,8.181818181818182
3,5,4,1,1,1,True,37837800,752.8400000000001,9.09090909090909
3,5,4,0,3,0,False,12612600,767.0,9.0
3,5,4,0,2,1,False,25225200,778.8,9.0
3,5,4,0,1,2,False,12612600,719.8,9.0
3,5,3,4,0,0,False,12612600,766.9999999999999,8.571428571428571
3,5,3,3,1,0,False,50450400,783.4357142857144,8.461538461538462
3,5,3,2,2,0,False,75675600,788.9142857142856,8.333333333333334
3,5,3,2,1,1,True,75675600,762.6171428571429,8.333333333333334
3,5,3,1,3,0,False,50450400,783.4357142857143,8.181818181818182
3,5,3,1,2,1,True,100900800,795.4885714285715,8.181818181818182
3,5,3,1,1,2,True,50450400,735.2242857142858,9.09090909090909
3,5,3,0,4,0,False,12612600,766.9999999999999,9.0
3,5,3,0,3,1,False,37837800,810.8285714285714,8.0
3,5,3,0,2,2,False,37837800,788.9142857142857,8.0
3,5,3,0,1,3,False,12612600,701.2571428571429,9.0
3,5,2,5,0,0,False,7567560,758.5714285714284,8.666666666666666
3,5,2,4,1,0,False,37837800,778.7999999999998,8.571428571428571
3,5,2,3,2,0,False,75675600,788.9142857142856,8.461538461538462
3,5,2,3,1,1,True,75675600,762.6171428571428,8.461538461538462
3,5,2,2,3,0,False,75675600,788.9142857142857,8.333333333333334
3,5,2,2,2,1,True,151351200,801.0514285714286,8.333333333333334
3,5,2,2,1,2,True,75675600,740.3657142857143,9.166666666666668
3,5,2,1,4,0,False,37837800,778.8,8.181818181818182
3,5,2,1,3,1,True,113513400,823.3028571428572,8.181818181818182
3,5,2,1,2,2,True,113513400,801.0514285714286,8.181818181818182
3,5,2,1,1,3,True,37837800,712.0457142857143,9.09090909090909
3,5,2,0,5,0,False,7567560,758.5714285714286,9.0
3,5,2,0,4,1,False,30270240,829.3714285714285,8.0
3,5,2,0,3,2,False,45405360,839.4857142857143,8.0
3,5,2,0,2,3,False,30270240,788.9142857142857,8.0
3,5,2,0,1,4,False,7567560,677.6571428571428,10.0
3,5,1,6,0,0,False,2522520,741.7142857142858,8.75
3,5,1,5,1,0,False,15135120,764.8928571428571,8.666666666666666
3,5,1,4,2,0,False,37837800,778.7999999999998,8.571428571428571
3,5,1,4,1,1,True,37837800,752.8400000000001,8.571428571428571
3,5,1,3,3,0,False,50450400,783.4357142857144,8.461538461538462
3,5,1,3,2,1,True,100900800,795.4885714285716,8.461538461538462
3,5,1,3,1,2,True,50450400,735.2242857142857,9.23076923076923
3,5,1,2,4,0,False,37837800,778.8,8.333333333333334
3,5,1,2,3,1,True,113513400,823.3028571428571,8.333333333333334
3,5,1,2,2,2,True,113513400,801.0514285714286,8.333333333333334
3,5,1,2,1,3,True,37837800,712.0457142857143,9.166666666666668
3,5,1,1,5,0,False,15135120,764.8928571428572,8.181818181818182
3,5,1,1,4,1,True,60540480,836.2828571428573,8.181818181818182
3,5,1,1,3,2,True,90810720,846.4814285714286,8.181818181818182
3,5,1,1,2,3,True,60540480,795.4885714285716,8.181818181818182
3,5,1,1,1,4,True,15135120,683.3042857142858,10.0
3,5,1,0,6,0,False,2522520,695.3571428571429,9.0
3,5,1,0,5,1,False,12612600,834.4285714285714,8.0
3,5,1,0,4,2,False,25225200,871.5142857142858,8.0
3,5,1,0,3,3,False,25225200,852.9714285714286,8.0
3,5,1,0,2,4,False,12612600,778.8000000000001,9.0
3,5,1,0,1,5,False,2522520,649.0,10.0
3,5,0,7,0,0,False,360360,716.4285714285714,8.823529411764705
3,5,0,6,1,0,False,2522520,741.7142857142858,8.75
3,5,0,5,2,0,False,7567560,758.5714285714284,8.666666666666666
3,5,0,5,1,1,False,7567560,733.2857142857143,8.666666666666666
3,5,0,4,3,0,False,12612600,766.9999999999999,8.571428571428571
3,5,0,4,2,1,False,25225200,778.7999999999998,8.571428571428571
3,5,0,4,1,2,False,12612600,719.8,9.285714285714286
3,5,0,3,4,0,False,12612600,767.0,8.461538461538462
3,5,0,3,3,1,False,37837800,810.8285714285714,8.461538461538462
3,5,0,3,2,2,False,37837800,788.9142857142856,8.461538461538462
3,5,0,3,1,3,False,12612600,701.2571428571428,9.23076923076923
3,5,0,2,5,0,False,7567560,758.5714285714286,8.333333333333334
3,5,0,2,4,1,False,30270240,829.3714285714285,8.333333333333334
3,5,0,2,3,2,False,45405360,839.4857142857143,7.5
3,5,0,2,2,3,False,30270240,788.9142857142857,8.333333333333334
3,5,0,2,1,4,False,7567560,677.657142857143,10.0
3,5,0,1,6,0,False,2522520,695.3571428571429,9.09090909090909
3,5,0,1,5,1,False,12612600,834.4285714285714,8.181818181818182
3,5,0,1,4,2,False,25225200,871.5142857142858,7.2727272727272725
3,5,0,1,3,3,False,25225200,852.9714285714286,8.181818181818182
3,5,0,1,2,4,False,12612600,778.8000000000001,8.181818181818182
3,5,0,1,1,5,False,2522520,649.0,10.0
3,5,0,0,7,0,False,360360,632.1428571428571,10.0
3,5,0,0,6,1,False,2162160,758.5714285714286,9.0
3,5,0,0,5,2,False,5405400,885.0,8.0
3,5,0,0,4,3,False,7207200,893.4285714285714,7.0
3,5,0,0,3,4,False,5405400,851.2857142857144,8.0
3,5,0,0,2,5,False,2162160,758.5714285714286,9.0
3,5,0,0,1,6,False,360360,615.2857142857142,11.0
3,4,8,0,0,0,False,225225,651.4285714285714,10.0
3,4,7,1,0,0,False,1801800,676.7619047619049,10.0
3,4,7,0,1,0,False,1801800,676.7619047619048,10.0
3,4,6,2,0,0,False,6306300,694.8571428571428,9.166666666666668
3,4,6,1,1,0,False,12612600,700.6476190476191,9.09090909090909
3,4,6,0,2,0,False,6306300,694.8571428571429,9.0
3,4,6,0,1,1,False,6306300,671.6952380952381,10.0
3,4,5,3,0,0,False,12612600,705.7142857142857,9.23076923076923
3,4,5,2,1,0,False,37837800,716.5714285714286,9.166666666666668
3,4,5,1,2,0,False,37837800,716.5714285714287,9.09090909090909
3,4,5,1,1,1,True,37837800,692.6857142857144,9.09090909090909
3,4,5,0,3,0,False,12612600,705.7142857142857,9.0
3,4,5,0,2,1,False,25225200,716.5714285714287,9.0
3,4,5,0,1,2,False,12612600,662.2857142857142,10.0
3,4,4,4,0,0,False,15765750,709.3333333333333,9.285714285714286
3,4,4,3,1,0,False,63063000,724.5333333333334,9.23076923076923
3,4,4,2,2,0,False,94594500,729.6,9.166666666666668
3,4,4,2,1,1,True,94594500,705.2800000000001,9.166666666666668
3,4,4,1,3,0,False,63063000,724.5333333333333,9.09090909090909
3,4,4,1,2,1,True,126126000,735.6800000000001,9.09090909090909
3,4,4,1,1,2,True,63063000,679.9466666666666,10.0
3,4,4,0,4,0,False,15765750,709.3333333333333,9.0
3,4,4,0,3,1,False,47297250,749.8666666666667,9.0
3,4,4,0,2,2,False,47297250,729.5999999999999,9.0
3,4,4,0,1,3,False,15765750,648.5333333333333,10.0
3,4,3,5,0,0,False,12612600,705.7142857142857,9.333333333333334
3,4,3,4,1,0,False,63063000,724.5333333333334,9.285714285714286
3,4,3,3,2,0,False,126126000,733.942857142857,9.23076923076923
3,4,3,3,1,1,True,126126000,709.4780952380954,9.23076923076923
3,4,3,2,3,0,False,126126000,733.9428571428571,9.166666666666668
3,4,3,2,2,1,True,252252000,745.2342857142858,9.166666666666668
3,4,3,2,1,2,True,126126000,688.7771428571427,9.166666666666668
3,4,3,1,4,0,False,63063000,724.5333333333332,9.09090909090909
3,4,3,1,3,1,True,189189000,765.9352380952381,8.181818181818182
3,4,3,1,2,2,True,189189000,745.2342857142858,9.09090909090909
3,4,3,1,1,3,True,63063000,662.4304761904763,10.0
3,4,3,0,5,0,False,12612600,705.7142857142857,9.0
3,4,3,0,4,1,False,50450400,771.5809523809525,9.0
3,4,3,0,3,2,False,75675600,780.9904761904762,9.0
3,4,3,0,2,3,False,50450400,733.9428571428571,9.0
3,4,3,0,1,4,False,12612600,630.4380952380952,10.0
3,4,2,6,0,0,False,6306300,694.8571428571429,9.375
3,4,2,5,1,0,False,37837800,716.5714285714286,9.333333333333334
3,4,2,4,2,0,False,94594500,729.5999999999998,8.571428571428571
3,4,2,4,1,1,True,94594500,705.28,9.285714285714286
3,4,2,3,3,0,False,126126000,733.9428571428572,9.23076923076923
3,4,2,3,2,1,True,252252000,745.2342857142858,8.461538461538462
3,4,2,3,1,2,True,126126000,688.7771428571427,9.23076923076923
3,4,2,2,4,0,False,94594500,729.6,9.166666666666668
3,4,2,2,3,1,True,283783500,771.2914285714286,8.333333333333334
3,4,2,2,2,2,True,283783500,750.4457142857142,8.333333333333334
3,4,2,2,1,3,True,94594500,667.0628571428572,10.0
3,4,2,1,5,0,False,37837800,716.5714285714287,9.09090909090909
3,4,2,1,4,1,True,151351200,783.4514285714286,8.181818181818182
3,4,2,1,3,2,True,227026800,793.0057142857144,8.181818181818182
3,4,2,1,2,3,True,151351200,745.2342857142858,9.09090909090909
3,4,2,1,1,4,True,37837800,640.137142857143,10.0
3,4,2,0,6,0,False,6306300,651.4285714285714,10.0
3,4,2,0,5,1,False,31531500,781.7142857142858,8.0
3,4,2,0,4,2,False,63063000,816.4571428571429,8.0
3,4,2,0,3,3,False,63063000,799.0857142857143,8.0
3,4,2,0,2,4,False,31531500,729.6,9.0
3,4,2,0,1,5,False,6306300,608.0,11.0
3,4,1,7,0,0,False,1801800,676.7619047619049,9.411764705882351
3,4,1,6,1,0,False,12612600,700.6476190476192,9.375
3,4,1,5,2,0,False,37837800,716.5714285714286,9.333333333333334
3,4,1,5,1,1,True,37837800,692.6857142857144,9.333333333333334
3,4,1,4,3,0,False,63063000,724.5333333333334,9.285714285714286
3,4,1,4,2,1,True,126126000,735.6800000000001,8.571428571428571
3,4,1,4,1,2,True,63063000,679.9466666666666,9.285714285714286
3,4,1,3,4,0,False,63063000,724.5333333333334,9.23076923076923
3,4,1,3,3,1,True,189189000,765.9352380952382,8.461538461538462
3,4,1,3,2,2,True,189189000,745.2342857142858,8.461538461538462
3,4,1,3,1,3,True,63063000,662.4304761904763,10.0
3,4,1,2,5,0,False,37837800,716.5714285714287,9.166666666666668
3,4,1,2,4,1,True,151351200,783.4514285714287,8.333333333333334
3,4,1,2,3,2,True,227026800,793.0057142857144,8.333333333333334
3,4,1,2,2,3,True,151351200,745.2342857142859,9.166666666666668
3,4,1,2,1,4,True,37837800,640.137142857143,10.0
3,4,1,1,6,0,False,12612600,656.857142857143,10.0
3,4,1,1,5,1,True,63063000,788.2285714285716,8.181818181818182
3,4,1,1,4,2,True,126126000,823.2609523809525,8.181818181818182
3,4,1,1,3,3,True,126126000,805.7447619047621,8.181818181818182
3,4,1,1,2,4,True,63063000,735.6800000000002,9.09090909090909
3,4,1,1,1,5,True,12612600,613.0666666666667,10.909090909090908
3,4,1,0,7,0,False,1801800,597.1428571428572,11.0
3,4,1,0,6,1,False,10810800,716.5714285714287,9.0
3,4,1,0,5,2,False,27027000,836.0000000000001,8.0
3,4,1,0,4,3,False,36036000,843.9619047619049,8.0
3,4,1,0,3,4,False,27027000,804.1523809523812,8.0
3,4,1,0,2,5,False,10810800,716.5714285714287,9.0
3,4,1,0,1,6,False,1801800,581.2190476190476,11.0
3,4,0,8,0,0,False,225225,651.4285714285713,10.0
3,4,0,7,1,0,False,1801800,676.7619047619049,9.411764705882351
3,4,0,6,2,0,False,6306300,694.8571428571429,9.375
3,4,0,6,1,1,False,6306300,671.6952380952382,9.375
3,4,0,5,3,0,False,12612600,705.7142857142857,9.333333333333334
3,4,0,5,2,1,False,25225200,716.5714285714286,9.333333333333334
3,4,0,5,1,2,False,12612600,662.2857142857142,10.0
3,4,0,4,4,0,False,15765750,709.3333333333333,9.285714285714286
3,4,0,4,3,1,False,47297250,749.8666666666666,8.571428571428571
3,4,0,4,2,2,False,47297250,729.5999999999998,8.571428571428571
3,4,0,4,1,3,False,15765750,648.5333333333333,10.0
3,4,0,3,5,0,False,12612600,705.7142857142857,9.23076923076923
3,4,0,3,4,1,False,50450400,771.5809523809525,8.461538461538462
3,4,0,3,3,2,False,75675600,780.9904761904763,8.461538461538462
3,4,0,3,2,3,False,50450400,733.9428571428572,9.23076923076923
3,4,0,3,1,4,False,12612600,630.4380952380952,10.0
3,4,0,2,6,0,False,6306300,651.4285714285713,10.0
3,4,0,2,5,1,False,31531500,781.7142857142857,8.333333333333334
3,4,0,2,4,2,False,63063000,816.4571428571429,8.333333333333334
3,4,0,2,3,3,False,63063000,799.0857142857143,8.333333333333334
3,4,0,2,2,4,False,31531500,729.6,9.166666666666668
3,4,0,2,1,5,False,6306300,607.9999999999999,10.833333333333334
3,4,0,1,7,0,False,1801800,597.1428571428571,10.909090909090908
3,4,0,1,6,1,False,10810800,716.5714285714287,9.09090909090909
3,4,0,1,5,2,False,27027000,836.0000000000001,8.181818181818182
3,4,0,1,4,3,False,36036000,843.9619047619047,8.181818181818182
3,4,0,1,3,4,False,27027000,804.1523809523811,8.181818181818182
3,4,0,1,2,5,False,10810800,716.5714285714287,9.09090909090909
3,4,0,1,1,6,False,1801800,581.2190476190476,10.909090909090908
3,4,0,0,8,0,False,225225,542.8571428571428,12.0
3,4,0,0,7,1,False,1576575,651.4285714285714,10.0
3,4,0,0,6,2,False,4729725,760.0,9.0
3,4,0,0,5,3,False,7882875,868.5714285714286,8.0
3,4,0,0,4,4,False,7882875,854.0952380952381,8.0
3,4,0,0,3,5,False,4729725,796.1904761904763,8.0
3,4,0,0,2,6,False,1576575,694.8571428571429,9.0
3,4,0,0,1,7,False,225225,550.0952380952381,12.0
3,3,9,0,0,0,False,100100,574.5238095238095,11.0
3,3,8,1,0,0,False,900900,598.7142857142857,10.909090909090908
3,3,8,0,1,0,False,900900,598.7142857142858,11.0
3,3,7,2,0,0,False,3603600,616.8571428571428,10.833333333333334
3,3,7,1,1,0,False,7207200,621.9976190476191,10.909090909090908
3,3,7,0,2,0,False,3603600,616.8571428571428,11.0
3,3,7,0,1,1,False,3603600,596.2952380952382,11.0
3,3,6,3,0,0,False,8408400,628.952380952381,10.0
3,3,6,2,1,0,False,25225200,638.6285714285715,10.0
3,3,6,1,2,0,False,25225200,638.6285714285715,10.0
3,3,6,1,1,1,True,25225200,617.3409523809524,10.909090909090908
3,3,6,0,3,0,False,8408400,628.9523809523808,10.0
3,3,6,0,2,1,False,16816800,638.6285714285715,10.0
3,3,6,0,1,2,False,8408400,590.247619047619,11.0
3,3,5,4,0,0,False,12612600,634.9999999999999,10.0
3,3,5,3,1,0,False,50450400,648.6071428571428,10.0
3,3,5,2,2,0,False,75675600,653.142857142857,10.0
3,3,5,2,1,1,True,75675600,631.3714285714285,10.0
3,3,5,1,3,0,False,50450400,648.6071428571429,10.0
3,3,5,1,2,1,True,100900800,658.5857142857143,10.0
3,3,5,1,1,2,True,50450400,608.6928571428571,10.909090909090908
3,3,5,0,4,0,False,12612600,635.0,10.0
3,3,5,0,3,1,False,37837800,671.2857142857142,10.0
3,3,5,0,2,2,False,37837800,653.1428571428571,10.0
3,3,5,0,1,3,False,12612600,580.5714285714286,11.0
3,3,4,5,0,0,False,12612600,635.0,10.0
3,3,4,4,1,0,False,63063000,651.9333333333333,10.0
3,3,4,3,2,0,False,126126000,660.4,10.0
3,3,4,3,1,1,True,126126000,638.3866666666669,10.0
3,3,4,2,3,0,False,126126000,660.4,10.0
3,3,4,2,2,1,True,252252000,670.56,10.0
3,3,4,2,1,2,True,126126000,619.7599999999999,10.833333333333334
3,3,4,1,4,0,False,63063000,651.9333333333334,10.0
3,3,4,1,3,1,True,189189000,689.1866666666667,9.09090909090909
3,3,4,1,2,2,True,189189000,670.56,10.0
3,3,4,1,1,3,True,63063000,596.0533333333334,10.909090909090908
3,3,4,0,5,0,False,12612600,635.0,10.0
3,3,4,0,4,1,False,50450400,694.2666666666667,10.0
3,3,4,0,3,2,False,75675600,702.7333333333335,9.0
3,3,4,0,2,3,False,50450400,660.4,10.0
3,3,4,0,1,4,False,12612600,567.2666666666667,12.0
3,3,3,6,0,0,False,8408400,628.952380952381,10.0
3,3,3,5,1,0,False,50450400,648.6071428571429,10.0
3,3,3,4,2,0,False,126126000,660.3999999999999,10.0
3,3,3,4,1,1,True,126126000,638.3866666666667,10.0
3,3,3,3,3,0,False,168168000,664.3309523809523,10.0
3,3,3,3,2,1,True,336336000,674.5514285714286,10.0
3,3,3,3,1,2,True,168168000,623.4490476190476,10.769230769230768
3,3,3,2,4,0,False,126126000,660.3999999999999,10.0
3,3,3,2,3,1,True,378378000,698.1371428571429,9.166666666666668
3,3,3,2,2,2,True,378378000,679.2685714285714,10.0
3,3,3,2,1,3,True,126126000,603.7942857142857,10.833333333333334
3,3,3,1,5,0,False,50450400,648.6071428571429,10.0
3,3,3,1,4,1,True,201801600,709.1438095238096,9.09090909090909
3,3,3,1,3,2,True,302702400,717.7919047619048,9.09090909090909
3,3,3,1,2,3,True,201801600,674.5514285714286,10.0
3,3,3,1,1,4,True,50450400,579.422380952381,10.909090909090908
3,3,3,0,6,0,False,8408400,589.6428571428571,11.0
3,3,3,0,5,1,False,42042000,707.5714285714286,9.0
3,3,3,0,4,2,False,84084000,739.0190476190476,9.0
3,3,3,0,3,3,False,84084000,723.2952380952381,9.0
3,3,3,0,2,4,False,42042000,660.4,10.0
3,3,3,0,1,5,False,8408400,550.3333333333333,12.0
3,3,2,7,0,0,False,3603600,616.8571428571429,10.588235294117647
3,3,2,6,1,0,False,25225200,638.6285714285715,10.0
3,3,2,5,2,0,False,75675600,653.1428571428571,10.0
3,3,2,5,1,1,True,75675600,631.3714285714286,10.0
3,3,2,4,3,0,False,126126000,660.4,10.0
3,3,2,4,2,1,True,252252000,670.56,10.0
3,3,2,4,1,2,True,126126000,619.7599999999999,10.714285714285715
3,3,2,3,4,0,False,126126000,660.4,10.0
3,3,2,3,3,1,True,378378000,698.1371428571427,9.23076923076923
3,3,2,3,2,2,True,378378000,679.2685714285714,9.23076923076923
3,3,2,3,1,3,True,126126000,603.7942857142857,10.769230769230768
3,3,2,2,5,0,False,75675600,653.142857142857,10.0
3,3,2,2,4,1,True,302702400,714.1028571428571,9.166666666666668
3,3,2,2,3,2,True,454053600,722.8114285714286,9.166666666666668
3,3,2,2,2,3,True,302702400,679.2685714285714,10.0
3,3,2,2,1,4,True,75675600,583.4742857142857,10.833333333333334
3,3,2,1,6,0,False,25225200,598.7142857142857,10.909090909090908
3,3,2,1,5,1,True,126126000,718.457142857143,9.09090909090909
3,3,2,1,4,2,True,252252000,750.3885714285715,9.09090909090909
3,3,2,1,3,3,True,252252000,734.4228571428572,9.09090909090909
3,3,2,1,2,4,True,126126000,670.5600000000001,10.0
3,3,2,1,1,5,True,25225200,558.8,11.818181818181817
3,3,2,0,7,0,False,3603600,544.2857142857142,12.0
3,3,2,0,6,1,False,21621600,653.1428571428572,10.0
3,3,2,0,5,2,False,54054000,762.0,9.0
3,3,2,0,4,3,False,72072000,769.2571428571429,9.0
3,3,2,0,3,4,False,54054000,732.9714285714288,9.0
3,3,2,0,2,5,False,21621600,653.1428571428572,10.0
3,3,2,0,1,6,False,3603600,529.7714285714285,12.0
3,3,1,8,0,0,False,900900,598.7142857142857,10.555555555555555
3,3,1,7,1,0,False,7207200,621.9976190476191,10.588235294117647
3,3,1,6,2,0,False,25225200,638.6285714285714,10.0
3,3,1,6,1,1,True,25225200,617.3409523809524,10.625
3,3,1,5,3,0,False,50450400,648.6071428571429,10.0
3,3,1,5,2,1,True,100900800,658.5857142857143,10.0
3,3,1,5,1,2,True,50450400,608.6928571428571,10.666666666666666
3,3,1,4,4,0,False,63063000,651.9333333333333,10.0
3,3,1,4,3,1,True,189189000,689.1866666666666,9.285714285714286
3,3,1,4,2,2,True,189189000,670.56,10.0
3,3,1,4,1,3,True,63063000,596.0533333333333,10.714285714285715
3,3,1,3,5,0,False,50450400,648.6071428571428,10.0
3,3,1,3,4,1,True,201801600,709.1438095238096,9.23076923076923
3,3,1,3,3,2,True,302702400,717.7919047619048,9.23076923076923
3,3,1,3,2,3,True,201801600,674.5514285714286,10.0
3,3,1,3,1,4,True,50450400,579.4223809523809,11.538461538461538
3,3,1,2,6,0,False,25225200,598.7142857142857,10.833333333333334
3,3,1,2,5,1,True,126126000,718.4571428571428,9.166666666666668
3,3,1,2,4,2,True,252252000,750.3885714285714,8.333333333333334
3,3,1,2,3,3,True,252252000,734.4228571428571,9.166666666666668
3,3,1,2,2,4,True,126126000,670.56,10.0
3,3,1,2,1,5,True,25225200,558.8,11.666666666666668
3,3,1,1,7,0,False,7207200,548.8214285714286,11.818181818181817
3,3,1,1,6,1,True,43243200,658.5857142857143,10.0
3,3,1,1,5,2,True,108108000,768.35,8.181818181818182
3,3,1,1,4,3,True,144144000,775.6676190476192,8.181818181818182
3,3,1,1,3,4,True,108108000,739.079523809524,9.09090909090909
3,3,1,1,2,5,True,43243200,658.5857142857143,10.0
3,3,1,1,1,6,True,7207200,534.1861904761905,11.818181818181817
3,3,1,0,8,0,False,900900,498.9285714285714,13.0
3,3,1,0,7,1,False,6306300,598.7142857142857,11.0
3,3,1,0,6,2,False,18918900,698.5,9.0
3,3,1,0,5,3,False,31531500,798.2857142857142,8.0
3,3,1,0,4,4,False,31531500,784.9809523809524,8.0
3,3,1,0,3,5,False,18918900,731.7619047619047,9.0
3,3,1,0,2,6,False,6306300,638.6285714285714,10.0
3,3,1,0,1,7,False,900900,505.58095238095234,13.0
3,3,0,9,0,0,False,100100,574.5238095238094,11.052631578947368
3,3,0,8,1,0,False,900900,598.7142857142857,10.555555555555555
3,3,0,7,2,0,False,3603600,616.8571428571429,10.588235294117647
3,3,0,7,1,1,False,3603600,596.2952380952382,10.588235294117647
3,3,0,6,3,0,False,8408400,628.952380952381,10.0
3,3,0,6,2,1,False,16816800,638.6285714285715,10.0
3,3,0,6,1,2,False,8408400,590.247619047619,10.625
3,3,0,5,4,0,False,12612600,635.0,10.0
3,3,0,5,3,1,False,37837800,671.2857142857142,9.333333333333334
3,3,0,5,2,2,False,37837800,653.1428571428571,10.0
3,3,0,5,1,3,False,12612600,580.5714285714286,11.333333333333334
3,3,0,4,5,0,False,12612600,634.9999999999999,10.0
3,3,0,4,4,1,False,50450400,694.2666666666667,9.285714285714286
3,3,0,4,3,2,False,75675600,702.7333333333333,9.285714285714286
3,3,0,4,2,3,False,50450400,660.4,10.0
3,3,0,4,1,4,False,12612600,567.2666666666667,11.428571428571429
3,3,0,3,6,0,False,8408400,589.6428571428571,10.769230769230768
3,3,0,3,5,1,False,42042000,707.5714285714286,9.23076923076923
3,3,0,3,4,2,False,84084000,739.0190476190477,8.461538461538462
3,3,0,3,3,3,False,84084000,723.2952380952381,9.23076923076923
3,3,0,3,2,4,False,42042000,660.4000000000001,10.0
3,3,0,3,1,5,False,8408400,550.3333333333334,11.538461538461538
3,3,0,2,7,0,False,3603600,544.2857142857142,11.666666666666668
3,3,0,2,6,1,False,21621600,653.142857142857,10.0
3,3,0,2,5,2,False,54054000,762.0,8.333333333333334
3,3,0,2,4,3,False,72072000,769.2571428571429,8.333333333333334
3,3,0,2,3,4,False,54054000,732.9714285714286,9.166666666666668
3,3,0,2,2,5,False,21621600,653.142857142857,10.0
3,3,0,2,1,6,False,3603600,529.7714285714286,12.5
3,3,0,1,8,0,False,900900,498.92857142857144,12.727272727272727
3,3,0,1,7,1,False,6306300,598.7142857142857,10.909090909090908
3,3,0,1,6,2,False,18918900,698.5,9.09090909090909
3,3,0,1,5,3,False,31531500,798.2857142857143,8.181818181818182
3,3,0,1,4,4,False,31531500,784.9809523809524,8.181818181818182
3,3,0,1,3,5,False,18918900,731.7619047619048,9.09090909090909
3,3,0,1,2,6,False,6306300,638.6285714285715,10.0
3,3,0,1,1,7,False,900900,505.5809523809524,12.727272727272727
3,3,0,0,9,0,False,100100,453.57142857142856,14.0
3,3,0,0,8,1,False,800800,544.2857142857142,12.0
3,3,0,0,7,2,False,2802800,635.0,10.0
3,3,0,0,6,3,False,5605600,725.7142857142857,9.0
3,3,0,0,5,4,False,7007000,816.4285714285713,8.0
3,3,0,0,4,5,False,5605600,786.1904761904761,8.0
3,3,0,0,3,6,False,2802800,719.6666666666666,9.0
3,3,0,0,2,7,False,800800,616.8571428571429,11.0
3,3,0,0,1,8,False,100100,477.76190476190476,14.0
3,2,10,0,0,0,False,30030,485.71428571428567,13.0
3,2,9,1,0,0,False,300300,507.57142857142856,12.727272727272727
3,2,9,0,1,0,False,300300,507.5714285714286,13.0
3,2,8,2,0,0,False,1351350,524.5714285714286,12.5
3,2,8,1,1,0,False,2702700,528.9428571428572,11.818181818181817
3,2,8,0,2,0,False,1351350,524.5714285714286,12.0
3,2,8,0,1,1,False,1351350,507.0857142857143,13.0
3,2,7,3,0,0,False,3603600,536.7142857142858,12.307692307692307
3,2,7,2,1,0,False,10810800,544.9714285714285,11.666666666666668
3,2,7,1,2,0,False,10810800,544.9714285714286,11.818181818181817
3,2,7,1,1,1,True,10810800,526.8057142857144,12.727272727272727
3,2,7,0,3,0,False,3603600,536.7142857142858,12.0
3,2,7,0,2,1,False,7207200,544.9714285714286,12.0
3,2,7,0,1,2,False,3603600,503.68571428571425,13.0
3,2,6,4,0,0,False,6306300,543.9999999999999,12.142857142857144
3,2,6,3,1,0,False,25225200,555.6571428571428,11.538461538461538
3,2,6,2,2,0,False,37837800,559.5428571428571,11.666666666666668
3,2,6,2,1,1,True,37837800,540.8914285714286,11.666666666666668
3,2,6,1,3,0,False,25225200,555.6571428571428,11.818181818181817
3,2,6,1,2,1,True,50450400,564.2057142857143,11.818181818181817
3,2,6,1,1,2,True,25225200,521.4628571428572,12.727272727272727
3,2,6,0,4,0,False,6306300,543.9999999999999,12.0
3,2,6,0,3,1,False,18918900,575.0857142857143,11.0
3,2,6,0,2,2,False,18918900,559.5428571428571,12.0
3,2,6,0,1,3,False,6306300,497.37142857142857,13.0
3,2,5,5,0,0,False,7567560,546.4285714285714,12.0
3,2,5,4,1,0,False,37837800,561.0,11.428571428571429
3,2,5,3,2,0,False,75675600,568.2857142857142,11.538461538461538
3,2,5,3,1,1,True,75675600,549.3428571428573,11.538461538461538
3,2,5,2,3,0,False,75675600,568.2857142857142,11.666666666666668
3,2,5,2,2,1,True,151351200,577.0285714285715,10.833333333333334
3,2,5,2,1,2,True,75675600,533.3142857142857,12.5
3,2,5,1,4,0,False,37837800,561.0,11.818181818181817
3,2,5,1,3,1,True,113513400,593.0571428571428,10.909090909090908
3,2,5,1,2,2,True,113513400,577.0285714285715,10.909090909090908
3,2,5,1,1,3,True,37837800,512.9142857142857,12.727272727272727
3,2,5,0,5,0,False,7567560,546.4285714285714,12.0
3,2,5,0,4,1,False,30270240,597.4285714285714,11.0
3,2,5,0,3,2,False,45405360,604.7142857142858,11.0
3,2,5,0,2,3,False,30270240,568.2857142857143,11.0
3,2,5,0,1,4,False,7567560,488.14285714285717,13.0
3,2,4,6,0,0,False,6306300,544.0,11.875
3,2,4,5,1,0,False,37837800,561.0,11.333333333333334
3,2,4,4,2,0,False,94594500,571.1999999999999,11.428571428571429
3,2,4,4,1,1,True,94594500,552.16,11.428571428571429
3,2,4,3,3,0,False,126126000,574.6,11.538461538461538
3,2,4,3,2,1,True,252252000,583.44,10.769230769230768
3,2,4,3,1,2,True,126126000,539.24,12.307692307692307
3,2,4,2,4,0,False,94594500,571.1999999999999,11.666666666666668
3,2,4,2,3,1,True,283783500,603.8399999999999,10.833333333333334
3,2,4,2,2,2,True,283783500,587.5199999999999,10.833333333333334
3,2,4,2,1,3,True,94594500,522.24,12.5
3,2,4,1,5,0,False,37837800,561.0,11.818181818181817
3,2,4,1,4,1,True,151351200,613.3600000000001,10.909090909090908
3,2,4,1,3,2,True,227026800,620.84,10.909090909090908
3,2,4,1,2,3,True,151351200,583.4400000000002,10.909090909090908
3,2,4,1,1,4,True,37837800,501.1600000000001,12.727272727272727
3,2,4,0,6,0,False,6306300,510.0,13.0
3,2,4,0,5,1,False,31531500,612.0,11.0
3,2,4,0,4,2,False,63063000,639.2,10.0
3,2,4,0,3,3,False,63063000,625.5999999999999,10.0
3,2,4,0,2,4,False,31531500,571.2,11.0
3,2,4,0,1,5,False,6306300,475.99999999999994,14.0
3,2,3,7,0,0,False,3603600,536.7142857142858,11.76470588235294
3,2,3,6,1,0,False,25225200,555.6571428571428,11.25
3,2,3,5,2,0,False,75675600,568.2857142857142,11.333333333333334
3,2,3,5,1,1,True,75675600,549.3428571428572,12.0
3,2,3,4,3,0,False,126126000,574.5999999999999,11.428571428571429
3,2,3,4,2,1,True,252252000,583.4399999999999,10.714285714285715
3,2,3,4,1,2,True,126126000,539.24,12.142857142857144
3,2,3,3,4,0,False,126126000,574.5999999999999,11.538461538461538
3,2,3,3,3,1,True,378378000,607.4342857142857,10.769230769230768
3,2,3,3,2,2,True,378378000,591.0171428571429,10.769230769230768
3,2,3,3,1,3,True,126126000,525.3485714285714,12.307692307692307
3,2,3,2,5,0,False,75675600,568.2857142857142,11.666666666666668
3,2,3,2,4,1,True,302702400,621.3257142857143,10.833333333333334
3,2,3,2,3,2,True,454053600,628.9028571428571,10.0
3,2,3,2,2,3,True,302702400,591.0171428571427,10.833333333333334
3,2,3,2,1,4,True,75675600,507.66857142857145,12.5
3,2,3,1,6,0,False,25225200,520.9285714285714,12.727272727272727
3,2,3,1,5,1,True,126126000,625.1142857142859,10.0
3,2,3,1,4,2,True,252252000,652.8971428571429,10.0
3,2,3,1,3,3,True,252252000,639.0057142857144,10.0
3,2,3,1,2,4,True,126126000,583.4400000000002,10.909090909090908
3,2,3,1,1,5,True,25225200,486.2,13.636363636363635
3,2,3,0,7,0,False,3603600,473.57142857142856,14.0
3,2,3,0,6,1,False,21621600,568.2857142857143,11.0
3,2,3,0,5,2,False,54054000,662.9999999999999,10.0
3,2,3,0,4,3,False,72072000,669.3142857142858,10.0
3,2,3,0,3,4,False,54054000,637.7428571428572,10.0
3,2,3,0,2,5,False,21621600,568.2857142857143,11.0
3,2,3,0,1,6,False,3603600,460.9428571428571,14.0
3,2,2,8,0,0,False,1351350,524.5714285714286,12.222222222222221
3,2,2,7,1,0,False,10810800,544.9714285714286,11.76470588235294
3,2,2,6,2,0,False,37837800,559.5428571428571,11.25
3,2,2,6,1,1,True,37837800,540.8914285714286,11.875
3,2,2,5,3,0,False,75675600,568.2857142857142,11.333333333333334
3,2,2,5,2,1,True,151351200,577.0285714285714,11.333333333333334
3,2,2,5,1,2,True,75675600,533.3142857142857,12.0
3,2,2,4,4,0,False,94594500,571.1999999999999,11.428571428571429
3,2,2,4,3,1,True,283783500,603.8399999999999,10.714285714285715
3,2,2,4,2,2,True,283783500,587.52,10.714285714285715
3,2,2,4,1,3,True,94594500,522.2399999999999,12.142857142857144
3,2,2,3,5,0,False,75675600,568.2857142857142,11.538461538461538
3,2,2,3,4,1,True,302702400,621.3257142857143,10.769230769230768
3,2,2,3,3,2,True,454053600,628.9028571428572,10.0
3,2,2,3,2,3,True,302702400,591.0171428571429,10.769230769230768
3,2,2,3,1,4,True,75675600,507.66857142857145,13.076923076923077
3,2,2,2,6,0,False,37837800,524.5714285714286,12.5
3,2,2,2,5,1,True,189189000,629.4857142857143,10.0
3,2,2,2,4,2,True,378378000,657.4628571428572,10.0
3,2,2,2,3,3,True,378378000,643.4742857142858,10.0
3,2,2,2,2,4,True,189189000,587.52,10.833333333333334
3,2,2,2,1,5,True,37837800,489.5999999999999,13.333333333333334
3,2,2,1,7,0,False,10810800,480.85714285714283,13.636363636363635
3,2,2,1,6,1,True,64864800,577.0285714285715,10.909090909090908
3,2,2,1,5,2,True,162162000,673.2,10.0
3,2,2,1,4,3,True,216216000,679.6114285714286,10.0
3,2,2,1,3,4,True,162162000,647.5542857142858,10.0
3,2,2,1,2,5,True,64864800,577.0285714285715,10.909090909090908
3,2,2,1,1,6,True,10810800,468.0342857142857,13.636363636363635
3,2,2,0,8,0,False,1351350,437.1428571428571,15.0
3,2,2,0,7,1,False,9459450,524.5714285714286,12.0
3,2,2,0,6,2,False,28378350,612.0,11.0
3,2,2,0,5,3,False,47297250,699.4285714285713,9.0
3,2,2,0,4,4,False,47297250,687.7714285714286,10.0
3,2,2,0,3,5,False,28378350,641.1428571428571,10.0
3,2,2,0,2,6,False,9459450,559.5428571428571,12.0
3,2,2,0,1,7,False,1351350,442.97142857142853,15.0
3,2,1,9,0,0,False,300300,507.5714285714285,12.631578947368421
3,2,1,8,1,0,False,2702700,528.9428571428571,12.222222222222221
3,2,1,7,2,0,False,10810800,544.9714285714285,11.76470588235294
3,2,1,7,1,1,True,10810800,526.8057142857143,12.352941176470587
3,2,1,6,3,0,False,25225200,555.6571428571428,11.25
3,2,1,6,2,1,True,50450400,564.2057142857142,11.25
3,2,1,6,1,2,True,25225200,521.462857142857,12.5
3,2,1,5,4,0,False,37837800,560.9999999999999,11.333333333333334
3,2,1,5,3,1,True,113513400,593.0571428571427,10.666666666666666
3,2,1,5,2,2,True,113513400,577.0285714285712,11.333333333333334
3,2,1,5,1,3,True,37837800,512.9142857142857,12.666666666666666
3,2,1,4,5,0,False,37837800,560.9999999999999,11.428571428571429
3,2,1,4,4,1,True,151351200,613.3599999999999,10.714285714285715
3,2,1,4,3,2,True,227026800,620.8399999999999,10.714285714285715
3,2,1,4,2,3,True,151351200,583.4399999999999,10.714285714285715
3,2,1,4,1,4,True,37837800,501.1599999999999,12.857142857142858
3,2,1,3,6,0,False,25225200,520.9285714285713,12.307692307692307
3,2,1,3,5,1,True,126126000,625.1142857142858,10.0
3,2,1,3,4,2,True,252252000,652.897142857143,10.0
3,2,1,3,3,3,True,252252000,639.0057142857144,10.0
3,2,1,3,2,4,True,126126000,583.44,10.769230769230768
3,2,1,3,1,5,True,25225200,486.19999999999993,13.076923076923077
3,2,1,2,7,0,False,10810800,480.8571428571428,13.333333333333334
3,2,1,2,6,1,True,64864800,577.0285714285715,10.833333333333334
3,2,1,2,5,2,True,162162000,673.1999999999999,10.0
3,2,1,2,4,3,True,216216000,679.6114285714285,10.0
3,2,1,2,3,4,True,162162000,647.5542857142858,10.0
3,2,1,2,2,5,True,64864800,577.0285714285715,10.833333333333334
3,2,1,2,1,6,True,10810800,468.0342857142856,14.166666666666668
3,2,1,1,8,0,False,2702700,440.7857142857143,14.545454545454545
3,2,1,1,7,1,True,18918900,528.9428571428572,11.818181818181817
3,2,1,1,6,2,True,56756700,617.1,10.909090909090908
3,2,1,1,5,3,True,94594500,705.2571428571428,9.09090909090909
3,2,1,1,4,4,True,94594500,693.5028571428572,9.09090909090909
3,2,1,1,3,5,True,56756700,646.4857142857143,10.0
3,2,1,1,2,6,True,18918900,564.2057142857142,11.818181818181817
3,2,1,1,1,7,True,2702700,446.66285714285715,14.545454545454545
3,2,1,0,9,0,False,300300,400.71428571428567,16.0
3,2,1,0,8,1,False,2402400,480.8571428571429,13.0
3,2,1,0,7,2,False,8408400,561.0,12.0
3,2,1,0,6,3,False,16816800,641.142857142857,10.0
3,2,1,0,5,4,False,21021000,721.2857142857142,9.0
3,2,1,0,4,5,False,16816800,694.5714285714286,9.0
3,2,1,0,3,6,False,8408400,635.7999999999998,10.0
3,2,1,0,2,7,False,2402400,544.9714285714285,12.0
3,2,1,0,1,8,False,300300,422.08571428571423,15.0
3,2,0,10,0,0,False,30030,485.71428571428567,13.0
3,2,0,9,1,0,False,300300,507.5714285714285,12.631578947368421
3,2,0,8,2,0,False,1351350,524.5714285714286,12.222222222222221
3,2,0,8,1,1,False,1351350,507.0857142857143,12.777777777777777
3,2,0,7,3,0,False,3603600,536.7142857142858,11.76470588235294
3,2,0,7,2,1,False,7207200,544.9714285714286,11.76470588235294
3,2,0,7,1,2,False,3603600,503.68571428571425,12.941176470588234
3,2,0,6,4,0,False,6306300,544.0,11.875
3,2,0,6,3,1,False,18918900,575.0857142857143,11.25
3,2,0,6,2,2,False,18918900,559.5428571428571,11.25
3,2,0,6,1,3,False,6306300,497.3714285714286,13.125
3,2,0,5,5,0,False,7567560,546.4285714285714,12.0
3,2,0,5,4,1,False,30270240,597.4285714285716,10.666666666666666
3,2,0,5,3,2,False,45405360,604.7142857142857,10.666666666666666
3,2,0,5,2,3,False,30270240,568.2857142857142,11.333333333333334
3,2,0,5,1,4,False,7567560,488.14285714285717,13.333333333333334
3,2,0,4,6,0,False,6306300,509.99999999999994,12.857142857142858
3,2,0,4,5,1,False,31531500,611.9999999999999,10.714285714285715
3,2,0,4,4,2,False,63063000,639.1999999999999,10.0
3,2,0,4,3,3,False,63063000,625.6,10.0
3,2,0,4,2,4,False,31531500,571.1999999999999,11.428571428571429
3,2,0,4,1,5,False,6306300,475.99999999999994,13.571428571428573
3,2,0,3,7,0,False,3603600,473.57142857142856,13.846153846153845
3,2,0,3,6,1,False,21621600,568.2857142857142,11.538461538461538
3,2,0,3,5,2,False,54054000,663.0,10.0
3,2,0,3,4,3,False,72072000,669.3142857142858,10.0
3,2,0,3,3,4,False,54054000,637.7428571428572,10.0
3,2,0,3,2,5,False,21621600,568.2857142857142,11.538461538461538
3,2,0,3,1,6,False,3603600,460.9428571428571,13.846153846153845
3,2,0,2,8,0,False,1351350,437.1428571428571,15.0
3,2,0,2,7,1,False,9459450,524.5714285714286,12.5
3,2,0,2,6,2,False,28378350,612.0,10.833333333333334
3,2,0,2,5,3,False,47297250,699.4285714285713,9.166666666666668
3,2,0,2,4,4,False,47297250,687.7714285714286,9.166666666666668
3,2,0,2,3,5,False,28378350,641.142857142857,10.0
3,2,0,2,2,6,False,9459450,559.5428571428571,11.666666666666668
3,2,0,2,1,7,False,1351350,442.9714285714286,14.166666666666668
3,2,0,1,9,0,False,300300,400.7142857142857,16.363636363636363
3,2,0,1,8,1,False,2402400,480.85714285714283,13.636363636363635
3,2,0,1,7,2,False,8408400,561.0,11.818181818181817
3,2,0,1,6,3,False,16816800,641.1428571428571,10.0
3,2,0,1,5,4,False,21021000,721.2857142857143,9.09090909090909
3,2,0,1,4,5,False,16816800,694.5714285714287,9.09090909090909
3,2,0,1,3,6,False,8408400,635.8000000000001,10.0
3,2,0,1,2,7,False,2402400,544.9714285714286,11.818181818181817
3,2,0,1,1,8,False,300300,422.08571428571435,15.454545454545453
3,2,0,0,10,0,False,30030,364.2857142857143,18.0
3,2,0,0,9,1,False,270270,437.1428571428571,15.0
3,2,0,0,8,2,False,1081080,510.0,13.0
3,2,0,0,7,3,False,2522520,582.8571428571428,11.0
3,2,0,0,6,4,False,3783780,655.7142857142857,10.0
3,2,0,0,5,5,False,3783780,728.5714285714286,9.0
3,2,0,0,4,6,False,2522520,689.7142857142857,10.0
3,2,0,0,3,7,False,1081080,621.7142857142859,11.0
3,2,0,0,2,8,False,270270,524.5714285714286,12.0
3,2,0,0,1,9,False,30030,398.2857142857143,16.0
3,1,11,0,0,0,False,5460,385.0,17.0
3,1,10,1,0,0,False,60060,403.3333333333333,16.363636363636363
3,1,10,0,1,0,False,60060,403.33333333333337,16.0
3,1,9,2,0,0,False,300300,417.99999999999994,15.0
3,1,9,1,1,0,False,600600,421.4833333333334,15.454545454545453
3,1,9,0,2,0,False,300300,417.99999999999994,15.0
3,1,9,0,1,1,False,300300,404.06666666666666,16.0
3,1,8,3,0,0,False,900900,429.0,14.615384615384615
3,1,8,2,1,0,False,2702700,435.59999999999997,15.0
3,1,8,1,2,0,False,2702700,435.6,14.545454545454545
3,1,8,1,1,1,True,2702700,421.08000000000004,15.454545454545453
3,1,8,0,3,0,False,900900,428.99999999999994,15.0
3,1,8,0,2,1,False,1801800,435.59999999999997,15.0
3,1,8,0,1,2,False,900900,402.6,16.0
3,1,7,4,0,0,False,1801800,436.3333333333333,15.000000000000002
3,1,7,3,1,0,False,7207200,445.6833333333334,14.615384615384615
3,1,7,2,2,0,False,10810800,448.8,14.166666666666668
3,1,7,2,1,1,True,10810800,433.8400000000001,15.0
3,1,7,1,3,0,False,7207200,445.6833333333334,14.545454545454545
3,1,7,1,2,1,True,14414400,452.5400000000001,14.545454545454545
3,1,7,1,1,2,True,7207200,418.2566666666667,15.454545454545453
3,1,7,0,4,0,False,1801800,436.3333333333333,15.0
3,1,7,0,3,1,False,5405400,461.2666666666667,14.0
3,1,7,0,2,2,False,5405400,448.8,14.0
3,1,7,0,1,3,False,1801800,398.9333333333334,16.0
3,1,6,5,0,0,False,2522520,440.0,14.666666666666666
3,1,6,4,1,0,False,12612600,451.73333333333335,14.285714285714286
3,1,6,3,2,0,False,25225200,457.59999999999997,13.846153846153845
3,1,6,3,1,1,True,25225200,442.34666666666664,14.615384615384615
3,1,6,2,3,0,False,25225200,457.6,14.166666666666668
3,1,6,2,2,1,True,50450400,464.64,14.166666666666668
3,1,6,2,1,2,True,25225200,429.43999999999994,15.0
3,1,6,1,4,0,False,12612600,451.73333333333335,14.545454545454545
3,1,6,1,3,1,True,37837800,477.5466666666666,13.636363636363635
3,1,6,1,2,2,True,37837800,464.64,13.636363636363635
3,1,6,1,1,3,True,12612600,413.0133333333333,15.454545454545453
3,1,6,0,5,0,False,2522520,440.0,15.0
3,1,6,0,4,1,False,10090080,481.0666666666667,13.0
3,1,6,0,3,2,False,15135120,486.93333333333334,13.0
3,1,6,0,2,3,False,10090080,457.59999999999997,14.0
3,1,6,0,1,4,False,2522520,393.06666666666666,16.0
3,1,5,6,0,0,False,2522520,440.0,14.375
3,1,5,5,1,0,False,15135120,453.75,14.0
3,1,5,4,2,0,False,37837800,461.99999999999994,13.571428571428573
3,1,5,4,1,1,True,37837800,446.59999999999997,14.285714285714286
3,1,5,3,3,0,False,50450400,464.75,13.846153846153845
3,1,5,3,2,1,True,100900800,471.90000000000003,13.846153846153845
3,1,5,3,1,2,True,50450400,436.1499999999999,14.615384615384615
3,1,5,2,4,0,False,37837800,462.0,14.166666666666668
3,1,5,2,3,1,True,113513400,488.4,13.333333333333334
3,1,5,2,2,2,True,113513400,475.2,13.333333333333334
3,1,5,2,1,3,True,37837800,422.4,15.0
3,1,5,1,5,0,False,15135120,453.75000000000006,14.545454545454545
3,1,5,1,4,1,True,60540480,496.1,12.727272727272727
3,1,5,1,3,2,True,90810720,502.15000000000003,12.727272727272727
3,1,5,1,2,3,True,60540480,471.9,13.636363636363635
3,1,5,1,1,4,True,15135120,405.35,15.454545454545453
3,1,5,0,6,0,False,2522520,412.5,16.0
3,1,5,0,5,1,False,12612600,495.0,13.0
3,1,5,0,4,2,False,25225200,517.0,13.0
3,1,5,0,3,3,False,25225200,506.00000000000006,13.0
3,1,5,0,2,4,False,12612600,462.0,14.0
3,1,5,0,1,5,False,2522520,385.0,17.0
3,1,4,7,0,0,False,1801800,436.3333333333333,14.705882352941176
3,1,4,6,1,0,False,12612600,451.7333333333334,14.375
3,1,4,5,2,0,False,37837800,461.9999999999999,14.0
3,1,4,5,1,1,True,37837800,446.6,14.0
3,1,4,4,3,0,False,63063000,467.1333333333333,13.571428571428573
3,1,4,4,2,1,True,126126000,474.32,13.571428571428573
3,1,4,4,1,2,True,63063000,438.38666666666666,14.285714285714286
3,1,4,3,4,0,False,63063000,467.13333333333327,13.846153846153845
3,1,4,3,3,1,True,189189000,493.8266666666667,13.076923076923077
3,1,4,3,2,2,True,189189000,480.47999999999996,13.076923076923077
3,1,4,3,1,3,True,63063000,427.0933333333333,15.384615384615383
3,1,4,2,5,0,False,37837800,462.0,14.166666666666668
3,1,4,2,4,1,True,151351200,505.12,12.5
3,1,4,2,3,2,True,227026800,511.28000000000003,12.5
3,1,4,2,2,3,True,151351200,480.47999999999996,13.333333333333334
3,1,4,2,1,4,True,37837800,412.71999999999997,15.833333333333334
3,1,4,1,6,0,False,12612600,423.50000000000006,15.454545454545453
3,1,4,1,5,1,True,63063000,508.20000000000005,12.727272727272727
3,1,4,1,4,2,True,126126000,530.7866666666666,11.818181818181817
3,1,4,1,3,3,True,126126000,519.4933333333333,12.727272727272727
3,1,4,1,2,4,True,63063000,474.3200000000001,13.636363636363635
3,1,4,1,1,5,True,12612600,395.2666666666666,16.363636363636363
3,1,4,0,7,0,False,1801800,385.0,17.0
3,1,4,0,6,1,False,10810800,462.0,14.0
3,1,4,0,5,2,False,27027000,539.0,12.0
3,1,4,0,4,3,False,36036000,544.1333333333333,12.0
3,1,4,0,3,4,False,27027000,518.4666666666667,13.0
3,1,4,0,2,5,False,10810800,462.0,14.0
3,1,4,0,1,6,False,1801800,374.7333333333333,17.0
3,1,3,8,0,0,False,900900,429.0,15.0
3,1,3,7,1,0,False,7207200,445.6833333333334,14.117647058823527
3,1,3,6,2,0,False,25225200,457.6,13.75
3,1,3,6,1,1,True,25225200,442.34666666666675,14.375
3,1,3,5,3,0,False,50450400,464.75,14.0
3,1,3,5,2,1,True,100900800,471.90000000000003,13.333333333333334
3,1,3,5,1,2,True,50450400,436.15,14.666666666666666
3,1,3,4,4,0,False,63063000,467.13333333333327,13.571428571428573
3,1,3,4,3,1,True,189189000,493.8266666666666,12.857142857142858
3,1,3,4,2,2,True,189189000,480.47999999999996,13.571428571428573
3,1,3,4,1,3,True,63063000,427.0933333333333,15.000000000000002
3,1,3,3,5,0,False,50450400,464.75,13.846153846153845
3,1,3,3,4,1,True,201801600,508.1266666666667,12.307692307692307
3,1,3,3,3,2,True,302702400,514.3233333333334,12.307692307692307
3,1,3,3,2,3,True,201801600,483.34,13.076923076923077
3,1,3,3,1,4,True,50450400,415.1766666666667,15.384615384615383
3,1,3,2,6,0,False,25225200,429.0,15.0
3,1,3,2,5,1,True,126126000,514.8,12.5
3,1,3,2,4,2,True,252252000,537.68,11.666666666666668
3,1,3,2,3,3,True,252252000,526.24,12.5
3,1,3,2,2,4,True,126126000,480.47999999999996,13.333333333333334
3,1,3,2,1,5,True,25225200,400.3999999999999,15.833333333333334
3,1,3,1,7,0,False,7207200,393.25000000000006,16.363636363636363
3,1,3,1,6,1,True,43243200,471.9,13.636363636363635
3,1,3,1,5,2,True,108108000,550.55,11.818181818181817
3,1,3,1,4,3,True,144144000,555.7933333333333,11.818181818181817
3,1,3,1,3,4,True,108108000,529.5766666666668,11.818181818181817
3,1,3,1,2,5,True,43243200,471.9,13.636363636363635
3,1,3,1,1,6,True,7207200,382.7633333333333,16.363636363636363
3,1,3,0,8,0,False,900900,357.5,18.0
3,1,3,0,7,1,False,6306300,428.99999999999994,15.0
3,1,3,0,6,2,False,18918900,500.49999999999994,13.0
3,1,3,0,5,3,False,31531500,572.0,11.0
3,1,3,0,4,4,False,31531500,562.4666666666667,12.0
3,1,3,0,3,5,False,18918900,524.3333333333334,12.0
3,1,3,0,2,6,False,6306300,457.59999999999997,14.0
3,1,3,0,1,7,False,900900,362.26666666666665,18.0
3,1,2,9,0,0,False,300300,418.0,15.263157894736842
3,1,2,8,1,0,False,2702700,435.6,14.444444444444445
3,1,2,7,2,0,False,10810800,448.80000000000007,14.117647058823527
3,1,2,7,1,1,True,10810800,433.8400000000001,14.705882352941176
3,1,2,6,3,0,False,25225200,457.6,13.75
3,1,2,6,2,1,True,50450400,464.64,13.75
3,1,2,6,1,2,True,25225200,429.44,15.0
3,1,2,5,4,0,False,37837800,461.9999999999999,14.0
3,1,2,5,3,1,True,113513400,488.4,13.333333333333334
3,1,2,5,2,2,True,113513400,475.19999999999993,13.333333333333334
3,1,2,5,1,3,True,37837800,422.4,15.333333333333334
3,1,2,4,5,0,False,37837800,461.99999999999994,13.571428571428573
3,1,2,4,4,1,True,151351200,505.12,12.857142857142858
3,1,2,4,3,2,True,227026800,511.28,12.857142857142858
3,1,2,4,2,3,True,151351200,480.47999999999996,13.571428571428573
3,1,2,4,1,4,True,37837800,412.71999999999997,15.714285714285715
3,1,2,3,6,0,False,25225200,429.0,14.615384615384615
3,1,2,3,5,1,True,126126000,514.8000000000001,12.307692307692307
3,1,2,3,4,2,True,252252000,537.6800000000001,12.307692307692307
3,1,2,3,3,3,True,252252000,526.24,12.307692307692307
3,1,2,3,2,4,True,126126000,480.48,13.076923076923077
3,1,2,3,1,5,True,25225200,400.3999999999999,16.153846153846153
3,1,2,2,7,0,False,10810800,396.0,15.833333333333334
3,1,2,2,6,1,True,64864800,475.2,13.333333333333334
3,1,2,2,5,2,True,162162000,554.4,11.666666666666668
3,1,2,2,4,3,True,216216000,559.68,11.666666666666668
3,1,2,2,3,4,True,162162000,533.2800000000001,12.5
3,1,2,2,2,5,True,64864800,475.2,13.333333333333334
3,1,2,2,1,6,True,10810800,385.44,16.666666666666668
3,1,2,1,8,0,False,2702700,363.00000000000006,17.27272727272727
3,1,2,1,7,1,True,18918900,435.6,14.545454545454545
3,1,2,1,6,2,True,56756700,508.20000000000005,12.727272727272727
3,1,2,1,5,3,True,94594500,580.8000000000001,10.909090909090908
3,1,2,1,4,4,True,94594500,571.1200000000001,11.818181818181817
3,1,2,1,3,5,True,56756700,532.4000000000001,11.818181818181817
3,1,2,1,2,6,True,18918900,464.64,13.636363636363635
3,1,2,1,1,7,True,2702700,367.84000000000003,17.27272727272727
3,1,2,0,9,0,False,300300,330.0,19.0
3,1,2,0,8,1,False,2402400,396.0,16.0
3,1,2,0,7,2,False,8408400,462.0,14.0
3,1,2,0,6,3,False,16816800,528.0,12.0
3,1,2,0,5,4,False,21021000,594.0,11.0
3,1,2,0,4,5,False,16816800,572.0,11.0
3,1,2,0,3,6,False,8408400,523.5999999999999,12.0
3,1,2,0,2,7,False,2402400,448.8,14.0
3,1,2,0,1,8,False,300300,347.6,18.0
3,1,1,10,0,0,False,60060,403.33333333333337,15.5
3,1,1,9,1,0,False,600600,421.4833333333334,15.263157894736842
3,1,1,8,2,0,False,2702700,435.6,14.444444444444445
3,1,1,8,1,1,True,2702700,421.08000000000004,15.0
3,1,1,7,3,0,False,7207200,445.6833333333334,14.117647058823527
3,1,1,7,2,1,True,14414400,452.54000000000013,14.117647058823527
3,1,1,7,1,2,True,7207200,418.2566666666668,15.294117647058822
3,1,1,6,4,0,False,12612600,451.7333333333334,14.375
3,1,1,6,3,1,True,37837800,477.54666666666674,13.125
3,1,1,6,2,2,True,37837800,464.64,13.75
3,1,1,6,1,3,True,12612600,413.0133333333333,15.625
3,1,1,5,5,0,False,15135120,453.7500000000001,14.0
3,1,1,5,4,1,True,60540480,496.10000000000014,12.666666666666666
3,1,1,5,3,2,True,90810720,502.1500000000001,12.666666666666666
3,1,1,5,2,3,True,60540480,471.90000000000003,13.333333333333334
3,1,1,5,1,4,True,15135120,405.35,16.0
3,1,1,4,6,0,False,12612600,423.50000000000006,15.000000000000002
3,1,1,4,5,1,True,63063000,508.2,12.857142857142858
3,1,1,4,4,2,True,126126000,530.7866666666667,12.142857142857144
3,1,1,4,3,3,True,126126000,519.4933333333333,12.142857142857144
3,1,1,4,2,4,True,63063000,474.32000000000005,13.571428571428573
3,1,1,4,1,5,True,12612600,395.2666666666667,16.42857142857143
3,1,1,3,7,0,False,7207200,393.2500000000001,16.153846153846153
3,1,1,3,6,1,True,43243200,471.90000000000003,13.846153846153845
3,1,1,3,5,2,True,108108000,550.5500000000001,11.538461538461538
3,1,1,3,4,3,True,144144000,555.7933333333334,11.538461538461538
3,1,1,3,3,4,True,108108000,529.5766666666668,12.307692307692307
3,1,1,3,2,5,True,43243200,471.90000000000003,13.846153846153845
3,1,1,3,1,6,True,7207200,382.7633333333334,16.923076923076923
3,1,1,2,8,0,False,2702700,363.00000000000006,17.5
3,1,1,2,7,1,True,18918900,435.59999999999997,15.0
3,1,1,2,6,2,True,56756700,508.20000000000005,12.5
3,1,1,2,5,3,True,94594500,580.8,10.833333333333334
3,1,1,2,4,4,True,94594500,571.1200000000001,11.666666666666668
3,1,1,2,3,5,True,56756700,532.4000000000001,12.5
3,1,1,2,2,6,True,18918900,464.64000000000004,14.166666666666668
3,1,1,2,1,7,True,2702700,367.84000000000003,17.5
3,1,1,1,9,0,False,600600,332.7500000000001,19.09090909090909
3,1,1,1,8,1,True,4804800,399.3,16.363636363636363
3,1,1,1,7,2,True,16816800,465.8500000000001,13.636363636363635
3,1,1,1,6,3,True,33633600,532.4000000000001,11.818181818181817
3,1,1,1,5,4,True,42042000,598.9500000000002,10.909090909090908
3,1,1,1,4,5,True,33633600,576.7666666666668,10.909090909090908
3,1,1,1,3,6,True,16816800,527.9633333333334,12.727272727272727
3,1,1,1,2,7,True,4804800,452.5400000000001,14.545454545454545
3,1,1,1,1,8,True,600600,350.4966666666667,18.18181818181818
3,1,1,0,10,0,False,60060,302.50000000000006,21.0
3,1,1,0,9,1,False,540540,363.0,18.0
3,1,1,0,8,2,False,2162160,423.50000000000006,15.0
3,1,1,0,7,3,False,5045040,484.0,13.0
3,1,1,0,6,4,False,7567560,544.5000000000001,12.0
3,1,1,0,5,5,False,7567560,605.0000000000001,11.0
3,1,1,0,4,6,False,5045040,572.7333333333333,11.0
3,1,1,0,3,7,False,2162160,516.2666666666668,13.0
3,1,1,0,2,8,False,540540,435.6000000000001,15.0
3,1,1,0,1,9,False,60060,330.73333333333335,19.0
3,1,0,11,0,0,False,5460,385.0,16.666666666666664
3,1,0,10,1,0,False,60060,403.33333333333337,15.5
3,1,0,9,2,0,False,300300,418.0,15.263157894736842
3,1,0,9,1,1,False,300300,404.06666666666666,15.789473684210527
3,1,0,8,3,0,False,900900,429.0,15.0
3,1,0,8,2,1,False,1801800,435.6,14.444444444444445
3,1,0,8,1,2,False,900900,402.59999999999997,15.555555555555555
3,1,0,7,4,0,False,1801800,436.3333333333333,14.705882352941176
3,1,0,7,3,1,False,5405400,461.2666666666667,14.117647058823527
3,1,0,7,2,2,False,5405400,448.80000000000007,14.117647058823527
3,1,0,7,1,3,False,1801800,398.93333333333334,15.88235294117647
3,1,0,6,5,0,False,2522520,440.0,14.375
3,1,0,6,4,1,False,10090080,481.0666666666667,13.125
3,1,0,6,3,2,False,15135120,486.93333333333334,13.125
3,1,0,6,2,3,False,10090080,457.6,13.75
3,1,0,6,1,4,False,2522520,393.0666666666666,16.25
3,1,0,5,6,0,False,2522520,412.5,15.333333333333334
3,1,0,5,5,1,False,12612600,495.0,12.666666666666666
3,1,0,5,4,2,False,25225200,517.0,12.666666666666666
3,1,0,5,3,3,False,25225200,506.0,12.666666666666666
3,1,0,5,2,4,False,12612600,462.0,14.0
3,1,0,5,1,5,False,2522520,384.99999999999994,16.666666666666668
3,1,0,4,7,0,False,1801800,385.0,16.42857142857143
3,1,0,4,6,1,False,10810800,461.99999999999994,13.571428571428573
3,1,0,4,5,2,False,27027000,539.0,12.142857142857144
3,1,0,4,4,3,False,36036000,544.1333333333333,12.142857142857144
3,1,0,4,3,4,False,27027000,518.4666666666667,12.142857142857144
3,1,0,4,2,5,False,10810800,461.99999999999994,13.571428571428573
3,1,0,4,1,6,False,1801800,374.73333333333335,17.142857142857142
3,1,0,3,8,0,False,900900,357.5,17.692307692307693
3,1,0,3,7,1,False,6306300,429.0,14.615384615384615
3,1,0,3,6,2,False,18918900,500.5,13.076923076923077
3,1,0,3,5,3,False,31531500,572.0,11.538461538461538
3,1,0,3,4,4,False,31531500,562.4666666666667,11.538461538461538
3,1,0,3,3,5,False,18918900,524.3333333333334,12.307692307692307
3,1,0,3,2,6,False,6306300,457.59999999999997,13.846153846153845
3,1,0,3,1,7,False,900900,362.2666666666667,17.692307692307693
3,1,0,2,9,0,False,300300,330.0,19.166666666666668
3,1,0,2,8,1,False,2402400,396.0,15.833333333333334
3,1,0,2,7,2,False,8408400,462.0,14.166666666666668
3,1,0,2,6,3,False,16816800,528.0,12.5
3,1,0,2,5,4,False,21021000,594.0,10.833333333333334
3,1,0,2,4,5,False,16816800,571.9999999999999,11.666666666666668
3,1,0,2,3,6,False,8408400,523.5999999999999,12.5
3,1,0,2,2,7,False,2402400,448.7999999999999,14.166666666666668
3,1,0,2,1,8,False,300300,347.6,18.333333333333336
3,1,0,1,10,0,False,60060,302.5,20.909090909090907
3,1,0,1,9,1,False,540540,363.00000000000006,17.27272727272727
3,1,0,1,8,2,False,2162160,423.50000000000006,15.454545454545453
3,1,0,1,7,3,False,5045040,484.00000000000006,13.636363636363635
3,1,0,1,6,4,False,7567560,544.5,11.818181818181817
3,1,0,1,5,5,False,7567560,605.0,10.909090909090908
3,1,0,1,4,6,False,5045040,572.7333333333333,11.818181818181817
3,1,0,1,3,7,False,2162160,516.2666666666668,12.727272727272727
3,1,0,1,2,8,False,540540,435.6,14.545454545454545
3,1,0,1,1,9,False,60060,330.7333333333333,19.09090909090909
3,1,0,0,11,0,False,5460,275.0,23.0
3,1,0,0,10,1,False,54600,330.0,19.0
3,1,0,0,9,2,False,245700,385.0,17.0
3,1,0,0,8,3,False,655200,440.0,15.0
3,1,0,0,7,4,False,1146600,495.0,13.0
3,1,0,0,6,5,False,1375920,550.0,12.0
3,1,0,0,5,6,False,1146600,605.0,11.0
3,1,0,0,4,7,False,655200,564.6666666666666,12.0
3,1,0,0,3,8,False,245700,502.33333333333337,13.0
3,1,0,0,2,9,False,54600,417.99999999999994,15.0
3,1,0,0,1,10,False,5460,311.6666666666667,21.0
3,0,12,0,0,0,False,455,272.38095238095235,23.0
3,0,11,1,0,0,False,5460,286.0,22.727272727272727
3,0,11,0,1,0,False,5460,286.0,22.0
3,0,10,2,0,0,False,30030,297.1428571428571,21.666666666666668
3,0,10,1,1,0,False,60060,299.6190476190476,20.909090909090907
3,0,10,0,2,0,False,30030,297.1428571428571,22.0
3,0,10,0,1,1,False,30030,287.23809523809524,22.0
3,0,9,3,0,0,False,100100,305.8095238095238,20.76923076923077
3,0,9,2,1,0,False,300300,310.5142857142858,20.833333333333336
3,0,9,1,2,0,False,300300,310.5142857142857,20.909090909090907
3,0,9,1,1,1,False,300300,300.1638095238096,20.909090909090907
3,0,9,0,3,0,False,100100,305.8095238095238,21.0
3,0,9,0,2,1,False,200200,310.51428571428573,21.0
3,0,9,0,1,2,False,100100,286.99047619047616,22.0
3,0,8,4,0,0,False,225225,311.99999999999994,20.714285714285715
3,0,8,3,1,0,False,900900,318.6857142857143,20.0
3,0,8,2,2,0,False,1351350,320.9142857142857,20.0
3,0,8,2,1,1,False,1351350,310.21714285714285,20.833333333333336
3,0,8,1,3,0,False,900900,318.68571428571425,20.0
3,0,8,1,2,1,False,1801800,323.58857142857147,20.0
3,0,8,1,1,2,False,900900,299.07428571428574,20.909090909090907
3,0,8,0,4,0,False,225225,311.99999999999994,21.0
3,0,8,0,3,1,False,675675,329.8285714285714,19.0
3,0,8,0,2,2,False,675675,320.91428571428565,20.0
3,0,8,0,1,3,False,225225,285.2571428571428,22.0
3,0,7,5,0,0,False,360360,315.7142857142857,20.0
3,0,7,4,1,0,False,1801800,324.1333333333333,19.28571428571429
3,0,7,3,2,0,False,3603600,328.3428571428572,19.23076923076923
3,0,7,3,1,1,False,3603600,317.3980952380953,20.0
3,0,7,2,3,0,False,3603600,328.34285714285716,19.166666666666668
3,0,7,2,2,1,False,7207200,333.3942857142857,19.166666666666668
3,0,7,2,1,2,False,3603600,308.13714285714286,20.833333333333336
3,0,7,1,4,0,False,1801800,324.1333333333334,20.0
3,0,7,1,3,1,False,5405400,342.6552380952382,19.09090909090909
3,0,7,1,2,2,False,5405400,333.39428571428573,19.09090909090909
3,0,7,1,1,3,False,1801800,296.35047619047623,21.818181818181817
3,0,7,0,5,0,False,360360,315.7142857142858,20.0
3,0,7,0,4,1,False,1441440,345.1809523809524,19.0
3,0,7,0,3,2,False,2162160,349.39047619047625,18.0
3,0,7,0,2,3,False,1441440,328.34285714285716,20.0
3,0,7,0,1,4,False,360360,282.03809523809525,23.0
3,0,6,6,0,0,False,420420,316.95238095238096,20.0
3,0,6,5,1,0,False,2522520,326.85714285714283,19.333333333333332
3,0,6,4,2,0,False,6306300,332.79999999999995,19.28571428571429
3,0,6,4,1,1,False,6306300,321.70666666666665,20.0
3,0,6,3,3,0,False,8408400,334.7809523809524,19.23076923076923
3,0,6,3,2,1,False,16816800,339.93142857142857,18.46153846153846
3,0,6,3,1,2,False,8408400,314.1790476190476,20.0
3,0,6,2,4,0,False,6306300,332.79999999999995,19.166666666666668
3,0,6,2,3,1,False,18918900,351.8171428571428,18.333333333333336
3,0,6,2,2,2,False,18918900,342.3085714285714,18.333333333333336
3,0,6,2,1,3,False,6306300,304.2742857142857,20.833333333333336
3,0,6,1,5,0,False,2522520,326.85714285714283,20.0
3,0,6,1,4,1,False,10090080,357.36380952380955,18.18181818181818
3,0,6,1,3,2,False,15135120,361.7219047619048,18.18181818181818
3,0,6,1,2,3,False,10090080,339.93142857142857,19.09090909090909
3,0,6,1,1,4,False,2522520,291.992380952381,21.818181818181817
3,0,6,0,6,0,False,420420,297.1428571428571,22.0
3,0,6,0,5,1,False,2102100,356.5714285714286,18.0
3,0,6,0,4,2,False,4204200,372.4190476190476,17.0
3,0,6,0,3,3,False,4204200,364.4952380952381,18.0
3,0,6,0,2,4,False,2102100,332.8,19.0
3,0,6,0,1,5,False,420420,277.3333333333333,23.0
3,0,5,7,0,0,False,360360,315.7142857142857,19.999999999999996
3,0,5,6,1,0,False,2522520,326.8571428571429,19.375
3,0,5,5,2,0,False,7567560,334.2857142857142,19.333333333333332
3,0,5,5,1,1,False,7567560,323.14285714285717,20.0
3,0,5,4,3,0,False,12612600,337.99999999999994,18.571428571428573
3,0,5,4,2,1,False,25225200,343.2,18.571428571428573
3,0,5,4,1,2,False,12612600,317.19999999999993,20.0
3,0,5,3,4,0,False,12612600,338.0,19.23076923076923
3,0,5,3,3,1,False,37837800,357.31428571428575,17.692307692307693
3,0,5,3,2,2,False,37837800,347.6571428571429,18.46153846153846
3,0,5,3,1,3,False,12612600,309.0285714285714,20.76923076923077
3,0,5,2,5,0,False,7567560,334.2857142857143,19.166666666666668
3,0,5,2,4,1,False,30270240,365.48571428571427,17.5
3,0,5,2,3,2,False,45405360,369.9428571428572,17.5
3,0,5,2,2,3,False,30270240,347.6571428571428,18.333333333333336
3,0,5,2,1,4,False,7567560,298.62857142857143,21.666666666666668
3,0,5,1,6,0,False,2522520,306.42857142857144,20.909090909090907
3,0,5,1,5,1,False,12612600,367.7142857142857,17.27272727272727
3,0,5,1,4,2,False,25225200,384.05714285714294,16.363636363636363
3,0,5,1,3,3,False,25225200,375.8857142857143,17.27272727272727
3,0,5,1,2,4,False,12612600,343.20000000000005,19.09090909090909
3,0,5,1,1,5,False,2522520,286.0,22.727272727272727
3,0,5,0,7,0,False,360360,278.57142857142856,23.0
3,0,5,0,6,1,False,2162160,334.2857142857143,19.0
3,0,5,0,5,2,False,5405400,390.0,17.0
3,0,5,0,4,3,False,7207200,393.7142857142857,16.0
3,0,5,0,3,4,False,5405400,375.1428571428572,17.0
3,0,5,0,2,5,False,2162160,334.2857142857143,19.0
3,0,5,0,1,6,False,360360,271.1428571428571,24.0
3,0,4,8,0,0,False,225225,312.0,20.555555555555554
3,0,4,7,1,0,False,1801800,324.1333333333334,19.41176470588235
3,0,4,6,2,0,False,6306300,332.8,19.375
3,0,4,6,1,1,False,6306300,321.7066666666667,20.0
3,0,4,5,3,0,False,12612600,338.0,18.666666666666668
3,0,4,5,2,1,False,25225200,343.2,18.666666666666668
3,0,4,5,1,2,False,12612600,317.19999999999993,20.0
3,0,4,4,4,0,False,15765750,339.73333333333323,18.571428571428573
3,0,4,4,3,1,False,47297250,359.1466666666667,17.857142857142858
3,0,4,4,2,2,False,47297250,349.43999999999994,18.571428571428573
3,0,4,4,1,3,False,15765750,310.61333333333334,20.714285714285715
3,0,4,3,5,0,False,12612600,338.0,19.23076923076923
3,0,4,3,4,1,False,50450400,369.5466666666667,16.923076923076923
3,0,4,3,3,2,False,75675600,374.05333333333334,16.923076923076923
3,0,4,3,2,3,False,50450400,351.52,18.46153846153846
3,0,4,3,1,4,False,12612600,301.9466666666667,20.76923076923077
3,0,4,2,6,0,False,6306300,312.0,20.833333333333336
3,0,4,2,5,1,False,31531500,374.4,17.5
3,0,4,2,4,2,False,63063000,391.04,16.666666666666668
3,0,4,2,3,3,False,63063000,382.71999999999997,16.666666666666668
3,0,4,2,2,4,False,31531500,349.44000000000005,18.333333333333336
3,0,4,2,1,5,False,6306300,291.19999999999993,21.666666666666668
3,0,4,1,7,0,False,1801800,286.0,22.727272727272727
3,0,4,1,6,1,False,10810800,343.20000000000005,19.09090909090909
3,0,4,1,5,2,False,27027000,400.4,16.363636363636363
3,0,4,1,4,3,False,36036000,404.2133333333334,16.363636363636363
3,0,4,1,3,4,False,27027000,385.14666666666676,16.363636363636363
3,0,4,1,2,5,False,10810800,343.20000000000005,19.09090909090909
3,0,4,1,1,6,False,1801800,278.37333333333333,22.727272727272727
3,0,4,0,8,0,False,225225,260.0,25.0
3,0,4,0,7,1,False,1576575,312.0,21.0
3,0,4,0,6,2,False,4729725,363.99999999999994,18.0
3,0,4,0,5,3,False,7882875,416.0,16.0
3,0,4,0,4,4,False,7882875,409.06666666666666,16.0
3,0,4,0,3,5,False,4729725,381.33333333333337,17.0
3,0,4,0,2,6,False,1576575,332.79999999999995,19.0
3,0,4,0,1,7,False,225225,263.46666666666664,24.0
3,0,3,9,0,0,False,100100,305.80952380952374,20.526315789473685
3,0,3,8,1,0,False,900900,318.68571428571425,20.0
3,0,3,7,2,0,False,3603600,328.3428571428571,19.41176470588235
3,0,3,7,1,1,False,3603600,317.39809523809527,19.999999999999996
3,0,3,6,3,0,False,8408400,334.7809523809524,18.75
3,0,3,6,2,1,False,16816800,339.93142857142857,18.75
3,0,3,6,1,2,False,8408400,314.17904761904765,20.0
3,0,3,5,4,0,False,12612600,338.0,18.666666666666668
3,0,3,5,3,1,False,37837800,357.3142857142857,18.0
3,0,3,5,2,2,False,37837800,347.65714285714284,18.0
3,0,3,5,1,3,False,12612600,309.0285714285714,20.666666666666668
3,0,3,4,5,0,False,12612600,337.99999999999994,18.571428571428573
3,0,3,4,4,1,False,50450400,369.5466666666666,17.142857142857142
3,0,3,4,3,2,False,75675600,374.0533333333333,17.142857142857142
3,0,3,4,2,3,False,50450400,351.5199999999999,17.857142857142858
3,0,3,4,1,4,False,12612600,301.94666666666666,20.714285714285715
3,0,3,3,6,0,False,8408400,313.85714285714283,20.0
3,0,3,3,5,1,False,42042000,376.6285714285714,16.923076923076923
3,0,3,3,4,2,False,84084000,393.36761904761903,16.153846153846153
3,0,3,3,3,3,False,84084000,384.99809523809523,16.923076923076923
3,0,3,3,2,4,False,42042000,351.52,18.46153846153846
3,0,3,3,1,5,False,8408400,292.93333333333334,21.538461538461537
3,0,3,2,7,0,False,3603600,289.71428571428567,21.666666666666668
3,0,3,2,6,1,False,21621600,347.6571428571428,18.333333333333336
3,0,3,2,5,2,False,54054000,405.59999999999997,15.833333333333334
3,0,3,2,4,3,False,72072000,409.4628571428571,15.833333333333334
3,0,3,2,3,4,False,54054000,390.1485714285714,16.666666666666668
3,0,3,2,2,5,False,21621600,347.6571428571428,18.333333333333336
3,0,3,2,1,6,False,3603600,281.9885714285714,22.5
3,0,3,1,8,0,False,900900,265.57142857142856,23.636363636363633
3,0,3,1,7,1,False,6306300,318.68571428571425,20.0
3,0,3,1,6,2,False,18918900,371.8,17.27272727272727
3,0,3,1,5,3,False,31531500,424.91428571428565,15.454545454545453
3,0,3,1,4,4,False,31531500,417.83238095238096,15.454545454545453
3,0,3,1,3,5,False,18918900,389.5047619047619,16.363636363636363
3,0,3,1,2,6,False,6306300,339.9314285714285,19.09090909090909
3,0,3,1,1,7,False,900900,269.11238095238093,23.636363636363633
3,0,3,0,9,0,False,100100,241.42857142857142,26.0
3,0,3,0,8,1,False,800800,289.71428571428567,22.0
3,0,3,0,7,2,False,2802800,338.0,19.0
3,0,3,0,6,3,False,5605600,386.2857142857142,17.0
3,0,3,0,5,4,False,7007000,434.57142857142856,15.0
3,0,3,0,4,5,False,5605600,418.4761904761905,15.0
3,0,3,0,3,6,False,2802800,383.0666666666666,17.0
3,0,3,0,2,7,False,800800,328.3428571428571,20.0
3,0,3,0,1,8,False,100100,254.30476190476193,25.0
3,0,2,10,0,0,False,30030,297.1428571428571,21.5
3,0,2,9,1,0,False,300300,310.51428571428573,20.526315789473685
3,0,2,8,2,0,False,1351350,320.9142857142857,20.0
3,0,2,8,1,1,False,1351350,310.2171428571429,20.555555555555554
3,0,2,7,3,0,False,3603600,328.34285714285716,19.41176470588235
3,0,2,7,2,1,False,7207200,333.3942857142858,18.823529411764703
3,0,2,7,1,2,False,3603600,308.13714285714286,20.588235294117645
3,0,2,6,4,0,False,6306300,332.79999999999995,19.375
3,0,2,6,3,1,False,18918900,351.81714285714287,18.125
3,0,2,6,2,2,False,18918900,342.30857142857144,18.75
3,0,2,6,1,3,False,6306300,304.2742857142857,20.625
3,0,2,5,5,0,False,7567560,334.2857142857142,19.333333333333332
3,0,2,5,4,1,False,30270240,365.4857142857143,17.333333333333332
3,0,2,5,3,2,False,45405360,369.9428571428572,17.333333333333332
3,0,2,5,2,3,False,30270240,347.65714285714284,18.0
3,0,2,5,1,4,False,7567560,298.62857142857143,21.333333333333332
3,0,2,4,6,0,False,6306300,311.99999999999994,20.714285714285715
3,0,2,4,5,1,False,31531500,374.4,17.142857142857142
3,0,2,4,4,2,False,63063000,391.04,16.42857142857143
3,0,2,4,3,3,False,63063000,382.71999999999997,16.42857142857143
3,0,2,4,2,4,False,31531500,349.44,18.571428571428573
3,0,2,4,1,5,False,6306300,291.19999999999993,22.142857142857146
3,0,2,3,7,0,False,3603600,289.71428571428567,22.307692307692307
3,0,2,3,6,1,False,21621600,347.6571428571429,18.46153846153846
3,0,2,3,5,2,False,54054000,405.6,16.153846153846153
3,0,2,3,4,3,False,72072000,409.46285714285716,15.384615384615383
3,0,2,3,3,4,False,54054000,390.1485714285715,16.153846153846153
3,0,2,3,2,5,False,21621600,347.6571428571429,18.46153846153846
3,0,2,3,1,6,False,3603600,281.9885714285714,22.307692307692307
3,0,2,2,8,0,False,1351350,267.4285714285714,24.166666666666668
3,0,2,2,7,1,False,9459450,320.9142857142857,20.0
3,0,2,2,6,2,False,28378350,374.4,17.5
3,0,2,2,5,3,False,47297250,427.88571428571424,15.0
3,0,2,2,4,4,False,47297250,420.7542857142857,15.0
3,0,2,2,3,5,False,28378350,392.22857142857146,16.666666666666668
3,0,2,2,2,6,False,9459450,342.3085714285714,18.333333333333336
3,0,2,2,1,7,False,1351350,270.9942857142857,23.333333333333336
3,0,2,1,9,0,False,300300,245.14285714285714,26.36363636363636
3,0,2,1,8,1,False,2402400,294.17142857142863,21.818181818181817
3,0,2,1,7,2,False,8408400,343.20000000000005,19.09090909090909
3,0,2,1,6,3,False,16816800,392.22857142857146,16.363636363636363
3,0,2,1,5,4,False,21021000,441.2571428571429,14.545454545454545
3,0,2,1,4,5,False,16816800,424.91428571428577,15.454545454545453
3,0,2,1,3,6,False,8408400,388.96,16.363636363636363
3,0,2,1,2,7,False,2402400,333.39428571428573,19.09090909090909
3,0,2,1,1,8,False,300300,258.21714285714285,24.545454545454543
3,0,2,0,10,0,False,30030,222.85714285714283,29.0
3,0,2,0,9,1,False,270270,267.42857142857144,24.0
3,0,2,0,8,2,False,1081080,312.0,21.0
3,0,2,0,7,3,False,2522520,356.57142857142856,18.0
3,0,2,0,6,4,False,3783780,401.14285714285717,16.0
3,0,2,0,5,5,False,3783780,445.71428571428567,15.0
3,0,2,0,4,6,False,2522520,421.94285714285706,15.0
3,0,2,0,3,7,False,1081080,380.3428571428572,17.0
3,0,2,0,2,8,False,270270,320.9142857142857,20.0
3,0,2,0,1,9,False,30030,243.65714285714282,26.0
3,0,1,11,0,0,False,5460,286.0,21.904761904761905
3,0,1,10,1,0,False,60060,299.61904761904765,21.0
3,0,1,9,2,0,False,300300,310.5142857142857,20.526315789473685
3,0,1,9,1,1,False,300300,300.16380952380956,21.05263157894737
3,0,1,8,3,0,False,900900,318.68571428571425,20.0
3,0,1,8,2,1,False,1801800,323.5885714285714,19.444444444444443
3,0,1,8,1,2,False,900900,299.07428571428574,21.11111111111111
3,0,1,7,4,0,False,1801800,324.1333333333333,19.41176470588235
3,0,1,7,3,1,False,5405400,342.6552380952381,18.823529411764703
3,0,1,7,2,2,False,5405400,333.39428571428573,18.823529411764703
3,0,1,7,1,3,False,1801800,296.3504761904762,21.176470588235293
3,0,1,6,5,0,False,2522520,326.8571428571429,19.375
3,0,1,6,4,1,False,10090080,357.36380952380955,17.5
3,0,1,6,3,2,False,15135120,361.7219047619048,17.5
3,0,1,6,2,3,False,10090080,339.93142857142857,18.75
3,0,1,6,1,4,False,2522520,291.9923809523809,21.875
3,0,1,5,6,0,False,2522520,306.42857142857144,20.666666666666668
3,0,1,5,5,1,False,12612600,367.7142857142858,17.333333333333332
3,0,1,5,4,2,False,25225200,384.0571428571429,16.666666666666668
3,0,1,5,3,3,False,25225200,375.88571428571424,16.666666666666668
3,0,1,5,2,4,False,12612600,343.2,18.666666666666668
3,0,1,5,1,5,False,2522520,286.0,22.0
3,0,1,4,7,0,False,1801800,285.99999999999994,22.142857142857146
3,0,1,4,6,1,False,10810800,343.2,18.571428571428573
3,0,1,4,5,2,False,27027000,400.4,15.714285714285715
3,0,1,4,4,3,False,36036000,404.2133333333333,15.714285714285715
3,0,1,4,3,4,False,27027000,385.14666666666676,16.42857142857143
3,0,1,4,2,5,False,10810800,343.2,18.571428571428573
3,0,1,4,1,6,False,1801800,278.37333333333333,22.857142857142858
3,0,1,3,8,0,False,900900,265.57142857142856,23.846153846153847
3,0,1,3,7,1,False,6306300,318.6857142857143,20.0
3,0,1,3,6,2,False,18918900,371.8,16.923076923076923
3,0,1,3,5,3,False,31531500,424.9142857142857,15.384615384615383
3,0,1,3,4,4,False,31531500,417.83238095238096,15.384615384615383
3,0,1,3,3,5,False,18918900,389.50476190476195,16.153846153846153
3,0,1,3,2,6,False,6306300,339.93142857142857,18.46153846153846
3,0,1,3,1,7,False,900900,269.112380952381,23.846153846153847
3,0,1,2,9,0,False,300300,245.1428571428571,25.833333333333336
3,0,1,2,8,1,False,2402400,294.1714285714286,21.666666666666668
3,0,1,2,7,2,False,8408400,343.2,18.333333333333336
3,0,1,2,6,3,False,16816800,392.2285714285714,16.666666666666668
3,0,1,2,5,4,False,21021000,441.25714285714287,14.166666666666668
3,0,1,2,4,5,False,16816800,424.91428571428565,15.0
3,0,1,2,3,6,False,8408400,388.9599999999999,16.666666666666668
3,0,1,2,2,7,False,2402400,333.3942857142857,19.166666666666668
3,0,1,2,1,8,False,300300,258.21714285714285,25.0
3,0,1,1,10,0,False,60060,224.71428571428572,28.18181818181818
3,0,1,1,9,1,False,540540,269.6571428571429,23.636363636363633
3,0,1,1,8,2,False,2162160,314.6,20.0
3,0,1,1,7,3,False,5045040,359.54285714285714,18.18181818181818
3,0,1,1,6,4,False,7567560,404.4857142857143,15.454545454545453
3,0,1,1,5,5,False,7567560,449.42857142857144,14.545454545454545
3,0,1,1,4,6,False,5045040,425.4590476190477,15.454545454545453
3,0,1,1,3,7,False,2162160,383.5123809523811,16.363636363636363
3,0,1,1,2,8,False,540540,323.58857142857147,20.0
3,0,1,1,1,9,False,60060,245.68761904761902,25.454545454545453
3,0,1,0,11,0,False,5460,204.28571428571428,31.0
3,0,1,0,10,1,False,54600,245.14285714285717,26.0
3,0,1,0,9,2,False,245700,286.0,22.0
3,0,1,0,8,3,False,655200,326.85714285714283,20.0
3,0,1,0,7,4,False,1146600,367.7142857142857,17.0
3,0,1,0,6,5,False,1375920,408.57142857142856,16.0
3,0,1,0,5,6,False,1146600,449.4285714285714,14.0
3,0,1,0,4,7,False,655200,419.46666666666664,15.0
3,0,1,0,3,8,False,245700,373.1619047619048,17.0
3,0,1,0,2,9,False,54600,310.5142857142857,21.0
3,0,1,0,1,10,False,5460,231.52380952380955,27.0
3,0,0,12,0,0,False,455,272.38095238095235,23.18181818181818
3,0,0,11,1,0,False,5460,286.0,21.904761904761905
3,0,0,10,2,0,False,30030,297.1428571428571,21.5
3,0,0,10,1,1,False,30030,287.23809523809524,22.0
3,0,0,9,3,0,False,100100,305.80952380952374,20.526315789473685
3,0,0,9,2,1,False,200200,310.5142857142857,20.526315789473685
3,0,0,9,1,2,False,100100,286.99047619047616,22.105263157894736
3,0,0,8,4,0,False,225225,312.0,20.555555555555554
3,0,0,8,3,1,False,675675,329.8285714285714,19.444444444444443
3,0,0,8,2,2,False,675675,320.9142857142857,20.0
3,0,0,8,1,3,False,225225,285.25714285714287,22.22222222222222
3,0,0,7,5,0,False,360360,315.7142857142857,19.999999999999996
3,0,0,7,4,1,False,1441440,345.1809523809524,18.235294117647058
3,0,0,7,3,2,False,2162160,349.3904761904762,18.235294117647058
3,0,0,7,2,3,False,1441440,328.34285714285716,19.41176470588235
3,0,0,7,1,4,False,360360,282.03809523809525,22.352941176470587
3,0,0,6,6,0,False,420420,297.1428571428571,21.25
3,0,0,6,5,1,False,2102100,356.57142857142856,18.125
3,0,0,6,4,2,False,4204200,372.41904761904766,16.875
3,0,0,6,3,3,False,4204200,364.49523809523816,17.5
3,0,0,6,2,4,False,2102100,332.80000000000007,19.375
3,0,0,6,1,5,False,420420,277.3333333333333,23.125
3,0,0,5,7,0,False,360360,278.57142857142856,22.666666666666668
3,0,0,5,6,1,False,2162160,334.2857142857142,19.333333333333332
3,0,0,5,5,2,False,5405400,390.0,16.666666666666668
3,0,0,5,4,3,False,7207200,393.7142857142857,16.0
3,0,0,5,3,4,False,5405400,375.1428571428572,16.666666666666668
3,0,0,5,2,5,False,2162160,334.2857142857142,19.333333333333332
3,0,0,5,1,6,False,360360,271.1428571428571,23.333333333333332
3,0,0,4,8,0,False,225225,259.99999999999994,24.28571428571429
3,0,0,4,7,1,False,1576575,311.99999999999994,20.714285714285715
3,0,0,4,6,2,False,4729725,364.0,17.857142857142858
3,0,0,4,5,3,False,7882875,415.99999999999994,15.714285714285715
3,0,0,4,4,4,False,7882875,409.0666666666667,15.714285714285715
3,0,0,4,3,5,False,4729725,381.33333333333326,16.42857142857143
3,0,0,4,2,6,False,1576575,332.79999999999995,19.28571428571429
3,0,0,4,1,7,False,225225,263.46666666666664,24.28571428571429
3,0,0,3,9,0,False,100100,241.42857142857142,26.153846153846153
3,0,0,3,8,1,False,800800,289.71428571428567,22.307692307692307
3,0,0,3,7,2,False,2802800,338.0,19.23076923076923
3,0,0,3,6,3,False,5605600,386.2857142857143,16.923076923076923
3,0,0,3,5,4,False,7007000,434.57142857142856,14.615384615384615
3,0,0,3,4,5,False,5605600,418.4761904761904,15.384615384615383
3,0,0,3,3,6,False,2802800,383.0666666666666,16.923076923076923
3,0,0,3,2,7,False,800800,328.34285714285716,19.23076923076923
3,0,0,3,1,8,False,100100,254.3047619047619,24.615384615384613
3,0,0,2,10,0,False,30030,222.85714285714283,28.333333333333336
3,0,0,2,9,1,False,270270,267.4285714285714,24.166666666666668
3,0,0,2,8,2,False,1081080,312.0,20.833333333333336
3,0,0,2,7,3,False,2522520,356.5714285714285,18.333333333333336
3,0,0,2,6,4,False,3783780,401.1428571428571,15.833333333333334
3,0,0,2,5,5,False,3783780,445.71428571428567,14.166666666666668
3,0,0,2,4,6,False,2522520,421.9428571428571,15.0
3,0,0,2,3,7,False,1081080,380.3428571428572,16.666666666666668
3,0,0,2,2,8,False,270270,320.9142857142857,20.0
3,0,0,2,1,9,False,30030,243.65714285714284,25.833333333333336
3,0,0,1,11,0,False,5460,204.28571428571428,30.909090909090907
3,0,0,1,10,1,False,54600,245.14285714285714,26.36363636363636
3,0,0,1,9,2,False,245700,286.0,22.727272727272727
3,0,0,1,8,3,False,655200,326.85714285714283,20.0
3,0,0,1,7,4,False,1146600,367.7142857142857,17.27272727272727
3,0,0,1,6,5,False,1375920,408.57142857142856,15.454545454545453
3,0,0,1,5,6,False,1146600,449.42857142857144,14.545454545454545
3,0,0,1,4,7,False,655200,419.46666666666675,15.454545454545453
3,0,0,1,3,8,False,245700,373.1619047619048,17.27272727272727
3,0,0,1,2,9,False,54600,310.5142857142857,20.909090909090907
3,0,0,1,1,10,False,5460,231.52380952380955,27.27272727272727
3,0,0,0,12,0,False,455,185.7142857142857,34.0
3,0,0,0,11,1,False,5005,222.85714285714283,29.0
3,0,0,0,10,2,False,25025,260.0,25.0
3,0,0,0,9,3,False,75075,297.1428571428571,22.0
3,0,0,0,8,4,False,150150,334.2857142857143,19.0
3,0,0,0,7,5,False,210210,371.4285714285714,17.0
3,0,0,0,6,6,False,210210,408.57142857142856,16.0
3,0,0,0,5,7,False,150150,445.71428571428567,15.0
3,0,0,0,4,8,False,75075,411.047619047619,16.0
3,0,0,0,3,9,False,25025,361.52380952380946,18.0
3,0,0,0,2,10,False,5005,297.14285714285717,22.0
3,0,0,0,1,11,False,455,217.9047619047619,29.0
2,13,0,0,0,0,False,105,888.0952380952381,8.0
2,12,1,0,0,0,False,1365,911.4285714285714,7.0
2,12,0,1,0,0,False,1365,911.4285714285714,7.2727272727272725
2,12,0,0,1,0,False,1365,911.4285714285714,7.0
2,11,2,0,0,0,False,8190,922.8571428571428,7.0
2,11,1,1,0,0,False,16380,930.5476190476192,7.2727272727272725
2,11,1,0,1,0,False,16380,930.5476190476192,7.0
2,11,0,2,0,0,False,8190,922.8571428571428,7.5
2,11,0,1,1,0,False,16380,930.5476190476192,7.2727272727272725
2,11,0,0,2,0,False,8190,922.8571428571428,7.0
2,11,0,0,1,1,False,8190,892.0952380952382,8.0
2,10,3,0,0,0,False,30030,922.3809523809523,7.0
2,10,2,1,0,0,False,90090,936.5714285714286,7.2727272727272725
2,10,2,0,1,0,False,90090,936.5714285714286,7.0
2,10,1,2,0,0,False,90090,936.5714285714287,7.5
2,10,1,1,1,0,False,180180,944.3761904761907,7.2727272727272725
2,10,1,0,2,0,False,90090,936.5714285714286,7.0
2,10,1,0,1,1,False,90090,905.3523809523812,7.0
2,10,0,3,0,0,False,30030,922.3809523809524,6.9230769230769225
2,10,0,2,1,0,False,90090,936.5714285714287,7.5
2,10,0,1,2,0,False,90090,936.5714285714286,7.2727272727272725
2,10,0,1,1,1,False,90090,905.3523809523812,7.2727272727272725
2,10,0,0,3,0,False,30030,922.3809523809523,7.0
2,10,0,0,2,1,False,60060,936.5714285714286,7.0
2,10,0,0,1,2,False,30030,865.6190476190476,8.0
2,9,4,0,0,0,False,75075,909.9999999999999,7.0
2,9,3,1,0,0,False,300300,929.5000000000001,7.2727272727272725
2,9,3,0,1,0,False,300300,929.5,7.0
2,9,2,2,0,0,False,450450,936.0,7.5
2,9,2,1,1,0,False,900900,943.8000000000001,7.2727272727272725
2,9,2,0,2,0,False,450450,935.9999999999999,7.0
2,9,2,0,1,1,False,450450,904.8000000000001,7.0
2,9,1,3,0,0,False,300300,929.5000000000002,6.9230769230769225
2,9,1,2,1,0,False,900900,943.8000000000001,6.666666666666667
2,9,1,1,2,0,False,900900,943.8000000000001,7.2727272727272725
2,9,1,1,1,1,True,900900,912.3400000000003,7.2727272727272725
2,9,1,0,3,0,False,300300,929.5000000000001,7.0
2,9,1,0,2,1,False,600600,943.8000000000002,7.0
2,9,1,0,1,2,False,300300,872.3000000000001,8.0
2,9,0,4,0,0,False,75075,909.9999999999999,7.142857142857143
2,9,0,3,1,0,False,300300,929.5000000000002,6.9230769230769225
2,9,0,2,2,0,False,450450,936.0,7.5
2,9,0,2,1,1,False,450450,904.8,7.5
2,9,0,1,3,0,False,300300,929.5000000000001,7.2727272727272725
2,9,0,1,2,1,False,600600,943.8000000000001,7.2727272727272725
2,9,0,1,1,2,False,300300,872.3,7.2727272727272725
2,9,0,0,4,0,False,75075,909.9999999999999,7.0
2,9,0,0,3,1,False,225225,962.0,7.0
2,9,0,0,2,2,False,225225,935.9999999999999,7.0
2,9,0,0,1,3,False,75075,832.0,8.0
2,8,5,0,0,0,False,135135,885.7142857142857,8.0
2,8,4,1,0,0,False,675675,909.3333333333334,7.2727272727272725
2,8,4,0,1,0,False,675675,909.3333333333334,7.0
2,8,3,2,0,0,False,1351350,921.1428571428571,7.5
2,8,3,1,1,0,False,2702700,928.8190476190478,7.2727272727272725
2,8,3,0,2,0,False,1351350,921.142857142857,7.0
2,8,3,0,1,1,False,1351350,890.4380952380953,8.0
2,8,2,3,0,0,False,1351350,921.1428571428571,6.9230769230769225
2,8,2,2,1,0,False,4054050,935.3142857142857,7.5
2,8,2,1,2,0,False,4054050,935.3142857142857,7.2727272727272725
2,8,2,1,1,1,True,4054050,904.137142857143,7.2727272727272725
2,8,2,0,3,0,False,1351350,921.1428571428571,7.0
2,8,2,0,2,1,False,2702700,935.3142857142857,7.0
2,8,2,0,1,2,False,1351350,864.4571428571428,8.0
2,8,1,4,0,0,False,675675,909.3333333333333,7.142857142857143
2,8,1,3,1,0,False,2702700,928.8190476190476,6.9230769230769225
2,8,1,2,2,0,False,4054050,935.3142857142856,7.5
2,8,1,2,1,1,True,4054050,904.137142857143,7.5
2,8,1,1,3,0,False,2702700,928.8190476190478,7.2727272727272725
2,8,1,1,2,1,True,5405400,943.1085714285714,7.2727272727272725
2,8,1,1,1,2,True,2702700,871.6609523809524,7.2727272727272725
2,8,1,0,4,0,False,675675,909.3333333333333,7.0
2,8,1,0,3,1,False,2027025,961.295238095238,7.0
2,8,1,0,2,2,False,2027025,935.3142857142856,7.0
2,8,1,0,1,3,False,675675,831.3904761904762,8.0
2,8,0,5,0,0,False,135135,885.7142857142858,7.333333333333333
2,8,0,4,1,0,False,675675,909.3333333333333,7.142857142857143
2,8,0,3,2,0,False,1351350,921.1428571428571,6.9230769230769225
2,8,0,3,1,1,False,1351350,890.4380952380952,7.692307692307692
2,8,0,2,3,0,False,1351350,921.1428571428571,7.5
2,8,0,2,2,1,False,2702700,935.3142857142857,7.5
2,8,0,2,1,2,False,1351350,864.4571428571427,7.5
2,8,0,1,4,0,False,675675,909.3333333333334,7.2727272727272725
2,8,0,1,3,1,False,2027025,961.2952380952382,7.2727272727272725
2,8,0,1,2,2,False,2027025,935.3142857142857,7.2727272727272725
2,8,0,1,1,3,False,675675,831.3904761904762,8.181818181818182
2,8,0,0,5,0,False,135135,885.7142857142857,8.0
2,8,0,0,4,1,False,540540,968.3809523809524,7.0
2,8,0,0,3,2,False,810810,980.1904761904761,7.0
2,8,0,0,2,3,False,540540,921.1428571428571,7.0
2,8,0,0,1,4,False,135135,791.2380952380953,8.0
2,7,6,0,0,0,False,180180,849.5238095238095,8.0
2,7,5,1,0,0,False,1081080,876.0714285714286,7.2727272727272725
2,7,5,0,1,0,False,1081080,876.0714285714287,8.0
2,7,4,2,0,0,False,2702700,891.9999999999999,7.5
2,7,4,1,1,0,False,5405400,899.4333333333335,7.2727272727272725
2,7,4,0,2,0,False,2702700,891.9999999999999,8.0
2,7,4,0,1,1,False,2702700,862.2666666666668,8.0
2,7,3,3,0,0,False,3603600,897.3095238095237,7.692307692307692
2,7,3,2,1,0,False,10810800,911.1142857142856,7.5
2,7,3,1,2,0,False,10810800,911.1142857142858,7.2727272727272725
2,7,3,1,1,1,True,10810800,880.7438095238097,7.2727272727272725
2,7,3,0,3,0,False,3603600,897.3095238095239,7.0
2,7,3,0,2,1,False,7207200,911.1142857142858,7.0
2,7,3,0,1,2,False,3603600,842.0904761904761,8.0
2,7,2,4,0,0,False,2702700,891.9999999999999,7.142857142857143
2,7,2,3,1,0,False,10810800,911.1142857142858,6.9230769230769225
2,7,2,2,2,0,False,16216200,917.4857142857142,7.5
2,7,2,2,1,1,True,16216200,886.9028571428571,7.5
2,7,2,1,3,0,False,10810800,911.1142857142859,7.2727272727272725
2,7,2,1,2,1,True,21621600,925.1314285714287,7.2727272727272725
2,7,2,1,1,2,True,10810800,855.0457142857142,8.181818181818182
2,7,2,0,4,0,False,2702700,891.9999999999999,8.0
2,7,2,0,3,1,False,8108100,942.9714285714285,7.0
2,7,2,0,2,2,False,8108100,917.4857142857143,7.0
2,7,2,0,1,3,False,2702700,815.5428571428572,8.0
2,7,1,5,0,0,False,1081080,876.0714285714286,7.333333333333333
2,7,1,4,1,0,False,5405400,899.4333333333333,7.142857142857143
2,7,1,3,2,0,False,10810800,911.1142857142856,6.9230769230769225
2,7,1,3,1,1,True,10810800,880.7438095238097,7.692307692307692
2,7,1,2,3,0,False,10810800,911.1142857142856,7.5
2,7,1,2,2,1,True,21621600,925.1314285714284,7.5
2,7,1,2,1,2,True,10810800,855.0457142857141,7.5
2,7,1,1,4,0,False,5405400,899.4333333333334,7.2727272727272725
2,7,1,1,3,1,True,16216200,950.8295238095238,7.2727272727272725
2,7,1,1,2,2,True,16216200,925.1314285714286,7.2727272727272725
2,7,1,1,1,3,True,5405400,822.3390476190476,8.181818181818182
2,7,1,0,5,0,False,1081080,876.0714285714286,8.0
2,7,1,0,4,1,False,4324320,957.8380952380953,7.0
2,7,1,0,3,2,False,6486480,969.5190476190477,7.0
2,7,1,0,2,3,False,4324320,911.1142857142858,7.0
2,7,1,0,1,4,False,1081080,782.6238095238094,8.0
2,7,0,6,0,0,False,180180,849.5238095238096,7.5
2,7,0,5,1,0,False,1081080,876.0714285714286,7.333333333333333
2,7,0,4,2,0,False,2702700,891.9999999999999,7.142857142857143
2,7,0,4,1,1,False,2702700,862.2666666666667,7.857142857142858
2,7,0,3,3,0,False,3603600,897.3095238095237,7.692307692307692
2,7,0,3,2,1,False,7207200,911.1142857142858,6.9230769230769225
2,7,0,3,1,2,False,3603600,842.0904761904761,7.692307692307692
2,7,0,2,4,0,False,2702700,891.9999999999999,7.5
2,7,0,2,3,1,False,8108100,942.9714285714284,6.666666666666667
2,7,0,2,2,2,False,8108100,917.4857142857142,7.5
2,7,0,2,1,3,False,2702700,815.5428571428571,8.333333333333334
2,7,0,1,5,0,False,1081080,876.0714285714286,7.2727272727272725
2,7,0,1,4,1,False,4324320,957.8380952380953,7.2727272727272725
2,7,0,1,3,2,False,6486480,969.5190476190477,7.2727272727272725
2,7,0,1,2,3,False,4324320,911.1142857142859,7.2727272727272725
2,7,0,1,1,4,False,1081080,782.6238095238095,8.181818181818182
2,7,0,0,6,0,False,180180,796.4285714285713,8.0
2,7,0,0,5,1,False,900900,955.7142857142857,7.0
2,7,0,0,4,2,False,1801800,998.1904761904763,7.0
2,7,0,0,3,3,False,1801800,976.9523809523808,7.0
2,7,0,0,2,4,False,900900,892.0000000000001,8.0
2,7,0,0,1,5,False,180180,743.3333333333333,9.0
2,6,7,0,0,0,False,180180,801.4285714285714,8.0
2,6,6,1,0,0,False,1261260,829.7142857142857,8.181818181818182
2,6,6,0,1,0,False,1261260,829.7142857142857,8.0
2,6,5,2,0,0,False,3783780,848.5714285714286,7.5
2,6,5,1,1,0,False,7567560,855.6428571428572,8.181818181818182
2,6,5,0,2,0,False,3783780,848.5714285714286,8.0
2,6,5,0,1,1,False,3783780,820.2857142857143,8.0
2,6,4,3,0,0,False,6306300,858.0,7.692307692307692
2,6,4,2,1,0,False,18918900,871.1999999999999,7.5
2,6,4,1,2,0,False,18918900,871.2,7.2727272727272725
2,6,4,1,1,1,True,18918900,842.1600000000001,8.181818181818182
2,6,4,0,3,0,False,6306300,857.9999999999999,8.0
2,6,4,0,2,1,False,12612600,871.1999999999999,8.0
2,6,4,0,1,2,False,6306300,805.2,8.0
2,6,3,4,0,0,False,6306300,857.9999999999999,7.857142857142858
2,6,3,3,1,0,False,25225200,876.3857142857142,7.692307692307692
2,6,3,2,2,0,False,37837800,882.5142857142856,7.5
2,6,3,2,1,1,True,37837800,853.0971428571428,7.5
2,6,3,1,3,0,False,25225200,876.3857142857145,7.2727272727272725
2,6,3,1,2,1,True,50450400,889.8685714285716,7.2727272727272725
2,6,3,1,1,2,True,25225200,822.4542857142857,8.181818181818182
2,6,3,0,4,0,False,6306300,857.9999999999999,8.0
2,6,3,0,3,1,False,18918900,907.0285714285714,7.0
2,6,3,0,2,2,False,18918900,882.5142857142856,8.0
2,6,3,0,1,3,False,6306300,784.4571428571429,8.0
2,6,2,5,0,0,False,3783780,848.5714285714284,8.0
2,6,2,4,1,0,False,18918900,871.2,7.857142857142858
2,6,2,3,2,0,False,37837800,882.5142857142856,7.692307692307692
2,6,2,3,1,1,True,37837800,853.097142857143,7.692307692307692
2,6,2,2,3,0,False,37837800,882.5142857142857,7.5
2,6,2,2,2,1,True,75675600,896.0914285714285,7.5
2,6,2,2,1,2,True,37837800,828.2057142857142,8.333333333333334
2,6,2,1,4,0,False,18918900,871.1999999999999,7.2727272727272725
2,6,2,1,3,1,True,56756700,920.9828571428573,7.2727272727272725
2,6,2,1,2,2,True,56756700,896.0914285714285,7.2727272727272725
2,6,2,1,1,3,True,18918900,796.5257142857143,8.181818181818182
2,6,2,0,5,0,False,3783780,848.5714285714286,8.0
2,6,2,0,4,1,False,15135120,927.7714285714286,7.0
2,6,2,0,3,2,False,22702680,939.0857142857143,7.0
2,6,2,0,2,3,False,15135120,882.5142857142856,8.0
2,6,2,0,1,4,False,3783780,758.0571428571428,9.0
2,6,1,6,0,0,False,1261260,829.7142857142858,8.125
2,6,1,5,1,0,False,7567560,855.6428571428571,7.333333333333333
2,6,1,4,2,0,False,18918900,871.1999999999998,7.857142857142858
2,6,1,4,1,1,True,18918900,842.1600000000001,7.857142857142858
2,6,1,3,3,0,False,25225200,876.3857142857142,7.692307692307692
2,6,1,3,2,1,True,50450400,889.8685714285715,7.692307692307692
2,6,1,3,1,2,True,25225200,822.4542857142857,7.692307692307692
2,6,1,2,4,0,False,18918900,871.1999999999998,7.5
2,6,1,2,3,1,True,56756700,920.9828571428571,7.5
2,6,1,2,2,2,True,56756700,896.0914285714284,7.5
2,6,1,2,1,3,True,18918900,796.5257142857143,8.333333333333334
2,6,1,1,5,0,False,7567560,855.6428571428571,8.181818181818182
2,6,1,1,4,1,True,30270240,935.5028571428571,7.2727272727272725
2,6,1,1,3,2,True,45405360,946.9114285714288,7.2727272727272725
2,6,1,1,2,3,True,30270240,889.8685714285716,7.2727272727272725
2,6,1,1,1,4,True,7567560,764.3742857142857,8.181818181818182
2,6,1,0,6,0,False,1261260,777.8571428571428,9.0
2,6,1,0,5,1,False,6306300,933.4285714285714,7.0
2,6,1,0,4,2,False,12612600,974.9142857142857,7.0
2,6,1,0,3,3,False,12612600,954.1714285714285,7.0
2,6,1,0,2,4,False,6306300,871.2,8.0
2,6,1,0,1,5,False,1261260,725.9999999999999,9.0
2,6,0,7,0,0,False,180180,801.4285714285714,8.235294117647058
2,6,0,6,1,0,False,1261260,829.7142857142858,8.125
2,6,0,5,2,0,False,3783780,848.5714285714284,8.0
2,6,0,5,1,1,False,3783780,820.2857142857143,8.0
2,6,0,4,3,0,False,6306300,857.9999999999999,7.857142857142858
2,6,0,4,2,1,False,12612600,871.1999999999998,7.857142857142858
2,6,0,4,1,2,False,6306300,805.1999999999999,7.857142857142858
2,6,0,3,4,0,False,6306300,858.0,7.692307692307692
2,6,0,3,3,1,False,18918900,907.0285714285714,6.9230769230769225
2,6,0,3,2,2,False,18918900,882.5142857142856,7.692307692307692
2,6,0,3,1,3,False,6306300,784.4571428571429,8.461538461538462
2,6,0,2,5,0,False,3783780,848.5714285714286,7.5
2,6,0,2,4,1,False,15135120,927.7714285714285,7.5
2,6,0,2,3,2,False,22702680,939.0857142857142,6.666666666666667
2,6,0,2,2,3,False,15135120,882.5142857142857,7.5
2,6,0,2,1,4,False,3783780,758.0571428571429,8.333333333333334
2,6,0,1,6,0,False,1261260,777.8571428571429,8.181818181818182
2,6,0,1,5,1,False,6306300,933.4285714285714,7.2727272727272725
2,6,0,1,4,2,False,12612600,974.9142857142857,7.2727272727272725
2,6,0,1,3,3,False,12612600,954.1714285714287,7.2727272727272725
2,6,0,1,2,4,False,6306300,871.2,7.2727272727272725
2,6,0,1,1,5,False,1261260,726.0000000000001,9.09090909090909
2,6,0,0,7,0,False,180180,707.1428571428571,9.0
2,6,0,0,6,1,False,1081080,848.5714285714286,8.0
2,6,0,0,5,2,False,2702700,990.0,7.0
2,6,0,0,4,3,False,3603600,999.4285714285714,7.0
2,6,0,0,3,4,False,2702700,952.2857142857144,7.0
2,6,0,0,2,5,False,1081080,848.5714285714286,8.0
2,6,0,0,1,6,False,180180,688.2857142857142,10.0
2,5,8,0,0,0,False,135135,741.4285714285713,9.0
2,5,7,1,0,0,False,1081080,770.2619047619049,8.181818181818182
2,5,7,0,1,0,False,1081080,770.2619047619049,9.0
2,5,6,2,0,0,False,3783780,790.8571428571428,8.333333333333334
2,5,6,1,1,0,False,7567560,797.4476190476191,8.181818181818182
2,5,6,0,2,0,False,3783780,790.8571428571428,8.0
2,5,6,0,1,1,False,3783780,764.4952380952382,9.0
2,5,5,3,0,0,False,7567560,803.2142857142857,8.461538461538462
2,5,5,2,1,0,False,22702680,815.5714285714287,8.333333333333334
2,5,5,1,2,0,False,22702680,815.5714285714286,8.181818181818182
2,5,5,1,1,1,True,22702680,788.3857142857145,8.181818181818182
2,5,5,0,3,0,False,7567560,803.2142857142857,8.0
2,5,5,0,2,1,False,15135120,815.5714285714286,8.0
2,5,5,0,1,2,False,7567560,753.7857142857142,9.0
2,5,4,4,0,0,False,9459450,807.3333333333333,7.857142857142858
2,5,4,3,1,0,False,37837800,824.6333333333334,7.692307692307692
2,5,4,2,2,0,False,56756700,830.4,8.333333333333334
2,5,4,2,1,1,True,56756700,802.72,8.333333333333334
2,5,4,1,3,0,False,37837800,824.6333333333333,8.181818181818182
2,5,4,1,2,1,True,75675600,837.3199999999999,8.181818181818182
2,5,4,1,1,2,True,37837800,773.8866666666667,8.181818181818182
2,5,4,0,4,0,False,9459450,807.3333333333333,8.0
2,5,4,0,3,1,False,28378350,853.4666666666666,8.0
2,5,4,0,2,2,False,28378350,830.3999999999999,8.0
2,5,4,0,1,3,False,9459450,738.1333333333332,9.0
2,5,3,5,0,0,False,7567560,803.2142857142858,8.0
2,5,3,4,1,0,False,37837800,824.6333333333333,7.857142857142858
2,5,3,3,2,0,False,75675600,835.342857142857,7.692307692307692
2,5,3,3,1,1,True,75675600,807.4980952380953,8.461538461538462
2,5,3,2,3,0,False,75675600,835.342857142857,7.5
2,5,3,2,2,1,True,151351200,848.1942857142857,7.5
2,5,3,2,1,2,True,75675600,783.9371428571427,8.333333333333334
2,5,3,1,4,0,False,37837800,824.6333333333333,8.181818181818182
2,5,3,1,3,1,True,113513400,871.755238095238,7.2727272727272725
2,5,3,1,2,2,True,113513400,848.1942857142857,8.181818181818182
2,5,3,1,1,3,True,37837800,753.9504761904764,9.09090909090909
2,5,3,0,5,0,False,7567560,803.2142857142857,8.0
2,5,3,0,4,1,False,30270240,878.1809523809524,8.0
2,5,3,0,3,2,False,45405360,888.8904761904762,8.0
2,5,3,0,2,3,False,30270240,835.3428571428572,8.0
2,5,3,0,1,4,False,7567560,717.5380952380953,9.0
2,5,2,6,0,0,False,3783780,790.8571428571429,8.125
2,5,2,5,1,0,False,22702680,815.5714285714287,8.0
2,5,2,4,2,0,False,56756700,830.3999999999999,7.857142857142858
2,5,2,4,1,1,True,56756700,802.72,7.857142857142858
2,5,2,3,3,0,False,75675600,835.3428571428572,7.692307692307692
2,5,2,3,2,1,True,151351200,848.1942857142858,7.692307692307692
2,5,2,3,1,2,True,75675600,783.9371428571428,8.461538461538462
2,5,2,2,4,0,False,56756700,830.3999999999999,8.333333333333334
2,5,2,2,3,1,True,170270100,877.8514285714285,7.5
2,5,2,2,2,2,True,170270100,854.1257142857143,7.5
2,5,2,2,1,3,True,56756700,759.2228571428572,8.333333333333334
2,5,2,1,5,0,False,22702680,815.5714285714286,8.181818181818182
2,5,2,1,4,1,True,90810720,891.6914285714287,7.2727272727272725
2,5,2,1,3,2,True,136216080,902.5657142857144,7.2727272727272725
2,5,2,1,2,3,True,90810720,848.1942857142857,8.181818181818182
2,5,2,1,1,4,True,22702680,728.5771428571429,9.09090909090909
2,5,2,0,6,0,False,3783780,741.4285714285713,9.0
2,5,2,0,5,1,False,18918900,889.7142857142857,8.0
2,5,2,0,4,2,False,37837800,929.2571428571429,7.0
2,5,2,0,3,3,False,37837800,909.4857142857143,7.0
2,5,2,0,2,4,False,18918900,830.4,8.0
2,5,2,0,1,5,False,3783780,691.9999999999999,10.0
2,5,1,7,0,0,False,1081080,770.2619047619049,8.235294117647058
2,5,1,6,1,0,False,7567560,797.4476190476194,8.125
2,5,1,5,2,0,False,22702680,815.5714285714287,8.0
2,5,1,5,1,1,True,22702680,788.3857142857144,8.0
2,5,1,4,3,0,False,37837800,824.6333333333334,7.857142857142858
2,5,1,4,2,1,True,75675600,837.3200000000002,7.857142857142858
2,5,1,4,1,2,True,37837800,773.8866666666668,8.571428571428571
2,5,1,3,4,0,False,37837800,824.6333333333334,7.692307692307692
2,5,1,3,3,1,True,113513400,871.7552380952383,7.692307692307692
2,5,1,3,2,2,True,113513400,848.1942857142858,7.692307692307692
2,5,1,3,1,3,True,37837800,753.9504761904763,8.461538461538462
2,5,1,2,5,0,False,22702680,815.5714285714287,8.333333333333334
2,5,1,2,4,1,True,90810720,891.6914285714286,7.5
2,5,1,2,3,2,True,136216080,902.5657142857143,7.5
2,5,1,2,2,3,True,90810720,848.1942857142857,7.5
2,5,1,2,1,4,True,22702680,728.577142857143,9.166666666666668
2,5,1,1,6,0,False,7567560,747.607142857143,9.09090909090909
2,5,1,1,5,1,True,37837800,897.1285714285716,7.2727272727272725
2,5,1,1,4,2,True,75675600,937.0009523809526,7.2727272727272725
2,5,1,1,3,3,True,75675600,917.064761904762,7.2727272727272725
2,5,1,1,2,4,True,37837800,837.3200000000003,8.181818181818182
2,5,1,1,1,5,True,7567560,697.7666666666668,9.09090909090909
2,5,1,0,7,0,False,1081080,679.6428571428572,10.0
2,5,1,0,6,1,False,6486480,815.5714285714287,8.0
2,5,1,0,5,2,False,16216200,951.5000000000001,7.0
2,5,1,0,4,3,False,21621600,960.5619047619049,7.0
2,5,1,0,3,4,False,16216200,915.2523809523813,7.0
2,5,1,0,2,5,False,6486480,815.5714285714287,8.0
2,5,1,0,1,6,False,1081080,661.5190476190476,10.0
2,5,0,8,0,0,False,135135,741.4285714285713,8.88888888888889
2,5,0,7,1,0,False,1081080,770.2619047619049,8.235294117647058
2,5,0,6,2,0,False,3783780,790.8571428571429,8.125
2,5,0,6,1,1,False,3783780,764.4952380952382,8.75
2,5,0,5,3,0,False,7567560,803.2142857142858,8.0
2,5,0,5,2,1,False,15135120,815.5714285714284,8.0
2,5,0,5,1,2,False,7567560,753.7857142857142,8.666666666666666
2,5,0,4,4,0,False,9459450,807.3333333333333,7.857142857142858
2,5,0,4,3,1,False,28378350,853.4666666666666,7.857142857142858
2,5,0,4,2,2,False,28378350,830.3999999999999,7.857142857142858
2,5,0,4,1,3,False,9459450,738.1333333333332,8.571428571428571
2,5,0,3,5,0,False,7567560,803.2142857142857,8.461538461538462
2,5,0,3,4,1,False,30270240,878.1809523809524,7.692307692307692
2,5,0,3,3,2,False,45405360,888.8904761904763,7.692307692307692
2,5,0,3,2,3,False,30270240,835.3428571428572,7.692307692307692
2,5,0,3,1,4,False,7567560,717.5380952380953,9.23076923076923
2,5,0,2,6,0,False,3783780,741.4285714285713,9.166666666666668
2,5,0,2,5,1,False,18918900,889.7142857142856,7.5
2,5,0,2,4,2,False,37837800,929.2571428571429,7.5
2,5,0,2,3,3,False,37837800,909.4857142857143,7.5
2,5,0,2,2,4,False,18918900,830.4,8.333333333333334
2,5,0,2,1,5,False,3783780,691.9999999999999,9.166666666666668
2,5,0,1,7,0,False,1081080,679.6428571428571,10.0
2,5,0,1,6,1,False,6486480,815.5714285714286,8.181818181818182
2,5,0,1,5,2,False,16216200,951.5000000000001,7.2727272727272725
2,5,0,1,4,3,False,21621600,960.5619047619049,7.2727272727272725
2,5,0,1,3,4,False,16216200,915.2523809523811,7.2727272727272725
2,5,0,1,2,5,False,6486480,815.5714285714286,8.181818181818182
2,5,0,1,1,6,False,1081080,661.5190476190476,10.0
2,5,0,0,8,0,False,135135,617.8571428571428,11.0
2,5,0,0,7,1,False,945945,741.4285714285713,9.0
2,5,0,0,6,2,False,2837835,865.0,8.0
2,5,0,0,5,3,False,4729725,988.5714285714286,7.0
2,5,0,0,4,4,False,4729725,972.0952380952382,7.0
2,5,0,0,3,5,False,2837835,906.1904761904763,7.0
2,5,0,0,2,6,False,945945,790.8571428571428,8.0
2,5,0,0,1,7,False,135135,626.0952380952381,10.0
2,4,9,0,0,0,False,75075,669.5238095238095,10.0
2,4,8,1,0,0,False,675675,697.7142857142857,9.09090909090909
2,4,8,0,1,0,False,675675,697.7142857142857,9.0
2,4,7,2,0,0,False,2702700,718.857142857143,9.166666666666668
2,4,7,1,1,0,False,5405400,724.8476190476192,9.09090909090909
2,4,7,0,2,0,False,2702700,718.8571428571429,9.0
2,4,7,0,1,1,False,2702700,694.8952380952383,9.0
2,4,6,3,0,0,False,6306300,732.9523809523808,9.23076923076923
2,4,6,2,1,0,False,18918900,744.2285714285714,9.166666666666668
2,4,6,1,2,0,False,18918900,744.2285714285715,9.09090909090909
2,4,6,1,1,1,True,18918900,719.4209523809524,9.09090909090909
2,4,6,0,3,0,False,6306300,732.952380952381,9.0
2,4,6,0,2,1,False,12612600,744.2285714285714,9.0
2,4,6,0,1,2,False,6306300,687.847619047619,10.0
2,4,5,4,0,0,False,9459450,739.9999999999999,8.571428571428571
2,4,5,3,1,0,False,37837800,755.8571428571429,8.461538461538462
2,4,5,2,2,0,False,56756700,761.142857142857,8.333333333333334
2,4,5,2,1,1,True,56756700,735.7714285714286,9.166666666666668
2,4,5,1,3,0,False,37837800,755.8571428571429,9.09090909090909
2,4,5,1,2,1,True,75675600,767.4857142857143,8.181818181818182
2,4,5,1,1,2,True,37837800,709.3428571428573,9.09090909090909
2,4,5,0,4,0,False,9459450,740.0,9.0
2,4,5,0,3,1,False,28378350,782.2857142857142,8.0
2,4,5,0,2,2,False,28378350,761.142857142857,9.0
2,4,5,0,1,3,False,9459450,676.5714285714286,10.0
2,4,4,5,0,0,False,9459450,740.0,8.666666666666666
2,4,4,4,1,0,False,47297250,759.7333333333333,8.571428571428571
2,4,4,3,2,0,False,94594500,769.6,8.461538461538462
2,4,4,3,1,1,True,94594500,743.9466666666668,8.461538461538462
2,4,4,2,3,0,False,94594500,769.5999999999999,8.333333333333334
2,4,4,2,2,1,True,189189000,781.4399999999999,8.333333333333334
2,4,4,2,1,2,True,94594500,722.24,9.166666666666668
2,4,4,1,4,0,False,47297250,759.7333333333332,9.09090909090909
2,4,4,1,3,1,True,141891750,803.1466666666668,8.181818181818182
2,4,4,1,2,2,True,141891750,781.44,8.181818181818182
2,4,4,1,1,3,True,47297250,694.6133333333333,9.09090909090909
2,4,4,0,5,0,False,9459450,740.0,9.0
2,4,4,0,4,1,False,37837800,809.0666666666667,8.0
2,4,4,0,3,2,False,56756700,818.9333333333334,8.0
2,4,4,0,2,3,False,37837800,769.6,9.0
2,4,4,0,1,4,False,9459450,661.0666666666666,10.0
2,4,3,6,0,0,False,6306300,732.952380952381,8.75
2,4,3,5,1,0,False,37837800,755.8571428571429,8.666666666666666
2,4,3,4,2,0,False,94594500,769.5999999999999,8.571428571428571
2,4,3,4,1,1,True,94594500,743.9466666666666,8.571428571428571
2,4,3,3,3,0,False,126126000,774.1809523809524,8.461538461538462
2,4,3,3,2,1,True,252252000,786.0914285714287,8.461538461538462
2,4,3,3,1,2,True,126126000,726.5390476190474,9.23076923076923
2,4,3,2,4,0,False,94594500,769.5999999999999,8.333333333333334
2,4,3,2,3,1,True,283783500,813.5771428571428,8.333333333333334
2,4,3,2,2,2,True,283783500,791.5885714285714,8.333333333333334
2,4,3,2,1,3,True,94594500,703.6342857142857,9.166666666666668
2,4,3,1,5,0,False,37837800,755.8571428571429,9.09090909090909
2,4,3,1,4,1,True,151351200,826.4038095238095,8.181818181818182
2,4,3,1,3,2,True,227026800,836.4819047619048,8.181818181818182
2,4,3,1,2,3,True,151351200,786.0914285714285,8.181818181818182
2,4,3,1,1,4,True,37837800,675.232380952381,10.0
2,4,3,0,6,0,False,6306300,687.1428571428571,10.0
2,4,3,0,5,1,False,31531500,824.5714285714286,8.0
2,4,3,0,4,2,False,63063000,861.2190476190476,8.0
2,4,3,0,3,3,False,63063000,842.8952380952381,8.0
2,4,3,0,2,4,False,31531500,769.6,9.0
2,4,3,0,1,5,False,6306300,641.3333333333333,10.0
2,4,2,7,0,0,False,2702700,718.8571428571429,8.823529411764705
2,4,2,6,1,0,False,18918900,744.2285714285715,8.75
2,4,2,5,2,0,False,56756700,761.142857142857,8.666666666666666
2,4,2,5,1,1,True,56756700,735.7714285714286,8.666666666666666
2,4,2,4,3,0,False,94594500,769.6,8.571428571428571
2,4,2,4,2,1,True,189189000,781.4399999999999,8.571428571428571
2,4,2,4,1,2,True,94594500,722.2399999999999,9.285714285714286
2,4,2,3,4,0,False,94594500,769.5999999999999,8.461538461538462
2,4,2,3,3,1,True,283783500,813.5771428571429,7.692307692307692
2,4,2,3,2,2,True,283783500,791.5885714285714,8.461538461538462
2,4,2,3,1,3,True,94594500,703.6342857142857,9.23076923076923
2,4,2,2,5,0,False,56756700,761.142857142857,8.333333333333334
2,4,2,2,4,1,True,227026800,832.1828571428572,8.333333333333334
2,4,2,2,3,2,True,340540200,842.3314285714285,7.5
2,4,2,2,2,3,True,227026800,791.5885714285714,8.333333333333334
2,4,2,2,1,4,True,56756700,679.9542857142857,10.0
2,4,2,1,6,0,False,18918900,697.7142857142857,9.09090909090909
2,4,2,1,5,1,True,94594500,837.2571428571429,8.181818181818182
2,4,2,1,4,2,True,189189000,874.4685714285714,7.2727272727272725
2,4,2,1,3,3,True,189189000,855.8628571428571,8.181818181818182
2,4,2,1,2,4,True,94594500,781.44,8.181818181818182
2,4,2,1,1,5,True,18918900,651.1999999999999,10.0
2,4,2,0,7,0,False,2702700,634.2857142857142,10.0
2,4,2,0,6,1,False,16216200,761.1428571428571,9.0
2,4,2,0,5,2,False,40540500,888.0,8.0
2,4,2,0,4,3,False,54054000,896.4571428571429,7.0
2,4,2,0,3,4,False,40540500,854.1714285714287,8.0
2,4,2,0,2,5,False,16216200,761.1428571428571,9.0
2,4,2,0,1,6,False,2702700,617.3714285714285,11.0
2,4,1,8,0,0,False,675675,697.7142857142858,9.444444444444445
2,4,1,7,1,0,False,5405400,724.8476190476192,8.823529411764705
2,4,1,6,2,0,False,18918900,744.2285714285715,8.75
2,4,1,6,1,1,True,18918900,719.4209523809526,8.75
2,4,1,5,3,0,False,37837800,755.857142857143,8.666666666666666
2,4,1,5,2,1,True,75675600,767.4857142857145,8.666666666666666
2,4,1,5,1,2,True,37837800,709.3428571428572,9.333333333333334
2,4,1,4,4,0,False,47297250,759.7333333333333,8.571428571428571
2,4,1,4,3,1,True,141891750,803.1466666666666,7.857142857142858
2,4,1,4,2,2,True,141891750,781.4399999999999,8.571428571428571
2,4,1,4,1,3,True,47297250,694.6133333333333,9.285714285714286
2,4,1,3,5,0,False,37837800,755.857142857143,8.461538461538462
2,4,1,3,4,1,True,151351200,826.4038095238097,7.692307692307692
2,4,1,3,3,2,True,227026800,836.4819047619048,7.692307692307692
2,4,1,3,2,3,True,151351200,786.0914285714287,8.461538461538462
2,4,1,3,1,4,True,37837800,675.232380952381,10.0
2,4,1,2,6,0,False,18918900,697.7142857142859,9.166666666666668
2,4,1,2,5,1,True,94594500,837.2571428571429,7.5
2,4,1,2,4,2,True,189189000,874.4685714285716,7.5
2,4,1,2,3,3,True,189189000,855.8628571428573,7.5
2,4,1,2,2,4,True,94594500,781.44,8.333333333333334
2,4,1,2,1,5,True,18918900,651.2,10.0
2,4,1,1,7,0,False,5405400,639.5714285714288,10.0
2,4,1,1,6,1,True,32432400,767.4857142857144,8.181818181818182
2,4,1,1,5,2,True,81081000,895.4000000000002,7.2727272727272725
2,4,1,1,4,3,True,108108000,903.9276190476193,7.2727272727272725
2,4,1,1,3,4,True,81081000,861.2895238095242,7.2727272727272725
2,4,1,1,2,5,True,32432400,767.4857142857144,8.181818181818182
2,4,1,1,1,6,True,5405400,622.5161904761904,10.909090909090908
2,4,1,0,8,0,False,675675,581.4285714285716,11.0
2,4,1,0,7,1,False,4729725,697.7142857142858,9.0
2,4,1,0,6,2,False,14189175,814.0000000000001,8.0
2,4,1,0,5,3,False,23648625,930.2857142857143,7.0
2,4,1,0,4,4,False,23648625,914.7809523809525,7.0
2,4,1,0,3,5,False,14189175,852.7619047619049,8.0
2,4,1,0,2,6,False,4729725,744.2285714285714,9.0
2,4,1,0,1,7,False,675675,589.1809523809525,11.0
2,4,0,9,0,0,False,75075,669.5238095238094,9.473684210526317
2,4,0,8,1,0,False,675675,697.7142857142858,9.444444444444445
2,4,0,7,2,0,False,2702700,718.8571428571429,8.823529411764705
2,4,0,7,1,1,False,2702700,694.8952380952381,9.411764705882351
2,4,0,6,3,0,False,6306300,732.952380952381,8.75
2,4,0,6,2,1,False,12612600,744.2285714285715,8.75
2,4,0,6,1,2,False,6306300,687.847619047619,9.375
2,4,0,5,4,0,False,9459450,740.0,8.666666666666666
2,4,0,5,3,1,False,28378350,782.2857142857142,8.0
2,4,0,5,2,2,False,28378350,761.142857142857,8.666666666666666
2,4,0,5,1,3,False,9459450,676.5714285714286,9.333333333333334
2,4,0,4,5,0,False,9459450,739.9999999999999,8.571428571428571
2,4,0,4,4,1,False,37837800,809.0666666666666,7.857142857142858
2,4,0,4,3,2,False,56756700,818.9333333333333,7.857142857142858
2,4,0,4,2,3,False,37837800,769.6,8.571428571428571
2,4,0,4,1,4,False,9459450,661.0666666666666,10.0
2,4,0,3,6,0,False,6306300,687.1428571428571,9.23076923076923
2,4,0,3,5,1,False,31531500,824.5714285714286,7.692307692307692
2,4,0,3,4,2,False,63063000,861.2190476190476,7.692307692307692
2,4,0,3,3,3,False,63063000,842.8952380952381,7.692307692307692
2,4,0,3,2,4,False,31531500,769.6,8.461538461538462
2,4,0,3,1,5,False,6306300,641.3333333333334,10.0
2,4,0,2,7,0,False,2702700,634.2857142857142,10.0
2,4,0,2,6,1,False,16216200,761.142857142857,8.333333333333334
2,4,0,2,5,2,False,40540500,888.0,7.5
2,4,0,2,4,3,False,54054000,896.4571428571428,7.5
2,4,0,2,3,4,False,40540500,854.1714285714287,7.5
2,4,0,2,2,5,False,16216200,761.142857142857,8.333333333333334
2,4,0,2,1,6,False,2702700,617.3714285714284,10.833333333333334
2,4,0,1,8,0,False,675675,581.4285714285714,10.909090909090908
2,4,0,1,7,1,False,4729725,697.7142857142857,9.09090909090909
2,4,0,1,6,2,False,14189175,814.0000000000001,8.181818181818182
2,4,0,1,5,3,False,23648625,930.2857142857143,7.2727272727272725
2,4,0,1,4,4,False,23648625,914.7809523809525,7.2727272727272725
2,4,0,1,3,5,False,14189175,852.7619047619049,8.181818181818182
2,4,0,1,2,6,False,4729725,744.2285714285715,9.09090909090909
2,4,0,1,1,7,False,675675,589.1809523809524,10.909090909090908
2,4,0,0,9,0,False,75075,528.5714285714286,12.0
2,4,0,0,8,1,False,600600,634.2857142857142,10.0
2,4,0,0,7,2,False,2102100,740.0,9.0
2,4,0,0,6,3,False,4204200,845.7142857142857,8.0
2,4,0,0,5,4,False,5255250,951.4285714285714,7.0
2,4,0,0,4,5,False,4204200,916.1904761904761,7.0
2,4,0,0,3,6,False,2102100,838.6666666666665,8.0
2,4,0,0,2,7,False,600600,718.8571428571429,9.0
2,4,0,0,1,8,False,75075,556.7619047619047,12.0
2,3,10,0,0,0,False,30030,585.7142857142857,11.0
2,3,9,1,0,0,False,300300,612.0714285714287,10.909090909090908
2,3,9,0,1,0,False,300300,612.0714285714286,11.0
2,3,8,2,0,0,False,1351350,632.5714285714286,10.0
2,3,8,1,1,0,False,2702700,637.8428571428573,10.0
2,3,8,0,2,0,False,1351350,632.5714285714284,10.0
2,3,8,0,1,1,False,1351350,611.4857142857143,11.0
2,3,7,3,0,0,False,3603600,647.2142857142857,10.0
2,3,7,2,1,0,False,10810800,657.1714285714287,10.0
2,3,7,1,2,0,False,10810800,657.1714285714285,10.0
2,3,7,1,1,1,True,10810800,635.2657142857144,10.0
2,3,7,0,3,0,False,3603600,647.2142857142857,10.0
2,3,7,0,2,1,False,7207200,657.1714285714286,10.0
2,3,7,0,1,2,False,3603600,607.3857142857142,11.0
2,3,6,4,0,0,False,6306300,655.9999999999999,10.0
2,3,6,3,1,0,False,25225200,670.0571428571429,10.0
2,3,6,2,2,0,False,37837800,674.742857142857,10.0
2,3,6,2,1,1,True,37837800,652.2514285714285,10.0
2,3,6,1,3,0,False,25225200,670.0571428571428,10.0
2,3,6,1,2,1,True,50450400,680.3657142857144,10.0
2,3,6,1,1,2,True,25225200,628.8228571428572,10.0
2,3,6,0,4,0,False,6306300,655.9999999999999,10.0
2,3,6,0,3,1,False,18918900,693.4857142857143,10.0
2,3,6,0,2,2,False,18918900,674.7428571428571,10.0
2,3,6,0,1,3,False,6306300,599.7714285714285,11.0
2,3,5,5,0,0,False,7567560,658.9285714285714,10.0
2,3,5,4,1,0,False,37837800,676.5,9.285714285714286
2,3,5,3,2,0,False,75675600,685.2857142857142,9.23076923076923
2,3,5,3,1,1,True,75675600,662.4428571428572,10.0
2,3,5,2,3,0,False,75675600,685.2857142857142,9.166666666666668
2,3,5,2,2,1,True,151351200,695.8285714285714,9.166666666666668
2,3,5,2,1,2,True,75675600,643.1142857142858,10.0
2,3,5,1,4,0,False,37837800,676.5,10.0
2,3,5,1,3,1,True,113513400,715.1571428571428,9.09090909090909
2,3,5,1,2,2,True,113513400,695.8285714285713,9.09090909090909
2,3,5,1,1,3,True,37837800,618.5142857142857,10.909090909090908
2,3,5,0,5,0,False,7567560,658.9285714285714,10.0
2,3,5,0,4,1,False,30270240,720.4285714285714,9.0
2,3,5,0,3,2,False,45405360,729.2142857142858,9.0
2,3,5,0,2,3,False,30270240,685.2857142857143,10.0
2,3,5,0,1,4,False,7567560,588.6428571428571,11.0
2,3,4,6,0,0,False,6306300,656.0,10.0
2,3,4,5,1,0,False,37837800,676.5,9.333333333333334
2,3,4,4,2,0,False,94594500,688.8,9.285714285714286
2,3,4,4,1,1,True,94594500,665.84,10.0
2,3,4,3,3,0,False,126126000,692.9,9.23076923076923
2,3,4,3,2,1,True,252252000,703.56,9.23076923076923
2,3,4,3,1,2,True,126126000,650.26,10.0
2,3,4,2,4,0,False,94594500,688.7999999999998,9.166666666666668
2,3,4,2,3,1,True,283783500,728.16,9.166666666666668
2,3,4,2,2,2,True,283783500,708.4799999999999,9.166666666666668
2,3,4,2,1,3,True,94594500,629.7599999999999,10.0
2,3,4,1,5,0,False,37837800,676.5,10.0
2,3,4,1,4,1,True,151351200,739.6400000000002,9.09090909090909
2,3,4,1,3,2,True,227026800,748.6600000000001,9.09090909090909
2,3,4,1,2,3,True,151351200,703.5600000000001,9.09090909090909
2,3,4,1,1,4,True,37837800,604.34,10.909090909090908
2,3,4,0,6,0,False,6306300,615.0,11.0
2,3,4,0,5,1,False,31531500,737.9999999999999,9.0
2,3,4,0,4,2,False,63063000,770.8,9.0
2,3,4,0,3,3,False,63063000,754.4,9.0
2,3,4,0,2,4,False,31531500,688.8000000000001,10.0
2,3,4,0,1,5,False,6306300,573.9999999999999,11.0
2,3,3,7,0,0,False,3603600,647.2142857142857,9.999999999999998
2,3,3,6,1,0,False,25225200,670.0571428571429,9.375
2,3,3,5,2,0,False,75675600,685.2857142857142,9.333333333333334
2,3,3,5,1,1,True,75675600,662.4428571428572,10.0
2,3,3,4,3,0,False,126126000,692.9,9.285714285714286
2,3,3,4,2,1,True,252252000,703.5600000000001,9.285714285714286
2,3,3,4,1,2,True,126126000,650.2599999999999,10.0
2,3,3,3,4,0,False,126126000,692.9,9.23076923076923
2,3,3,3,3,1,True,378378000,732.4942857142856,9.23076923076923
2,3,3,3,2,2,True,378378000,712.6971428571428,9.23076923076923
2,3,3,3,1,3,True,126126000,633.5085714285714,10.0
2,3,3,2,5,0,False,75675600,685.2857142857142,9.166666666666668
2,3,3,2,4,1,True,302702400,749.2457142857144,9.166666666666668
2,3,3,2,3,2,True,454053600,758.3828571428571,8.333333333333334
2,3,3,2,2,3,True,302702400,712.6971428571428,9.166666666666668
2,3,3,2,1,4,True,75675600,612.1885714285714,10.833333333333334
2,3,3,1,6,0,False,25225200,628.1785714285714,10.0
2,3,3,1,5,1,True,126126000,753.8142857142858,9.09090909090909
2,3,3,1,4,2,True,252252000,787.3171428571429,8.181818181818182
2,3,3,1,3,3,True,252252000,770.5657142857144,8.181818181818182
2,3,3,1,2,4,True,126126000,703.5600000000001,9.09090909090909
2,3,3,1,1,5,True,25225200,586.3000000000001,10.909090909090908
2,3,3,0,7,0,False,3603600,571.0714285714286,11.0
2,3,3,0,6,1,False,21621600,685.2857142857143,10.0
2,3,3,0,5,2,False,54054000,799.5,8.0
2,3,3,0,4,3,False,72072000,807.1142857142856,8.0
2,3,3,0,3,4,False,54054000,769.0428571428573,9.0
2,3,3,0,2,5,False,21621600,685.2857142857143,10.0
2,3,3,0,1,6,False,3603600,555.8428571428572,12.0
2,3,2,8,0,0,False,1351350,632.5714285714286,10.0
2,3,2,7,1,0,False,10810800,657.1714285714286,9.999999999999998
2,3,2,6,2,0,False,37837800,674.7428571428572,9.375
2,3,2,6,1,1,True,37837800,652.2514285714287,10.0
2,3,2,5,3,0,False,75675600,685.2857142857142,9.333333333333334
2,3,2,5,2,1,True,151351200,695.8285714285714,9.333333333333334
2,3,2,5,1,2,True,75675600,643.1142857142856,10.0
2,3,2,4,4,0,False,94594500,688.8,9.285714285714286
2,3,2,4,3,1,True,283783500,728.1599999999999,9.285714285714286
2,3,2,4,2,2,True,283783500,708.4799999999999,9.285714285714286
2,3,2,4,1,3,True,94594500,629.76,10.0
2,3,2,3,5,0,False,75675600,685.2857142857142,9.23076923076923
2,3,2,3,4,1,True,302702400,749.2457142857144,8.461538461538462
2,3,2,3,3,2,True,454053600,758.3828571428572,8.461538461538462
2,3,2,3,2,3,True,302702400,712.6971428571428,9.23076923076923
2,3,2,3,1,4,True,75675600,612.1885714285714,10.769230769230768
2,3,2,2,6,0,False,37837800,632.5714285714286,10.0
2,3,2,2,5,1,True,189189000,759.0857142857143,8.333333333333334
2,3,2,2,4,2,True,378378000,792.8228571428572,8.333333333333334
2,3,2,2,3,3,True,378378000,775.9542857142857,8.333333333333334
2,3,2,2,2,4,True,189189000,708.4800000000001,9.166666666666668
2,3,2,2,1,5,True,37837800,590.4,10.833333333333334
2,3,2,1,7,0,False,10810800,579.8571428571429,10.909090909090908
2,3,2,1,6,1,True,64864800,695.8285714285714,9.09090909090909
2,3,2,1,5,2,True,162162000,811.8,8.181818181818182
2,3,2,1,4,3,True,216216000,819.5314285714287,8.181818181818182
2,3,2,1,3,4,True,162162000,780.874285714286,8.181818181818182
2,3,2,1,2,5,True,64864800,695.8285714285714,9.09090909090909
2,3,2,1,1,6,True,10810800,564.3942857142857,11.818181818181817
2,3,2,0,8,0,False,1351350,527.1428571428571,12.0
2,3,2,0,7,1,False,9459450,632.5714285714286,10.0
2,3,2,0,6,2,False,28378350,737.9999999999999,9.0
2,3,2,0,5,3,False,47297250,843.4285714285714,8.0
2,3,2,0,4,4,False,47297250,829.3714285714286,8.0
2,3,2,0,3,5,False,28378350,773.1428571428571,9.0
2,3,2,0,2,6,False,9459450,674.7428571428571,10.0
2,3,2,0,1,7,False,1351350,534.1714285714286,12.0
2,3,1,9,0,0,False,300300,612.0714285714284,10.526315789473685
2,3,1,8,1,0,False,2702700,637.8428571428573,10.0
2,3,1,7,2,0,False,10810800,657.1714285714286,9.999999999999998
2,3,1,7,1,1,True,10810800,635.2657142857144,9.999999999999998
2,3,1,6,3,0,False,25225200,670.0571428571429,9.375
2,3,1,6,2,1,True,50450400,680.3657142857143,9.375
2,3,1,6,1,2,True,25225200,628.8228571428572,10.0
2,3,1,5,4,0,False,37837800,676.4999999999999,9.333333333333334
2,3,1,5,3,1,True,113513400,715.1571428571428,9.333333333333334
2,3,1,5,2,2,True,113513400,695.8285714285714,9.333333333333334
2,3,1,5,1,3,True,37837800,618.5142857142857,10.666666666666666
2,3,1,4,5,0,False,37837800,676.4999999999999,9.285714285714286
2,3,1,4,4,1,True,151351200,739.6399999999999,8.571428571428571
2,3,1,4,3,2,True,227026800,748.66,8.571428571428571
2,3,1,4,2,3,True,151351200,703.5600000000001,9.285714285714286
2,3,1,4,1,4,True,37837800,604.3399999999999,10.714285714285715
2,3,1,3,6,0,False,25225200,628.1785714285713,10.0
2,3,1,3,5,1,True,126126000,753.8142857142858,8.461538461538462
2,3,1,3,4,2,True,252252000,787.3171428571429,8.461538461538462
2,3,1,3,3,3,True,252252000,770.5657142857143,8.461538461538462
2,3,1,3,2,4,True,126126000,703.5600000000001,9.23076923076923
2,3,1,3,1,5,True,25225200,586.3,10.769230769230768
2,3,1,2,7,0,False,10810800,579.8571428571428,10.833333333333334
2,3,1,2,6,1,True,64864800,695.8285714285714,9.166666666666668
2,3,1,2,5,2,True,162162000,811.8,8.333333333333334
2,3,1,2,4,3,True,216216000,819.5314285714286,8.333333333333334
2,3,1,2,3,4,True,162162000,780.8742857142857,8.333333333333334
2,3,1,2,2,5,True,64864800,695.8285714285714,9.166666666666668
2,3,1,2,1,6,True,10810800,564.3942857142856,11.666666666666668
2,3,1,1,8,0,False,2702700,531.5357142857142,11.818181818181817
2,3,1,1,7,1,True,18918900,637.8428571428573,10.0
2,3,1,1,6,2,True,56756700,744.1500000000001,9.09090909090909
2,3,1,1,5,3,True,94594500,850.4571428571429,8.181818181818182
2,3,1,1,4,4,True,94594500,836.2828571428572,8.181818181818182
2,3,1,1,3,5,True,56756700,779.5857142857144,8.181818181818182
2,3,1,1,2,6,True,18918900,680.3657142857143,10.0
2,3,1,1,1,7,True,2702700,538.6228571428571,11.818181818181817
2,3,1,0,9,0,False,300300,483.21428571428567,13.0
2,3,1,0,8,1,False,2402400,579.8571428571429,11.0
2,3,1,0,7,2,False,8408400,676.5,10.0
2,3,1,0,6,3,False,16816800,773.1428571428571,9.0
2,3,1,0,5,4,False,21021000,869.7857142857143,8.0
2,3,1,0,4,5,False,16816800,837.5714285714286,8.0
2,3,1,0,3,6,False,8408400,766.6999999999999,9.0
2,3,1,0,2,7,False,2402400,657.1714285714285,10.0
2,3,1,0,1,8,False,300300,508.9857142857143,13.0
2,3,0,10,0,0,False,30030,585.7142857142857,11.0
2,3,0,9,1,0,False,300300,612.0714285714284,10.526315789473685
2,3,0,8,2,0,False,1351350,632.5714285714286,10.0
2,3,0,8,1,1,False,1351350,611.4857142857143,10.555555555555555
2,3,0,7,3,0,False,3603600,647.2142857142857,9.999999999999998
2,3,0,7,2,1,False,7207200,657.1714285714286,9.999999999999998
2,3,0,7,1,2,False,3603600,607.3857142857142,10.588235294117647
2,3,0,6,4,0,False,6306300,656.0,10.0
2,3,0,6,3,1,False,18918900,693.4857142857144,9.375
2,3,0,6,2,2,False,18918900,674.7428571428572,9.375
2,3,0,6,1,3,False,6306300,599.7714285714286,10.625
2,3,0,5,5,0,False,7567560,658.9285714285714,10.0
2,3,0,5,4,1,False,30270240,720.4285714285714,9.333333333333334
2,3,0,5,3,2,False,45405360,729.2142857142858,8.666666666666666
2,3,0,5,2,3,False,30270240,685.2857142857142,9.333333333333334
2,3,0,5,1,4,False,7567560,588.6428571428571,10.666666666666666
2,3,0,4,6,0,False,6306300,615.0,10.714285714285715
2,3,0,4,5,1,False,31531500,737.9999999999999,8.571428571428571
2,3,0,4,4,2,False,63063000,770.8,8.571428571428571
2,3,0,4,3,3,False,63063000,754.4,8.571428571428571
2,3,0,4,2,4,False,31531500,688.8,9.285714285714286
2,3,0,4,1,5,False,6306300,574.0,11.428571428571429
2,3,0,3,7,0,False,3603600,571.0714285714286,11.538461538461538
2,3,0,3,6,1,False,21621600,685.2857142857142,9.23076923076923
2,3,0,3,5,2,False,54054000,799.5,8.461538461538462
2,3,0,3,4,3,False,72072000,807.1142857142856,8.461538461538462
2,3,0,3,3,4,False,54054000,769.0428571428573,8.461538461538462
2,3,0,3,2,5,False,21621600,685.2857142857142,9.23076923076923
2,3,0,3,1,6,False,3603600,555.8428571428572,11.538461538461538
2,3,0,2,8,0,False,1351350,527.1428571428571,12.5
2,3,0,2,7,1,False,9459450,632.5714285714286,10.0
2,3,0,2,6,2,False,28378350,738.0,9.166666666666668
2,3,0,2,5,3,False,47297250,843.4285714285713,7.5
2,3,0,2,4,4,False,47297250,829.3714285714285,8.333333333333334
2,3,0,2,3,5,False,28378350,773.142857142857,8.333333333333334
2,3,0,2,2,6,False,9459450,674.742857142857,10.0
2,3,0,2,1,7,False,1351350,534.1714285714285,12.5
2,3,0,1,9,0,False,300300,483.2142857142857,13.636363636363635
2,3,0,1,8,1,False,2402400,579.8571428571429,10.909090909090908
2,3,0,1,7,2,False,8408400,676.5,10.0
2,3,0,1,6,3,False,16816800,773.1428571428571,8.181818181818182
2,3,0,1,5,4,False,21021000,869.7857142857143,7.2727272727272725
2,3,0,1,4,5,False,16816800,837.5714285714286,8.181818181818182
2,3,0,1,3,6,False,8408400,766.7,8.181818181818182
2,3,0,1,2,7,False,2402400,657.1714285714285,10.0
2,3,0,1,1,8,False,300300,508.9857142857143,12.727272727272727
2,3,0,0,10,0,False,30030,439.2857142857143,15.0
2,3,0,0,9,1,False,270270,527.1428571428571,12.0
2,3,0,0,8,2,False,1081080,615.0,11.0
2,3,0,0,7,3,False,2522520,702.8571428571428,9.0
2,3,0,0,6,4,False,3783780,790.7142857142857,8.0
2,3,0,0,5,5,False,3783780,878.5714285714286,8.0
2,3,0,0,4,6,False,2522520,831.7142857142857,8.0
2,3,0,0,3,7,False,1081080,749.7142857142858,9.0
2,3,0,0,2,8,False,270270,632.5714285714286,10.0
2,3,0,0,1,9,False,30030,480.2857142857142,14.0
2,2,11,0,0,0,False,8190,490.0,13.0
2,2,10,1,0,0,False,90090,513.3333333333334,12.727272727272727
2,2,10,0,1,0,False,90090,513.3333333333333,13.0
2,2,9,2,0,0,False,450450,532.0,12.5
2,2,9,1,1,0,False,900900,536.4333333333334,11.818181818181817
2,2,9,0,2,0,False,450450,532.0,12.0
2,2,9,0,1,1,False,450450,514.2666666666667,13.0
2,2,8,3,0,0,False,1351350,546.0,11.538461538461538
2,2,8,2,1,0,False,4054050,554.4,11.666666666666668
2,2,8,1,2,0,False,4054050,554.3999999999999,11.818181818181817
2,2,8,1,1,1,True,4054050,535.9200000000001,11.818181818181817
2,2,8,0,3,0,False,1351350,546.0,12.0
2,2,8,0,2,1,False,2702700,554.4,12.0
2,2,8,0,1,2,False,1351350,512.4,13.0
2,2,7,4,0,0,False,2702700,555.3333333333334,11.428571428571429
2,2,7,3,1,0,False,10810800,567.2333333333333,11.538461538461538
2,2,7,2,2,0,False,16216200,571.2,11.666666666666668
2,2,7,2,1,1,True,16216200,552.1600000000001,11.666666666666668
2,2,7,1,3,0,False,10810800,567.2333333333333,11.818181818181817
2,2,7,1,2,1,True,21621600,575.96,10.909090909090908
2,2,7,1,1,2,True,10810800,532.3266666666667,11.818181818181817
2,2,7,0,4,0,False,2702700,555.3333333333334,12.0
2,2,7,0,3,1,False,8108100,587.0666666666667,11.0
2,2,7,0,2,2,False,8108100,571.2,11.0
2,2,7,0,1,3,False,2702700,507.7333333333334,13.0
2,2,6,5,0,0,False,3783780,560.0,11.333333333333334
2,2,6,4,1,0,False,18918900,574.9333333333333,11.428571428571429
2,2,6,3,2,0,False,37837800,582.4,10.769230769230768
2,2,6,3,1,1,True,37837800,562.9866666666667,11.538461538461538
2,2,6,2,3,0,False,37837800,582.4,10.833333333333334
2,2,6,2,2,1,True,75675600,591.36,10.833333333333334
2,2,6,2,1,2,True,37837800,546.56,11.666666666666668
2,2,6,1,4,0,False,18918900,574.9333333333334,10.909090909090908
2,2,6,1,3,1,True,56756700,607.7866666666666,10.909090909090908
2,2,6,1,2,2,True,56756700,591.3600000000001,10.909090909090908
2,2,6,1,1,3,True,18918900,525.6533333333333,12.727272727272727
2,2,6,0,5,0,False,3783780,560.0,12.0
2,2,6,0,4,1,False,15135120,612.2666666666667,11.0
2,2,6,0,3,2,False,22702680,619.7333333333333,11.0
2,2,6,0,2,3,False,15135120,582.4,11.0
2,2,6,0,1,4,False,3783780,500.2666666666667,13.0
2,2,5,6,0,0,False,3783780,560.0,11.25
2,2,5,5,1,0,False,22702680,577.5000000000001,11.333333333333334
2,2,5,4,2,0,False,56756700,588.0,10.714285714285715
2,2,5,4,1,1,True,56756700,568.4000000000001,11.428571428571429
2,2,5,3,3,0,False,75675600,591.5,10.769230769230768
2,2,5,3,2,1,True,151351200,600.6,10.769230769230768
2,2,5,3,1,2,True,75675600,555.0999999999999,11.538461538461538
2,2,5,2,4,0,False,56756700,588.0,10.833333333333334
2,2,5,2,3,1,True,170270100,621.6,10.833333333333334
2,2,5,2,2,2,True,170270100,604.7999999999998,10.833333333333334
2,2,5,2,1,3,True,56756700,537.6,11.666666666666668
2,2,5,1,5,0,False,22702680,577.5,10.909090909090908
2,2,5,1,4,1,True,90810720,631.4000000000001,10.0
2,2,5,1,3,2,True,136216080,639.1,10.0
2,2,5,1,2,3,True,90810720,600.6,10.909090909090908
2,2,5,1,1,4,True,22702680,515.9000000000001,12.727272727272727
2,2,5,0,6,0,False,3783780,525.0,12.0
2,2,5,0,5,1,False,18918900,630.0,10.0
2,2,5,0,4,2,False,37837800,658.0,10.0
2,2,5,0,3,3,False,37837800,644.0,10.0
2,2,5,0,2,4,False,18918900,588.0,11.0
2,2,5,0,1,5,False,3783780,490.0,13.0
2,2,4,7,0,0,False,2702700,555.3333333333334,11.76470588235294
2,2,4,6,1,0,False,18918900,574.9333333333333,11.25
2,2,4,5,2,0,False,56756700,587.9999999999999,10.666666666666666
2,2,4,5,1,1,True,56756700,568.4,11.333333333333334
2,2,4,4,3,0,False,94594500,594.5333333333333,10.714285714285715
2,2,4,4,2,1,True,189189000,603.6800000000001,10.714285714285715
2,2,4,4,1,2,True,94594500,557.9466666666666,11.428571428571429
2,2,4,3,4,0,False,94594500,594.5333333333333,10.769230769230768
2,2,4,3,3,1,True,283783500,628.5066666666667,10.0
2,2,4,3,2,2,True,283783500,611.5199999999999,10.769230769230768
2,2,4,3,1,3,True,94594500,543.5733333333334,11.538461538461538
2,2,4,2,5,0,False,56756700,588.0,10.833333333333334
2,2,4,2,4,1,True,227026800,642.88,10.0
2,2,4,2,3,2,True,340540200,650.7199999999999,10.0
2,2,4,2,2,3,True,227026800,611.52,10.833333333333334
2,2,4,2,1,4,True,56756700,525.28,12.5
2,2,4,1,6,0,False,18918900,539.0,11.818181818181817
2,2,4,1,5,1,True,94594500,646.8000000000001,10.0
2,2,4,1,4,2,True,189189000,675.5466666666667,10.0
2,2,4,1,3,3,True,189189000,661.1733333333333,10.0
2,2,4,1,2,4,True,94594500,603.68,10.909090909090908
2,2,4,1,1,5,True,18918900,503.06666666666666,12.727272727272727
2,2,4,0,7,0,False,2702700,490.0,13.0
2,2,4,0,6,1,False,16216200,588.0,11.0
2,2,4,0,5,2,False,40540500,686.0,10.0
2,2,4,0,4,3,False,54054000,692.5333333333334,10.0
2,2,4,0,3,4,False,40540500,659.8666666666668,10.0
2,2,4,0,2,5,False,16216200,588.0,11.0
2,2,4,0,1,6,False,2702700,476.9333333333333,14.0
2,2,3,8,0,0,False,1351350,546.0,11.666666666666666
2,2,3,7,1,0,False,10810800,567.2333333333335,11.176470588235293
2,2,3,6,2,0,False,37837800,582.4,11.25
2,2,3,6,1,1,True,37837800,562.9866666666667,11.25
2,2,3,5,3,0,False,75675600,591.5,10.666666666666666
2,2,3,5,2,1,True,151351200,600.5999999999999,10.666666666666666
2,2,3,5,1,2,True,75675600,555.1,11.333333333333334
2,2,3,4,4,0,False,94594500,594.5333333333332,10.714285714285715
2,2,3,4,3,1,True,283783500,628.5066666666665,10.0
2,2,3,4,2,2,True,283783500,611.5199999999999,10.714285714285715
2,2,3,4,1,3,True,94594500,543.5733333333333,12.142857142857144
2,2,3,3,5,0,False,75675600,591.5,10.769230769230768
2,2,3,3,4,1,True,302702400,646.7066666666667,10.0
2,2,3,3,3,2,True,454053600,654.5933333333334,10.0
2,2,3,3,2,3,True,302702400,615.16,10.769230769230768
2,2,3,3,1,4,True,75675600,528.4066666666666,12.307692307692307
2,2,3,2,6,0,False,37837800,546.0,11.666666666666668
2,2,3,2,5,1,True,189189000,655.1999999999999,10.0
2,2,3,2,4,2,True,378378000,684.32,9.166666666666668
2,2,3,2,3,3,True,378378000,669.76,10.0
2,2,3,2,2,4,True,189189000,611.52,10.833333333333334
2,2,3,2,1,5,True,37837800,509.5999999999999,12.5
2,2,3,1,7,0,False,10810800,500.50000000000006,12.727272727272727
2,2,3,1,6,1,True,64864800,600.6,10.909090909090908
2,2,3,1,5,2,True,162162000,700.7,9.09090909090909
2,2,3,1,4,3,True,216216000,707.3733333333333,9.09090909090909
2,2,3,1,3,4,True,162162000,674.0066666666669,10.0
2,2,3,1,2,5,True,64864800,600.6,10.909090909090908
2,2,3,1,1,6,True,10810800,487.1533333333333,13.636363636363635
2,2,3,0,8,0,False,1351350,455.0,14.0
2,2,3,0,7,1,False,9459450,546.0,12.0
2,2,3,0,6,2,False,28378350,637.0,10.0
2,2,3,0,5,3,False,47297250,727.9999999999999,9.0
2,2,3,0,4,4,False,47297250,715.8666666666667,9.0
2,2,3,0,3,5,False,28378350,667.3333333333334,10.0
2,2,3,0,2,6,False,9459450,582.4,11.0
2,2,3,0,1,7,False,1351350,461.06666666666666,14.0
2,2,2,9,0,0,False,450450,532.0,12.105263157894738
2,2,2,8,1,0,False,4054050,554.4,11.666666666666666
2,2,2,7,2,0,False,16216200,571.2,11.176470588235293
2,2,2,7,1,1,True,16216200,552.1600000000001,11.76470588235294
2,2,2,6,3,0,False,37837800,582.4,11.25
2,2,2,6,2,1,True,75675600,591.36,10.625
2,2,2,6,1,2,True,37837800,546.56,11.875
2,2,2,5,4,0,False,56756700,587.9999999999999,10.666666666666666
2,2,2,5,3,1,True,170270100,621.5999999999999,10.666666666666666
2,2,2,5,2,2,True,170270100,604.8,10.666666666666666
2,2,2,5,1,3,True,56756700,537.5999999999999,12.0
2,2,2,4,5,0,False,56756700,588.0,10.714285714285715
2,2,2,4,4,1,True,227026800,642.88,10.0
2,2,2,4,3,2,True,340540200,650.72,10.0
2,2,2,4,2,3,True,227026800,611.52,10.714285714285715
2,2,2,4,1,4,True,56756700,525.28,12.142857142857144
2,2,2,3,6,0,False,37837800,546.0,11.538461538461538
2,2,2,3,5,1,True,189189000,655.2,10.0
2,2,2,3,4,2,True,378378000,684.32,9.23076923076923
2,2,2,3,3,3,True,378378000,669.7600000000001,10.0
2,2,2,3,2,4,True,189189000,611.5200000000001,10.769230769230768
2,2,2,3,1,5,True,37837800,509.59999999999997,12.307692307692307
2,2,2,2,7,0,False,16216200,504.0,12.5
2,2,2,2,6,1,True,97297200,604.8,10.833333333333334
2,2,2,2,5,2,True,243243000,705.6,9.166666666666668
2,2,2,2,4,3,True,324324000,712.32,9.166666666666668
2,2,2,2,3,4,True,243243000,678.72,10.0
2,2,2,2,2,5,True,97297200,604.8,10.833333333333334
2,2,2,2,1,6,True,16216200,490.56,13.333333333333334
2,2,2,1,8,0,False,4054050,462.00000000000006,13.636363636363635
2,2,2,1,7,1,True,28378350,554.4000000000001,11.818181818181817
2,2,2,1,6,2,True,85135050,646.8000000000001,10.0
2,2,2,1,5,3,True,141891750,739.2,9.09090909090909
2,2,2,1,4,4,True,141891750,726.8800000000001,9.09090909090909
2,2,2,1,3,5,True,85135050,677.6,10.0
2,2,2,1,2,6,True,28378350,591.3600000000001,10.909090909090908
2,2,2,1,1,7,True,4054050,468.16,13.636363636363635
2,2,2,0,9,0,False,450450,420.0,15.0
2,2,2,0,8,1,False,3603600,504.0,13.0
2,2,2,0,7,2,False,12612600,588.0,11.0
2,2,2,0,6,3,False,25225200,672.0,10.0
2,2,2,0,5,4,False,31531500,756.0,9.0
2,2,2,0,4,5,False,25225200,727.9999999999999,9.0
2,2,2,0,3,6,False,12612600,666.3999999999999,10.0
2,2,2,0,2,7,False,3603600,571.1999999999999,11.0
2,2,2,0,1,8,False,450450,442.40000000000003,15.0
2,2,1,10,0,0,False,90090,513.3333333333333,12.5
2,2,1,9,1,0,False,900900,536.4333333333334,12.105263157894738
2,2,1,8,2,0,False,4054050,554.3999999999999,11.666666666666666
2,2,1,8,1,1,True,4054050,535.9200000000001,11.666666666666666
2,2,1,7,3,0,False,10810800,567.2333333333335,11.176470588235293
2,2,1,7,2,1,True,21621600,575.96,11.176470588235293
2,2,1,7,1,2,True,10810800,532.3266666666667,11.76470588235294
2,2,1,6,4,0,False,18918900,574.9333333333333,11.25
2,2,1,6,3,1,True,56756700,607.7866666666667,10.625
2,2,1,6,2,2,True,56756700,591.36,10.625
2,2,1,6,1,3,True,18918900,525.6533333333333,12.5
2,2,1,5,5,0,False,22702680,577.5,11.333333333333334
2,2,1,5,4,1,True,90810720,631.4,10.0
2,2,1,5,3,2,True,136216080,639.1000000000001,10.0
2,2,1,5,2,3,True,90810720,600.5999999999999,10.666666666666666
2,2,1,5,1,4,True,22702680,515.9,12.666666666666666
2,2,1,4,6,0,False,18918900,539.0,12.142857142857144
2,2,1,4,5,1,True,94594500,646.8,10.0
2,2,1,4,4,2,True,189189000,675.5466666666666,9.285714285714286
2,2,1,4,3,3,True,189189000,661.1733333333333,10.0
2,2,1,4,2,4,True,94594500,603.6800000000001,10.714285714285715
2,2,1,4,1,5,True,18918900,503.06666666666655,12.857142857142858
2,2,1,3,7,0,False,10810800,500.5,13.076923076923077
2,2,1,3,6,1,True,64864800,600.6,10.769230769230768
2,2,1,3,5,2,True,162162000,700.7,9.23076923076923
2,2,1,3,4,3,True,216216000,707.3733333333333,9.23076923076923
2,2,1,3,3,4,True,162162000,674.0066666666668,10.0
2,2,1,3,2,5,True,64864800,600.6,10.769230769230768
2,2,1,3,1,6,True,10810800,487.1533333333333,13.076923076923077
2,2,1,2,8,0,False,4054050,462.0,14.166666666666668
2,2,1,2,7,1,True,28378350,554.4,11.666666666666668
2,2,1,2,6,2,True,85135050,646.8,10.0
2,2,1,2,5,3,True,141891750,739.1999999999998,9.166666666666668
2,2,1,2,4,4,True,141891750,726.88,9.166666666666668
2,2,1,2,3,5,True,85135050,677.6,10.0
2,2,1,2,2,6,True,28378350,591.3599999999999,10.833333333333334
2,2,1,2,1,7,True,4054050,468.15999999999997,14.166666666666668
2,2,1,1,9,0,False,900900,423.50000000000006,15.454545454545453
2,2,1,1,8,1,True,7207200,508.20000000000005,12.727272727272727
2,2,1,1,7,2,True,25225200,592.9000000000001,10.909090909090908
2,2,1,1,6,3,True,50450400,677.5999999999999,10.0
2,2,1,1,5,4,True,63063000,762.3000000000001,9.09090909090909
2,2,1,1,4,5,True,50450400,734.0666666666667,9.09090909090909
2,2,1,1,3,6,True,25225200,671.9533333333333,10.0
2,2,1,1,2,7,True,7207200,575.9599999999999,10.909090909090908
2,2,1,1,1,8,True,900900,446.08666666666664,14.545454545454545
2,2,1,0,10,0,False,90090,385.0,17.0
2,2,1,0,9,1,False,810810,462.0,14.0
2,2,1,0,8,2,False,3243240,539.0,12.0
2,2,1,0,7,3,False,7567560,615.9999999999999,11.0
2,2,1,0,6,4,False,11351340,693.0,10.0
2,2,1,0,5,5,False,11351340,770.0,9.0
2,2,1,0,4,6,False,7567560,728.9333333333333,9.0
2,2,1,0,3,7,False,3243240,657.0666666666668,10.0
2,2,1,0,2,8,False,810810,554.4,12.0
2,2,1,0,1,9,False,90090,420.9333333333333,15.0
2,2,0,11,0,0,False,8190,490.0,12.857142857142856
2,2,0,10,1,0,False,90090,513.3333333333333,12.5
2,2,0,9,2,0,False,450450,532.0,12.105263157894738
2,2,0,9,1,1,False,450450,514.2666666666667,12.631578947368421
2,2,0,8,3,0,False,1351350,546.0,11.666666666666666
2,2,0,8,2,1,False,2702700,554.4,11.666666666666666
2,2,0,8,1,2,False,1351350,512.4,12.222222222222221
2,2,0,7,4,0,False,2702700,555.3333333333334,11.76470588235294
2,2,0,7,3,1,False,8108100,587.0666666666667,11.176470588235293
2,2,0,7,2,2,False,8108100,571.2,11.176470588235293
2,2,0,7,1,3,False,2702700,507.7333333333334,12.352941176470587
2,2,0,6,5,0,False,3783780,560.0,11.25
2,2,0,6,4,1,False,15135120,612.2666666666667,10.625
2,2,0,6,3,2,False,22702680,619.7333333333335,10.625
2,2,0,6,2,3,False,15135120,582.4,11.25
2,2,0,6,1,4,False,3783780,500.2666666666667,12.5
2,2,0,5,6,0,False,3783780,525.0,12.0
2,2,0,5,5,1,False,18918900,630.0,10.0
2,2,0,5,4,2,False,37837800,658.0,10.0
2,2,0,5,3,3,False,37837800,644.0,10.0
2,2,0,5,2,4,False,18918900,588.0,10.666666666666666
2,2,0,5,1,5,False,3783780,489.99999999999994,13.333333333333334
2,2,0,4,7,0,False,2702700,489.99999999999994,12.857142857142858
2,2,0,4,6,1,False,16216200,588.0,10.714285714285715
2,2,0,4,5,2,False,40540500,686.0,9.285714285714286
2,2,0,4,4,3,False,54054000,692.5333333333332,9.285714285714286
2,2,0,4,3,4,False,40540500,659.8666666666667,10.0
2,2,0,4,2,5,False,16216200,588.0,10.714285714285715
2,2,0,4,1,6,False,2702700,476.9333333333332,13.571428571428573
2,2,0,3,8,0,False,1351350,455.0,13.846153846153845
2,2,0,3,7,1,False,9459450,546.0,11.538461538461538
2,2,0,3,6,2,False,28378350,637.0,10.0
2,2,0,3,5,3,False,47297250,728.0,9.23076923076923
2,2,0,3,4,4,False,47297250,715.8666666666667,9.23076923076923
2,2,0,3,3,5,False,28378350,667.3333333333333,10.0
2,2,0,3,2,6,False,9459450,582.4,10.769230769230768
2,2,0,3,1,7,False,1351350,461.0666666666666,13.846153846153845
2,2,0,2,9,0,False,450450,420.0,15.0
2,2,0,2,8,1,False,3603600,504.0,12.5
2,2,0,2,7,2,False,12612600,588.0,10.833333333333334
2,2,0,2,6,3,False,25225200,672.0,10.0
2,2,0,2,5,4,False,31531500,756.0,8.333333333333334
2,2,0,2,4,5,False,25225200,727.9999999999999,9.166666666666668
2,2,0,2,3,6,False,12612600,666.4,10.0
2,2,0,2,2,7,False,3603600,571.1999999999999,11.666666666666668
2,2,0,2,1,8,False,450450,442.40000000000003,14.166666666666668
2,2,0,1,10,0,False,90090,385.00000000000006,16.363636363636363
2,2,0,1,9,1,False,810810,462.00000000000006,13.636363636363635
2,2,0,1,8,2,False,3243240,539.0,11.818181818181817
2,2,0,1,7,3,False,7567560,616.0,10.909090909090908
2,2,0,1,6,4,False,11351340,693.0,9.09090909090909
2,2,0,1,5,5,False,11351340,770.0000000000001,8.181818181818182
2,2,0,1,4,6,False,7567560,728.9333333333334,9.09090909090909
2,2,0,1,3,7,False,3243240,657.0666666666668,10.0
2,2,0,1,2,8,False,810810,554.4000000000001,11.818181818181817
2,2,0,1,1,9,False,90090,420.93333333333334,15.454545454545453
2,2,0,0,11,0,False,8190,350.0,18.0
2,2,0,0,10,1,False,81900,420.0,15.0
2,2,0,0,9,2,False,368550,490.0,13.0
2,2,0,0,8,3,False,982800,560.0,12.0
2,2,0,0,7,4,False,1719900,630.0,10.0
2,2,0,0,6,5,False,2063880,700.0,9.0
2,2,0,0,5,6,False,1719900,770.0,9.0
2,2,0,0,4,7,False,982800,718.6666666666666,9.0
2,2,0,0,3,8,False,368550,639.3333333333334,10.0
2,2,0,0,2,9,False,81900,531.9999999999999,12.0
2,2,0,0,1,10,False,8190,396.6666666666667,16.0
2,1,12,0,0,0,False,1365,382.3809523809524,17.0
2,1,11,1,0,0,False,16380,401.50000000000006,16.363636363636363
2,1,11,0,1,0,False,16380,401.5,16.0
2,1,10,2,0,0,False,90090,417.1428571428571,15.0
2,1,10,1,1,0,False,180180,420.6190476190477,15.454545454545453
2,1,10,0,2,0,False,90090,417.1428571428571,15.0
2,1,10,0,1,1,False,90090,403.23809523809524,16.0
2,1,9,3,0,0,False,300300,429.30952380952385,14.615384615384615
2,1,9,2,1,0,False,900900,435.9142857142857,15.0
2,1,9,1,2,0,False,900900,435.91428571428565,14.545454545454545
2,1,9,1,1,1,True,900900,421.3838095238096,15.454545454545453
2,1,9,0,3,0,False,300300,429.3095238095238,15.0
2,1,9,0,2,1,False,600600,435.9142857142857,15.0
2,1,9,0,1,2,False,300300,402.89047619047614,16.0
2,1,8,4,0,0,False,675675,437.99999999999994,14.285714285714286
2,1,8,3,1,0,False,2702700,447.38571428571436,14.615384615384615
2,1,8,2,2,0,False,4054050,450.5142857142857,14.166666666666668
2,1,8,2,1,1,True,4054050,435.49714285714293,15.0
2,1,8,1,3,0,False,2702700,447.38571428571436,14.545454545454545
2,1,8,1,2,1,True,5405400,454.2685714285714,14.545454545454545
2,1,8,1,1,2,True,2702700,419.8542857142857,15.454545454545453
2,1,8,0,4,0,False,675675,437.99999999999994,15.0
2,1,8,0,3,1,False,2027025,463.0285714285714,14.0
2,1,8,0,2,2,False,2027025,450.5142857142857,14.0
2,1,8,0,1,3,False,675675,400.45714285714286,16.0
2,1,7,5,0,0,False,1081080,443.2142857142858,14.666666666666666
2,1,7,4,1,0,False,5405400,455.03333333333336,14.285714285714286
2,1,7,3,2,0,False,10810800,460.94285714285724,13.846153846153845
2,1,7,3,1,1,True,10810800,445.57809523809533,14.615384615384615
2,1,7,2,3,0,False,10810800,460.94285714285724,14.166666666666668
2,1,7,2,2,1,True,21621600,468.0342857142857,14.166666666666668
2,1,7,2,1,2,True,10810800,432.5771428571429,15.0
2,1,7,1,4,0,False,5405400,455.0333333333335,14.545454545454545
2,1,7,1,3,1,True,16216200,481.0352380952382,13.636363636363635
2,1,7,1,2,2,True,16216200,468.0342857142858,13.636363636363635
2,1,7,1,1,3,True,5405400,416.03047619047624,15.454545454545453
2,1,7,0,5,0,False,1081080,443.2142857142858,15.0
2,1,7,0,4,1,False,4324320,484.58095238095245,13.0
2,1,7,0,3,2,False,6486480,490.4904761904763,13.0
2,1,7,0,2,3,False,4324320,460.94285714285724,14.0
2,1,7,0,1,4,False,1081080,395.93809523809534,16.0
2,1,6,6,0,0,False,1261260,444.95238095238096,14.375
2,1,6,5,1,0,False,7567560,458.8571428571429,14.0
2,1,6,4,2,0,False,18918900,467.1999999999999,13.571428571428573
2,1,6,4,1,1,True,18918900,451.6266666666666,14.285714285714286
2,1,6,3,3,0,False,25225200,469.9809523809524,13.846153846153845
2,1,6,3,2,1,True,50450400,477.2114285714286,13.846153846153845
2,1,6,3,1,2,True,25225200,441.05904761904765,14.615384615384615
2,1,6,2,4,0,False,18918900,467.1999999999999,14.166666666666668
2,1,6,2,3,1,True,56756700,493.8971428571428,13.333333333333334
2,1,6,2,2,2,True,56756700,480.54857142857134,13.333333333333334
2,1,6,2,1,3,True,18918900,427.15428571428566,15.0
2,1,6,1,5,0,False,7567560,458.85714285714283,13.636363636363635
2,1,6,1,4,1,True,30270240,501.6838095238096,12.727272727272727
2,1,6,1,3,2,True,45405360,507.8019047619048,12.727272727272727
2,1,6,1,2,3,True,30270240,477.2114285714286,13.636363636363635
2,1,6,1,1,4,True,7567560,409.912380952381,15.454545454545453
2,1,6,0,6,0,False,1261260,417.1428571428571,15.0
2,1,6,0,5,1,False,6306300,500.57142857142856,13.0
2,1,6,0,4,2,False,12612600,522.8190476190476,12.0
2,1,6,0,3,3,False,12612600,511.69523809523804,13.0
2,1,6,0,2,4,False,6306300,467.20000000000005,14.0
2,1,6,0,1,5,False,1261260,389.33333333333326,17.0
2,1,5,7,0,0,False,1081080,443.2142857142858,14.117647058823527
2,1,5,6,1,0,False,7567560,458.8571428571429,13.75
2,1,5,5,2,0,False,22702680,469.2857142857142,13.333333333333334
2,1,5,5,1,1,True,22702680,453.64285714285717,14.0
2,1,5,4,3,0,False,37837800,474.4999999999999,13.571428571428573
2,1,5,4,2,1,True,75675600,481.8,13.571428571428573
2,1,5,4,1,2,True,37837800,445.2999999999999,14.285714285714286
2,1,5,3,4,0,False,37837800,474.5,13.846153846153845
2,1,5,3,3,1,True,113513400,501.6142857142857,13.076923076923077
2,1,5,3,2,2,True,113513400,488.0571428571428,13.076923076923077
2,1,5,3,1,3,True,37837800,433.8285714285715,14.615384615384615
2,1,5,2,5,0,False,22702680,469.2857142857142,13.333333333333334
2,1,5,2,4,1,True,90810720,513.0857142857143,12.5
2,1,5,2,3,2,True,136216080,519.3428571428572,12.5
2,1,5,2,2,3,True,90810720,488.0571428571428,13.333333333333334
2,1,5,2,1,4,True,22702680,419.22857142857146,15.0
2,1,5,1,6,0,False,7567560,430.17857142857144,14.545454545454545
2,1,5,1,5,1,True,37837800,516.2142857142858,12.727272727272727
2,1,5,1,4,2,True,75675600,539.1571428571428,11.818181818181817
2,1,5,1,3,3,True,75675600,527.6857142857143,12.727272727272727
2,1,5,1,2,4,True,37837800,481.8,13.636363636363635
2,1,5,1,1,5,True,7567560,401.50000000000006,16.363636363636363
2,1,5,0,7,0,False,1081080,391.07142857142856,16.0
2,1,5,0,6,1,False,6486480,469.2857142857143,14.0
2,1,5,0,5,2,False,16216200,547.5,12.0
2,1,5,0,4,3,False,21621600,552.7142857142857,12.0
2,1,5,0,3,4,False,16216200,526.6428571428572,12.0
2,1,5,0,2,5,False,6486480,469.2857142857143,14.0
2,1,5,0,1,6,False,1081080,380.6428571428571,17.0
2,1,4,8,0,0,False,675675,437.99999999999994,14.444444444444445
2,1,4,7,1,0,False,5405400,455.0333333333334,14.117647058823527
2,1,4,6,2,0,False,18918900,467.19999999999993,13.75
2,1,4,6,1,1,True,18918900,451.62666666666667,14.375
2,1,4,5,3,0,False,37837800,474.5,13.333333333333334
2,1,4,5,2,1,True,75675600,481.79999999999995,13.333333333333334
2,1,4,5,1,2,True,37837800,445.29999999999995,14.666666666666666
2,1,4,4,4,0,False,47297250,476.93333333333317,13.571428571428573
2,1,4,4,3,1,True,141891750,504.18666666666655,12.857142857142858
2,1,4,4,2,2,True,141891750,490.55999999999983,12.857142857142858
2,1,4,4,1,3,True,47297250,436.0533333333333,15.000000000000002
2,1,4,3,5,0,False,37837800,474.49999999999994,13.846153846153845
2,1,4,3,4,1,True,151351200,518.7866666666666,12.307692307692307
2,1,4,3,3,2,True,227026800,525.1133333333332,12.307692307692307
2,1,4,3,2,3,True,151351200,493.47999999999996,13.076923076923077
2,1,4,3,1,4,True,37837800,423.88666666666666,15.384615384615383
2,1,4,2,6,0,False,18918900,437.99999999999994,15.0
2,1,4,2,5,1,True,94594500,525.5999999999999,12.5
2,1,4,2,4,2,True,189189000,548.9599999999999,11.666666666666668
2,1,4,2,3,3,True,189189000,537.2799999999999,11.666666666666668
2,1,4,2,2,4,True,94594500,490.56,13.333333333333334
2,1,4,2,1,5,True,18918900,408.7999999999999,15.833333333333334
2,1,4,1,7,0,False,5405400,401.49999999999994,16.363636363636363
2,1,4,1,6,1,True,32432400,481.79999999999995,13.636363636363635
2,1,4,1,5,2,True,81081000,562.1,11.818181818181817
2,1,4,1,4,3,True,108108000,567.4533333333333,11.818181818181817
2,1,4,1,3,4,True,81081000,540.6866666666667,11.818181818181817
2,1,4,1,2,5,True,32432400,481.79999999999995,13.636363636363635
2,1,4,1,1,6,True,5405400,390.7933333333333,16.363636363636363
2,1,4,0,8,0,False,675675,364.99999999999994,18.0
2,1,4,0,7,1,False,4729725,437.99999999999994,15.0
2,1,4,0,6,2,False,14189175,510.99999999999994,13.0
2,1,4,0,5,3,False,23648625,583.9999999999999,11.0
2,1,4,0,4,4,False,23648625,574.2666666666667,11.0
2,1,4,0,3,5,False,14189175,535.3333333333334,12.0
2,1,4,0,2,6,False,4729725,467.19999999999993,14.0
2,1,4,0,1,7,False,675675,369.8666666666666,17.0
2,1,3,9,0,0,False,300300,429.30952380952374,14.73684210526316
2,1,3,8,1,0,False,2702700,447.3857142857143,14.444444444444445
2,1,3,7,2,0,False,10810800,460.9428571428571,14.117647058823527
2,1,3,7,1,1,True,10810800,445.57809523809533,14.117647058823527
2,1,3,6,3,0,False,25225200,469.98095238095243,13.75
2,1,3,6,2,1,True,50450400,477.2114285714286,13.125
2,1,3,6,1,2,True,25225200,441.0590476190476,14.375
2,1,3,5,4,0,False,37837800,474.5,13.333333333333334
2,1,3,5,3,1,True,113513400,501.61428571428564,12.666666666666666
2,1,3,5,2,2,True,113513400,488.0571428571428,13.333333333333334
2,1,3,5,1,3,True,37837800,433.8285714285714,14.666666666666666
2,1,3,4,5,0,False,37837800,474.4999999999999,13.571428571428573
2,1,3,4,4,1,True,151351200,518.7866666666666,12.142857142857144
2,1,3,4,3,2,True,227026800,525.1133333333333,12.142857142857144
2,1,3,4,2,3,True,151351200,493.47999999999996,12.857142857142858
2,1,3,4,1,4,True,37837800,423.88666666666666,15.000000000000002
2,1,3,3,6,0,False,25225200,440.60714285714283,14.615384615384615
2,1,3,3,5,1,True,126126000,528.7285714285715,12.307692307692307
2,1,3,3,4,2,True,252252000,552.227619047619,11.538461538461538
2,1,3,3,3,3,True,252252000,540.4780952380953,12.307692307692307
2,1,3,3,2,4,True,126126000,493.48,13.076923076923077
2,1,3,3,1,5,True,25225200,411.23333333333335,15.384615384615383
2,1,3,2,7,0,False,10810800,406.71428571428567,15.833333333333334
2,1,3,2,6,1,True,64864800,488.0571428571428,13.333333333333334
2,1,3,2,5,2,True,162162000,569.4,11.666666666666668
2,1,3,2,4,3,True,216216000,574.8228571428572,11.666666666666668
2,1,3,2,3,4,True,162162000,547.7085714285715,11.666666666666668
2,1,3,2,2,5,True,64864800,488.0571428571428,13.333333333333334
2,1,3,2,1,6,True,10810800,395.86857142857133,15.833333333333334
2,1,3,1,8,0,False,2702700,372.82142857142856,17.27272727272727
2,1,3,1,7,1,True,18918900,447.38571428571436,14.545454545454545
2,1,3,1,6,2,True,56756700,521.95,12.727272727272727
2,1,3,1,5,3,True,94594500,596.5142857142857,10.909090909090908
2,1,3,1,4,4,True,94594500,586.5723809523811,10.909090909090908
2,1,3,1,3,5,True,56756700,546.804761904762,11.818181818181817
2,1,3,1,2,6,True,18918900,477.21142857142854,13.636363636363635
2,1,3,1,1,7,True,2702700,377.79238095238094,17.27272727272727
2,1,3,0,9,0,False,300300,338.9285714285714,19.0
2,1,3,0,8,1,False,2402400,406.7142857142857,16.0
2,1,3,0,7,2,False,8408400,474.5,14.0
2,1,3,0,6,3,False,16816800,542.2857142857142,12.0
2,1,3,0,5,4,False,21021000,610.0714285714286,11.0
2,1,3,0,4,5,False,16816800,587.4761904761905,11.0
2,1,3,0,3,6,False,8408400,537.7666666666667,12.0
2,1,3,0,2,7,False,2402400,460.9428571428571,14.0
2,1,3,0,1,8,False,300300,357.0047619047619,18.0
2,1,2,10,0,0,False,90090,417.1428571428571,15.0
2,1,2,9,1,0,False,900900,435.91428571428565,14.73684210526316
2,1,2,8,2,0,False,4054050,450.51428571428573,13.88888888888889
2,1,2,8,1,1,True,4054050,435.4971428571429,14.444444444444445
2,1,2,7,3,0,False,10810800,460.9428571428571,14.117647058823527
2,1,2,7,2,1,True,21621600,468.03428571428583,13.52941176470588
2,1,2,7,1,2,True,10810800,432.5771428571429,14.705882352941176
2,1,2,6,4,0,False,18918900,467.19999999999993,13.75
2,1,2,6,3,1,True,56756700,493.89714285714285,13.125
2,1,2,6,2,2,True,56756700,480.54857142857145,13.125
2,1,2,6,1,3,True,18918900,427.15428571428566,15.0
2,1,2,5,5,0,False,22702680,469.2857142857142,13.333333333333334
2,1,2,5,4,1,True,90810720,513.0857142857143,12.666666666666666
2,1,2,5,3,2,True,136216080,519.3428571428572,12.666666666666666
2,1,2,5,2,3,True,90810720,488.0571428571428,13.333333333333334
2,1,2,5,1,4,True,22702680,419.2285714285715,15.333333333333334
2,1,2,4,6,0,False,18918900,437.99999999999994,14.285714285714286
2,1,2,4,5,1,True,94594500,525.5999999999999,12.142857142857144
2,1,2,4,4,2,True,189189000,548.9599999999999,11.428571428571429
2,1,2,4,3,3,True,189189000,537.28,12.142857142857144
2,1,2,4,2,4,True,94594500,490.55999999999995,12.857142857142858
2,1,2,4,1,5,True,18918900,408.7999999999999,15.714285714285715
2,1,2,3,7,0,False,10810800,406.7142857142857,15.384615384615383
2,1,2,3,6,1,True,64864800,488.0571428571428,13.076923076923077
2,1,2,3,5,2,True,162162000,569.4,11.538461538461538
2,1,2,3,4,3,True,216216000,574.8228571428572,11.538461538461538
2,1,2,3,3,4,True,162162000,547.7085714285715,11.538461538461538
2,1,2,3,2,5,True,64864800,488.0571428571428,13.076923076923077
2,1,2,3,1,6,True,10810800,395.86857142857144,16.153846153846153
2,1,2,2,8,0,False,4054050,375.4285714285714,16.666666666666668
2,1,2,2,7,1,True,28378350,450.5142857142857,14.166666666666668
2,1,2,2,6,2,True,85135050,525.6,12.5
2,1,2,2,5,3,True,141891750,600.6857142857142,10.833333333333334
2,1,2,2,4,4,True,141891750,590.6742857142857,10.833333333333334
2,1,2,2,3,5,True,85135050,550.6285714285714,11.666666666666668
2,1,2,2,2,6,True,28378350,480.54857142857134,13.333333333333334
2,1,2,2,1,7,True,4054050,380.4342857142857,16.666666666666668
2,1,2,1,9,0,False,900900,344.14285714285717,18.18181818181818
2,1,2,1,8,1,True,7207200,412.97142857142853,15.454545454545453
2,1,2,1,7,2,True,25225200,481.8,13.636363636363635
2,1,2,1,6,3,True,50450400,550.6285714285715,11.818181818181817
2,1,2,1,5,4,True,63063000,619.457142857143,10.909090909090908
2,1,2,1,4,5,True,50450400,596.5142857142857,10.909090909090908
2,1,2,1,3,6,True,25225200,546.04,11.818181818181817
2,1,2,1,2,7,True,7207200,468.0342857142857,13.636363636363635
2,1,2,1,1,8,True,900900,362.4971428571429,17.27272727272727
2,1,2,0,10,0,False,90090,312.85714285714283,20.0
2,1,2,0,9,1,False,810810,375.4285714285714,17.0
2,1,2,0,8,2,False,3243240,438.0,15.0
2,1,2,0,7,3,False,7567560,500.57142857142856,13.0
2,1,2,0,6,4,False,11351340,563.1428571428572,12.0
2,1,2,0,5,5,False,11351340,625.7142857142857,10.0
2,1,2,0,4,6,False,7567560,592.342857142857,11.0
2,1,2,0,3,7,False,3243240,533.9428571428572,12.0
2,1,2,0,2,8,False,810810,450.51428571428573,14.0
2,1,2,0,1,9,False,90090,342.0571428571428,19.0
2,1,1,11,0,0,False,16380,401.50000000000006,15.714285714285714
2,1,1,10,1,0,False,180180,420.6190476190477,15.0
2,1,1,9,2,0,False,900900,435.9142857142857,14.73684210526316
2,1,1,9,1,1,True,900900,421.3838095238096,15.263157894736842
2,1,1,8,3,0,False,2702700,447.3857142857143,14.444444444444445
2,1,1,8,2,1,True,5405400,454.26857142857153,13.88888888888889
2,1,1,8,1,2,True,2702700,419.8542857142857,15.0
2,1,1,7,4,0,False,5405400,455.0333333333334,14.117647058823527
2,1,1,7,3,1,True,16216200,481.0352380952381,13.52941176470588
2,1,1,7,2,2,True,16216200,468.03428571428583,13.52941176470588
2,1,1,7,1,3,True,5405400,416.03047619047624,15.294117647058822
2,1,1,6,5,0,False,7567560,458.85714285714295,13.75
2,1,1,6,4,1,True,30270240,501.6838095238096,12.5
2,1,1,6,3,2,True,45405360,507.80190476190484,12.5
2,1,1,6,2,3,True,30270240,477.2114285714287,13.125
2,1,1,6,1,4,True,7567560,409.91238095238106,15.625
2,1,1,5,6,0,False,7567560,430.1785714285715,14.666666666666666
2,1,1,5,5,1,True,37837800,516.2142857142858,12.666666666666666
2,1,1,5,4,2,True,75675600,539.157142857143,12.0
2,1,1,5,3,3,True,75675600,527.6857142857143,12.0
2,1,1,5,2,4,True,37837800,481.8000000000002,13.333333333333334
2,1,1,5,1,5,True,7567560,401.5,16.0
2,1,1,4,7,0,False,5405400,401.50000000000006,15.714285714285715
2,1,1,4,6,1,True,32432400,481.80000000000007,13.571428571428573
2,1,1,4,5,2,True,81081000,562.1,11.428571428571429
2,1,1,4,4,3,True,108108000,567.4533333333334,11.428571428571429
2,1,1,4,3,4,True,81081000,540.6866666666668,12.142857142857144
2,1,1,4,2,5,True,32432400,481.80000000000007,13.571428571428573
2,1,1,4,1,6,True,5405400,390.79333333333335,16.42857142857143
2,1,1,3,8,0,False,2702700,372.82142857142867,16.923076923076923
2,1,1,3,7,1,True,18918900,447.3857142857144,14.615384615384615
2,1,1,3,6,2,True,56756700,521.95,12.307692307692307
2,1,1,3,5,3,True,94594500,596.5142857142857,10.769230769230768
2,1,1,3,4,4,True,94594500,586.5723809523812,10.769230769230768
2,1,1,3,3,5,True,56756700,546.804761904762,11.538461538461538
2,1,1,3,2,6,True,18918900,477.2114285714286,13.846153846153845
2,1,1,3,1,7,True,2702700,377.79238095238094,16.923076923076923
2,1,1,2,9,0,False,900900,344.14285714285717,18.333333333333336
2,1,1,2,8,1,True,7207200,412.97142857142865,15.833333333333334
2,1,1,2,7,2,True,25225200,481.80000000000007,13.333333333333334
2,1,1,2,6,3,True,50450400,550.6285714285715,11.666666666666668
2,1,1,2,5,4,True,63063000,619.4571428571429,10.833333333333334
2,1,1,2,4,5,True,50450400,596.5142857142857,10.833333333333334
2,1,1,2,3,6,True,25225200,546.04,11.666666666666668
2,1,1,2,2,7,True,7207200,468.0342857142857,14.166666666666668
2,1,1,2,1,8,True,900900,362.4971428571429,17.5
2,1,1,1,10,0,False,180180,315.4642857142858,20.0
2,1,1,1,9,1,True,1621620,378.557142857143,17.27272727272727
2,1,1,1,8,2,True,6486480,441.6500000000001,14.545454545454545
2,1,1,1,7,3,True,15135120,504.74285714285725,12.727272727272727
2,1,1,1,6,4,True,22702680,567.8357142857144,11.818181818181817
2,1,1,1,5,5,True,22702680,630.9285714285716,10.0
2,1,1,1,4,6,True,15135120,597.2790476190476,10.909090909090908
2,1,1,1,3,7,True,6486480,538.3923809523811,11.818181818181817
2,1,1,1,2,8,True,1621620,454.26857142857153,14.545454545454545
2,1,1,1,1,9,True,180180,344.90761904761905,18.18181818181818
2,1,1,0,11,0,False,16380,286.78571428571433,22.0
2,1,1,0,10,1,False,163800,344.1428571428572,19.0
2,1,1,0,9,2,False,737100,401.50000000000006,16.0
2,1,1,0,8,3,False,1965600,458.8571428571429,14.0
2,1,1,0,7,4,False,3439800,516.2142857142858,13.0
2,1,1,0,6,5,False,4127760,573.5714285714287,11.0
2,1,1,0,5,6,False,3439800,630.9285714285714,10.0
2,1,1,0,4,7,False,1965600,588.8666666666667,11.0
2,1,1,0,3,8,False,737100,523.861904761905,12.0
2,1,1,0,2,9,False,163800,435.9142857142857,15.0
2,1,1,0,1,10,False,16380,325.0238095238096,20.0
2,1,0,12,0,0,False,1365,382.3809523809524,16.363636363636363
2,1,0,11,1,0,False,16380,401.50000000000006,15.714285714285714
2,1,0,10,2,0,False,90090,417.1428571428571,15.0
2,1,0,10,1,1,False,90090,403.23809523809524,15.5
2,1,0,9,3,0,False,300300,429.30952380952374,14.73684210526316
2,1,0,9,2,1,False,600600,435.91428571428565,14.73684210526316
2,1,0,9,1,2,False,300300,402.89047619047614,15.789473684210527
2,1,0,8,4,0,False,675675,437.99999999999994,14.444444444444445
2,1,0,8,3,1,False,2027025,463.02857142857147,13.88888888888889
2,1,0,8,2,2,False,2027025,450.51428571428573,13.88888888888889
2,1,0,8,1,3,False,675675,400.4571428571428,16.11111111111111
2,1,0,7,5,0,False,1081080,443.2142857142858,14.117647058823527
2,1,0,7,4,1,False,4324320,484.5809523809524,12.941176470588234
2,1,0,7,3,2,False,6486480,490.49047619047633,12.941176470588234
2,1,0,7,2,3,False,4324320,460.9428571428571,14.117647058823527
2,1,0,7,1,4,False,1081080,395.9380952380953,15.88235294117647
2,1,0,6,6,0,False,1261260,417.14285714285717,15.0
2,1,0,6,5,1,False,6306300,500.57142857142856,12.5
2,1,0,6,4,2,False,12612600,522.8190476190476,12.5
2,1,0,6,3,3,False,12612600,511.6952380952381,12.5
2,1,0,6,2,4,False,6306300,467.20000000000005,13.75
2,1,0,6,1,5,False,1261260,389.33333333333326,16.25
2,1,0,5,7,0,False,1081080,391.07142857142856,16.0
2,1,0,5,6,1,False,6486480,469.2857142857142,13.333333333333334
2,1,0,5,5,2,False,16216200,547.5,12.0
2,1,0,5,4,3,False,21621600,552.7142857142858,11.333333333333334
2,1,0,5,3,4,False,16216200,526.6428571428573,12.0
2,1,0,5,2,5,False,6486480,469.2857142857142,13.333333333333334
2,1,0,5,1,6,False,1081080,380.6428571428571,16.666666666666668
2,1,0,4,8,0,False,675675,365.0,17.142857142857142
2,1,0,4,7,1,False,4729725,437.99999999999994,14.285714285714286
2,1,0,4,6,2,False,14189175,510.99999999999994,12.857142857142858
2,1,0,4,5,3,False,23648625,583.9999999999999,10.714285714285715
2,1,0,4,4,4,False,23648625,574.2666666666667,11.428571428571429
2,1,0,4,3,5,False,14189175,535.3333333333334,12.142857142857144
2,1,0,4,2,6,False,4729725,467.1999999999999,13.571428571428573
2,1,0,4,1,7,False,675675,369.86666666666656,17.142857142857142
2,1,0,3,9,0,False,300300,338.92857142857144,18.46153846153846
2,1,0,3,8,1,False,2402400,406.7142857142857,15.384615384615383
2,1,0,3,7,2,False,8408400,474.5,13.846153846153845
2,1,0,3,6,3,False,16816800,542.2857142857142,11.538461538461538
2,1,0,3,5,4,False,21021000,610.0714285714287,10.769230769230768
2,1,0,3,4,5,False,16816800,587.4761904761905,10.769230769230768
2,1,0,3,3,6,False,8408400,537.7666666666667,12.307692307692307
2,1,0,3,2,7,False,2402400,460.9428571428571,13.846153846153845
2,1,0,3,1,8,False,300300,357.00476190476195,17.692307692307693
2,1,0,2,10,0,False,90090,312.85714285714283,20.0
2,1,0,2,9,1,False,810810,375.4285714285714,16.666666666666668
2,1,0,2,8,2,False,3243240,438.0,15.0
2,1,0,2,7,3,False,7567560,500.5714285714285,12.5
2,1,0,2,6,4,False,11351340,563.1428571428572,11.666666666666668
2,1,0,2,5,5,False,11351340,625.7142857142857,10.0
2,1,0,2,4,6,False,7567560,592.342857142857,10.833333333333334
2,1,0,2,3,7,False,3243240,533.9428571428572,12.5
2,1,0,2,2,8,False,810810,450.51428571428573,14.166666666666668
2,1,0,2,1,9,False,90090,342.05714285714276,18.333333333333336
2,1,0,1,11,0,False,16380,286.78571428571433,21.818181818181817
2,1,0,1,10,1,False,163800,344.14285714285717,18.18181818181818
2,1,0,1,9,2,False,737100,401.50000000000006,16.363636363636363
2,1,0,1,8,3,False,1965600,458.85714285714283,13.636363636363635
2,1,0,1,7,4,False,3439800,516.2142857142858,12.727272727272727
2,1,0,1,6,5,False,4127760,573.5714285714287,10.909090909090908
2,1,0,1,5,6,False,3439800,630.9285714285714,10.0
2,1,0,1,4,7,False,1965600,588.8666666666668,10.909090909090908
2,1,0,1,3,8,False,737100,523.8619047619048,12.727272727272727
2,1,0,1,2,9,False,163800,435.91428571428565,14.545454545454545
2,1,0,1,1,10,False,16380,325.02380952380963,20.0
2,1,0,0,12,0,False,1365,260.7142857142857,24.0
2,1,0,0,11,1,False,15015,312.85714285714283,20.0
2,1,0,0,10,2,False,75075,365.0,18.0
2,1,0,0,9,3,False,225225,417.1428571428571,15.0
2,1,0,0,8,4,False,450450,469.28571428571433,14.0
2,1,0,0,7,5,False,630630,521.4285714285714,12.0
2,1,0,0,6,6,False,630630,573.5714285714286,11.0
2,1,0,0,5,7,False,450450,625.7142857142857,10.0
2,1,0,0,4,8,False,225225,577.047619047619,11.0
2,1,0,0,3,9,False,75075,507.52380952380946,13.0
2,1,0,0,2,10,False,15015,417.14285714285717,15.0
2,1,0,0,1,11,False,1365,305.90476190476187,21.0
2,0,13,0,0,0,False,105,262.85714285714283,24.0
2,0,12,1,0,0,False,1365,276.57142857142856,22.727272727272727
2,0,12,0,1,0,False,1365,276.5714285714286,23.0
2,0,11,2,0,0,False,8190,288.0,22.5
2,0,11,1,1,0,False,16380,290.4000000000001,21.818181818181817
2,0,11,0,2,0,False,8190,287.99999999999994,22.0
2,0,11,0,1,1,False,8190,278.40000000000003,23.0
2,0,10,3,0,0,False,30030,297.1428571428571,21.538461538461537
2,0,10,2,1,0,False,90090,301.71428571428567,20.833333333333336
2,0,10,1,2,0,False,90090,301.7142857142857,20.909090909090907
2,0,10,1,1,1,False,90090,291.6571428571429,21.818181818181817
2,0,10,0,3,0,False,30030,297.1428571428571,22.0
2,0,10,0,2,1,False,60060,301.7142857142857,21.0
2,0,10,0,1,2,False,30030,278.85714285714283,23.0
2,0,9,4,0,0,False,75075,304.0,20.714285714285715
2,0,9,3,1,0,False,300300,310.51428571428573,20.76923076923077
2,0,9,2,2,0,False,450450,312.6857142857142,20.0
2,0,9,2,1,1,False,450450,302.2628571428572,20.833333333333336
2,0,9,1,3,0,False,300300,310.51428571428573,20.909090909090907
2,0,9,1,2,1,False,600600,315.2914285714286,20.0
2,0,9,1,1,2,False,300300,291.4057142857142,21.818181818181817
2,0,9,0,4,0,False,75075,304.0,21.0
2,0,9,0,3,1,False,225225,321.37142857142857,20.0
2,0,9,0,2,2,False,225225,312.68571428571425,20.0
2,0,9,0,1,3,False,75075,277.9428571428572,23.0
2,0,8,5,0,0,False,135135,308.57142857142856,20.666666666666668
2,0,8,4,1,0,False,675675,316.8,20.0
2,0,8,3,2,0,False,1351350,320.9142857142857,20.0
2,0,8,3,1,1,False,1351350,310.21714285714285,20.76923076923077
2,0,8,2,3,0,False,1351350,320.9142857142857,20.0
2,0,8,2,2,1,False,2702700,325.8514285714286,20.0
2,0,8,2,1,2,False,1351350,301.1657142857142,20.833333333333336
2,0,8,1,4,0,False,675675,316.79999999999995,20.0
2,0,8,1,3,1,False,2027025,334.90285714285716,19.09090909090909
2,0,8,1,2,2,False,2027025,325.8514285714286,20.0
2,0,8,1,1,3,False,675675,289.64571428571435,21.818181818181817
2,0,8,0,5,0,False,135135,308.57142857142856,21.0
2,0,8,0,4,1,False,540540,337.37142857142857,19.0
2,0,8,0,3,2,False,810810,341.4857142857143,19.0
2,0,8,0,2,3,False,540540,320.9142857142857,20.0
2,0,8,0,1,4,False,135135,275.65714285714284,23.0
2,0,7,6,0,0,False,180180,310.8571428571429,20.625
2,0,7,5,1,0,False,1081080,320.5714285714286,20.0
2,0,7,4,2,0,False,2702700,326.4,19.28571428571429
2,0,7,4,1,1,False,2702700,315.52000000000004,20.0
2,0,7,3,3,0,False,3603600,328.3428571428572,19.23076923076923
2,0,7,3,2,1,False,7207200,333.39428571428573,19.23076923076923
2,0,7,3,1,2,False,3603600,308.13714285714286,20.76923076923077
2,0,7,2,4,0,False,2702700,326.4,19.166666666666668
2,0,7,2,3,1,False,8108100,345.0514285714286,18.333333333333336
2,0,7,2,2,2,False,8108100,335.72571428571433,19.166666666666668
2,0,7,2,1,3,False,2702700,298.4228571428572,21.666666666666668
2,0,7,1,5,0,False,1081080,320.5714285714286,20.0
2,0,7,1,4,1,False,4324320,350.4914285714287,18.18181818181818
2,0,7,1,3,2,False,6486480,354.7657142857144,18.18181818181818
2,0,7,1,2,3,False,4324320,333.3942857142858,19.09090909090909
2,0,7,1,1,4,False,1081080,286.377142857143,22.727272727272727
2,0,7,0,6,0,False,180180,291.42857142857144,22.0
2,0,7,0,5,1,False,900900,349.7142857142857,18.0
2,0,7,0,4,2,False,1801800,365.2571428571429,18.0
2,0,7,0,3,3,False,1801800,357.4857142857143,18.0
2,0,7,0,2,4,False,900900,326.40000000000003,20.0
2,0,7,0,1,5,False,180180,272.0,23.0
2,0,6,7,0,0,False,180180,310.85714285714283,20.588235294117645
2,0,6,6,1,0,False,1261260,321.8285714285714,20.0
2,0,6,5,2,0,False,3783780,329.1428571428571,19.333333333333332
2,0,6,5,1,1,False,3783780,318.1714285714286,20.0
2,0,6,4,3,0,False,6306300,332.8,19.28571428571429
2,0,6,4,2,1,False,12612600,337.91999999999996,18.571428571428573
2,0,6,4,1,2,False,6306300,312.32,20.714285714285715
2,0,6,3,4,0,False,6306300,332.79999999999995,19.23076923076923
2,0,6,3,3,1,False,18918900,351.8171428571428,18.46153846153846
2,0,6,3,2,2,False,18918900,342.3085714285715,18.46153846153846
2,0,6,3,1,3,False,6306300,304.27428571428567,20.76923076923077
2,0,6,2,5,0,False,3783780,329.1428571428571,19.166666666666668
2,0,6,2,4,1,False,15135120,359.8628571428571,17.5
2,0,6,2,3,2,False,22702680,364.25142857142856,17.5
2,0,6,2,2,3,False,15135120,342.3085714285714,18.333333333333336
2,0,6,2,1,4,False,3783780,294.0342857142857,21.666666666666668
2,0,6,1,6,0,False,1261260,301.7142857142857,20.909090909090907
2,0,6,1,5,1,False,6306300,362.05714285714294,17.27272727272727
2,0,6,1,4,2,False,12612600,378.1485714285715,17.27272727272727
2,0,6,1,3,3,False,12612600,370.10285714285715,17.27272727272727
2,0,6,1,2,4,False,6306300,337.9200000000001,19.09090909090909
2,0,6,1,1,5,False,1261260,281.59999999999997,22.727272727272727
2,0,6,0,7,0,False,180180,274.2857142857143,23.0
2,0,6,0,6,1,False,1081080,329.14285714285717,19.0
2,0,6,0,5,2,False,2702700,384.0,17.0
2,0,6,0,4,3,False,3603600,387.65714285714284,17.0
2,0,6,0,3,4,False,2702700,369.3714285714286,17.0
2,0,6,0,2,5,False,1081080,329.14285714285717,19.0
2,0,6,0,1,6,False,180180,266.97142857142853,24.0
2,0,5,8,0,0,False,135135,308.57142857142856,20.555555555555554
2,0,5,7,1,0,False,1081080,320.5714285714286,19.999999999999996
2,0,5,6,2,0,False,3783780,329.1428571428571,19.375
2,0,5,6,1,1,False,3783780,318.1714285714286,20.0
2,0,5,5,3,0,False,7567560,334.2857142857142,19.333333333333332
2,0,5,5,2,1,False,15135120,339.42857142857144,18.666666666666668
2,0,5,5,1,2,False,7567560,313.7142857142857,20.0
2,0,5,4,4,0,False,9459450,335.99999999999994,19.28571428571429
2,0,5,4,3,1,False,28378350,355.19999999999993,17.857142857142858
2,0,5,4,2,2,False,28378350,345.59999999999997,18.571428571428573
2,0,5,4,1,3,False,9459450,307.2,20.714285714285715
2,0,5,3,5,0,False,7567560,334.2857142857143,19.23076923076923
2,0,5,3,4,1,False,30270240,365.4857142857143,17.692307692307693
2,0,5,3,3,2,False,45405360,369.9428571428571,16.923076923076923
2,0,5,3,2,3,False,30270240,347.6571428571429,18.46153846153846
2,0,5,3,1,4,False,7567560,298.62857142857143,21.538461538461537
2,0,5,2,6,0,False,3783780,308.5714285714285,20.833333333333336
2,0,5,2,5,1,False,18918900,370.2857142857143,17.5
2,0,5,2,4,2,False,37837800,386.74285714285713,16.666666666666668
2,0,5,2,3,3,False,37837800,378.5142857142857,16.666666666666668
2,0,5,2,2,4,False,18918900,345.59999999999997,18.333333333333336
2,0,5,2,1,5,False,3783780,287.99999999999994,22.5
2,0,5,1,7,0,False,1081080,282.85714285714283,22.727272727272727
2,0,5,1,6,1,False,6486480,339.42857142857144,19.09090909090909
2,0,5,1,5,2,False,16216200,396.00000000000006,16.363636363636363
2,0,5,1,4,3,False,21621600,399.7714285714286,16.363636363636363
2,0,5,1,3,4,False,16216200,380.9142857142858,17.27272727272727
2,0,5,1,2,5,False,6486480,339.42857142857144,19.09090909090909
2,0,5,1,1,6,False,1081080,275.31428571428575,22.727272727272727
2,0,5,0,8,0,False,135135,257.1428571428571,25.0
2,0,5,0,7,1,False,945945,308.57142857142856,21.0
2,0,5,0,6,2,False,2837835,360.0,18.0
2,0,5,0,5,3,False,4729725,411.4285714285714,16.0
2,0,5,0,4,4,False,4729725,404.5714285714286,16.0
2,0,5,0,3,5,False,2837835,377.14285714285717,17.0
2,0,5,0,2,6,False,945945,329.1428571428571,19.0
2,0,5,0,1,7,False,135135,260.57142857142856,24.0
2,0,4,9,0,0,False,75075,304.0,21.05263157894737
2,0,4,8,1,0,False,675675,316.8,20.0
2,0,4,7,2,0,False,2702700,326.4,19.41176470588235
2,0,4,7,1,1,False,2702700,315.5200000000001,19.999999999999996
2,0,4,6,3,0,False,6306300,332.8,19.375
2,0,4,6,2,1,False,12612600,337.9200000000001,18.75
2,0,4,6,1,2,False,6306300,312.32,20.625
2,0,4,5,4,0,False,9459450,335.99999999999994,18.666666666666668
2,0,4,5,3,1,False,28378350,355.2,18.0
2,0,4,5,2,2,False,28378350,345.59999999999997,18.666666666666668
2,0,4,5,1,3,False,9459450,307.2,20.666666666666668
2,0,4,4,5,0,False,9459450,336.0,19.28571428571429
2,0,4,4,4,1,False,37837800,367.36,17.142857142857142
2,0,4,4,3,2,False,56756700,371.8399999999999,17.142857142857142
2,0,4,4,2,3,False,37837800,349.43999999999994,18.571428571428573
2,0,4,4,1,4,False,9459450,300.15999999999997,21.42857142857143
2,0,4,3,6,0,False,6306300,312.0,20.76923076923077
2,0,4,3,5,1,False,31531500,374.40000000000003,16.923076923076923
2,0,4,3,4,2,False,63063000,391.04,16.153846153846153
2,0,4,3,3,3,False,63063000,382.71999999999997,16.923076923076923
2,0,4,3,2,4,False,31531500,349.44000000000005,18.46153846153846
2,0,4,3,1,5,False,6306300,291.2,21.538461538461537
2,0,4,2,7,0,False,2702700,288.0,22.5
2,0,4,2,6,1,False,16216200,345.59999999999997,18.333333333333336
2,0,4,2,5,2,False,40540500,403.2,15.833333333333334
2,0,4,2,4,3,False,54054000,407.03999999999996,15.833333333333334
2,0,4,2,3,4,False,40540500,387.84000000000003,16.666666666666668
2,0,4,2,2,5,False,16216200,345.59999999999997,18.333333333333336
2,0,4,2,1,6,False,2702700,280.32,22.5
2,0,4,1,8,0,False,675675,264.0,24.545454545454543
2,0,4,1,7,1,False,4729725,316.8,20.0
2,0,4,1,6,2,False,14189175,369.6,17.27272727272727
2,0,4,1,5,3,False,23648625,422.4,15.454545454545453
2,0,4,1,4,4,False,23648625,415.36000000000007,15.454545454545453
2,0,4,1,3,5,False,14189175,387.20000000000005,16.363636363636363
2,0,4,1,2,6,False,4729725,337.92,19.09090909090909
2,0,4,1,1,7,False,675675,267.52,23.636363636363633
2,0,4,0,9,0,False,75075,240.0,27.0
2,0,4,0,8,1,False,600600,288.0,22.0
2,0,4,0,7,2,False,2102100,336.0,19.0
2,0,4,0,6,3,False,4204200,383.99999999999994,17.0
2,0,4,0,5,4,False,5255250,432.0,15.0
2,0,4,0,4,5,False,4204200,416.0,16.0
2,0,4,0,3,6,False,2102100,380.79999999999995,17.0
2,0,4,0,2,7,False,600600,326.40000000000003,20.0
2,0,4,0,1,8,False,75075,252.79999999999998,25.0
2,0,3,10,0,0,False,30030,297.1428571428571,21.5
2,0,3,9,1,0,False,300300,310.51428571428573,20.526315789473685
2,0,3,8,2,0,False,1351350,320.9142857142857,20.0
2,0,3,8,1,1,False,1351350,310.2171428571429,20.555555555555554
2,0,3,7,3,0,False,3603600,328.34285714285716,19.41176470588235
2,0,3,7,2,1,False,7207200,333.3942857142858,18.823529411764703
2,0,3,7,1,2,False,3603600,308.13714285714286,20.588235294117645
2,0,3,6,4,0,False,6306300,332.79999999999995,19.375
2,0,3,6,3,1,False,18918900,351.81714285714287,18.125
2,0,3,6,2,2,False,18918900,342.30857142857144,18.75
2,0,3,6,1,3,False,6306300,304.2742857142857,20.625
2,0,3,5,5,0,False,7567560,334.2857142857142,19.333333333333332
2,0,3,5,4,1,False,30270240,365.4857142857143,17.333333333333332
2,0,3,5,3,2,False,45405360,369.9428571428572,17.333333333333332
2,0,3,5,2,3,False,30270240,347.65714285714284,18.0
2,0,3,5,1,4,False,7567560,298.62857142857143,21.333333333333332
2,0,3,4,6,0,False,6306300,311.99999999999994,20.714285714285715
2,0,3,4,5,1,False,31531500,374.4,17.142857142857142
2,0,3,4,4,2,False,63063000,391.04,16.42857142857143
2,0,3,4,3,3,False,63063000,382.71999999999997,16.42857142857143
2,0,3,4,2,4,False,31531500,349.44,18.571428571428573
2,0,3,4,1,5,False,6306300,291.19999999999993,22.142857142857146
2,0,3,3,7,0,False,3603600,289.71428571428567,22.307692307692307
2,0,3,3,6,1,False,21621600,347.6571428571429,18.46153846153846
2,0,3,3,5,2,False,54054000,405.6,16.153846153846153
2,0,3,3,4,3,False,72072000,409.46285714285716,15.384615384615383
2,0,3,3,3,4,False,54054000,390.1485714285715,16.153846153846153
2,0,3,3,2,5,False,21621600,347.6571428571429,18.46153846153846
2,0,3,3,1,6,False,3603600,281.9885714285714,22.307692307692307
2,0,3,2,8,0,False,1351350,267.4285714285714,24.166666666666668
2,0,3,2,7,1,False,9459450,320.9142857142857,20.0
2,0,3,2,6,2,False,28378350,374.4,17.5
2,0,3,2,5,3,False,47297250,427.88571428571424,15.0
2,0,3,2,4,4,False,47297250,420.7542857142857,15.0
2,0,3,2,3,5,False,28378350,392.22857142857146,16.666666666666668
2,0,3,2,2,6,False,9459450,342.3085714285714,18.333333333333336
2,0,3,2,1,7,False,1351350,270.9942857142857,23.333333333333336
2,0,3,1,9,0,False,300300,245.14285714285714,26.36363636363636
2,0,3,1,8,1,False,2402400,294.17142857142863,21.818181818181817
2,0,3,1,7,2,False,8408400,343.20000000000005,19.09090909090909
2,0,3,1,6,3,False,16816800,392.22857142857146,16.363636363636363
2,0,3,1,5,4,False,21021000,441.2571428571429,14.545454545454545
2,0,3,1,4,5,False,16816800,424.91428571428577,15.454545454545453
2,0,3,1,3,6,False,8408400,388.96,16.363636363636363
2,0,3,1,2,7,False,2402400,333.39428571428573,19.09090909090909
2,0,3,1,1,8,False,300300,258.21714285714285,24.545454545454543
2,0,3,0,10,0,False,30030,222.85714285714283,29.0
2,0,3,0,9,1,False,270270,267.42857142857144,24.0
2,0,3,0,8,2,False,1081080,312.0,21.0
2,0,3,0,7,3,False,2522520,356.57142857142856,18.0
2,0,3,0,6,4,False,3783780,401.14285714285717,16.0
2,0,3,0,5,5,False,3783780,445.71428571428567,15.0
2,0,3,0,4,6,False,2522520,421.94285714285706,15.0
2,0,3,0,3,7,False,1081080,380.3428571428572,17.0
2,0,3,0,2,8,False,270270,320.9142857142857,20.0
2,0,3,0,1,9,False,30030,243.65714285714282,26.0
2,0,2,11,0,0,False,8190,288.0,21.904761904761905
2,0,2,10,1,0,False,90090,301.7142857142857,21.0
2,0,2,9,2,0,False,450450,312.68571428571425,20.0
2,0,2,9,1,1,False,450450,302.2628571428571,21.05263157894737
2,0,2,8,3,0,False,1351350,320.91428571428577,20.0
2,0,2,8,2,1,False,2702700,325.8514285714286,19.444444444444443
2,0,2,8,1,2,False,1351350,301.1657142857143,21.11111111111111
2,0,2,7,4,0,False,2702700,326.4,19.41176470588235
2,0,2,7,3,1,False,8108100,345.0514285714286,18.235294117647058
2,0,2,7,2,2,False,8108100,335.7257142857143,18.823529411764703
2,0,2,7,1,3,False,2702700,298.42285714285714,21.176470588235293
2,0,2,6,5,0,False,3783780,329.1428571428571,19.375
2,0,2,6,4,1,False,15135120,359.8628571428572,17.5
2,0,2,6,3,2,False,22702680,364.2514285714286,17.5
2,0,2,6,2,3,False,15135120,342.30857142857144,18.75
2,0,2,6,1,4,False,3783780,294.0342857142857,21.875
2,0,2,5,6,0,False,3783780,308.57142857142856,20.666666666666668
2,0,2,5,5,1,False,18918900,370.2857142857142,17.333333333333332
2,0,2,5,4,2,False,37837800,386.74285714285713,16.666666666666668
2,0,2,5,3,3,False,37837800,378.51428571428573,16.666666666666668
2,0,2,5,2,4,False,18918900,345.6,18.666666666666668
2,0,2,5,1,5,False,3783780,287.99999999999994,22.0
2,0,2,4,7,0,False,2702700,287.99999999999994,22.142857142857146
2,0,2,4,6,1,False,16216200,345.59999999999997,18.571428571428573
2,0,2,4,5,2,False,40540500,403.2,15.714285714285715
2,0,2,4,4,3,False,54054000,407.03999999999996,15.714285714285715
2,0,2,4,3,4,False,40540500,387.84000000000003,16.42857142857143
2,0,2,4,2,5,False,16216200,345.59999999999997,18.571428571428573
2,0,2,4,1,6,False,2702700,280.32,22.857142857142858
2,0,2,3,8,0,False,1351350,267.4285714285714,23.846153846153847
2,0,2,3,7,1,False,9459450,320.9142857142857,20.0
2,0,2,3,6,2,False,28378350,374.40000000000003,16.923076923076923
2,0,2,3,5,3,False,47297250,427.88571428571424,14.615384615384615
2,0,2,3,4,4,False,47297250,420.7542857142857,15.384615384615383
2,0,2,3,3,5,False,28378350,392.22857142857146,16.153846153846153
2,0,2,3,2,6,False,9459450,342.3085714285715,18.46153846153846
2,0,2,3,1,7,False,1351350,270.9942857142857,23.076923076923077
2,0,2,2,9,0,False,450450,246.85714285714283,25.833333333333336
2,0,2,2,8,1,False,3603600,296.2285714285714,21.666666666666668
2,0,2,2,7,2,False,12612600,345.59999999999997,18.333333333333336
2,0,2,2,6,3,False,25225200,394.97142857142853,15.833333333333334
2,0,2,2,5,4,False,31531500,444.3428571428571,14.166666666666668
2,0,2,2,4,5,False,25225200,427.8857142857143,15.0
2,0,2,2,3,6,False,12612600,391.67999999999995,16.666666666666668
2,0,2,2,2,7,False,3603600,335.7257142857142,19.166666666666668
2,0,2,2,1,8,False,450450,260.0228571428571,24.166666666666668
2,0,2,1,10,0,False,90090,226.28571428571428,28.18181818181818
2,0,2,1,9,1,False,810810,271.54285714285714,23.636363636363633
2,0,2,1,8,2,False,3243240,316.8,20.0
2,0,2,1,7,3,False,7567560,362.0571428571429,17.27272727272727
2,0,2,1,6,4,False,11351340,407.31428571428575,15.454545454545453
2,0,2,1,5,5,False,11351340,452.57142857142856,14.545454545454545
2,0,2,1,4,6,False,7567560,428.43428571428575,15.454545454545453
2,0,2,1,3,7,False,3243240,386.1942857142858,16.363636363636363
2,0,2,1,2,8,False,810810,325.85142857142864,20.0
2,0,2,1,1,9,False,90090,247.4057142857143,25.454545454545453
2,0,2,0,11,0,False,8190,205.7142857142857,31.0
2,0,2,0,10,1,False,81900,246.85714285714283,26.0
2,0,2,0,9,2,False,368550,288.0,22.0
2,0,2,0,8,3,False,982800,329.1428571428571,19.0
2,0,2,0,7,4,False,1719900,370.2857142857143,17.0
2,0,2,0,6,5,False,2063880,411.4285714285714,16.0
2,0,2,0,5,6,False,1719900,452.57142857142856,14.0
2,0,2,0,4,7,False,982800,422.4,15.0
2,0,2,0,3,8,False,368550,375.7714285714286,17.0
2,0,2,0,2,9,False,81900,312.68571428571425,20.0
2,0,2,0,1,10,False,8190,233.14285714285714,27.0
2,0,1,12,0,0,False,1365,276.57142857142856,22.727272727272727
2,0,1,11,1,0,False,16380,290.40000000000003,21.904761904761905
2,0,1,10,2,0,False,90090,301.7142857142857,21.0
2,0,1,10,1,1,False,90090,291.65714285714284,21.5
2,0,1,9,3,0,False,300300,310.5142857142857,20.526315789473685
2,0,1,9,2,1,False,600600,315.2914285714286,20.0
2,0,1,9,1,2,False,300300,291.4057142857143,21.578947368421055
2,0,1,8,4,0,False,675675,316.79999999999995,20.0
2,0,1,8,3,1,False,2027025,334.9028571428571,18.88888888888889
2,0,1,8,2,2,False,2027025,325.8514285714285,19.444444444444443
2,0,1,8,1,3,False,675675,289.6457142857143,21.666666666666668
2,0,1,7,5,0,False,1081080,320.57142857142856,19.999999999999996
2,0,1,7,4,1,False,4324320,350.4914285714286,18.235294117647058
2,0,1,7,3,2,False,6486480,354.7657142857143,17.64705882352941
2,0,1,7,2,3,False,4324320,333.3942857142858,18.823529411764703
2,0,1,7,1,4,False,1081080,286.3771428571429,22.352941176470587
2,0,1,6,6,0,False,1261260,301.7142857142857,21.25
2,0,1,6,5,1,False,6306300,362.0571428571429,17.5
2,0,1,6,4,2,False,12612600,378.1485714285715,16.875
2,0,1,6,3,3,False,12612600,370.10285714285715,17.5
2,0,1,6,2,4,False,6306300,337.9200000000001,18.75
2,0,1,6,1,5,False,1261260,281.59999999999997,22.5
2,0,1,5,7,0,False,1081080,282.85714285714283,22.666666666666668
2,0,1,5,6,1,False,6486480,339.42857142857144,18.666666666666668
2,0,1,5,5,2,False,16216200,396.0,16.0
2,0,1,5,4,3,False,21621600,399.7714285714286,16.0
2,0,1,5,3,4,False,16216200,380.91428571428577,16.666666666666668
2,0,1,5,2,5,False,6486480,339.42857142857144,18.666666666666668
2,0,1,5,1,6,False,1081080,275.3142857142857,23.333333333333332
2,0,1,4,8,0,False,675675,263.99999999999994,24.28571428571429
2,0,1,4,7,1,False,4729725,316.79999999999995,20.0
2,0,1,4,6,2,False,14189175,369.59999999999997,17.142857142857142
2,0,1,4,5,3,False,23648625,422.4,15.000000000000002
2,0,1,4,4,4,False,23648625,415.36,15.714285714285715
2,0,1,4,3,5,False,14189175,387.20000000000005,16.42857142857143
2,0,1,4,2,6,False,4729725,337.91999999999996,18.571428571428573
2,0,1,4,1,7,False,675675,267.52,23.571428571428573
2,0,1,3,9,0,False,300300,245.14285714285714,26.153846153846153
2,0,1,3,8,1,False,2402400,294.1714285714286,21.538461538461537
2,0,1,3,7,2,False,8408400,343.2,18.46153846153846
2,0,1,3,6,3,False,16816800,392.22857142857146,16.153846153846153
2,0,1,3,5,4,False,21021000,441.25714285714287,14.615384615384615
2,0,1,3,4,5,False,16816800,424.9142857142857,15.384615384615383
2,0,1,3,3,6,False,8408400,388.9599999999999,16.153846153846153
2,0,1,3,2,7,False,2402400,333.39428571428573,19.23076923076923
2,0,1,3,1,8,False,300300,258.21714285714285,24.615384615384613
2,0,1,2,10,0,False,90090,226.28571428571425,28.333333333333336
2,0,1,2,9,1,False,810810,271.54285714285714,23.333333333333336
2,0,1,2,8,2,False,3243240,316.8,20.0
2,0,1,2,7,3,False,7567560,362.0571428571429,17.5
2,0,1,2,6,4,False,11351340,407.31428571428575,15.833333333333334
2,0,1,2,5,5,False,11351340,452.5714285714285,14.166666666666668
2,0,1,2,4,6,False,7567560,428.4342857142857,15.0
2,0,1,2,3,7,False,3243240,386.19428571428574,16.666666666666668
2,0,1,2,2,8,False,810810,325.8514285714286,20.0
2,0,1,2,1,9,False,90090,247.40571428571425,25.833333333333336
2,0,1,1,11,0,False,16380,207.42857142857142,30.909090909090907
2,0,1,1,10,1,False,163800,248.91428571428574,25.454545454545453
2,0,1,1,9,2,False,737100,290.40000000000003,21.818181818181817
2,0,1,1,8,3,False,1965600,331.8857142857143,19.09090909090909
2,0,1,1,7,4,False,3439800,373.3714285714286,17.27272727272727
2,0,1,1,6,5,False,4127760,414.85714285714283,15.454545454545453
2,0,1,1,5,6,False,3439800,456.3428571428571,14.545454545454545
2,0,1,1,4,7,False,1965600,425.92,15.454545454545453
2,0,1,1,3,8,False,737100,378.90285714285716,17.27272727272727
2,0,1,1,2,9,False,163800,315.2914285714285,20.0
2,0,1,1,1,10,False,16380,235.08571428571432,27.27272727272727
2,0,1,0,12,0,False,1365,188.57142857142856,34.0
2,0,1,0,11,1,False,15015,226.28571428571428,28.0
2,0,1,0,10,2,False,75075,264.0,24.0
2,0,1,0,9,3,False,225225,301.7142857142857,21.0
2,0,1,0,8,4,False,450450,339.42857142857144,19.0
2,0,1,0,7,5,False,630630,377.1428571428571,17.0
2,0,1,0,6,6,False,630630,414.8571428571428,16.0
2,0,1,0,5,7,False,450450,452.57142857142856,14.0
2,0,1,0,4,8,False,225225,417.3714285714285,15.0
2,0,1,0,3,9,False,75075,367.0857142857143,18.0
2,0,1,0,2,10,False,15015,301.7142857142858,21.0
2,0,1,0,1,11,False,1365,221.25714285714284,29.0
2,0,0,13,0,0,False,105,262.85714285714283,23.91304347826087
2,0,0,12,1,0,False,1365,276.57142857142856,22.727272727272727
2,0,0,11,2,0,False,8190,288.0,21.904761904761905
2,0,0,11,1,1,False,8190,278.40000000000003,22.857142857142858
2,0,0,10,3,0,False,30030,297.1428571428571,21.5
2,0,0,10,2,1,False,60060,301.7142857142857,21.0
2,0,0,10,1,2,False,30030,278.85714285714283,22.5
2,0,0,9,4,0,False,75075,304.0,21.05263157894737
2,0,0,9,3,1,False,225225,321.37142857142857,19.473684210526315
2,0,0,9,2,2,False,225225,312.68571428571425,20.0
2,0,0,9,1,3,False,75075,277.9428571428571,22.63157894736842
2,0,0,8,5,0,False,135135,308.57142857142856,20.555555555555554
2,0,0,8,4,1,False,540540,337.37142857142857,18.88888888888889
2,0,0,8,3,2,False,810810,341.4857142857143,18.333333333333332
2,0,0,8,2,3,False,540540,320.91428571428577,20.0
2,0,0,8,1,4,False,135135,275.65714285714284,22.77777777777778
2,0,0,7,6,0,False,180180,291.42857142857144,21.76470588235294
2,0,0,7,5,1,False,900900,349.7142857142857,18.235294117647058
2,0,0,7,4,2,False,1801800,365.2571428571429,17.64705882352941
2,0,0,7,3,3,False,1801800,357.4857142857143,17.64705882352941
2,0,0,7,2,4,False,900900,326.40000000000003,19.41176470588235
2,0,0,7,1,5,False,180180,272.0,23.52941176470588
2,0,0,6,7,0,False,180180,274.2857142857143,23.125
2,0,0,6,6,1,False,1081080,329.1428571428571,19.375
2,0,0,6,5,2,False,2702700,384.0,16.875
2,0,0,6,4,3,False,3603600,387.65714285714284,16.25
2,0,0,6,3,4,False,2702700,369.3714285714287,17.5
2,0,0,6,2,5,False,1081080,329.1428571428571,19.375
2,0,0,6,1,6,False,180180,266.97142857142853,23.75
2,0,0,5,8,0,False,135135,257.1428571428571,24.666666666666668
2,0,0,5,7,1,False,945945,308.57142857142856,20.666666666666668
2,0,0,5,6,2,False,2837835,360.0,18.0
2,0,0,5,5,3,False,4729725,411.42857142857144,15.333333333333334
2,0,0,5,4,4,False,4729725,404.57142857142856,16.0
2,0,0,5,3,5,False,2837835,377.1428571428571,16.666666666666668
2,0,0,5,2,6,False,945945,329.1428571428571,19.333333333333332
2,0,0,5,1,7,False,135135,260.57142857142856,24.0
2,0,0,4,9,0,False,75075,239.99999999999997,26.42857142857143
2,0,0,4,8,1,False,600600,287.99999999999994,22.142857142857146
2,0,0,4,7,2,False,2102100,336.0,19.28571428571429
2,0,0,4,6,3,False,4204200,383.99999999999994,16.42857142857143
2,0,0,4,5,4,False,5255250,431.99999999999994,15.000000000000002
2,0,0,4,4,5,False,4204200,415.99999999999994,15.714285714285715
2,0,0,4,3,6,False,2102100,380.7999999999999,16.42857142857143
2,0,0,4,2,7,False,600600,326.4,19.28571428571429
2,0,0,4,1,8,False,75075,252.8,25.0
2,0,0,3,10,0,False,30030,222.85714285714286,28.46153846153846
2,0,0,3,9,1,False,270270,267.4285714285714,23.846153846153847
2,0,0,3,8,2,False,1081080,312.0,20.76923076923077
2,0,0,3,7,3,False,2522520,356.57142857142856,17.692307692307693
2,0,0,3,6,4,False,3783780,401.1428571428571,16.153846153846153
2,0,0,3,5,5,False,3783780,445.7142857142857,14.615384615384615
2,0,0,3,4,6,False,2522520,421.94285714285706,15.384615384615383
2,0,0,3,3,7,False,1081080,380.3428571428572,16.923076923076923
2,0,0,3,2,8,False,270270,320.91428571428577,20.0
2,0,0,3,1,9,False,30030,243.65714285714282,26.153846153846153
2,0,0,2,11,0,False,8190,205.7142857142857,30.833333333333336
2,0,0,2,10,1,False,81900,246.85714285714283,25.833333333333336
2,0,0,2,9,2,False,368550,288.0,22.5
2,0,0,2,8,3,False,982800,329.1428571428571,19.166666666666668
2,0,0,2,7,4,False,1719900,370.2857142857143,17.5
2,0,0,2,6,5,False,2063880,411.4285714285714,15.833333333333334
2,0,0,2,5,6,False,1719900,452.5714285714285,14.166666666666668
2,0,0,2,4,7,False,982800,422.4,15.0
2,0,0,2,3,8,False,368550,375.77142857142854,16.666666666666668
2,0,0,2,2,9,False,81900,312.6857142857142,20.0
2,0,0,2,1,10,False,8190,233.14285714285717,27.5
2,0,0,1,12,0,False,1365,188.57142857142858,33.63636363636363
2,0,0,1,11,1,False,15015,226.28571428571428,28.18181818181818
2,0,0,1,10,2,False,75075,264.0,24.545454545454543
2,0,0,1,9,3,False,225225,301.7142857142857,20.909090909090907
2,0,0,1,8,4,False,450450,339.42857142857144,19.09090909090909
2,0,0,1,7,5,False,630630,377.14285714285717,17.27272727272727
2,0,0,1,6,6,False,630630,414.85714285714283,15.454545454545453
2,0,0,1,5,7,False,450450,452.57142857142856,14.545454545454545
2,0,0,1,4,8,False,225225,417.37142857142857,15.454545454545453
2,0,0,1,3,9,False,75075,367.0857142857143,17.27272727272727
2,0,0,1,2,10,False,15015,301.7142857142858,20.909090909090907
2,0,0,1,1,11,False,1365,221.25714285714284,29.09090909090909
2,0,0,0,13,0,False,105,171.42857142857142,37.0
2,0,0,0,12,1,False,1260,205.7142857142857,31.0
2,0,0,0,11,2,False,6930,240.0,27.0
2,0,0,0,10,3,False,23100,274.2857142857143,23.0
2,0,0,0,9,4,False,51975,308.57142857142856,21.0
2,0,0,0,8,5,False,83160,342.85714285714283,19.0
2,0,0,0,7,6,False,97020,377.1428571428571,17.0
2,0,0,0,6,7,False,83160,411.4285714285714,16.0
2,0,0,0,5,8,False,51975,445.71428571428567,15.0
2,0,0,0,4,9,False,23100,406.8571428571428,16.0
2,0,0,0,3,10,False,6930,354.28571428571433,18.0
2,0,0,0,2,11,False,1260,287.99999999999994,22.0
2,0,0,0,1,12,False,105,207.99999999999997,31.0
1,14,0,0,0,0,False,15,938.0952380952382,7.0
1,13,1,0,0,0,False,210,966.4285714285714,7.0
1,13,0,1,0,0,False,210,966.4285714285714,7.2727272727272725
1,13,0,0,1,0,False,210,966.4285714285714,7.0
1,12,2,0,0,0,False,1365,982.8571428571428,7.0
1,12,1,1,0,0,False,2730,991.0476190476192,6.363636363636363
1,12,1,0,1,0,False,2730,991.0476190476192,7.0
1,12,0,2,0,0,False,1365,982.8571428571428,6.666666666666667
1,12,0,1,1,0,False,2730,991.0476190476192,6.363636363636363
1,12,0,0,2,0,False,1365,982.8571428571428,7.0
1,12,0,0,1,1,False,1365,950.0952380952382,7.0
1,11,3,0,0,0,False,5460,987.3809523809523,7.0
1,11,2,1,0,0,False,16380,1002.5714285714286,6.363636363636363
1,11,2,0,1,0,False,16380,1002.5714285714286,7.0
1,11,1,2,0,0,False,16380,1002.5714285714286,6.666666666666667
1,11,1,1,1,0,False,32760,1010.9261904761908,6.363636363636363
1,11,1,0,2,0,False,16380,1002.5714285714286,7.0
1,11,1,0,1,1,False,16380,969.1523809523811,7.0
1,11,0,3,0,0,False,5460,987.3809523809524,6.9230769230769225
1,11,0,2,1,0,False,16380,1002.5714285714286,6.666666666666667
1,11,0,1,2,0,False,16380,1002.5714285714286,6.363636363636363
1,11,0,1,1,1,False,16380,969.1523809523811,7.2727272727272725
1,11,0,0,3,0,False,5460,987.3809523809523,7.0
1,11,0,0,2,1,False,10920,1002.5714285714286,7.0
1,11,0,0,1,2,False,5460,926.6190476190475,7.0
1,10,4,0,0,0,False,15015,980.0,7.0
1,10,3,1,0,0,False,60060,1001.0000000000001,6.363636363636363
1,10,3,0,1,0,False,60060,1001.0000000000001,7.0
1,10,2,2,0,0,False,90090,1008.0,6.666666666666667
1,10,2,1,1,0,False,180180,1016.4000000000001,6.363636363636363
1,10,2,0,2,0,False,90090,1007.9999999999998,7.0
1,10,2,0,1,1,False,90090,974.4000000000001,7.0
1,10,1,3,0,0,False,60060,1001.0000000000002,6.9230769230769225
1,10,1,2,1,0,False,180180,1016.4000000000002,6.666666666666667
1,10,1,1,2,0,False,180180,1016.4000000000001,6.363636363636363
1,10,1,1,1,1,True,180180,982.5200000000002,6.363636363636363
1,10,1,0,3,0,False,60060,1001.0000000000001,7.0
1,10,1,0,2,1,False,120120,1016.4000000000002,7.0
1,10,1,0,1,2,False,60060,939.4000000000001,7.0
1,10,0,4,0,0,False,15015,979.9999999999999,6.428571428571429
1,10,0,3,1,0,False,60060,1001.0000000000002,6.9230769230769225
1,10,0,2,2,0,False,90090,1008.0,6.666666666666667
1,10,0,2,1,1,False,90090,974.4000000000001,6.666666666666667
1,10,0,1,3,0,False,60060,1001.0000000000001,6.363636363636363
1,10,0,1,2,1,False,120120,1016.4000000000001,6.363636363636363
1,10,0,1,1,2,False,60060,939.4,7.2727272727272725
1,10,0,0,4,0,False,15015,980.0,7.0
1,10,0,0,3,1,False,45045,1036.0,7.0
1,10,0,0,2,2,False,45045,1007.9999999999998,7.0
1,10,0,0,1,3,False,15015,896.0,7.0
1,9,5,0,0,0,False,30030,960.7142857142857,7.0
1,9,4,1,0,0,False,150150,986.3333333333333,6.363636363636363
1,9,4,0,1,0,False,150150,986.3333333333331,7.0
1,9,3,2,0,0,False,300300,999.1428571428571,6.666666666666667
1,9,3,1,1,0,False,600600,1007.4690476190477,6.363636363636363
1,9,3,0,2,0,False,300300,999.142857142857,7.0
1,9,3,0,1,1,False,300300,965.8380952380953,7.0
1,9,2,3,0,0,False,300300,999.1428571428571,6.9230769230769225
1,9,2,2,1,0,False,900900,1014.5142857142857,6.666666666666667
1,9,2,1,2,0,False,900900,1014.5142857142857,6.363636363636363
1,9,2,1,1,1,True,900900,980.697142857143,7.2727272727272725
1,9,2,0,3,0,False,300300,999.1428571428572,7.0
1,9,2,0,2,1,False,600600,1014.5142857142856,7.0
1,9,2,0,1,2,False,300300,937.6571428571427,7.0
1,9,1,4,0,0,False,150150,986.3333333333334,6.428571428571429
1,9,1,3,1,0,False,600600,1007.4690476190478,6.9230769230769225
1,9,1,2,2,0,False,900900,1014.5142857142858,6.666666666666667
1,9,1,2,1,1,True,900900,980.697142857143,6.666666666666667
1,9,1,1,3,0,False,600600,1007.4690476190478,6.363636363636363
1,9,1,1,2,1,True,1201200,1022.9685714285716,6.363636363636363
1,9,1,1,1,2,True,600600,945.4709523809526,7.2727272727272725
1,9,1,0,4,0,False,150150,986.3333333333334,7.0
1,9,1,0,3,1,False,450450,1042.6952380952382,6.0
1,9,1,0,2,2,False,450450,1014.5142857142858,7.0
1,9,1,0,1,3,False,150150,901.7904761904763,7.0
1,9,0,5,0,0,False,30030,960.7142857142858,6.666666666666667
1,9,0,4,1,0,False,150150,986.3333333333334,6.428571428571429
1,9,0,3,2,0,False,300300,999.1428571428571,6.9230769230769225
1,9,0,3,1,1,False,300300,965.8380952380954,6.9230769230769225
1,9,0,2,3,0,False,300300,999.1428571428571,6.666666666666667
1,9,0,2,2,1,False,600600,1014.5142857142857,6.666666666666667
1,9,0,2,1,2,False,300300,937.6571428571427,6.666666666666667
1,9,0,1,4,0,False,150150,986.3333333333333,6.363636363636363
1,9,0,1,3,1,False,450450,1042.695238095238,6.363636363636363
1,9,0,1,2,2,False,450450,1014.5142857142857,6.363636363636363
1,9,0,1,1,3,False,150150,901.7904761904763,7.2727272727272725
1,9,0,0,5,0,False,30030,960.7142857142857,7.0
1,9,0,0,4,1,False,120120,1050.3809523809525,6.0
1,9,0,0,3,2,False,180180,1063.1904761904764,6.0
1,9,0,0,2,3,False,120120,999.1428571428572,7.0
1,9,0,0,1,4,False,30030,858.2380952380953,8.0
1,8,6,0,0,0,False,45045,929.5238095238095,7.0
1,8,5,1,0,0,False,270270,958.5714285714286,7.2727272727272725
1,8,5,0,1,0,False,270270,958.5714285714287,7.0
1,8,4,2,0,0,False,675675,975.9999999999999,6.666666666666667
1,8,4,1,1,0,False,1351350,984.1333333333334,6.363636363636363
1,8,4,0,2,0,False,675675,975.9999999999999,7.0
1,8,4,0,1,1,False,675675,943.4666666666667,7.0
1,8,3,3,0,0,False,900900,981.8095238095237,6.9230769230769225
1,8,3,2,1,0,False,2702700,996.9142857142857,6.666666666666667
1,8,3,1,2,0,False,2702700,996.9142857142856,6.363636363636363
1,8,3,1,1,1,True,2702700,963.6838095238096,7.2727272727272725
1,8,3,0,3,0,False,900900,981.8095238095239,7.0
1,8,3,0,2,1,False,1801800,996.9142857142856,7.0
1,8,3,0,1,2,False,900900,921.3904761904761,7.0
1,8,2,4,0,0,False,675675,975.9999999999999,6.428571428571429
1,8,2,3,1,0,False,2702700,996.9142857142858,6.9230769230769225
1,8,2,2,2,0,False,4054050,1003.8857142857142,6.666666666666667
1,8,2,2,1,1,True,4054050,970.4228571428571,6.666666666666667
1,8,2,1,3,0,False,2702700,996.9142857142857,6.363636363636363
1,8,2,1,2,1,True,5405400,1012.2514285714286,6.363636363636363
1,8,2,1,1,2,True,2702700,935.5657142857143,7.2727272727272725
1,8,2,0,4,0,False,675675,975.9999999999999,7.0
1,8,2,0,3,1,False,2027025,1031.7714285714285,7.0
1,8,2,0,2,2,False,2027025,1003.8857142857141,7.0
1,8,2,0,1,3,False,675675,892.3428571428572,8.0
1,8,1,5,0,0,False,270270,958.5714285714286,6.666666666666667
1,8,1,4,1,0,False,1351350,984.1333333333333,6.428571428571429
1,8,1,3,2,0,False,2702700,996.9142857142856,6.9230769230769225
1,8,1,3,1,1,True,2702700,963.6838095238096,6.9230769230769225
1,8,1,2,3,0,False,2702700,996.9142857142857,6.666666666666667
1,8,1,2,2,1,True,5405400,1012.2514285714285,6.666666666666667
1,8,1,2,1,2,True,2702700,935.5657142857142,7.5
1,8,1,1,4,0,False,1351350,984.1333333333333,6.363636363636363
1,8,1,1,3,1,True,4054050,1040.3695238095238,6.363636363636363
1,8,1,1,2,2,True,4054050,1012.2514285714286,6.363636363636363
1,8,1,1,1,3,True,1351350,899.7790476190477,7.2727272727272725
1,8,1,0,5,0,False,270270,958.5714285714286,7.0
1,8,1,0,4,1,False,1081080,1048.0380952380951,6.0
1,8,1,0,3,2,False,1621620,1060.8190476190478,6.0
1,8,1,0,2,3,False,1081080,996.9142857142856,7.0
1,8,1,0,1,4,False,270270,856.3238095238096,8.0
1,8,0,6,0,0,False,45045,929.5238095238096,6.875
1,8,0,5,1,0,False,270270,958.5714285714286,6.666666666666667
1,8,0,4,2,0,False,675675,975.9999999999999,6.428571428571429
1,8,0,4,1,1,False,675675,943.4666666666668,7.142857142857143
1,8,0,3,3,0,False,900900,981.8095238095237,6.9230769230769225
1,8,0,3,2,1,False,1801800,996.9142857142858,6.9230769230769225
1,8,0,3,1,2,False,900900,921.3904761904762,6.9230769230769225
1,8,0,2,4,0,False,675675,975.9999999999999,6.666666666666667
1,8,0,2,3,1,False,2027025,1031.7714285714285,6.666666666666667
1,8,0,2,2,2,False,2027025,1003.8857142857142,6.666666666666667
1,8,0,2,1,3,False,675675,892.342857142857,7.5
1,8,0,1,5,0,False,270270,958.5714285714286,7.2727272727272725
1,8,0,1,4,1,False,1081080,1048.0380952380954,6.363636363636363
1,8,0,1,3,2,False,1621620,1060.8190476190478,6.363636363636363
1,8,0,1,2,3,False,1081080,996.9142857142857,6.363636363636363
1,8,0,1,1,4,False,270270,856.3238095238096,8.181818181818182
1,8,0,0,6,0,False,45045,871.4285714285713,8.0
1,8,0,0,5,1,False,225225,1045.7142857142856,6.0
1,8,0,0,4,2,False,450450,1092.1904761904764,6.0
1,8,0,0,3,3,False,450450,1068.952380952381,6.0
1,8,0,0,2,4,False,225225,976.0000000000001,7.0
1,8,0,0,1,5,False,45045,813.3333333333333,8.0
1,7,7,0,0,0,False,51480,886.4285714285714,8.0
1,7,6,1,0,0,False,360360,917.7142857142857,7.2727272727272725
1,7,6,0,1,0,False,360360,917.7142857142857,7.0
1,7,5,2,0,0,False,1081080,938.5714285714284,6.666666666666667
1,7,5,1,1,0,False,2162160,946.3928571428572,7.2727272727272725
1,7,5,0,2,0,False,1081080,938.5714285714286,7.0
1,7,5,0,1,1,False,1081080,907.2857142857143,7.0
1,7,4,3,0,0,False,1801800,949.0,6.9230769230769225
1,7,4,2,1,0,False,5405400,963.5999999999999,6.666666666666667
1,7,4,1,2,0,False,5405400,963.5999999999999,7.2727272727272725
1,7,4,1,1,1,True,5405400,931.4800000000001,7.2727272727272725
1,7,4,0,3,0,False,1801800,949.0,7.0
1,7,4,0,2,1,False,3603600,963.6,7.0
1,7,4,0,1,2,False,1801800,890.5999999999999,8.0
1,7,3,4,0,0,False,1801800,948.9999999999998,7.142857142857143
1,7,3,3,1,0,False,7207200,969.3357142857143,6.9230769230769225
1,7,3,2,2,0,False,10810800,976.1142857142856,6.666666666666667
1,7,3,2,1,1,True,10810800,943.5771428571429,6.666666666666667
1,7,3,1,3,0,False,7207200,969.3357142857143,7.2727272727272725
1,7,3,1,2,1,True,14414400,984.2485714285714,6.363636363636363
1,7,3,1,1,2,True,7207200,909.6842857142858,7.2727272727272725
1,7,3,0,4,0,False,1801800,948.9999999999999,7.0
1,7,3,0,3,1,False,5405400,1003.2285714285715,7.0
1,7,3,0,2,2,False,5405400,976.1142857142858,7.0
1,7,3,0,1,3,False,1801800,867.6571428571427,8.0
1,7,2,5,0,0,False,1081080,938.5714285714284,6.666666666666667
1,7,2,4,1,0,False,5405400,963.6,7.142857142857143
1,7,2,3,2,0,False,10810800,976.1142857142856,6.9230769230769225
1,7,2,3,1,1,True,10810800,943.577142857143,6.9230769230769225
1,7,2,2,3,0,False,10810800,976.1142857142856,6.666666666666667
1,7,2,2,2,1,True,21621600,991.1314285714284,6.666666666666667
1,7,2,2,1,2,True,10810800,916.0457142857142,7.5
1,7,2,1,4,0,False,5405400,963.5999999999999,7.2727272727272725
1,7,2,1,3,1,True,16216200,1018.6628571428572,6.363636363636363
1,7,2,1,2,2,True,16216200,991.1314285714286,6.363636363636363
1,7,2,1,1,3,True,5405400,881.0057142857144,7.2727272727272725
1,7,2,0,5,0,False,1081080,938.5714285714286,7.0
1,7,2,0,4,1,False,4324320,1026.1714285714286,7.0
1,7,2,0,3,2,False,6486480,1038.6857142857143,7.0
1,7,2,0,2,3,False,4324320,976.1142857142858,7.0
1,7,2,0,1,4,False,1081080,838.4571428571429,8.0
1,7,1,6,0,0,False,360360,917.7142857142858,6.875
1,7,1,5,1,0,False,2162160,946.3928571428571,6.666666666666667
1,7,1,4,2,0,False,5405400,963.5999999999998,7.142857142857143
1,7,1,4,1,1,True,5405400,931.4800000000001,7.142857142857143
1,7,1,3,3,0,False,7207200,969.3357142857143,6.9230769230769225
1,7,1,3,2,1,True,14414400,984.2485714285714,6.9230769230769225
1,7,1,3,1,2,True,7207200,909.6842857142858,6.9230769230769225
1,7,1,2,4,0,False,5405400,963.5999999999998,6.666666666666667
1,7,1,2,3,1,True,16216200,1018.6628571428571,6.666666666666667
1,7,1,2,2,2,True,16216200,991.1314285714284,6.666666666666667
1,7,1,2,1,3,True,5405400,881.0057142857142,7.5
1,7,1,1,5,0,False,2162160,946.3928571428571,7.2727272727272725
1,7,1,1,4,1,True,8648640,1034.7228571428573,6.363636363636363
1,7,1,1,3,2,True,12972960,1047.3414285714287,6.363636363636363
1,7,1,1,2,3,True,8648640,984.2485714285714,6.363636363636363
1,7,1,1,1,4,True,2162160,845.4442857142858,8.181818181818182
1,7,1,0,6,0,False,360360,860.3571428571428,8.0
1,7,1,0,5,1,False,1801800,1032.4285714285713,7.0
1,7,1,0,4,2,False,3603600,1078.3142857142857,6.0
1,7,1,0,3,3,False,3603600,1055.3714285714286,6.0
1,7,1,0,2,4,False,1801800,963.6,7.0
1,7,1,0,1,5,False,360360,802.9999999999999,8.0
1,7,0,7,0,0,False,51480,886.4285714285716,7.058823529411764
1,7,0,6,1,0,False,360360,917.7142857142858,6.875
1,7,0,5,2,0,False,1081080,938.5714285714284,6.666666666666667
1,7,0,5,1,1,False,1081080,907.2857142857143,7.333333333333333
1,7,0,4,3,0,False,1801800,948.9999999999998,7.142857142857143
1,7,0,4,2,1,False,3603600,963.6,7.142857142857143
1,7,0,4,1,2,False,1801800,890.5999999999998,7.142857142857143
1,7,0,3,4,0,False,1801800,949.0,6.9230769230769225
1,7,0,3,3,1,False,5405400,1003.2285714285714,6.9230769230769225
1,7,0,3,2,2,False,5405400,976.1142857142856,6.9230769230769225
1,7,0,3,1,3,False,1801800,867.657142857143,7.692307692307692
1,7,0,2,5,0,False,1081080,938.5714285714284,6.666666666666667
1,7,0,2,4,1,False,4324320,1026.1714285714286,6.666666666666667
1,7,0,2,3,2,False,6486480,1038.6857142857143,6.666666666666667
1,7,0,2,2,3,False,4324320,976.1142857142856,6.666666666666667
1,7,0,2,1,4,False,1081080,838.4571428571429,7.5
1,7,0,1,6,0,False,360360,860.3571428571429,7.2727272727272725
1,7,0,1,5,1,False,1801800,1032.4285714285716,6.363636363636363
1,7,0,1,4,2,False,3603600,1078.3142857142857,6.363636363636363
1,7,0,1,3,3,False,3603600,1055.3714285714286,6.363636363636363
1,7,0,1,2,4,False,1801800,963.6,7.2727272727272725
1,7,0,1,1,5,False,360360,803.0000000000001,8.181818181818182
1,7,0,0,7,0,False,51480,782.1428571428571,8.0
1,7,0,0,6,1,False,308880,938.5714285714286,7.0
1,7,0,0,5,2,False,772200,1095.0,6.0
1,7,0,0,4,3,False,1029600,1105.4285714285713,6.0
1,7,0,0,3,4,False,772200,1053.2857142857144,6.0
1,7,0,0,2,5,False,308880,938.5714285714286,7.0
1,7,0,0,1,6,False,51480,761.2857142857142,9.0
1,6,8,0,0,0,False,45045,831.4285714285713,8.0
1,6,7,1,0,0,False,360360,863.7619047619049,7.2727272727272725
1,6,7,0,1,0,False,360360,863.7619047619048,8.0
1,6,6,2,0,0,False,1261260,886.8571428571428,7.5
1,6,6,1,1,0,False,2522520,894.2476190476191,7.2727272727272725
1,6,6,0,2,0,False,1261260,886.8571428571428,8.0
1,6,6,0,1,1,False,1261260,857.2952380952381,8.0
1,6,5,3,0,0,False,2522520,900.7142857142857,7.692307692307692
1,6,5,2,1,0,False,7567560,914.5714285714287,7.5
1,6,5,1,2,0,False,7567560,914.5714285714286,7.2727272727272725
1,6,5,1,1,1,True,7567560,884.0857142857144,7.2727272727272725
1,6,5,0,3,0,False,2522520,900.7142857142857,7.0
1,6,5,0,2,1,False,5045040,914.5714285714286,7.0
1,6,5,0,1,2,False,2522520,845.2857142857142,8.0
1,6,4,4,0,0,False,3153150,905.3333333333333,7.142857142857143
1,6,4,3,1,0,False,12612600,924.7333333333335,6.9230769230769225
1,6,4,2,2,0,False,18918900,931.1999999999998,7.5
1,6,4,2,1,1,True,18918900,900.1600000000001,7.5
1,6,4,1,3,0,False,12612600,924.7333333333333,7.2727272727272725
1,6,4,1,2,1,True,25225200,938.9600000000002,7.2727272727272725
1,6,4,1,1,2,True,12612600,867.8266666666667,7.2727272727272725
1,6,4,0,4,0,False,3153150,905.3333333333331,7.0
1,6,4,0,3,1,False,9459450,957.0666666666666,7.0
1,6,4,0,2,2,False,9459450,931.1999999999999,7.0
1,6,4,0,1,3,False,3153150,827.7333333333333,8.0
1,6,3,5,0,0,False,2522520,900.7142857142858,7.333333333333333
1,6,3,4,1,0,False,12612600,924.7333333333332,7.142857142857143
1,6,3,3,2,0,False,25225200,936.7428571428571,6.9230769230769225
1,6,3,3,1,1,True,25225200,905.5180952380953,6.9230769230769225
1,6,3,2,3,0,False,25225200,936.742857142857,7.5
1,6,3,2,2,1,True,50450400,951.1542857142856,6.666666666666667
1,6,3,2,1,2,True,25225200,879.0971428571428,7.5
1,6,3,1,4,0,False,12612600,924.7333333333332,7.2727272727272725
1,6,3,1,3,1,True,37837800,977.5752380952381,7.2727272727272725
1,6,3,1,2,2,True,37837800,951.1542857142857,7.2727272727272725
1,6,3,1,1,3,True,12612600,845.4704761904761,8.181818181818182
1,6,3,0,5,0,False,2522520,900.7142857142857,7.0
1,6,3,0,4,1,False,10090080,984.7809523809523,7.0
1,6,3,0,3,2,False,15135120,996.7904761904763,7.0
1,6,3,0,2,3,False,10090080,936.7428571428571,7.0
1,6,3,0,1,4,False,2522520,804.6380952380952,8.0
1,6,2,6,0,0,False,1261260,886.8571428571428,7.5
1,6,2,5,1,0,False,7567560,914.5714285714287,7.333333333333333
1,6,2,4,2,0,False,18918900,931.1999999999999,7.142857142857143
1,6,2,4,1,1,True,18918900,900.1600000000001,7.142857142857143
1,6,2,3,3,0,False,25225200,936.7428571428571,6.9230769230769225
1,6,2,3,2,1,True,50450400,951.1542857142857,6.9230769230769225
1,6,2,3,1,2,True,25225200,879.0971428571429,7.692307692307692
1,6,2,2,4,0,False,18918900,931.1999999999998,7.5
1,6,2,2,3,1,True,56756700,984.4114285714286,6.666666666666667
1,6,2,2,2,2,True,56756700,957.8057142857141,6.666666666666667
1,6,2,2,1,3,True,18918900,851.3828571428571,7.5
1,6,2,1,5,0,False,7567560,914.5714285714286,7.2727272727272725
1,6,2,1,4,1,True,30270240,999.9314285714286,6.363636363636363
1,6,2,1,3,2,True,45405360,1012.1257142857144,6.363636363636363
1,6,2,1,2,3,True,30270240,951.1542857142858,7.2727272727272725
1,6,2,1,1,4,True,7567560,817.0171428571429,8.181818181818182
1,6,2,0,6,0,False,1261260,831.4285714285713,8.0
1,6,2,0,5,1,False,6306300,997.7142857142858,7.0
1,6,2,0,4,2,False,12612600,1042.057142857143,6.0
1,6,2,0,3,3,False,12612600,1019.8857142857144,7.0
1,6,2,0,2,4,False,6306300,931.2,7.0
1,6,2,0,1,5,False,1261260,775.9999999999999,9.0
1,6,1,7,0,0,False,360360,863.7619047619048,7.647058823529411
1,6,1,6,1,0,False,2522520,894.2476190476191,7.5
1,6,1,5,2,0,False,7567560,914.5714285714284,7.333333333333333
1,6,1,5,1,1,True,7567560,884.0857142857144,7.333333333333333
1,6,1,4,3,0,False,12612600,924.7333333333332,7.142857142857143
1,6,1,4,2,1,True,25225200,938.9599999999999,7.142857142857143
1,6,1,4,1,2,True,12612600,867.8266666666666,7.857142857142858
1,6,1,3,4,0,False,12612600,924.7333333333332,6.9230769230769225
1,6,1,3,3,1,True,37837800,977.5752380952382,6.9230769230769225
1,6,1,3,2,2,True,37837800,951.1542857142857,6.9230769230769225
1,6,1,3,1,3,True,12612600,845.4704761904761,7.692307692307692
1,6,1,2,5,0,False,7567560,914.5714285714286,7.5
1,6,1,2,4,1,True,30270240,999.9314285714285,6.666666666666667
1,6,1,2,3,2,True,45405360,1012.1257142857144,6.666666666666667
1,6,1,2,2,3,True,30270240,951.1542857142856,6.666666666666667
1,6,1,2,1,4,True,7567560,817.0171428571427,8.333333333333334
1,6,1,1,6,0,False,2522520,838.3571428571429,8.181818181818182
1,6,1,1,5,1,True,12612600,1006.0285714285715,6.363636363636363
1,6,1,1,4,2,True,25225200,1050.7409523809524,6.363636363636363
1,6,1,1,3,3,True,25225200,1028.384761904762,6.363636363636363
1,6,1,1,2,4,True,12612600,938.9600000000002,7.2727272727272725
1,6,1,1,1,5,True,2522520,782.4666666666667,8.181818181818182
1,6,1,0,7,0,False,360360,762.1428571428571,9.0
1,6,1,0,6,1,False,2162160,914.5714285714286,7.0
1,6,1,0,5,2,False,5405400,1067.0,6.0
1,6,1,0,4,3,False,7207200,1077.1619047619047,6.0
1,6,1,0,3,4,False,5405400,1026.3523809523813,7.0
1,6,1,0,2,5,False,2162160,914.5714285714286,7.0
1,6,1,0,1,6,False,360360,741.8190476190475,9.0
1,6,0,8,0,0,False,45045,831.4285714285713,7.777777777777778
1,6,0,7,1,0,False,360360,863.7619047619048,7.647058823529411
1,6,0,6,2,0,False,1261260,886.8571428571428,7.5
1,6,0,6,1,1,False,1261260,857.2952380952382,7.5
1,6,0,5,3,0,False,2522520,900.7142857142858,7.333333333333333
1,6,0,5,2,1,False,5045040,914.5714285714287,7.333333333333333
1,6,0,5,1,2,False,2522520,845.2857142857141,8.0
1,6,0,4,4,0,False,3153150,905.3333333333333,7.142857142857143
1,6,0,4,3,1,False,9459450,957.0666666666666,7.142857142857143
1,6,0,4,2,2,False,9459450,931.1999999999999,7.142857142857143
1,6,0,4,1,3,False,3153150,827.7333333333333,7.857142857142858
1,6,0,3,5,0,False,2522520,900.7142857142857,7.692307692307692
1,6,0,3,4,1,False,10090080,984.7809523809524,6.9230769230769225
1,6,0,3,3,2,False,15135120,996.7904761904762,6.9230769230769225
1,6,0,3,2,3,False,10090080,936.7428571428571,6.9230769230769225
1,6,0,3,1,4,False,2522520,804.6380952380953,8.461538461538462
1,6,0,2,6,0,False,1261260,831.4285714285713,8.333333333333334
1,6,0,2,5,1,False,6306300,997.7142857142856,6.666666666666667
1,6,0,2,4,2,False,12612600,1042.057142857143,6.666666666666667
1,6,0,2,3,3,False,12612600,1019.8857142857142,6.666666666666667
1,6,0,2,2,4,False,6306300,931.1999999999999,7.5
1,6,0,2,1,5,False,1261260,775.9999999999999,8.333333333333334
1,6,0,1,7,0,False,360360,762.1428571428571,9.09090909090909
1,6,0,1,6,1,False,2162160,914.5714285714286,7.2727272727272725
1,6,0,1,5,2,False,5405400,1067.0,6.363636363636363
1,6,0,1,4,3,False,7207200,1077.1619047619047,6.363636363636363
1,6,0,1,3,4,False,5405400,1026.3523809523813,6.363636363636363
1,6,0,1,2,5,False,2162160,914.5714285714286,7.2727272727272725
1,6,0,1,1,6,False,360360,741.8190476190478,9.09090909090909
1,6,0,0,8,0,False,45045,692.8571428571428,10.0
1,6,0,0,7,1,False,315315,831.4285714285713,8.0
1,6,0,0,6,2,False,945945,970.0,7.0
1,6,0,0,5,3,False,1576575,1108.5714285714284,6.0
1,6,0,0,4,4,False,1576575,1090.095238095238,6.0
1,6,0,0,3,5,False,945945,1016.1904761904761,7.0
1,6,0,0,2,6,False,315315,886.8571428571428,8.0
1,6,0,0,1,7,False,45045,702.0952380952381,9.0
1,5,9,0,0,0,False,30030,764.5238095238095,9.0
1,5,8,1,0,0,False,270270,796.7142857142857,8.181818181818182
1,5,8,0,1,0,False,270270,796.7142857142858,8.0
1,5,7,2,0,0,False,1081080,820.857142857143,8.333333333333334
1,5,7,1,1,0,False,2162160,827.6976190476192,8.181818181818182
1,5,7,0,2,0,False,1081080,820.8571428571429,8.0
1,5,7,0,1,1,False,1081080,793.4952380952383,8.0
1,5,6,3,0,0,False,2522520,836.9523809523808,7.692307692307692
1,5,6,2,1,0,False,7567560,849.8285714285713,7.5
1,5,6,1,2,0,False,7567560,849.8285714285713,8.181818181818182
1,5,6,1,1,1,True,7567560,821.5009523809524,8.181818181818182
1,5,6,0,3,0,False,2522520,836.952380952381,8.0
1,5,6,0,2,1,False,5045040,849.8285714285714,8.0
1,5,6,0,1,2,False,2522520,785.447619047619,8.0
1,5,5,4,0,0,False,3783780,844.9999999999999,7.857142857142858
1,5,5,3,1,0,False,15135120,863.1071428571429,7.692307692307692
1,5,5,2,2,0,False,22702680,869.142857142857,7.5
1,5,5,2,1,1,True,22702680,840.1714285714287,7.5
1,5,5,1,3,0,False,15135120,863.1071428571429,7.2727272727272725
1,5,5,1,2,1,True,30270240,876.3857142857145,7.2727272727272725
1,5,5,1,1,2,True,15135120,809.9928571428571,8.181818181818182
1,5,5,0,4,0,False,3783780,845.0,8.0
1,5,5,0,3,1,False,11351340,893.2857142857143,7.0
1,5,5,0,2,2,False,11351340,869.1428571428571,8.0
1,5,5,0,1,3,False,3783780,772.5714285714286,9.0
1,5,4,5,0,0,False,3783780,844.9999999999999,8.0
1,5,4,4,1,0,False,18918900,867.5333333333334,7.857142857142858
1,5,4,3,2,0,False,37837800,878.7999999999998,7.692307692307692
1,5,4,3,1,1,True,37837800,849.5066666666668,7.692307692307692
1,5,4,2,3,0,False,37837800,878.8000000000001,7.5
1,5,4,2,2,1,True,75675600,892.32,7.5
1,5,4,2,1,2,True,37837800,824.7199999999999,8.333333333333334
1,5,4,1,4,0,False,18918900,867.5333333333332,7.2727272727272725
1,5,4,1,3,1,True,56756700,917.1066666666667,7.2727272727272725
1,5,4,1,2,2,True,56756700,892.32,7.2727272727272725
1,5,4,1,1,3,True,18918900,793.1733333333333,8.181818181818182
1,5,4,0,5,0,False,3783780,845.0,8.0
1,5,4,0,4,1,False,15135120,923.8666666666667,7.0
1,5,4,0,3,2,False,22702680,935.1333333333333,7.0
1,5,4,0,2,3,False,15135120,878.8,8.0
1,5,4,0,1,4,False,3783780,754.8666666666667,9.0
1,5,3,6,0,0,False,2522520,836.952380952381,7.5
1,5,3,5,1,0,False,15135120,863.1071428571429,7.333333333333333
1,5,3,4,2,0,False,37837800,878.7999999999998,7.142857142857143
1,5,3,4,1,1,True,37837800,849.5066666666668,7.857142857142858
1,5,3,3,3,0,False,50450400,884.0309523809524,7.692307692307692
1,5,3,3,2,1,True,100900800,897.6314285714286,7.692307692307692
1,5,3,3,1,2,True,50450400,829.6290476190477,7.692307692307692
1,5,3,2,4,0,False,37837800,878.7999999999998,7.5
1,5,3,2,3,1,True,113513400,929.0171428571427,7.5
1,5,3,2,2,2,True,113513400,903.9085714285712,7.5
1,5,3,2,1,3,True,37837800,803.4742857142855,8.333333333333334
1,5,3,1,5,0,False,15135120,863.1071428571429,7.2727272727272725
1,5,3,1,4,1,True,60540480,943.6638095238097,7.2727272727272725
1,5,3,1,3,2,True,90810720,955.1719047619049,7.2727272727272725
1,5,3,1,2,3,True,60540480,897.6314285714287,7.2727272727272725
1,5,3,1,1,4,True,15135120,771.042380952381,8.181818181818182
1,5,3,0,6,0,False,2522520,784.6428571428571,8.0
1,5,3,0,5,1,False,12612600,941.5714285714284,7.0
1,5,3,0,4,2,False,25225200,983.4190476190477,7.0
1,5,3,0,3,3,False,25225200,962.495238095238,7.0
1,5,3,0,2,4,False,12612600,878.8000000000001,8.0
1,5,3,0,1,5,False,2522520,732.3333333333333,9.0
1,5,2,7,0,0,False,1081080,820.8571428571429,7.647058823529411
1,5,2,6,1,0,False,7567560,849.8285714285714,7.5
1,5,2,5,2,0,False,22702680,869.142857142857,7.333333333333333
1,5,2,5,1,1,True,22702680,840.1714285714286,8.0
1,5,2,4,3,0,False,37837800,878.7999999999998,7.142857142857143
1,5,2,4,2,1,True,75675600,892.3199999999998,7.142857142857143
1,5,2,4,1,2,True,37837800,824.7199999999998,7.857142857142858
1,5,2,3,4,0,False,37837800,878.7999999999998,7.692307692307692
1,5,2,3,3,1,True,113513400,929.0171428571429,6.9230769230769225
1,5,2,3,2,2,True,113513400,903.9085714285712,6.9230769230769225
1,5,2,3,1,3,True,37837800,803.4742857142857,8.461538461538462
1,5,2,2,5,0,False,22702680,869.142857142857,7.5
1,5,2,2,4,1,True,90810720,950.262857142857,6.666666666666667
1,5,2,2,3,2,True,136216080,961.8514285714286,6.666666666666667
1,5,2,2,2,3,True,90810720,903.9085714285715,7.5
1,5,2,2,1,4,True,22702680,776.4342857142856,8.333333333333334
1,5,2,1,6,0,False,7567560,796.7142857142857,8.181818181818182
1,5,2,1,5,1,True,37837800,956.0571428571429,7.2727272727272725
1,5,2,1,4,2,True,75675600,998.5485714285716,6.363636363636363
1,5,2,1,3,3,True,75675600,977.3028571428572,7.2727272727272725
1,5,2,1,2,4,True,37837800,892.3200000000002,7.2727272727272725
1,5,2,1,1,5,True,7567560,743.5999999999999,9.09090909090909
1,5,2,0,7,0,False,1081080,724.2857142857142,9.0
1,5,2,0,6,1,False,6486480,869.1428571428571,8.0
1,5,2,0,5,2,False,16216200,1014.0,7.0
1,5,2,0,4,3,False,21621600,1023.657142857143,7.0
1,5,2,0,3,4,False,16216200,975.3714285714289,7.0
1,5,2,0,2,5,False,6486480,869.1428571428571,8.0
1,5,2,0,1,6,False,1081080,704.9714285714285,9.0
1,5,1,8,0,0,False,270270,796.7142857142858,8.333333333333334
1,5,1,7,1,0,False,2162160,827.6976190476191,7.647058823529411
1,5,1,6,2,0,False,7567560,849.8285714285714,7.5
1,5,1,6,1,1,True,7567560,821.5009523809526,8.125
1,5,1,5,3,0,False,15135120,863.1071428571429,7.333333333333333
1,5,1,5,2,1,True,30270240,876.3857142857145,7.333333333333333
1,5,1,5,1,2,True,15135120,809.992857142857,8.0
1,5,1,4,4,0,False,18918900,867.5333333333334,7.857142857142858
1,5,1,4,3,1,True,56756700,917.1066666666667,7.142857142857143
1,5,1,4,2,2,True,56756700,892.3199999999998,7.142857142857143
1,5,1,4,1,3,True,18918900,793.1733333333333,8.571428571428571
1,5,1,3,5,0,False,15135120,863.1071428571429,7.692307692307692
1,5,1,3,4,1,True,60540480,943.6638095238097,6.9230769230769225
1,5,1,3,3,2,True,90810720,955.1719047619048,6.9230769230769225
1,5,1,3,2,3,True,60540480,897.6314285714287,7.692307692307692
1,5,1,3,1,4,True,15135120,771.0423809523811,8.461538461538462
1,5,1,2,6,0,False,7567560,796.7142857142857,8.333333333333334
1,5,1,2,5,1,True,37837800,956.0571428571429,6.666666666666667
1,5,1,2,4,2,True,75675600,998.5485714285716,6.666666666666667
1,5,1,2,3,3,True,75675600,977.3028571428572,6.666666666666667
1,5,1,2,2,4,True,37837800,892.3200000000002,7.5
1,5,1,2,1,5,True,7567560,743.6,9.166666666666668
1,5,1,1,7,0,False,2162160,730.3214285714287,9.09090909090909
1,5,1,1,6,1,True,12972960,876.3857142857145,7.2727272727272725
1,5,1,1,5,2,True,32432400,1022.4500000000002,6.363636363636363
1,5,1,1,4,3,True,43243200,1032.1876190476191,6.363636363636363
1,5,1,1,3,4,True,32432400,983.4995238095241,6.363636363636363
1,5,1,1,2,5,True,12972960,876.3857142857145,7.2727272727272725
1,5,1,1,1,6,True,2162160,710.8461904761906,9.09090909090909
1,5,1,0,8,0,False,270270,663.9285714285714,10.0
1,5,1,0,7,1,False,1891890,796.7142857142858,8.0
1,5,1,0,6,2,False,5675670,929.5000000000001,7.0
1,5,1,0,5,3,False,9459450,1062.2857142857142,6.0
1,5,1,0,4,4,False,9459450,1044.5809523809526,6.0
1,5,1,0,3,5,False,5675670,973.7619047619048,7.0
1,5,1,0,2,6,False,1891890,849.8285714285714,8.0
1,5,1,0,1,7,False,270270,672.7809523809524,10.0
1,5,0,9,0,0,False,30030,764.5238095238094,8.421052631578947
1,5,0,8,1,0,False,270270,796.7142857142858,8.333333333333334
1,5,0,7,2,0,False,1081080,820.8571428571429,7.647058823529411
1,5,0,7,1,1,False,1081080,793.4952380952383,8.235294117647058
1,5,0,6,3,0,False,2522520,836.952380952381,7.5
1,5,0,6,2,1,False,5045040,849.8285714285714,7.5
1,5,0,6,1,2,False,2522520,785.4476190476191,8.125
1,5,0,5,4,0,False,3783780,844.9999999999999,8.0
1,5,0,5,3,1,False,11351340,893.2857142857141,7.333333333333333
1,5,0,5,2,2,False,11351340,869.142857142857,7.333333333333333
1,5,0,5,1,3,False,3783780,772.5714285714284,8.666666666666666
1,5,0,4,5,0,False,3783780,844.9999999999999,7.857142857142858
1,5,0,4,4,1,False,15135120,923.8666666666667,7.142857142857143
1,5,0,4,3,2,False,22702680,935.1333333333333,7.142857142857143
1,5,0,4,2,3,False,15135120,878.7999999999998,7.142857142857143
1,5,0,4,1,4,False,3783780,754.8666666666666,8.571428571428571
1,5,0,3,6,0,False,2522520,784.6428571428571,8.461538461538462
1,5,0,3,5,1,False,12612600,941.5714285714286,6.9230769230769225
1,5,0,3,4,2,False,25225200,983.4190476190477,6.9230769230769225
1,5,0,3,3,3,False,25225200,962.495238095238,6.9230769230769225
1,5,0,3,2,4,False,12612600,878.8000000000001,7.692307692307692
1,5,0,3,1,5,False,2522520,732.3333333333333,9.23076923076923
1,5,0,2,7,0,False,1081080,724.2857142857142,9.166666666666668
1,5,0,2,6,1,False,6486480,869.142857142857,7.5
1,5,0,2,5,2,False,16216200,1014.0,6.666666666666667
1,5,0,2,4,3,False,21621600,1023.6571428571428,6.666666666666667
1,5,0,2,3,4,False,16216200,975.3714285714287,6.666666666666667
1,5,0,2,2,5,False,6486480,869.142857142857,7.5
1,5,0,2,1,6,False,1081080,704.9714285714285,9.166666666666668
1,5,0,1,8,0,False,270270,663.9285714285714,10.0
1,5,0,1,7,1,False,1891890,796.7142857142857,8.181818181818182
1,5,0,1,6,2,False,5675670,929.5000000000001,7.2727272727272725
1,5,0,1,5,3,False,9459450,1062.2857142857142,6.363636363636363
1,5,0,1,4,4,False,9459450,1044.5809523809526,6.363636363636363
1,5,0,1,3,5,False,5675670,973.7619047619049,7.2727272727272725
1,5,0,1,2,6,False,1891890,849.8285714285713,8.181818181818182
1,5,0,1,1,7,False,270270,672.7809523809524,10.0
1,5,0,0,9,0,False,30030,603.5714285714286,11.0
1,5,0,0,8,1,False,240240,724.2857142857142,9.0
1,5,0,0,7,2,False,840840,845.0,8.0
1,5,0,0,6,3,False,1681680,965.7142857142857,7.0
1,5,0,0,5,4,False,2102100,1086.4285714285713,6.0
1,5,0,0,4,5,False,1681680,1046.1904761904761,6.0
1,5,0,0,3,6,False,840840,957.6666666666665,7.0
1,5,0,0,2,7,False,240240,820.8571428571428,8.0
1,5,0,0,1,8,False,30030,635.7619047619048,10.0
1,4,10,0,0,0,False,15015,685.7142857142857,10.0
1,4,9,1,0,0,False,150150,716.5714285714287,9.09090909090909
1,4,9,0,1,0,False,150150,716.5714285714287,9.0
1,4,8,2,0,0,False,675675,740.5714285714286,9.166666666666668
1,4,8,1,1,0,False,1351350,746.7428571428572,9.09090909090909
1,4,8,0,2,0,False,675675,740.5714285714286,9.0
1,4,8,0,1,1,False,675675,715.8857142857144,9.0
1,4,7,3,0,0,False,1801800,757.7142857142858,8.461538461538462
1,4,7,2,1,0,False,5405400,769.3714285714286,8.333333333333334
1,4,7,1,2,0,False,5405400,769.3714285714286,8.181818181818182
1,4,7,1,1,1,True,5405400,743.7257142857145,9.09090909090909
1,4,7,0,3,0,False,1801800,757.7142857142858,9.0
1,4,7,0,2,1,False,3603600,769.3714285714286,9.0
1,4,7,0,1,2,False,1801800,711.0857142857143,9.0
1,4,6,4,0,0,False,3153150,767.9999999999999,8.571428571428571
1,4,6,3,1,0,False,12612600,784.4571428571429,8.461538461538462
1,4,6,2,2,0,False,18918900,789.9428571428571,8.333333333333334
1,4,6,2,1,1,True,18918900,763.6114285714285,8.333333333333334
1,4,6,1,3,0,False,12612600,784.457142857143,8.181818181818182
1,4,6,1,2,1,True,25225200,796.5257142857143,8.181818181818182
1,4,6,1,1,2,True,12612600,736.1828571428572,9.09090909090909
1,4,6,0,4,0,False,3153150,767.9999999999999,9.0
1,4,6,0,3,1,False,9459450,811.8857142857142,8.0
1,4,6,0,2,2,False,9459450,789.9428571428571,8.0
1,4,6,0,1,3,False,3153150,702.1714285714285,9.0
1,4,5,5,0,0,False,3783780,771.4285714285713,8.666666666666666
1,4,5,4,1,0,False,18918900,791.9999999999999,8.571428571428571
1,4,5,3,2,0,False,37837800,802.2857142857142,8.461538461538462
1,4,5,3,1,1,True,37837800,775.5428571428573,8.461538461538462
1,4,5,2,3,0,False,37837800,802.2857142857142,8.333333333333334
1,4,5,2,2,1,True,75675600,814.6285714285715,8.333333333333334
1,4,5,2,1,2,True,37837800,752.9142857142856,8.333333333333334
1,4,5,1,4,0,False,18918900,792.0000000000001,8.181818181818182
1,4,5,1,3,1,True,56756700,837.2571428571429,8.181818181818182
1,4,5,1,2,2,True,56756700,814.6285714285715,8.181818181818182
1,4,5,1,1,3,True,18918900,724.1142857142859,9.09090909090909
1,4,5,0,5,0,False,3783780,771.4285714285713,9.0
1,4,5,0,4,1,False,15135120,843.4285714285714,8.0
1,4,5,0,3,2,False,22702680,853.7142857142858,8.0
1,4,5,0,2,3,False,15135120,802.2857142857142,8.0
1,4,5,0,1,4,False,3783780,689.1428571428571,10.0
1,4,4,6,0,0,False,3153150,768.0,8.75
1,4,4,5,1,0,False,18918900,792.0,8.0
1,4,4,4,2,0,False,47297250,806.3999999999997,7.857142857142858
1,4,4,4,1,1,True,47297250,779.5199999999999,8.571428571428571
1,4,4,3,3,0,False,63063000,811.1999999999999,8.461538461538462
1,4,4,3,2,1,True,126126000,823.68,7.692307692307692
1,4,4,3,1,2,True,63063000,761.2799999999999,8.461538461538462
1,4,4,2,4,0,False,47297250,806.3999999999999,8.333333333333334
1,4,4,2,3,1,True,141891750,852.4799999999999,7.5
1,4,4,2,2,2,True,141891750,829.4399999999997,8.333333333333334
1,4,4,2,1,3,True,47297250,737.2799999999999,9.166666666666668
1,4,4,1,5,0,False,18918900,791.9999999999999,8.181818181818182
1,4,4,1,4,1,True,75675600,865.92,7.2727272727272725
1,4,4,1,3,2,True,113513400,876.48,7.2727272727272725
1,4,4,1,2,3,True,75675600,823.6799999999998,8.181818181818182
1,4,4,1,1,4,True,18918900,707.52,9.09090909090909
1,4,4,0,6,0,False,3153150,719.9999999999999,9.0
1,4,4,0,5,1,False,15765750,863.9999999999999,8.0
1,4,4,0,4,2,False,31531500,902.4,7.0
1,4,4,0,3,3,False,31531500,883.1999999999998,8.0
1,4,4,0,2,4,False,15765750,806.4,8.0
1,4,4,0,1,5,False,3153150,671.9999999999999,10.0
1,4,3,7,0,0,False,1801800,757.7142857142857,8.823529411764705
1,4,3,6,1,0,False,12612600,784.457142857143,8.125
1,4,3,5,2,0,False,37837800,802.2857142857143,8.0
1,4,3,5,1,1,True,37837800,775.5428571428572,8.666666666666666
1,4,3,4,3,0,False,63063000,811.1999999999998,7.857142857142858
1,4,3,4,2,1,True,126126000,823.68,7.857142857142858
1,4,3,4,1,2,True,63063000,761.28,8.571428571428571
1,4,3,3,4,0,False,63063000,811.1999999999999,8.461538461538462
1,4,3,3,3,1,True,189189000,857.5542857142857,7.692307692307692
1,4,3,3,2,2,True,189189000,834.3771428571428,7.692307692307692
1,4,3,3,1,3,True,63063000,741.6685714285713,8.461538461538462
1,4,3,2,5,0,False,37837800,802.2857142857142,8.333333333333334
1,4,3,2,4,1,True,151351200,877.1657142857143,7.5
1,4,3,2,3,2,True,227026800,887.8628571428573,7.5
1,4,3,2,2,3,True,151351200,834.3771428571428,7.5
1,4,3,2,1,4,True,37837800,716.7085714285714,9.166666666666668
1,4,3,1,6,0,False,12612600,735.4285714285714,9.09090909090909
1,4,3,1,5,1,True,63063000,882.5142857142857,7.2727272727272725
1,4,3,1,4,2,True,126126000,921.737142857143,7.2727272727272725
1,4,3,1,3,3,True,126126000,902.1257142857143,7.2727272727272725
1,4,3,1,2,4,True,63063000,823.6800000000002,8.181818181818182
1,4,3,1,1,5,True,12612600,686.4,10.0
1,4,3,0,7,0,False,1801800,668.5714285714286,10.0
1,4,3,0,6,1,False,10810800,802.2857142857142,8.0
1,4,3,0,5,2,False,27027000,936.0,7.0
1,4,3,0,4,3,False,36036000,944.9142857142857,7.0
1,4,3,0,3,4,False,27027000,900.3428571428573,7.0
1,4,3,0,2,5,False,10810800,802.2857142857142,8.0
1,4,3,0,1,6,False,1801800,650.7428571428571,10.0
1,4,2,8,0,0,False,675675,740.5714285714286,8.88888888888889
1,4,2,7,1,0,False,5405400,769.3714285714287,8.235294117647058
1,4,2,6,2,0,False,18918900,789.9428571428571,8.125
1,4,2,6,1,1,True,18918900,763.6114285714286,8.75
1,4,2,5,3,0,False,37837800,802.2857142857143,8.0
1,4,2,5,2,1,True,75675600,814.6285714285714,8.0
1,4,2,5,1,2,True,37837800,752.9142857142856,8.666666666666666
1,4,2,4,4,0,False,47297250,806.3999999999997,7.857142857142858
1,4,2,4,3,1,True,141891750,852.4799999999999,7.857142857142858
1,4,2,4,2,2,True,141891750,829.4399999999998,7.857142857142858
1,4,2,4,1,3,True,47297250,737.2800000000001,8.571428571428571
1,4,2,3,5,0,False,37837800,802.2857142857142,8.461538461538462
1,4,2,3,4,1,True,151351200,877.1657142857143,7.692307692307692
1,4,2,3,3,2,True,227026800,887.8628571428573,7.692307692307692
1,4,2,3,2,3,True,151351200,834.3771428571429,7.692307692307692
1,4,2,3,1,4,True,37837800,716.7085714285714,9.23076923076923
1,4,2,2,6,0,False,18918900,740.5714285714286,9.166666666666668
1,4,2,2,5,1,True,94594500,888.6857142857142,7.5
1,4,2,2,4,2,True,189189000,928.1828571428571,7.5
1,4,2,2,3,3,True,189189000,908.4342857142856,7.5
1,4,2,2,2,4,True,94594500,829.44,8.333333333333334
1,4,2,2,1,5,True,18918900,691.1999999999998,9.166666666666668
1,4,2,1,7,0,False,5405400,678.8571428571429,10.0
1,4,2,1,6,1,True,32432400,814.6285714285715,8.181818181818182
1,4,2,1,5,2,True,81081000,950.4000000000001,7.2727272727272725
1,4,2,1,4,3,True,108108000,959.4514285714287,7.2727272727272725
1,4,2,1,3,4,True,81081000,914.1942857142859,7.2727272727272725
1,4,2,1,2,5,True,32432400,814.6285714285715,8.181818181818182
1,4,2,1,1,6,True,5405400,660.7542857142857,10.0
1,4,2,0,8,0,False,675675,617.1428571428571,11.0
1,4,2,0,7,1,False,4729725,740.5714285714286,9.0
1,4,2,0,6,2,False,14189175,864.0,8.0
1,4,2,0,5,3,False,23648625,987.4285714285713,7.0
1,4,2,0,4,4,False,23648625,970.9714285714286,7.0
1,4,2,0,3,5,False,14189175,905.1428571428572,7.0
1,4,2,0,2,6,False,4729725,789.9428571428571,8.0
1,4,2,0,1,7,False,675675,625.3714285714285,10.0
1,4,1,9,0,0,False,150150,716.5714285714286,8.947368421052632
1,4,1,8,1,0,False,1351350,746.7428571428572,8.88888888888889
1,4,1,7,2,0,False,5405400,769.3714285714287,8.235294117647058
1,4,1,7,1,1,True,5405400,743.7257142857145,8.823529411764705
1,4,1,6,3,0,False,12612600,784.457142857143,8.125
1,4,1,6,2,1,True,25225200,796.5257142857145,8.125
1,4,1,6,1,2,True,12612600,736.1828571428573,8.75
1,4,1,5,4,0,False,18918900,792.0000000000002,8.0
1,4,1,5,3,1,True,56756700,837.2571428571429,8.0
1,4,1,5,2,2,True,56756700,814.6285714285714,8.0
1,4,1,5,1,3,True,18918900,724.1142857142859,8.666666666666666
1,4,1,4,5,0,False,18918900,792.0,8.571428571428571
1,4,1,4,4,1,True,75675600,865.9200000000002,7.857142857142858
1,4,1,4,3,2,True,113513400,876.48,7.142857142857143
1,4,1,4,2,3,True,75675600,823.68,7.857142857142858
1,4,1,4,1,4,True,18918900,707.52,9.285714285714286
1,4,1,3,6,0,False,12612600,735.4285714285716,9.23076923076923
1,4,1,3,5,1,True,63063000,882.5142857142857,7.692307692307692
1,4,1,3,4,2,True,126126000,921.7371428571429,6.9230769230769225
1,4,1,3,3,3,True,126126000,902.1257142857144,7.692307692307692
1,4,1,3,2,4,True,63063000,823.6800000000002,7.692307692307692
1,4,1,3,1,5,True,12612600,686.4000000000002,9.23076923076923
1,4,1,2,7,0,False,5405400,678.8571428571429,10.0
1,4,1,2,6,1,True,32432400,814.6285714285715,8.333333333333334
1,4,1,2,5,2,True,81081000,950.4000000000001,6.666666666666667
1,4,1,2,4,3,True,108108000,959.4514285714288,6.666666666666667
1,4,1,2,3,4,True,81081000,914.1942857142859,7.5
1,4,1,2,2,5,True,32432400,814.6285714285715,8.333333333333334
1,4,1,2,1,6,True,5405400,660.7542857142857,10.0
1,4,1,1,8,0,False,1351350,622.2857142857144,10.909090909090908
1,4,1,1,7,1,True,9459450,746.7428571428572,9.09090909090909
1,4,1,1,6,2,True,28378350,871.2000000000002,7.2727272727272725
1,4,1,1,5,3,True,47297250,995.6571428571431,6.363636363636363
1,4,1,1,4,4,True,47297250,979.0628571428574,7.2727272727272725
1,4,1,1,3,5,True,28378350,912.6857142857144,7.2727272727272725
1,4,1,1,2,6,True,9459450,796.5257142857143,8.181818181818182
1,4,1,1,1,7,True,1351350,630.5828571428572,10.0
1,4,1,0,9,0,False,150150,565.7142857142858,12.0
1,4,1,0,8,1,False,1201200,678.8571428571429,10.0
1,4,1,0,7,2,False,4204200,792.0000000000001,8.0
1,4,1,0,6,3,False,8408400,905.1428571428572,7.0
1,4,1,0,5,4,False,10510500,1018.2857142857144,7.0
1,4,1,0,4,5,False,8408400,980.5714285714287,7.0
1,4,1,0,3,6,False,4204200,897.6,7.0
1,4,1,0,2,7,False,1201200,769.3714285714286,9.0
1,4,1,0,1,8,False,150150,595.8857142857144,11.0
1,4,0,10,0,0,False,15015,685.7142857142857,9.5
1,4,0,9,1,0,False,150150,716.5714285714286,8.947368421052632
1,4,0,8,2,0,False,675675,740.5714285714286,8.88888888888889
1,4,0,8,1,1,False,675675,715.8857142857144,8.88888888888889
1,4,0,7,3,0,False,1801800,757.7142857142857,8.823529411764705
1,4,0,7,2,1,False,3603600,769.3714285714287,8.235294117647058
1,4,0,7,1,2,False,1801800,711.0857142857144,8.823529411764705
1,4,0,6,4,0,False,3153150,768.0,8.75
1,4,0,6,3,1,False,9459450,811.8857142857141,8.125
1,4,0,6,2,2,False,9459450,789.9428571428571,8.125
1,4,0,6,1,3,False,3153150,702.1714285714286,9.375
1,4,0,5,5,0,False,3783780,771.4285714285713,8.666666666666666
1,4,0,5,4,1,False,15135120,843.4285714285716,8.0
1,4,0,5,3,2,False,22702680,853.7142857142857,7.333333333333333
1,4,0,5,2,3,False,15135120,802.2857142857143,8.0
1,4,0,5,1,4,False,3783780,689.1428571428571,9.333333333333334
1,4,0,4,6,0,False,3153150,719.9999999999999,9.285714285714286
1,4,0,4,5,1,False,15765750,863.9999999999999,7.857142857142858
1,4,0,4,4,2,False,31531500,902.3999999999999,7.142857142857143
1,4,0,4,3,3,False,31531500,883.1999999999998,7.142857142857143
1,4,0,4,2,4,False,15765750,806.4,7.857142857142858
1,4,0,4,1,5,False,3153150,671.9999999999999,10.0
1,4,0,3,7,0,False,1801800,668.5714285714286,10.0
1,4,0,3,6,1,False,10810800,802.2857142857142,8.461538461538462
1,4,0,3,5,2,False,27027000,936.0,6.9230769230769225
1,4,0,3,4,3,False,36036000,944.9142857142858,6.9230769230769225
1,4,0,3,3,4,False,27027000,900.3428571428573,7.692307692307692
1,4,0,3,2,5,False,10810800,802.2857142857142,8.461538461538462
1,4,0,3,1,6,False,1801800,650.7428571428571,10.0
1,4,0,2,8,0,False,675675,617.142857142857,10.833333333333334
1,4,0,2,7,1,False,4729725,740.5714285714286,9.166666666666668
1,4,0,2,6,2,False,14189175,864.0,7.5
1,4,0,2,5,3,False,23648625,987.4285714285713,6.666666666666667
1,4,0,2,4,4,False,23648625,970.9714285714286,6.666666666666667
1,4,0,2,3,5,False,14189175,905.1428571428572,7.5
1,4,0,2,2,6,False,4729725,789.9428571428571,8.333333333333334
1,4,0,2,1,7,False,675675,625.3714285714285,10.0
1,4,0,1,9,0,False,150150,565.7142857142857,11.818181818181817
1,4,0,1,8,1,False,1201200,678.8571428571429,10.0
1,4,0,1,7,2,False,4204200,792.0000000000001,8.181818181818182
1,4,0,1,6,3,False,8408400,905.1428571428571,7.2727272727272725
1,4,0,1,5,4,False,10510500,1018.2857142857144,6.363636363636363
1,4,0,1,4,5,False,8408400,980.5714285714286,7.2727272727272725
1,4,0,1,3,6,False,4204200,897.5999999999999,7.2727272727272725
1,4,0,1,2,7,False,1201200,769.3714285714285,8.181818181818182
1,4,0,1,1,8,False,150150,595.8857142857144,10.909090909090908
1,4,0,0,10,0,False,15015,514.2857142857142,13.0
1,4,0,0,9,1,False,135135,617.1428571428571,11.0
1,4,0,0,8,2,False,540540,720.0,9.0
1,4,0,0,7,3,False,1261260,822.8571428571428,8.0
1,4,0,0,6,4,False,1891890,925.7142857142858,7.0
1,4,0,0,5,5,False,1891890,1028.5714285714284,7.0
1,4,0,0,4,6,False,1261260,973.7142857142857,7.0
1,4,0,0,3,7,False,540540,877.7142857142858,8.0
1,4,0,0,2,8,False,135135,740.5714285714286,9.0
1,4,0,0,1,9,False,15015,562.2857142857142,12.0
1,3,11,0,0,0,False,5460,595.0,11.0
1,3,10,1,0,0,False,60060,623.3333333333334,10.909090909090908
1,3,10,0,1,0,False,60060,623.3333333333333,11.0
1,3,9,2,0,0,False,300300,645.9999999999999,10.0
1,3,9,1,1,0,False,600600,651.3833333333334,10.0
1,3,9,0,2,0,False,300300,645.9999999999999,10.0
1,3,9,0,1,1,False,300300,624.4666666666667,11.0
1,3,8,3,0,0,False,900900,663.0,10.0
1,3,8,2,1,0,False,2702700,673.1999999999999,10.0
1,3,8,1,2,0,False,2702700,673.2,10.0
1,3,8,1,1,1,True,2702700,650.7600000000001,10.0
1,3,8,0,3,0,False,900900,662.9999999999999,10.0
1,3,8,0,2,1,False,1801800,673.1999999999999,10.0
1,3,8,0,1,2,False,900900,622.1999999999999,11.0
1,3,7,4,0,0,False,1801800,674.3333333333334,9.285714285714286
1,3,7,3,1,0,False,7207200,688.7833333333335,9.23076923076923
1,3,7,2,2,0,False,10810800,693.6,9.166666666666668
1,3,7,2,1,1,True,10810800,670.4800000000001,10.0
1,3,7,1,3,0,False,7207200,688.7833333333334,9.09090909090909
1,3,7,1,2,1,True,14414400,699.3800000000001,9.09090909090909
1,3,7,1,1,2,True,7207200,646.3966666666669,10.0
1,3,7,0,4,0,False,1801800,674.3333333333334,10.0
1,3,7,0,3,1,False,5405400,712.8666666666667,9.0
1,3,7,0,2,2,False,5405400,693.6,10.0
1,3,7,0,1,3,False,1801800,616.5333333333334,11.0
1,3,6,5,0,0,False,2522520,680.0,9.333333333333334
1,3,6,4,1,0,False,12612600,698.1333333333333,9.285714285714286
1,3,6,3,2,0,False,25225200,707.1999999999999,9.23076923076923
1,3,6,3,1,1,True,25225200,683.6266666666667,9.23076923076923
1,3,6,2,3,0,False,25225200,707.2,9.166666666666668
1,3,6,2,2,1,True,50450400,718.0799999999999,9.166666666666668
1,3,6,2,1,2,True,25225200,663.68,10.0
1,3,6,1,4,0,False,12612600,698.1333333333333,9.09090909090909
1,3,6,1,3,1,True,37837800,738.0266666666666,9.09090909090909
1,3,6,1,2,2,True,37837800,718.08,9.09090909090909
1,3,6,1,1,3,True,12612600,638.2933333333334,10.0
1,3,6,0,5,0,False,2522520,680.0,10.0
1,3,6,0,4,1,False,10090080,743.4666666666667,9.0
1,3,6,0,3,2,False,15135120,752.5333333333334,9.0
1,3,6,0,2,3,False,10090080,707.2,9.0
1,3,6,0,1,4,False,2522520,607.4666666666667,11.0
1,3,5,6,0,0,False,2522520,680.0,9.375
1,3,5,5,1,0,False,15135120,701.25,9.333333333333334
1,3,5,4,2,0,False,37837800,714.0,9.285714285714286
1,3,5,4,1,1,True,37837800,690.2,9.285714285714286
1,3,5,3,3,0,False,50450400,718.25,9.23076923076923
1,3,5,3,2,1,True,100900800,729.3000000000001,9.23076923076923
1,3,5,3,1,2,True,50450400,674.0499999999998,10.0
1,3,5,2,4,0,False,37837800,714.0,9.166666666666668
1,3,5,2,3,1,True,113513400,754.8,8.333333333333334
1,3,5,2,2,2,True,113513400,734.4,9.166666666666668
1,3,5,2,1,3,True,37837800,652.8,10.0
1,3,5,1,5,0,False,15135120,701.25,9.09090909090909
1,3,5,1,4,1,True,60540480,766.7,8.181818181818182
1,3,5,1,3,2,True,90810720,776.0500000000001,8.181818181818182
1,3,5,1,2,3,True,60540480,729.3,9.09090909090909
1,3,5,1,1,4,True,15135120,626.45,10.0
1,3,5,0,6,0,False,2522520,637.5,10.0
1,3,5,0,5,1,False,12612600,765.0,9.0
1,3,5,0,4,2,False,25225200,799.0,8.0
1,3,5,0,3,3,False,25225200,782.0,8.0
1,3,5,0,2,4,False,12612600,714.0,9.0
1,3,5,0,1,5,False,2522520,595.0,11.0
1,3,4,7,0,0,False,1801800,674.3333333333334,9.411764705882351
1,3,4,6,1,0,False,12612600,698.1333333333333,9.375
1,3,4,5,2,0,False,37837800,713.9999999999999,9.333333333333334
1,3,4,5,1,1,True,37837800,690.2,9.333333333333334
1,3,4,4,3,0,False,63063000,721.9333333333333,9.285714285714286
1,3,4,4,2,1,True,126126000,733.0399999999998,8.571428571428571
1,3,4,4,1,2,True,63063000,677.5066666666665,9.285714285714286
1,3,4,3,4,0,False,63063000,721.9333333333333,9.23076923076923
1,3,4,3,3,1,True,189189000,763.1866666666666,8.461538461538462
1,3,4,3,2,2,True,189189000,742.56,8.461538461538462
1,3,4,3,1,3,True,63063000,660.0533333333333,10.0
1,3,4,2,5,0,False,37837800,714.0,9.166666666666668
1,3,4,2,4,1,True,151351200,780.64,8.333333333333334
1,3,4,2,3,2,True,227026800,790.16,8.333333333333334
1,3,4,2,2,3,True,151351200,742.56,9.166666666666668
1,3,4,2,1,4,True,37837800,637.8399999999999,10.0
1,3,4,1,6,0,False,12612600,654.5,10.0
1,3,4,1,5,1,True,63063000,785.4000000000001,8.181818181818182
1,3,4,1,4,2,True,126126000,820.3066666666667,8.181818181818182
1,3,4,1,3,3,True,126126000,802.8533333333334,8.181818181818182
1,3,4,1,2,4,True,63063000,733.0400000000001,9.09090909090909
1,3,4,1,1,5,True,12612600,610.8666666666667,10.909090909090908
1,3,4,0,7,0,False,1801800,595.0,11.0
1,3,4,0,6,1,False,10810800,714.0,9.0
1,3,4,0,5,2,False,27027000,833.0,8.0
1,3,4,0,4,3,False,36036000,840.9333333333333,8.0
1,3,4,0,3,4,False,27027000,801.2666666666668,8.0
1,3,4,0,2,5,False,10810800,714.0,9.0
1,3,4,0,1,6,False,1801800,579.1333333333333,11.0
1,3,3,8,0,0,False,900900,663.0,9.444444444444445
1,3,3,7,1,0,False,7207200,688.7833333333333,9.411764705882351
1,3,3,6,2,0,False,25225200,707.1999999999999,9.375
1,3,3,6,1,1,True,25225200,683.6266666666668,9.375
1,3,3,5,3,0,False,50450400,718.25,9.333333333333334
1,3,3,5,2,1,True,100900800,729.3000000000001,8.666666666666666
1,3,3,5,1,2,True,50450400,674.05,9.333333333333334
1,3,3,4,4,0,False,63063000,721.9333333333333,9.285714285714286
1,3,3,4,3,1,True,189189000,763.1866666666666,8.571428571428571
1,3,3,4,2,2,True,189189000,742.56,8.571428571428571
1,3,3,4,1,3,True,63063000,660.0533333333333,10.0
1,3,3,3,5,0,False,50450400,718.25,9.23076923076923
1,3,3,3,4,1,True,201801600,785.2866666666667,8.461538461538462
1,3,3,3,3,2,True,302702400,794.8633333333335,8.461538461538462
1,3,3,3,2,3,True,201801600,746.98,8.461538461538462
1,3,3,3,1,4,True,50450400,641.6366666666667,10.0
1,3,3,2,6,0,False,25225200,663.0,10.0
1,3,3,2,5,1,True,126126000,795.5999999999998,8.333333333333334
1,3,3,2,4,2,True,252252000,830.96,8.333333333333334
1,3,3,2,3,3,True,252252000,813.28,8.333333333333334
1,3,3,2,2,4,True,126126000,742.56,9.166666666666668
1,3,3,2,1,5,True,25225200,618.8,10.833333333333334
1,3,3,1,7,0,False,7207200,607.75,10.909090909090908
1,3,3,1,6,1,True,43243200,729.3,9.09090909090909
1,3,3,1,5,2,True,108108000,850.85,8.181818181818182
1,3,3,1,4,3,True,144144000,858.9533333333334,8.181818181818182
1,3,3,1,3,4,True,108108000,818.4366666666668,8.181818181818182
1,3,3,1,2,5,True,43243200,729.3,9.09090909090909
1,3,3,1,1,6,True,7207200,591.5433333333334,10.909090909090908
1,3,3,0,8,0,False,900900,552.5,12.0
1,3,3,0,7,1,False,6306300,662.9999999999999,10.0
1,3,3,0,6,2,False,18918900,773.5,9.0
1,3,3,0,5,3,False,31531500,883.9999999999999,8.0
1,3,3,0,4,4,False,31531500,869.2666666666668,8.0
1,3,3,0,3,5,False,18918900,810.3333333333333,8.0
1,3,3,0,2,6,False,6306300,707.1999999999999,9.0
1,3,3,0,1,7,False,900900,559.8666666666667,12.0
1,3,2,9,0,0,False,300300,646.0,10.0
1,3,2,8,1,0,False,2702700,673.2,9.444444444444445
1,3,2,7,2,0,False,10810800,693.6,9.411764705882351
1,3,2,7,1,1,True,10810800,670.4800000000001,9.411764705882351
1,3,2,6,3,0,False,25225200,707.2,9.375
1,3,2,6,2,1,True,50450400,718.08,8.75
1,3,2,6,1,2,True,25225200,663.68,10.0
1,3,2,5,4,0,False,37837800,713.9999999999999,9.333333333333334
1,3,2,5,3,1,True,113513400,754.8,8.666666666666666
1,3,2,5,2,2,True,113513400,734.3999999999999,8.666666666666666
1,3,2,5,1,3,True,37837800,652.8,10.0
1,3,2,4,5,0,False,37837800,714.0,9.285714285714286
1,3,2,4,4,1,True,151351200,780.64,8.571428571428571
1,3,2,4,3,2,True,227026800,790.16,8.571428571428571
1,3,2,4,2,3,True,151351200,742.5600000000001,8.571428571428571
1,3,2,4,1,4,True,37837800,637.84,10.0
1,3,2,3,6,0,False,25225200,663.0,10.0
1,3,2,3,5,1,True,126126000,795.6,8.461538461538462
1,3,2,3,4,2,True,252252000,830.96,7.692307692307692
1,3,2,3,3,3,True,252252000,813.2799999999999,7.692307692307692
1,3,2,3,2,4,True,126126000,742.5600000000001,8.461538461538462
1,3,2,3,1,5,True,25225200,618.8,10.769230769230768
1,3,2,2,7,0,False,10810800,612.0,10.833333333333334
1,3,2,2,6,1,True,64864800,734.4,9.166666666666668
1,3,2,2,5,2,True,162162000,856.8,7.5
1,3,2,2,4,3,True,216216000,864.9599999999999,7.5
1,3,2,2,3,4,True,162162000,824.1600000000002,8.333333333333334
1,3,2,2,2,5,True,64864800,734.4,9.166666666666668
1,3,2,2,1,6,True,10810800,595.68,10.833333333333334
1,3,2,1,8,0,False,2702700,561.0,11.818181818181817
1,3,2,1,7,1,True,18918900,673.2,10.0
1,3,2,1,6,2,True,56756700,785.4000000000001,8.181818181818182
1,3,2,1,5,3,True,94594500,897.5999999999999,7.2727272727272725
1,3,2,1,4,4,True,94594500,882.6400000000002,7.2727272727272725
1,3,2,1,3,5,True,56756700,822.8000000000001,8.181818181818182
1,3,2,1,2,6,True,18918900,718.08,9.09090909090909
1,3,2,1,1,7,True,2702700,568.48,11.818181818181817
1,3,2,0,9,0,False,300300,510.0,13.0
1,3,2,0,8,1,False,2402400,612.0,11.0
1,3,2,0,7,2,False,8408400,714.0,9.0
1,3,2,0,6,3,False,16816800,815.9999999999999,8.0
1,3,2,0,5,4,False,21021000,918.0,7.0
1,3,2,0,4,5,False,16816800,884.0,8.0
1,3,2,0,3,6,False,8408400,809.1999999999999,8.0
1,3,2,0,2,7,False,2402400,693.5999999999999,10.0
1,3,2,0,1,8,False,300300,537.2,12.0
1,3,1,10,0,0,False,60060,623.3333333333333,10.5
1,3,1,9,1,0,False,600600,651.3833333333332,10.0
1,3,1,8,2,0,False,2702700,673.1999999999999,9.444444444444445
1,3,1,8,1,1,True,2702700,650.7600000000001,10.0
1,3,1,7,3,0,False,7207200,688.7833333333333,9.411764705882351
1,3,1,7,2,1,True,14414400,699.38,9.411764705882351
1,3,1,7,1,2,True,7207200,646.3966666666666,9.999999999999998
1,3,1,6,4,0,False,12612600,698.1333333333333,9.375
1,3,1,6,3,1,True,37837800,738.0266666666666,8.75
1,3,1,6,2,2,True,37837800,718.08,8.75
1,3,1,6,1,3,True,12612600,638.2933333333333,10.0
1,3,1,5,5,0,False,15135120,701.25,9.333333333333334
1,3,1,5,4,1,True,60540480,766.7,8.666666666666666
1,3,1,5,3,2,True,90810720,776.05,8.666666666666666
1,3,1,5,2,3,True,60540480,729.3,8.666666666666666
1,3,1,5,1,4,True,15135120,626.45,10.0
1,3,1,4,6,0,False,12612600,654.5,10.0
1,3,1,4,5,1,True,63063000,785.4,8.571428571428571
1,3,1,4,4,2,True,126126000,820.3066666666665,7.857142857142858
1,3,1,4,3,3,True,126126000,802.8533333333331,7.857142857142858
1,3,1,4,2,4,True,63063000,733.04,8.571428571428571
1,3,1,4,1,5,True,12612600,610.8666666666666,10.714285714285715
1,3,1,3,7,0,False,7207200,607.75,10.769230769230768
1,3,1,3,6,1,True,43243200,729.3000000000001,9.23076923076923
1,3,1,3,5,2,True,108108000,850.85,7.692307692307692
1,3,1,3,4,3,True,144144000,858.9533333333333,7.692307692307692
1,3,1,3,3,4,True,108108000,818.436666666667,7.692307692307692
1,3,1,3,2,5,True,43243200,729.3000000000001,9.23076923076923
1,3,1,3,1,6,True,7207200,591.5433333333333,10.769230769230768
1,3,1,2,8,0,False,2702700,561.0,11.666666666666668
1,3,1,2,7,1,True,18918900,673.1999999999999,10.0
1,3,1,2,6,2,True,56756700,785.4,8.333333333333334
1,3,1,2,5,3,True,94594500,897.5999999999998,7.5
1,3,1,2,4,4,True,94594500,882.64,7.5
1,3,1,2,3,5,True,56756700,822.8,8.333333333333334
1,3,1,2,2,6,True,18918900,718.0799999999998,9.166666666666668
1,3,1,2,1,7,True,2702700,568.48,11.666666666666668
1,3,1,1,9,0,False,600600,514.25,12.727272727272727
1,3,1,1,8,1,True,4804800,617.1,10.909090909090908
1,3,1,1,7,2,True,16816800,719.95,9.09090909090909
1,3,1,1,6,3,True,33633600,822.8,8.181818181818182
1,3,1,1,5,4,True,42042000,925.6500000000001,7.2727272727272725
1,3,1,1,4,5,True,33633600,891.3666666666667,7.2727272727272725
1,3,1,1,3,6,True,16816800,815.9433333333334,8.181818181818182
1,3,1,1,2,7,True,4804800,699.38,9.09090909090909
1,3,1,1,1,8,True,600600,541.6766666666667,11.818181818181817
1,3,1,0,10,0,False,60060,467.5,14.0
1,3,1,0,9,1,False,540540,561.0,12.0
1,3,1,0,8,2,False,2162160,654.5,10.0
1,3,1,0,7,3,False,5045040,747.9999999999999,9.0
1,3,1,0,6,4,False,7567560,841.5,8.0
1,3,1,0,5,5,False,7567560,935.0,7.0
1,3,1,0,4,6,False,5045040,885.1333333333333,8.0
1,3,1,0,3,7,False,2162160,797.8666666666668,8.0
1,3,1,0,2,8,False,540540,673.1999999999999,10.0
1,3,1,0,1,9,False,60060,511.13333333333327,13.0
1,3,0,11,0,0,False,5460,595.0,10.952380952380953
1,3,0,10,1,0,False,60060,623.3333333333333,10.5
1,3,0,9,2,0,False,300300,646.0,10.0
1,3,0,9,1,1,False,300300,624.4666666666667,10.526315789473685
1,3,0,8,3,0,False,900900,663.0,9.444444444444445
1,3,0,8,2,1,False,1801800,673.2,9.444444444444445
1,3,0,8,1,2,False,900900,622.1999999999999,10.555555555555555
1,3,0,7,4,0,False,1801800,674.3333333333334,9.411764705882351
1,3,0,7,3,1,False,5405400,712.8666666666667,8.823529411764705
1,3,0,7,2,2,False,5405400,693.6,9.411764705882351
1,3,0,7,1,3,False,1801800,616.5333333333334,10.588235294117647
1,3,0,6,5,0,False,2522520,680.0,9.375
1,3,0,6,4,1,False,10090080,743.4666666666667,8.75
1,3,0,6,3,2,False,15135120,752.5333333333333,8.75
1,3,0,6,2,3,False,10090080,707.2,9.375
1,3,0,6,1,4,False,2522520,607.4666666666667,10.625
1,3,0,5,6,0,False,2522520,637.5,10.0
1,3,0,5,5,1,False,12612600,765.0,8.666666666666666
1,3,0,5,4,2,False,25225200,799.0000000000001,8.0
1,3,0,5,3,3,False,25225200,781.9999999999999,8.0
1,3,0,5,2,4,False,12612600,714.0000000000001,9.333333333333334
1,3,0,5,1,5,False,2522520,595.0,10.666666666666666
1,3,0,4,7,0,False,1801800,595.0,10.714285714285715
1,3,0,4,6,1,False,10810800,714.0,9.285714285714286
1,3,0,4,5,2,False,27027000,833.0,7.857142857142858
1,3,0,4,4,3,False,36036000,840.9333333333333,7.857142857142858
1,3,0,4,3,4,False,27027000,801.2666666666669,7.857142857142858
1,3,0,4,2,5,False,10810800,714.0,9.285714285714286
1,3,0,4,1,6,False,1801800,579.1333333333332,11.428571428571429
1,3,0,3,8,0,False,900900,552.5,11.538461538461538
1,3,0,3,7,1,False,6306300,663.0,10.0
1,3,0,3,6,2,False,18918900,773.5,8.461538461538462
1,3,0,3,5,3,False,31531500,884.0,7.692307692307692
1,3,0,3,4,4,False,31531500,869.2666666666668,7.692307692307692
1,3,0,3,3,5,False,18918900,810.3333333333333,8.461538461538462
1,3,0,3,2,6,False,6306300,707.1999999999999,9.23076923076923
1,3,0,3,1,7,False,900900,559.8666666666667,11.538461538461538
1,3,0,2,9,0,False,300300,510.0,12.5
1,3,0,2,8,1,False,2402400,612.0,10.833333333333334
1,3,0,2,7,2,False,8408400,714.0,9.166666666666668
1,3,0,2,6,3,False,16816800,816.0,8.333333333333334
1,3,0,2,5,4,False,21021000,918.0,7.5
1,3,0,2,4,5,False,16816800,883.9999999999999,7.5
1,3,0,2,3,6,False,8408400,809.1999999999999,8.333333333333334
1,3,0,2,2,7,False,2402400,693.6,9.166666666666668
1,3,0,2,1,8,False,300300,537.1999999999999,11.666666666666668
1,3,0,1,10,0,False,60060,467.50000000000006,13.636363636363635
1,3,0,1,9,1,False,540540,561.0,11.818181818181817
1,3,0,1,8,2,False,2162160,654.5,10.0
1,3,0,1,7,3,False,5045040,748.0000000000001,9.09090909090909
1,3,0,1,6,4,False,7567560,841.5000000000001,8.181818181818182
1,3,0,1,5,5,False,7567560,935.0000000000001,7.2727272727272725
1,3,0,1,4,6,False,5045040,885.1333333333333,7.2727272727272725
1,3,0,1,3,7,False,2162160,797.8666666666668,8.181818181818182
1,3,0,1,2,8,False,540540,673.2,10.0
1,3,0,1,1,9,False,60060,511.1333333333333,12.727272727272727
1,3,0,0,11,0,False,5460,425.0,15.0
1,3,0,0,10,1,False,54600,510.0,13.0
1,3,0,0,9,2,False,245700,595.0,11.0
1,3,0,0,8,3,False,655200,680.0,10.0
1,3,0,0,7,4,False,1146600,765.0,9.0
1,3,0,0,6,5,False,1375920,850.0,8.0
1,3,0,0,5,6,False,1146600,935.0,7.0
1,3,0,0,4,7,False,655200,872.6666666666666,8.0
1,3,0,0,3,8,False,245700,776.3333333333334,9.0
1,3,0,0,2,9,False,54600,645.9999999999999,10.0
1,3,0,0,1,10,False,5460,481.6666666666667,13.0
1,2,12,0,0,0,False,1365,492.38095238095235,13.0
1,2,11,1,0,0,False,16380,517.0,12.727272727272727
1,2,11,0,1,0,False,16380,517.0,13.0
1,2,10,2,0,0,False,90090,537.1428571428571,11.666666666666668
1,2,10,1,1,0,False,180180,541.6190476190476,11.818181818181817
1,2,10,0,2,0,False,90090,537.1428571428571,12.0
1,2,10,0,1,1,False,90090,519.2380952380953,13.0
1,2,9,3,0,0,False,300300,552.8095238095239,11.538461538461538
1,2,9,2,1,0,False,900900,561.3142857142857,11.666666666666668
1,2,9,1,2,0,False,900900,561.3142857142857,11.818181818181817
1,2,9,1,1,1,True,900900,542.6038095238096,11.818181818181817
1,2,9,0,3,0,False,300300,552.8095238095239,12.0
1,2,9,0,2,1,False,600600,561.3142857142857,12.0
1,2,9,0,1,2,False,300300,518.7904761904762,13.0
1,2,8,4,0,0,False,675675,563.9999999999999,11.428571428571429
1,2,8,3,1,0,False,2702700,576.0857142857143,11.538461538461538
1,2,8,2,2,0,False,4054050,580.1142857142856,10.833333333333334
1,2,8,2,1,1,True,4054050,560.7771428571428,11.666666666666668
1,2,8,1,3,0,False,2702700,576.0857142857143,10.909090909090908
1,2,8,1,2,1,True,5405400,584.9485714285715,10.909090909090908
1,2,8,1,1,2,True,2702700,540.6342857142856,11.818181818181817
1,2,8,0,4,0,False,675675,563.9999999999999,12.0
1,2,8,0,3,1,False,2027025,596.2285714285714,11.0
1,2,8,0,2,2,False,2027025,580.1142857142856,11.0
1,2,8,0,1,3,False,675675,515.6571428571428,13.0
1,2,7,5,0,0,False,1081080,570.7142857142858,11.333333333333334
1,2,7,4,1,0,False,5405400,585.9333333333334,10.714285714285715
1,2,7,3,2,0,False,10810800,593.5428571428571,10.769230769230768
1,2,7,3,1,1,True,10810800,573.7580952380954,11.538461538461538
1,2,7,2,3,0,False,10810800,593.5428571428572,10.833333333333334
1,2,7,2,2,1,True,21621600,602.6742857142858,10.833333333333334
1,2,7,2,1,2,True,10810800,557.0171428571429,11.666666666666668
1,2,7,1,4,0,False,5405400,585.9333333333335,10.909090909090908
1,2,7,1,3,1,True,16216200,619.4152380952382,10.909090909090908
1,2,7,1,2,2,True,16216200,602.6742857142858,10.909090909090908
1,2,7,1,1,3,True,5405400,535.7104761904762,11.818181818181817
1,2,7,0,5,0,False,1081080,570.7142857142858,11.0
1,2,7,0,4,1,False,4324320,623.9809523809525,11.0
1,2,7,0,3,2,False,6486480,631.5904761904764,10.0
1,2,7,0,2,3,False,4324320,593.5428571428572,11.0
1,2,7,0,1,4,False,1081080,509.8380952380954,13.0
1,2,6,6,0,0,False,1261260,572.952380952381,11.25
1,2,6,5,1,0,False,7567560,590.8571428571429,10.666666666666666
1,2,6,4,2,0,False,18918900,601.5999999999999,10.714285714285715
1,2,6,4,1,1,True,18918900,581.5466666666667,11.428571428571429
1,2,6,3,3,0,False,25225200,605.1809523809524,10.769230769230768
1,2,6,3,2,1,True,50450400,614.4914285714286,10.769230769230768
1,2,6,3,1,2,True,25225200,567.9390476190475,11.538461538461538
1,2,6,2,4,0,False,18918900,601.5999999999999,10.833333333333334
1,2,6,2,3,1,True,56756700,635.9771428571428,10.0
1,2,6,2,2,2,True,56756700,618.7885714285712,10.833333333333334
1,2,6,2,1,3,True,18918900,550.0342857142857,11.666666666666668
1,2,6,1,5,0,False,7567560,590.8571428571429,10.909090909090908
1,2,6,1,4,1,True,30270240,646.0038095238097,10.0
1,2,6,1,3,2,True,45405360,653.8819047619048,10.0
1,2,6,1,2,3,True,30270240,614.4914285714287,10.909090909090908
1,2,6,1,1,4,True,7567560,527.832380952381,12.727272727272727
1,2,6,0,6,0,False,1261260,537.1428571428571,12.0
1,2,6,0,5,1,False,6306300,644.5714285714286,10.0
1,2,6,0,4,2,False,12612600,673.2190476190476,10.0
1,2,6,0,3,3,False,12612600,658.8952380952381,10.0
1,2,6,0,2,4,False,6306300,601.6,11.0
1,2,6,0,1,5,False,1261260,501.33333333333326,13.0
1,2,5,7,0,0,False,1081080,570.7142857142858,11.176470588235293
1,2,5,6,1,0,False,7567560,590.857142857143,10.625
1,2,5,5,2,0,False,22702680,604.2857142857142,10.666666666666666
1,2,5,5,1,1,True,22702680,584.1428571428571,11.333333333333334
1,2,5,4,3,0,False,37837800,610.9999999999999,10.714285714285715
1,2,5,4,2,1,True,75675600,620.3999999999999,10.714285714285715
1,2,5,4,1,2,True,37837800,573.4,11.428571428571429
1,2,5,3,4,0,False,37837800,611.0,10.769230769230768
1,2,5,3,3,1,True,113513400,645.9142857142858,10.0
1,2,5,3,2,2,True,113513400,628.4571428571428,10.0
1,2,5,3,1,3,True,37837800,558.6285714285714,11.538461538461538
1,2,5,2,5,0,False,22702680,604.2857142857142,10.833333333333334
1,2,5,2,4,1,True,90810720,660.6857142857142,10.0
1,2,5,2,3,2,True,136216080,668.7428571428571,10.0
1,2,5,2,2,3,True,90810720,628.4571428571428,10.0
1,2,5,2,1,4,True,22702680,539.8285714285714,11.666666666666668
1,2,5,1,6,0,False,7567560,553.9285714285714,11.818181818181817
1,2,5,1,5,1,True,37837800,664.7142857142857,10.0
1,2,5,1,4,2,True,75675600,694.2571428571429,9.09090909090909
1,2,5,1,3,3,True,75675600,679.4857142857143,10.0
1,2,5,1,2,4,True,37837800,620.4000000000001,10.909090909090908
1,2,5,1,1,5,True,7567560,517.0,12.727272727272727
1,2,5,0,7,0,False,1081080,503.57142857142856,13.0
1,2,5,0,6,1,False,6486480,604.2857142857142,11.0
1,2,5,0,5,2,False,16216200,705.0,9.0
1,2,5,0,4,3,False,21621600,711.7142857142858,9.0
1,2,5,0,3,4,False,16216200,678.1428571428572,10.0
1,2,5,0,2,5,False,6486480,604.2857142857142,11.0
1,2,5,0,1,6,False,1081080,490.1428571428571,13.0
1,2,4,8,0,0,False,675675,564.0,11.11111111111111
1,2,4,7,1,0,False,5405400,585.9333333333334,11.176470588235293
1,2,4,6,2,0,False,18918900,601.6,10.625
1,2,4,6,1,1,True,18918900,581.5466666666667,11.25
1,2,4,5,3,0,False,37837800,611.0,10.666666666666666
1,2,4,5,2,1,True,75675600,620.4000000000001,10.666666666666666
1,2,4,5,1,2,True,37837800,573.4,11.333333333333334
1,2,4,4,4,0,False,47297250,614.1333333333332,10.714285714285715
1,2,4,4,3,1,True,141891750,649.2266666666667,10.0
1,2,4,4,2,2,True,141891750,631.68,10.0
1,2,4,4,1,3,True,47297250,561.4933333333333,11.428571428571429
1,2,4,3,5,0,False,37837800,611.0,10.769230769230768
1,2,4,3,4,1,True,151351200,668.0266666666668,10.0
1,2,4,3,3,2,True,227026800,676.1733333333335,10.0
1,2,4,3,2,3,True,151351200,635.4399999999999,10.0
1,2,4,3,1,4,True,37837800,545.8266666666667,11.538461538461538
1,2,4,2,6,0,False,18918900,564.0,11.666666666666668
1,2,4,2,5,1,True,94594500,676.8,10.0
1,2,4,2,4,2,True,189189000,706.8799999999999,9.166666666666668
1,2,4,2,3,3,True,189189000,691.8399999999999,9.166666666666668
1,2,4,2,2,4,True,94594500,631.68,10.0
1,2,4,2,1,5,True,18918900,526.4,12.5
1,2,4,1,7,0,False,5405400,517.0,12.727272727272727
1,2,4,1,6,1,True,32432400,620.4000000000001,10.909090909090908
1,2,4,1,5,2,True,81081000,723.8,9.09090909090909
1,2,4,1,4,3,True,108108000,730.6933333333334,9.09090909090909
1,2,4,1,3,4,True,81081000,696.2266666666668,9.09090909090909
1,2,4,1,2,5,True,32432400,620.4000000000001,10.909090909090908
1,2,4,1,1,6,True,5405400,503.21333333333337,12.727272727272727
1,2,4,0,8,0,False,675675,470.0,14.0
1,2,4,0,7,1,False,4729725,564.0,12.0
1,2,4,0,6,2,False,14189175,657.9999999999999,10.0
1,2,4,0,5,3,False,23648625,752.0,9.0
1,2,4,0,4,4,False,23648625,739.4666666666667,9.0
1,2,4,0,3,5,False,14189175,689.3333333333334,10.0
1,2,4,0,2,6,False,4729725,601.5999999999999,11.0
1,2,4,0,1,7,False,675675,476.26666666666665,14.0
1,2,3,9,0,0,False,300300,552.8095238095239,11.578947368421053
1,2,3,8,1,0,False,2702700,576.0857142857143,11.11111111111111
1,2,3,7,2,0,False,10810800,593.5428571428572,10.588235294117647
1,2,3,7,1,1,True,10810800,573.7580952380954,11.176470588235293
1,2,3,6,3,0,False,25225200,605.1809523809524,10.625
1,2,3,6,2,1,True,50450400,614.4914285714285,10.625
1,2,3,6,1,2,True,25225200,567.9390476190476,11.25
1,2,3,5,4,0,False,37837800,611.0,10.666666666666666
1,2,3,5,3,1,True,113513400,645.9142857142856,10.0
1,2,3,5,2,2,True,113513400,628.4571428571428,10.0
1,2,3,5,1,3,True,37837800,558.6285714285714,11.333333333333334
1,2,3,4,5,0,False,37837800,610.9999999999999,10.714285714285715
1,2,3,4,4,1,True,151351200,668.0266666666666,10.0
1,2,3,4,3,2,True,227026800,676.1733333333334,9.285714285714286
1,2,3,4,2,3,True,151351200,635.4399999999999,10.0
1,2,3,4,1,4,True,37837800,545.8266666666666,12.142857142857144
1,2,3,3,6,0,False,25225200,567.3571428571428,11.538461538461538
1,2,3,3,5,1,True,126126000,680.8285714285714,9.23076923076923
1,2,3,3,4,2,True,252252000,711.0876190476191,9.23076923076923
1,2,3,3,3,3,True,252252000,695.9580952380952,9.23076923076923
1,2,3,3,2,4,True,126126000,635.4399999999999,10.0
1,2,3,3,1,5,True,25225200,529.5333333333333,12.307692307692307
1,2,3,2,7,0,False,10810800,523.7142857142857,12.5
1,2,3,2,6,1,True,64864800,628.4571428571428,10.0
1,2,3,2,5,2,True,162162000,733.1999999999999,9.166666666666668
1,2,3,2,4,3,True,216216000,740.1828571428572,9.166666666666668
1,2,3,2,3,4,True,162162000,705.2685714285715,9.166666666666668
1,2,3,2,2,5,True,64864800,628.4571428571428,10.0
1,2,3,2,1,6,True,10810800,509.7485714285713,12.5
1,2,3,1,8,0,False,2702700,480.07142857142856,13.636363636363635
1,2,3,1,7,1,True,18918900,576.0857142857143,10.909090909090908
1,2,3,1,6,2,True,56756700,672.1,10.0
1,2,3,1,5,3,True,94594500,768.1142857142858,8.181818181818182
1,2,3,1,4,4,True,94594500,755.3123809523812,9.09090909090909
1,2,3,1,3,5,True,56756700,704.104761904762,9.09090909090909
1,2,3,1,2,6,True,18918900,614.4914285714285,10.909090909090908
1,2,3,1,1,7,True,2702700,486.47238095238095,13.636363636363635
1,2,3,0,9,0,False,300300,436.4285714285714,15.0
1,2,3,0,8,1,False,2402400,523.7142857142857,12.0
1,2,3,0,7,2,False,8408400,611.0,11.0
1,2,3,0,6,3,False,16816800,698.2857142857142,9.0
1,2,3,0,5,4,False,21021000,785.5714285714286,8.0
1,2,3,0,4,5,False,16816800,756.4761904761905,9.0
1,2,3,0,3,6,False,8408400,692.4666666666666,10.0
1,2,3,0,2,7,False,2402400,593.5428571428571,11.0
1,2,3,0,1,8,False,300300,459.7047619047619,14.0
1,2,2,10,0,0,False,90090,537.1428571428571,12.0
1,2,2,9,1,0,False,900900,561.3142857142857,11.578947368421053
1,2,2,8,2,0,False,4054050,580.1142857142856,11.11111111111111
1,2,2,8,1,1,True,4054050,560.777142857143,11.666666666666666
1,2,2,7,3,0,False,10810800,593.5428571428572,10.588235294117647
1,2,2,7,2,1,True,21621600,602.6742857142857,10.588235294117647
1,2,2,7,1,2,True,10810800,557.0171428571429,11.76470588235294
1,2,2,6,4,0,False,18918900,601.5999999999999,10.625
1,2,2,6,3,1,True,56756700,635.9771428571429,10.0
1,2,2,6,2,2,True,56756700,618.7885714285715,10.625
1,2,2,6,1,3,True,18918900,550.0342857142857,11.875
1,2,2,5,5,0,False,22702680,604.2857142857142,10.666666666666666
1,2,2,5,4,1,True,90810720,660.6857142857143,10.0
1,2,2,5,3,2,True,136216080,668.7428571428572,10.0
1,2,2,5,2,3,True,90810720,628.4571428571429,10.0
1,2,2,5,1,4,True,22702680,539.8285714285714,12.0
1,2,2,4,6,0,False,18918900,563.9999999999999,11.428571428571429
1,2,2,4,5,1,True,94594500,676.8,9.285714285714286
1,2,2,4,4,2,True,189189000,706.88,9.285714285714286
1,2,2,4,3,3,True,189189000,691.8399999999999,9.285714285714286
1,2,2,4,2,4,True,94594500,631.6800000000001,10.0
1,2,2,4,1,5,True,18918900,526.3999999999999,12.142857142857144
1,2,2,3,7,0,False,10810800,523.7142857142857,12.307692307692307
1,2,2,3,6,1,True,64864800,628.4571428571429,10.0
1,2,2,3,5,2,True,162162000,733.2,9.23076923076923
1,2,2,3,4,3,True,216216000,740.1828571428572,8.461538461538462
1,2,2,3,3,4,True,162162000,705.2685714285715,9.23076923076923
1,2,2,3,2,5,True,64864800,628.4571428571429,10.0
1,2,2,3,1,6,True,10810800,509.7485714285714,12.307692307692307
1,2,2,2,8,0,False,4054050,483.4285714285714,13.333333333333334
1,2,2,2,7,1,True,28378350,580.1142857142858,10.833333333333334
1,2,2,2,6,2,True,85135050,676.8,10.0
1,2,2,2,5,3,True,141891750,773.4857142857142,8.333333333333334
1,2,2,2,4,4,True,141891750,760.5942857142858,8.333333333333334
1,2,2,2,3,5,True,85135050,709.0285714285715,9.166666666666668
1,2,2,2,2,6,True,28378350,618.7885714285712,10.833333333333334
1,2,2,2,1,7,True,4054050,489.87428571428563,13.333333333333334
1,2,2,1,9,0,False,900900,443.14285714285717,14.545454545454545
1,2,2,1,8,1,True,7207200,531.7714285714286,11.818181818181817
1,2,2,1,7,2,True,25225200,620.4000000000001,10.909090909090908
1,2,2,1,6,3,True,50450400,709.0285714285714,9.09090909090909
1,2,2,1,5,4,True,63063000,797.657142857143,8.181818181818182
1,2,2,1,4,5,True,50450400,768.1142857142859,8.181818181818182
1,2,2,1,3,6,True,25225200,703.12,9.09090909090909
1,2,2,1,2,7,True,7207200,602.6742857142857,10.909090909090908
1,2,2,1,1,8,True,900900,466.77714285714285,13.636363636363635
1,2,2,0,10,0,False,90090,402.85714285714283,16.0
1,2,2,0,9,1,False,810810,483.42857142857144,13.0
1,2,2,0,8,2,False,3243240,564.0,12.0
1,2,2,0,7,3,False,7567560,644.5714285714284,10.0
1,2,2,0,6,4,False,11351340,725.1428571428572,9.0
1,2,2,0,5,5,False,11351340,805.7142857142857,8.0
1,2,2,0,4,6,False,7567560,762.7428571428571,9.0
1,2,2,0,3,7,False,3243240,687.5428571428573,10.0
1,2,2,0,2,8,False,810810,580.1142857142856,11.0
1,2,2,0,1,9,False,90090,440.4571428571428,15.0
1,2,1,11,0,0,False,16380,517.0,12.38095238095238
1,2,1,10,1,0,False,180180,541.6190476190476,12.0
1,2,1,9,2,0,False,900900,561.3142857142856,11.578947368421053
1,2,1,9,1,1,True,900900,542.6038095238096,11.578947368421053
1,2,1,8,3,0,False,2702700,576.0857142857143,11.11111111111111
1,2,1,8,2,1,True,5405400,584.9485714285714,11.11111111111111
1,2,1,8,1,2,True,2702700,540.6342857142857,11.666666666666666
1,2,1,7,4,0,False,5405400,585.9333333333333,11.176470588235293
1,2,1,7,3,1,True,16216200,619.4152380952381,10.588235294117647
1,2,1,7,2,2,True,16216200,602.6742857142857,10.588235294117647
1,2,1,7,1,3,True,5405400,535.7104761904761,11.76470588235294
1,2,1,6,5,0,False,7567560,590.8571428571429,10.625
1,2,1,6,4,1,True,30270240,646.0038095238097,10.0
1,2,1,6,3,2,True,45405360,653.8819047619048,10.0
1,2,1,6,2,3,True,30270240,614.4914285714285,10.625
1,2,1,6,1,4,True,7567560,527.8323809523811,11.875
1,2,1,5,6,0,False,7567560,553.9285714285714,11.333333333333334
1,2,1,5,5,1,True,37837800,664.7142857142857,10.0
1,2,1,5,4,2,True,75675600,694.2571428571428,9.333333333333334
1,2,1,5,3,3,True,75675600,679.4857142857143,9.333333333333334
1,2,1,5,2,4,True,37837800,620.4000000000001,10.666666666666666
1,2,1,5,1,5,True,7567560,517.0,12.666666666666666
1,2,1,4,7,0,False,5405400,517.0,12.142857142857144
1,2,1,4,6,1,True,32432400,620.3999999999999,10.714285714285715
1,2,1,4,5,2,True,81081000,723.8,9.285714285714286
1,2,1,4,4,3,True,108108000,730.6933333333333,8.571428571428571
1,2,1,4,3,4,True,81081000,696.2266666666667,9.285714285714286
1,2,1,4,2,5,True,32432400,620.3999999999999,10.714285714285715
1,2,1,4,1,6,True,5405400,503.2133333333332,12.857142857142858
1,2,1,3,8,0,False,2702700,480.07142857142856,13.076923076923077
1,2,1,3,7,1,True,18918900,576.0857142857143,11.538461538461538
1,2,1,3,6,2,True,56756700,672.1,10.0
1,2,1,3,5,3,True,94594500,768.1142857142856,8.461538461538462
1,2,1,3,4,4,True,94594500,755.312380952381,8.461538461538462
1,2,1,3,3,5,True,56756700,704.1047619047619,9.23076923076923
1,2,1,3,2,6,True,18918900,614.4914285714285,10.769230769230768
1,2,1,3,1,7,True,2702700,486.472380952381,13.076923076923077
1,2,1,2,9,0,False,900900,443.1428571428571,14.166666666666668
1,2,1,2,8,1,True,7207200,531.7714285714285,12.5
1,2,1,2,7,2,True,25225200,620.4,10.833333333333334
1,2,1,2,6,3,True,50450400,709.0285714285714,9.166666666666668
1,2,1,2,5,4,True,63063000,797.6571428571427,8.333333333333334
1,2,1,2,4,5,True,50450400,768.1142857142856,8.333333333333334
1,2,1,2,3,6,True,25225200,703.1199999999999,9.166666666666668
1,2,1,2,2,7,True,7207200,602.6742857142857,10.833333333333334
1,2,1,2,1,8,True,900900,466.77714285714285,14.166666666666668
1,2,1,1,10,0,False,180180,406.2142857142857,15.454545454545453
1,2,1,1,9,1,True,1621620,487.45714285714286,13.636363636363635
1,2,1,1,8,2,True,6486480,568.7,11.818181818181817
1,2,1,1,7,3,True,15135120,649.9428571428571,10.0
1,2,1,1,6,4,True,22702680,731.1857142857143,9.09090909090909
1,2,1,1,5,5,True,22702680,812.4285714285714,8.181818181818182
1,2,1,1,4,6,True,15135120,769.0990476190476,8.181818181818182
1,2,1,1,3,7,True,6486480,693.272380952381,9.09090909090909
1,2,1,1,2,8,True,1621620,584.9485714285715,10.909090909090908
1,2,1,1,1,9,True,180180,444.127619047619,14.545454545454545
1,2,1,0,11,0,False,16380,369.2857142857143,17.0
1,2,1,0,10,1,False,163800,443.1428571428571,15.0
1,2,1,0,9,2,False,737100,517.0,13.0
1,2,1,0,8,3,False,1965600,590.8571428571428,11.0
1,2,1,0,7,4,False,3439800,664.7142857142857,10.0
1,2,1,0,6,5,False,4127760,738.5714285714286,9.0
1,2,1,0,5,6,False,3439800,812.4285714285713,8.0
1,2,1,0,4,7,False,1965600,758.2666666666667,9.0
1,2,1,0,3,8,False,737100,674.5619047619048,10.0
1,2,1,0,2,9,False,163800,561.3142857142857,12.0
1,2,1,0,1,10,False,16380,418.5238095238095,15.0
1,2,0,12,0,0,False,1365,492.3809523809524,12.727272727272727
1,2,0,11,1,0,False,16380,517.0,12.38095238095238
1,2,0,10,2,0,False,90090,537.1428571428571,12.0
1,2,0,10,1,1,False,90090,519.2380952380953,12.5
1,2,0,9,3,0,False,300300,552.8095238095239,11.578947368421053
1,2,0,9,2,1,False,600600,561.3142857142856,11.578947368421053
1,2,0,9,1,2,False,300300,518.7904761904762,12.105263157894738
1,2,0,8,4,0,False,675675,564.0,11.11111111111111
1,2,0,8,3,1,False,2027025,596.2285714285714,10.555555555555555
1,2,0,8,2,2,False,2027025,580.1142857142856,11.11111111111111
1,2,0,8,1,3,False,675675,515.6571428571428,12.222222222222221
1,2,0,7,5,0,False,1081080,570.7142857142858,11.176470588235293
1,2,0,7,4,1,False,4324320,623.9809523809524,10.588235294117647
1,2,0,7,3,2,False,6486480,631.5904761904762,9.999999999999998
1,2,0,7,2,3,False,4324320,593.5428571428572,10.588235294117647
1,2,0,7,1,4,False,1081080,509.8380952380953,12.352941176470587
1,2,0,6,6,0,False,1261260,537.1428571428572,11.875
1,2,0,6,5,1,False,6306300,644.5714285714286,10.0
1,2,0,6,4,2,False,12612600,673.2190476190476,9.375
1,2,0,6,3,3,False,12612600,658.8952380952381,10.0
1,2,0,6,2,4,False,6306300,601.6,10.625
1,2,0,6,1,5,False,1261260,501.3333333333333,12.5
1,2,0,5,7,0,False,1081080,503.57142857142856,12.666666666666666
1,2,0,5,6,1,False,6486480,604.2857142857142,10.666666666666666
1,2,0,5,5,2,False,16216200,705.0,9.333333333333334
1,2,0,5,4,3,False,21621600,711.7142857142858,9.333333333333334
1,2,0,5,3,4,False,16216200,678.1428571428573,9.333333333333334
1,2,0,5,2,5,False,6486480,604.2857142857142,10.666666666666666
1,2,0,5,1,6,False,1081080,490.14285714285705,13.333333333333334
1,2,0,4,8,0,False,675675,470.0,13.571428571428573
1,2,0,4,7,1,False,4729725,563.9999999999999,11.428571428571429
1,2,0,4,6,2,False,14189175,658.0,10.0
1,2,0,4,5,3,False,23648625,751.9999999999999,8.571428571428571
1,2,0,4,4,4,False,23648625,739.4666666666666,8.571428571428571
1,2,0,4,3,5,False,14189175,689.3333333333333,9.285714285714286
1,2,0,4,2,6,False,4729725,601.5999999999999,10.714285714285715
1,2,0,4,1,7,False,675675,476.2666666666666,13.571428571428573
1,2,0,3,9,0,False,300300,436.42857142857144,14.615384615384615
1,2,0,3,8,1,False,2402400,523.7142857142857,12.307692307692307
1,2,0,3,7,2,False,8408400,611.0,10.769230769230768
1,2,0,3,6,3,False,16816800,698.2857142857142,9.23076923076923
1,2,0,3,5,4,False,21021000,785.5714285714286,8.461538461538462
1,2,0,3,4,5,False,16816800,756.4761904761905,8.461538461538462
1,2,0,3,3,6,False,8408400,692.4666666666667,9.23076923076923
1,2,0,3,2,7,False,2402400,593.5428571428571,10.769230769230768
1,2,0,3,1,8,False,300300,459.7047619047619,13.846153846153845
1,2,0,2,10,0,False,90090,402.85714285714283,15.833333333333334
1,2,0,2,9,1,False,810810,483.4285714285714,13.333333333333334
1,2,0,2,8,2,False,3243240,564.0,11.666666666666668
1,2,0,2,7,3,False,7567560,644.5714285714286,10.0
1,2,0,2,6,4,False,11351340,725.142857142857,9.166666666666668
1,2,0,2,5,5,False,11351340,805.7142857142857,8.333333333333334
1,2,0,2,4,6,False,7567560,762.7428571428571,8.333333333333334
1,2,0,2,3,7,False,3243240,687.5428571428573,9.166666666666668
1,2,0,2,2,8,False,810810,580.1142857142858,10.833333333333334
1,2,0,2,1,9,False,90090,440.45714285714274,15.0
1,2,0,1,11,0,False,16380,369.28571428571433,17.27272727272727
1,2,0,1,10,1,False,163800,443.14285714285717,14.545454545454545
1,2,0,1,9,2,False,737100,517.0,12.727272727272727
1,2,0,1,8,3,False,1965600,590.8571428571429,10.909090909090908
1,2,0,1,7,4,False,3439800,664.7142857142857,10.0
1,2,0,1,6,5,False,4127760,738.5714285714287,9.09090909090909
1,2,0,1,5,6,False,3439800,812.4285714285714,8.181818181818182
1,2,0,1,4,7,False,1965600,758.2666666666668,9.09090909090909
1,2,0,1,3,8,False,737100,674.5619047619049,10.0
1,2,0,1,2,9,False,163800,561.3142857142857,11.818181818181817
1,2,0,1,1,10,False,16380,418.5238095238096,15.454545454545453
1,2,0,0,12,0,False,1365,335.7142857142857,19.0
1,2,0,0,11,1,False,15015,402.85714285714283,16.0
1,2,0,0,10,2,False,75075,470.0,14.0
1,2,0,0,9,3,False,225225,537.1428571428571,12.0
1,2,0,0,8,4,False,450450,604.2857142857142,11.0
1,2,0,0,7,5,False,630630,671.4285714285714,10.0
1,2,0,0,6,6,False,630630,738.5714285714286,9.0
1,2,0,0,5,7,False,450450,805.7142857142857,8.0
1,2,0,0,4,8,False,225225,743.0476190476189,9.0
1,2,0,0,3,9,False,75075,653.5238095238094,10.0
1,2,0,0,2,10,False,15015,537.1428571428572,12.0
1,2,0,0,1,11,False,1365,393.9047619047619,16.0
1,1,13,0,0,0,False,210,377.8571428571428,17.0
1,1,12,1,0,0,False,2730,397.5714285714286,16.363636363636363
1,1,12,0,1,0,False,2730,397.57142857142867,16.0
1,1,11,2,0,0,False,16380,414.0,15.833333333333334
1,1,11,1,1,0,False,32760,417.45000000000005,15.454545454545453
1,1,11,0,2,0,False,16380,413.99999999999994,16.0
1,1,11,0,1,1,False,16380,400.2,16.0
1,1,10,3,0,0,False,60060,427.1428571428571,15.384615384615383
1,1,10,2,1,0,False,180180,433.7142857142857,15.0
1,1,10,1,2,0,False,180180,433.7142857142857,14.545454545454545
1,1,10,1,1,1,True,180180,419.2571428571429,15.454545454545453
1,1,10,0,3,0,False,60060,427.1428571428571,15.0
1,1,10,0,2,1,False,120120,433.7142857142857,15.0
1,1,10,0,1,2,False,60060,400.85714285714283,16.0
1,1,9,4,0,0,False,150150,436.99999999999994,15.000000000000002
1,1,9,3,1,0,False,600600,446.36428571428576,14.615384615384615
1,1,9,2,2,0,False,900900,449.48571428571427,14.166666666666668
1,1,9,2,1,1,True,900900,434.5028571428572,15.0
1,1,9,1,3,0,False,600600,446.36428571428576,14.545454545454545
1,1,9,1,2,1,True,1201200,453.2314285714286,14.545454545454545
1,1,9,1,1,2,True,600600,418.8957142857143,15.454545454545453
1,1,9,0,4,0,False,150150,436.99999999999994,15.0
1,1,9,0,3,1,False,450450,461.97142857142853,14.0
1,1,9,0,2,2,False,450450,449.48571428571427,14.0
1,1,9,0,1,3,False,150150,399.5428571428571,16.0
1,1,8,5,0,0,False,270270,443.57142857142856,14.666666666666666
1,1,8,4,1,0,False,1351350,455.4,14.285714285714286
1,1,8,3,2,0,False,2702700,461.3142857142857,13.846153846153845
1,1,8,3,1,1,True,2702700,445.93714285714293,14.615384615384615
1,1,8,2,3,0,False,2702700,461.3142857142857,14.166666666666668
1,1,8,2,2,1,True,5405400,468.4114285714286,14.166666666666668
1,1,8,2,1,2,True,2702700,432.92571428571426,15.0
1,1,8,1,4,0,False,1351350,455.4,14.545454545454545
1,1,8,1,3,1,True,4054050,481.42285714285714,13.636363636363635
1,1,8,1,2,2,True,4054050,468.4114285714286,13.636363636363635
1,1,8,1,1,3,True,1351350,416.36571428571426,15.454545454545453
1,1,8,0,5,0,False,270270,443.57142857142856,15.0
1,1,8,0,4,1,False,1081080,484.9714285714286,13.0
1,1,8,0,3,2,False,1621620,490.8857142857143,13.0
1,1,8,0,2,3,False,1081080,461.3142857142857,14.0
1,1,8,0,1,4,False,270270,396.25714285714287,16.0
1,1,7,6,0,0,False,360360,446.85714285714295,14.375
1,1,7,5,1,0,False,2162160,460.82142857142867,14.0
1,1,7,4,2,0,False,5405400,469.2,13.571428571428573
1,1,7,4,1,1,True,5405400,453.5600000000002,14.285714285714286
1,1,7,3,3,0,False,7207200,471.9928571428572,13.846153846153845
1,1,7,3,2,1,True,14414400,479.2542857142858,13.076923076923077
1,1,7,3,1,2,True,7207200,442.9471428571429,14.615384615384615
1,1,7,2,4,0,False,5405400,469.20000000000005,13.333333333333334
1,1,7,2,3,1,True,16216200,496.0114285714286,13.333333333333334
1,1,7,2,2,2,True,16216200,482.6057142857143,13.333333333333334
1,1,7,2,1,3,True,5405400,428.9828571428572,15.0
1,1,7,1,5,0,False,2162160,460.82142857142867,13.636363636363635
1,1,7,1,4,1,True,8648640,503.8314285714287,12.727272727272727
1,1,7,1,3,2,True,12972960,509.97571428571445,12.727272727272727
1,1,7,1,2,3,True,8648640,479.25428571428586,13.636363636363635
1,1,7,1,1,4,True,2162160,411.66714285714295,15.454545454545453
1,1,7,0,6,0,False,360360,418.9285714285715,15.0
1,1,7,0,5,1,False,1801800,502.71428571428584,13.0
1,1,7,0,4,2,False,3603600,525.057142857143,12.0
1,1,7,0,3,3,False,3603600,513.8857142857144,13.0
1,1,7,0,2,4,False,1801800,469.2000000000001,14.0
1,1,7,0,1,5,False,360360,391.00000000000006,16.0
1,1,6,7,0,0,False,360360,446.8571428571429,14.117647058823527
1,1,6,6,1,0,False,2522520,462.6285714285715,13.75
1,1,6,5,2,0,False,7567560,473.1428571428571,13.333333333333334
1,1,6,5,1,1,True,7567560,457.37142857142857,14.0
1,1,6,4,3,0,False,12612600,478.4,13.571428571428573
1,1,6,4,2,1,True,25225200,485.75999999999993,13.571428571428573
1,1,6,4,1,2,True,12612600,448.9599999999999,14.285714285714286
1,1,6,3,4,0,False,12612600,478.3999999999999,13.076923076923077
1,1,6,3,3,1,True,37837800,505.7371428571428,13.076923076923077
1,1,6,3,2,2,True,37837800,492.0685714285714,13.076923076923077
1,1,6,3,1,3,True,12612600,437.39428571428573,14.615384615384615
1,1,6,2,5,0,False,7567560,473.1428571428571,13.333333333333334
1,1,6,2,4,1,True,30270240,517.3028571428571,12.5
1,1,6,2,3,2,True,45405360,523.6114285714285,12.5
1,1,6,2,2,3,True,30270240,492.0685714285714,13.333333333333334
1,1,6,2,1,4,True,7567560,422.67428571428576,15.0
1,1,6,1,6,0,False,2522520,433.7142857142857,14.545454545454545
1,1,6,1,5,1,True,12612600,520.4571428571429,12.727272727272727
1,1,6,1,4,2,True,25225200,543.5885714285714,11.818181818181817
1,1,6,1,3,3,True,25225200,532.0228571428572,11.818181818181817
1,1,6,1,2,4,True,12612600,485.76000000000005,13.636363636363635
1,1,6,1,1,5,True,2522520,404.79999999999995,15.454545454545453
1,1,6,0,7,0,False,360360,394.2857142857143,16.0
1,1,6,0,6,1,False,2162160,473.1428571428571,14.0
1,1,6,0,5,2,False,5405400,552.0,12.0
1,1,6,0,4,3,False,7207200,557.2571428571429,12.0
1,1,6,0,3,4,False,5405400,530.9714285714286,12.0
1,1,6,0,2,5,False,2162160,473.1428571428571,14.0
1,1,6,0,1,6,False,360360,383.77142857142854,17.0
1,1,5,8,0,0,False,270270,443.57142857142856,14.444444444444445
1,1,5,7,1,0,False,2162160,460.8214285714286,14.117647058823527
1,1,5,6,2,0,False,7567560,473.14285714285717,13.75
1,1,5,6,1,1,True,7567560,457.3714285714286,13.75
1,1,5,5,3,0,False,15135120,480.5357142857142,13.333333333333334
1,1,5,5,2,1,True,30270240,487.92857142857144,13.333333333333334
1,1,5,5,1,2,True,15135120,450.96428571428567,14.0
1,1,5,4,4,0,False,18918900,482.99999999999994,13.571428571428573
1,1,5,4,3,1,True,56756700,510.5999999999999,12.857142857142858
1,1,5,4,2,2,True,56756700,496.79999999999995,12.857142857142858
1,1,5,4,1,3,True,18918900,441.5999999999999,14.285714285714286
1,1,5,3,5,0,False,15135120,480.5357142857143,13.076923076923077
1,1,5,3,4,1,True,60540480,525.3857142857144,12.307692307692307
1,1,5,3,3,2,True,90810720,531.7928571428571,12.307692307692307
1,1,5,3,2,3,True,60540480,499.7571428571429,13.076923076923077
1,1,5,3,1,4,True,15135120,429.27857142857147,14.615384615384615
1,1,5,2,6,0,False,7567560,443.5714285714285,14.166666666666668
1,1,5,2,5,1,True,37837800,532.2857142857142,12.5
1,1,5,2,4,2,True,75675600,555.9428571428571,11.666666666666668
1,1,5,2,3,3,True,75675600,544.1142857142858,11.666666666666668
1,1,5,2,2,4,True,37837800,496.79999999999995,13.333333333333334
1,1,5,2,1,5,True,7567560,414.0,15.833333333333334
1,1,5,1,7,0,False,2162160,406.60714285714283,15.454545454545453
1,1,5,1,6,1,True,12972960,487.92857142857144,13.636363636363635
1,1,5,1,5,2,True,32432400,569.25,11.818181818181817
1,1,5,1,4,3,True,43243200,574.6714285714287,10.909090909090908
1,1,5,1,3,4,True,32432400,547.5642857142858,11.818181818181817
1,1,5,1,2,5,True,12972960,487.92857142857144,13.636363636363635
1,1,5,1,1,6,True,2162160,395.7642857142857,16.363636363636363
1,1,5,0,8,0,False,270270,369.6428571428571,17.0
1,1,5,0,7,1,False,1891890,443.57142857142856,15.0
1,1,5,0,6,2,False,5675670,517.5,13.0
1,1,5,0,5,3,False,9459450,591.4285714285714,11.0
1,1,5,0,4,4,False,9459450,581.5714285714287,11.0
1,1,5,0,3,5,False,5675670,542.1428571428571,12.0
1,1,5,0,2,6,False,1891890,473.14285714285705,14.0
1,1,5,0,1,7,False,270270,374.57142857142856,17.0
1,1,4,9,0,0,False,150150,436.99999999999994,14.73684210526316
1,1,4,8,1,0,False,1351350,455.4,13.88888888888889
1,1,4,7,2,0,False,5405400,469.19999999999993,13.52941176470588
1,1,4,7,1,1,True,5405400,453.55999999999995,14.117647058823527
1,1,4,6,3,0,False,12612600,478.40000000000003,13.125
1,1,4,6,2,1,True,25225200,485.76,13.125
1,1,4,6,1,2,True,12612600,448.95999999999987,14.375
1,1,4,5,4,0,False,18918900,482.9999999999999,13.333333333333334
1,1,4,5,3,1,True,56756700,510.5999999999999,12.666666666666666
1,1,4,5,2,2,True,56756700,496.7999999999999,12.666666666666666
1,1,4,5,1,3,True,18918900,441.5999999999999,14.666666666666666
1,1,4,4,5,0,False,18918900,482.9999999999999,13.571428571428573
1,1,4,4,4,1,True,75675600,528.0799999999999,12.142857142857144
1,1,4,4,3,2,True,113513400,534.5199999999999,12.142857142857144
1,1,4,4,2,3,True,75675600,502.3199999999999,12.857142857142858
1,1,4,4,1,4,True,18918900,431.4799999999999,15.000000000000002
1,1,4,3,6,0,False,12612600,448.49999999999994,14.615384615384615
1,1,4,3,5,1,True,63063000,538.1999999999998,12.307692307692307
1,1,4,3,4,2,True,126126000,562.12,11.538461538461538
1,1,4,3,3,3,True,126126000,550.16,11.538461538461538
1,1,4,3,2,4,True,63063000,502.32,13.076923076923077
1,1,4,3,1,5,True,12612600,418.59999999999997,15.384615384615383
1,1,4,2,7,0,False,5405400,413.99999999999994,15.833333333333334
1,1,4,2,6,1,True,32432400,496.79999999999984,13.333333333333334
1,1,4,2,5,2,True,81081000,579.5999999999999,10.833333333333334
1,1,4,2,4,3,True,108108000,585.1199999999999,10.833333333333334
1,1,4,2,3,4,True,81081000,557.52,11.666666666666668
1,1,4,2,2,5,True,32432400,496.79999999999984,13.333333333333334
1,1,4,2,1,6,True,5405400,402.9599999999999,15.833333333333334
1,1,4,1,8,0,False,1351350,379.49999999999994,17.27272727272727
1,1,4,1,7,1,True,9459450,455.3999999999999,14.545454545454545
1,1,4,1,6,2,True,28378350,531.3,11.818181818181817
1,1,4,1,5,3,True,47297250,607.1999999999999,10.909090909090908
1,1,4,1,4,4,True,47297250,597.0800000000002,10.909090909090908
1,1,4,1,3,5,True,28378350,556.6,11.818181818181817
1,1,4,1,2,6,True,9459450,485.75999999999993,13.636363636363635
1,1,4,1,1,7,True,1351350,384.56,16.363636363636363
1,1,4,0,9,0,False,150150,344.99999999999994,19.0
1,1,4,0,8,1,False,1201200,413.9999999999999,16.0
1,1,4,0,7,2,False,4204200,482.99999999999994,13.0
1,1,4,0,6,3,False,8408400,551.9999999999999,12.0
1,1,4,0,5,4,False,10510500,620.9999999999999,11.0
1,1,4,0,4,5,False,8408400,598.0,11.0
1,1,4,0,3,6,False,4204200,547.3999999999999,12.0
1,1,4,0,2,7,False,1201200,469.19999999999993,14.0
1,1,4,0,1,8,False,150150,363.4,18.0
1,1,3,10,0,0,False,60060,427.1428571428571,15.0
1,1,3,9,1,0,False,600600,446.36428571428564,14.210526315789474
1,1,3,8,2,0,False,2702700,461.31428571428563,13.88888888888889
1,1,3,8,1,1,True,2702700,445.93714285714293,14.444444444444445
1,1,3,7,3,0,False,7207200,471.99285714285725,13.52941176470588
1,1,3,7,2,1,True,14414400,479.25428571428574,13.52941176470588
1,1,3,7,1,2,True,7207200,442.94714285714286,14.117647058823527
1,1,3,6,4,0,False,12612600,478.40000000000003,13.125
1,1,3,6,3,1,True,37837800,505.73714285714277,12.5
1,1,3,6,2,2,True,37837800,492.06857142857143,13.125
1,1,3,6,1,3,True,12612600,437.39428571428573,14.375
1,1,3,5,5,0,False,15135120,480.5357142857142,13.333333333333334
1,1,3,5,4,1,True,60540480,525.3857142857144,12.0
1,1,3,5,3,2,True,90810720,531.7928571428572,12.0
1,1,3,5,2,3,True,60540480,499.75714285714275,12.666666666666666
1,1,3,5,1,4,True,15135120,429.27857142857135,14.666666666666666
1,1,3,4,6,0,False,12612600,448.49999999999994,14.285714285714286
1,1,3,4,5,1,True,63063000,538.1999999999999,12.142857142857144
1,1,3,4,4,2,True,126126000,562.12,11.428571428571429
1,1,3,4,3,3,True,126126000,550.1599999999999,11.428571428571429
1,1,3,4,2,4,True,63063000,502.32,12.857142857142858
1,1,3,4,1,5,True,12612600,418.59999999999997,15.000000000000002
1,1,3,3,7,0,False,7207200,416.4642857142857,15.384615384615383
1,1,3,3,6,1,True,43243200,499.7571428571429,13.076923076923077
1,1,3,3,5,2,True,108108000,583.0500000000001,10.769230769230768
1,1,3,3,4,3,True,144144000,588.6028571428571,10.769230769230768
1,1,3,3,3,4,True,108108000,560.8385714285716,11.538461538461538
1,1,3,3,2,5,True,43243200,499.7571428571429,13.076923076923077
1,1,3,3,1,6,True,7207200,405.3585714285714,16.153846153846153
1,1,3,2,8,0,False,2702700,384.4285714285714,16.666666666666668
1,1,3,2,7,1,True,18918900,461.3142857142857,14.166666666666668
1,1,3,2,6,2,True,56756700,538.1999999999999,11.666666666666668
1,1,3,2,5,3,True,94594500,615.0857142857141,10.833333333333334
1,1,3,2,4,4,True,94594500,604.8342857142857,10.833333333333334
1,1,3,2,3,5,True,56756700,563.8285714285714,11.666666666666668
1,1,3,2,2,6,True,18918900,492.0685714285714,13.333333333333334
1,1,3,2,1,7,True,2702700,389.5542857142857,16.666666666666668
1,1,3,1,9,0,False,600600,352.39285714285717,18.18181818181818
1,1,3,1,8,1,True,4804800,422.8714285714286,15.454545454545453
1,1,3,1,7,2,True,16816800,493.35,12.727272727272727
1,1,3,1,6,3,True,33633600,563.8285714285713,11.818181818181817
1,1,3,1,5,4,True,42042000,634.3071428571428,10.0
1,1,3,1,4,5,True,33633600,610.8142857142858,10.909090909090908
1,1,3,1,3,6,True,16816800,559.1300000000001,11.818181818181817
1,1,3,1,2,7,True,4804800,479.2542857142858,13.636363636363635
1,1,3,1,1,8,True,600600,371.1871428571429,17.27272727272727
1,1,3,0,10,0,False,60060,320.35714285714283,20.0
1,1,3,0,9,1,False,540540,384.42857142857144,17.0
1,1,3,0,8,2,False,2162160,448.5,14.0
1,1,3,0,7,3,False,5045040,512.5714285714284,13.0
1,1,3,0,6,4,False,7567560,576.6428571428571,11.0
1,1,3,0,5,5,False,7567560,640.7142857142857,10.0
1,1,3,0,4,6,False,5045040,606.5428571428571,11.0
1,1,3,0,3,7,False,2162160,546.7428571428572,12.0
1,1,3,0,2,8,False,540540,461.31428571428575,14.0
1,1,3,0,1,9,False,60060,350.2571428571428,18.0
1,1,2,11,0,0,False,16380,414.0,15.238095238095237
1,1,2,10,1,0,False,180180,433.7142857142857,14.5
1,1,2,9,2,0,False,900900,449.48571428571415,14.210526315789474
1,1,2,9,1,1,True,900900,434.5028571428572,14.73684210526316
1,1,2,8,3,0,False,2702700,461.3142857142857,13.88888888888889
1,1,2,8,2,1,True,5405400,468.41142857142853,13.88888888888889
1,1,2,8,1,2,True,2702700,432.92571428571426,14.444444444444445
1,1,2,7,4,0,False,5405400,469.19999999999993,13.52941176470588
1,1,2,7,3,1,True,16216200,496.01142857142855,12.941176470588234
1,1,2,7,2,2,True,16216200,482.60571428571427,13.52941176470588
1,1,2,7,1,3,True,5405400,428.9828571428571,14.705882352941176
1,1,2,6,5,0,False,7567560,473.14285714285717,13.75
1,1,2,6,4,1,True,30270240,517.3028571428571,12.5
1,1,2,6,3,2,True,45405360,523.6114285714286,12.5
1,1,2,6,2,3,True,30270240,492.06857142857143,13.125
1,1,2,6,1,4,True,7567560,422.67428571428576,15.0
1,1,2,5,6,0,False,7567560,443.57142857142856,14.666666666666666
1,1,2,5,5,1,True,37837800,532.2857142857142,12.0
1,1,2,5,4,2,True,75675600,555.9428571428572,11.333333333333334
1,1,2,5,3,3,True,75675600,544.1142857142856,12.0
1,1,2,5,2,4,True,37837800,496.80000000000007,12.666666666666666
1,1,2,5,1,5,True,7567560,413.9999999999999,15.333333333333334
1,1,2,4,7,0,False,5405400,414.0,15.714285714285715
1,1,2,4,6,1,True,32432400,496.79999999999995,12.857142857142858
1,1,2,4,5,2,True,81081000,579.5999999999999,11.428571428571429
1,1,2,4,4,3,True,108108000,585.1199999999999,10.714285714285715
1,1,2,4,3,4,True,81081000,557.5200000000001,11.428571428571429
1,1,2,4,2,5,True,32432400,496.79999999999995,12.857142857142858
1,1,2,4,1,6,True,5405400,402.95999999999987,15.714285714285715
1,1,2,3,8,0,False,2702700,384.42857142857144,16.923076923076923
1,1,2,3,7,1,True,18918900,461.3142857142857,13.846153846153845
1,1,2,3,6,2,True,56756700,538.2,12.307692307692307
1,1,2,3,5,3,True,94594500,615.0857142857142,10.769230769230768
1,1,2,3,4,4,True,94594500,604.8342857142858,10.769230769230768
1,1,2,3,3,5,True,56756700,563.8285714285714,11.538461538461538
1,1,2,3,2,6,True,18918900,492.0685714285714,13.076923076923077
1,1,2,3,1,7,True,2702700,389.5542857142857,16.153846153846153
1,1,2,2,9,0,False,900900,354.85714285714283,18.333333333333336
1,1,2,2,8,1,True,7207200,425.82857142857137,15.0
1,1,2,2,7,2,True,25225200,496.79999999999995,13.333333333333334
1,1,2,2,6,3,True,50450400,567.7714285714285,11.666666666666668
1,1,2,2,5,4,True,63063000,638.7428571428571,10.0
1,1,2,2,4,5,True,50450400,615.0857142857143,10.833333333333334
1,1,2,2,3,6,True,25225200,563.0399999999998,11.666666666666668
1,1,2,2,2,7,True,7207200,482.60571428571427,13.333333333333334
1,1,2,2,1,8,True,900900,373.7828571428571,17.5
1,1,2,1,10,0,False,180180,325.28571428571433,20.0
1,1,2,1,9,1,True,1621620,390.34285714285716,16.363636363636363
1,1,2,1,8,2,True,6486480,455.40000000000003,14.545454545454545
1,1,2,1,7,3,True,15135120,520.4571428571428,12.727272727272727
1,1,2,1,6,4,True,22702680,585.5142857142858,10.909090909090908
1,1,2,1,5,5,True,22702680,650.5714285714287,10.0
1,1,2,1,4,6,True,15135120,615.8742857142857,10.909090909090908
1,1,2,1,3,7,True,6486480,555.1542857142858,11.818181818181817
1,1,2,1,2,8,True,1621620,468.4114285714286,13.636363636363635
1,1,2,1,1,9,True,180180,355.64571428571423,18.18181818181818
1,1,2,0,11,0,False,16380,295.7142857142857,22.0
1,1,2,0,10,1,False,163800,354.85714285714283,18.0
1,1,2,0,9,2,False,737100,414.0,16.0
1,1,2,0,8,3,False,1965600,473.14285714285705,14.0
1,1,2,0,7,4,False,3439800,532.2857142857143,12.0
1,1,2,0,6,5,False,4127760,591.4285714285714,11.0
1,1,2,0,5,6,False,3439800,650.5714285714284,10.0
1,1,2,0,4,7,False,1965600,607.2,11.0
1,1,2,0,3,8,False,737100,540.1714285714286,12.0
1,1,2,0,2,9,False,163800,449.48571428571427,14.0
1,1,2,0,1,10,False,16380,335.14285714285717,19.0
1,1,1,12,0,0,False,2730,397.5714285714286,15.909090909090908
1,1,1,11,1,0,False,32760,417.4500000000001,15.238095238095237
1,1,1,10,2,0,False,180180,433.7142857142857,14.5
1,1,1,10,1,1,True,180180,419.257142857143,15.0
1,1,1,9,3,0,False,600600,446.3642857142857,14.210526315789474
1,1,1,9,2,1,True,1201200,453.2314285714286,14.210526315789474
1,1,1,9,1,2,True,600600,418.8957142857143,15.263157894736842
1,1,1,8,4,0,False,1351350,455.40000000000003,13.88888888888889
1,1,1,8,3,1,True,4054050,481.42285714285714,13.333333333333332
1,1,1,8,2,2,True,4054050,468.41142857142853,13.88888888888889
1,1,1,8,1,3,True,1351350,416.3657142857144,15.555555555555555
1,1,1,7,5,0,False,2162160,460.82142857142867,14.117647058823527
1,1,1,7,4,1,True,8648640,503.8314285714287,12.941176470588234
1,1,1,7,3,2,True,12972960,509.9757142857144,12.352941176470587
1,1,1,7,2,3,True,8648640,479.25428571428586,13.52941176470588
1,1,1,7,1,4,True,2162160,411.66714285714295,15.294117647058822
1,1,1,6,6,0,False,2522520,433.7142857142858,15.0
1,1,1,6,5,1,True,12612600,520.4571428571429,12.5
1,1,1,6,4,2,True,25225200,543.5885714285715,11.875
1,1,1,6,3,3,True,25225200,532.0228571428572,11.875
1,1,1,6,2,4,True,12612600,485.76000000000016,13.125
1,1,1,6,1,5,True,2522520,404.80000000000007,15.625
1,1,1,5,7,0,False,2162160,406.6071428571429,16.0
1,1,1,5,6,1,True,12972960,487.9285714285715,13.333333333333334
1,1,1,5,5,2,True,32432400,569.2500000000001,11.333333333333334
1,1,1,5,4,3,True,43243200,574.6714285714286,11.333333333333334
1,1,1,5,3,4,True,32432400,547.5642857142859,12.0
1,1,1,5,2,5,True,12972960,487.9285714285715,13.333333333333334
1,1,1,5,1,6,True,2162160,395.76428571428573,16.0
1,1,1,4,8,0,False,1351350,379.50000000000006,17.142857142857142
1,1,1,4,7,1,True,9459450,455.40000000000003,14.285714285714286
1,1,1,4,6,2,True,28378350,531.3000000000001,12.142857142857144
1,1,1,4,5,3,True,47297250,607.1999999999999,10.714285714285715
1,1,1,4,4,4,True,47297250,597.08,10.714285714285715
1,1,1,4,3,5,True,28378350,556.6000000000001,11.428571428571429
1,1,1,4,2,6,True,9459450,485.76,13.571428571428573
1,1,1,4,1,7,True,1351350,384.56,16.42857142857143
1,1,1,3,9,0,False,600600,352.3928571428572,18.46153846153846
1,1,1,3,8,1,True,4804800,422.8714285714286,15.384615384615383
1,1,1,3,7,2,True,16816800,493.3500000000001,13.076923076923077
1,1,1,3,6,3,True,33633600,563.8285714285714,11.538461538461538
1,1,1,3,5,4,True,42042000,634.307142857143,10.0
1,1,1,3,4,5,True,33633600,610.8142857142858,10.769230769230768
1,1,1,3,3,6,True,16816800,559.13,11.538461538461538
1,1,1,3,2,7,True,4804800,479.2542857142858,13.076923076923077
1,1,1,3,1,8,True,600600,371.18714285714293,16.923076923076923
1,1,1,2,10,0,False,180180,325.28571428571433,20.0
1,1,1,2,9,1,True,1621620,390.3428571428572,16.666666666666668
1,1,1,2,8,2,True,6486480,455.40000000000003,14.166666666666668
1,1,1,2,7,3,True,15135120,520.4571428571428,12.5
1,1,1,2,6,4,True,22702680,585.5142857142858,10.833333333333334
1,1,1,2,5,5,True,22702680,650.5714285714287,10.0
1,1,1,2,4,6,True,15135120,615.8742857142857,10.833333333333334
1,1,1,2,3,7,True,6486480,555.1542857142858,11.666666666666668
1,1,1,2,2,8,True,1621620,468.41142857142864,14.166666666666668
1,1,1,2,1,9,True,180180,355.64571428571435,18.333333333333336
1,1,1,1,11,0,False,32760,298.1785714285715,21.818181818181817
1,1,1,1,10,1,True,327600,357.8142857142858,18.18181818181818
1,1,1,1,9,2,True,1474200,417.4500000000001,15.454545454545453
1,1,1,1,8,3,True,3931200,477.08571428571435,13.636363636363635
1,1,1,1,7,4,True,6879600,536.7214285714288,11.818181818181817
1,1,1,1,6,5,True,8255520,596.357142857143,10.909090909090908
1,1,1,1,5,6,True,6879600,655.9928571428572,10.0
1,1,1,1,4,7,True,3931200,612.2600000000001,10.909090909090908
1,1,1,1,3,8,True,1474200,544.6728571428572,11.818181818181817
1,1,1,1,2,9,True,327600,453.23142857142864,14.545454545454545
1,1,1,1,1,10,True,32760,337.93571428571437,19.09090909090909
1,1,1,0,12,0,False,2730,271.0714285714286,24.0
1,1,1,0,11,1,False,30030,325.28571428571433,20.0
1,1,1,0,10,2,False,150150,379.50000000000006,17.0
1,1,1,0,9,3,False,450450,433.7142857142857,15.0
1,1,1,0,8,4,False,900900,487.92857142857156,13.0
1,1,1,0,7,5,False,1261260,542.1428571428572,12.0
1,1,1,0,6,6,False,1261260,596.3571428571429,11.0
1,1,1,0,5,7,False,900900,650.5714285714287,10.0
1,1,1,0,4,8,False,450450,599.9714285714285,11.0
1,1,1,0,3,9,False,150150,527.6857142857143,12.0
1,1,1,0,2,10,False,30030,433.71428571428584,15.0
1,1,1,0,1,11,False,2730,318.0571428571429,20.0
1,1,0,13,0,0,False,210,377.85714285714283,16.956521739130437
1,1,0,12,1,0,False,2730,397.5714285714286,15.909090909090908
1,1,0,11,2,0,False,16380,414.0,15.238095238095237
1,1,0,11,1,1,False,16380,400.20000000000005,15.714285714285714
1,1,0,10,3,0,False,60060,427.1428571428571,15.0
1,1,0,10,2,1,False,120120,433.7142857142857,14.5
1,1,0,10,1,2,False,60060,400.85714285714283,16.0
1,1,0,9,4,0,False,150150,436.99999999999994,14.73684210526316
1,1,0,9,3,1,False,450450,461.9714285714285,13.68421052631579
1,1,0,9,2,2,False,450450,449.48571428571415,14.210526315789474
1,1,0,9,1,3,False,150150,399.5428571428571,15.789473684210527
1,1,0,8,5,0,False,270270,443.57142857142856,14.444444444444445
1,1,0,8,4,1,False,1081080,484.9714285714286,13.333333333333332
1,1,0,8,3,2,False,1621620,490.8857142857143,12.777777777777777
1,1,0,8,2,3,False,1081080,461.3142857142857,13.88888888888889
1,1,0,8,1,4,False,270270,396.25714285714287,16.11111111111111
1,1,0,7,6,0,False,360360,418.92857142857144,15.294117647058822
1,1,0,7,5,1,False,1801800,502.7142857142858,12.941176470588234
1,1,0,7,4,2,False,3603600,525.0571428571428,12.352941176470587
1,1,0,7,3,3,False,3603600,513.8857142857144,12.352941176470587
1,1,0,7,2,4,False,1801800,469.20000000000005,13.52941176470588
1,1,0,7,1,5,False,360360,391.0,16.470588235294116
1,1,0,6,7,0,False,360360,394.2857142857143,16.25
1,1,0,6,6,1,False,2162160,473.14285714285717,13.75
1,1,0,6,5,2,False,5405400,552.0,11.875
1,1,0,6,4,3,False,7207200,557.257142857143,11.25
1,1,0,6,3,4,False,5405400,530.9714285714288,11.875
1,1,0,6,2,5,False,2162160,473.14285714285717,13.75
1,1,0,6,1,6,False,360360,383.77142857142854,16.875
1,1,0,5,8,0,False,270270,369.6428571428571,17.333333333333332
1,1,0,5,7,1,False,1891890,443.57142857142856,14.666666666666666
1,1,0,5,6,2,False,5675670,517.5,12.666666666666666
1,1,0,5,5,3,False,9459450,591.4285714285714,10.666666666666666
1,1,0,5,4,4,False,9459450,581.5714285714287,11.333333333333334
1,1,0,5,3,5,False,5675670,542.1428571428571,12.0
1,1,0,5,2,6,False,1891890,473.1428571428571,13.333333333333334
1,1,0,5,1,7,False,270270,374.57142857142856,17.333333333333332
1,1,0,4,9,0,False,150150,344.99999999999994,18.571428571428573
1,1,0,4,8,1,False,1201200,414.0,15.714285714285715
1,1,0,4,7,2,False,4204200,482.99999999999994,13.571428571428573
1,1,0,4,6,3,False,8408400,552.0,11.428571428571429
1,1,0,4,5,4,False,10510500,621.0,10.714285714285715
1,1,0,4,4,5,False,8408400,597.9999999999999,10.714285714285715
1,1,0,4,3,6,False,4204200,547.3999999999999,11.428571428571429
1,1,0,4,2,7,False,1201200,469.2,13.571428571428573
1,1,0,4,1,8,False,150150,363.4,17.857142857142858
1,1,0,3,10,0,False,60060,320.35714285714283,20.0
1,1,0,3,9,1,False,540540,384.42857142857144,16.923076923076923
1,1,0,3,8,2,False,2162160,448.5,14.615384615384615
1,1,0,3,7,3,False,5045040,512.5714285714286,12.307692307692307
1,1,0,3,6,4,False,7567560,576.6428571428572,11.538461538461538
1,1,0,3,5,5,False,7567560,640.7142857142857,10.0
1,1,0,3,4,6,False,5045040,606.5428571428571,10.769230769230768
1,1,0,3,3,7,False,2162160,546.7428571428572,11.538461538461538
1,1,0,3,2,8,False,540540,461.3142857142857,13.846153846153845
1,1,0,3,1,9,False,60060,350.2571428571428,18.46153846153846
1,1,0,2,11,0,False,16380,295.71428571428567,21.666666666666668
1,1,0,2,10,1,False,163800,354.85714285714283,18.333333333333336
1,1,0,2,9,2,False,737100,414.0,15.833333333333334
1,1,0,2,8,3,False,1965600,473.1428571428571,13.333333333333334
1,1,0,2,7,4,False,3439800,532.2857142857143,12.5
1,1,0,2,6,5,False,4127760,591.4285714285713,10.833333333333334
1,1,0,2,5,6,False,3439800,650.5714285714286,10.0
1,1,0,2,4,7,False,1965600,607.2,10.833333333333334
1,1,0,2,3,8,False,737100,540.1714285714286,11.666666666666668
1,1,0,2,2,9,False,163800,449.4857142857142,14.166666666666668
1,1,0,2,1,10,False,16380,335.14285714285717,19.166666666666668
1,1,0,1,12,0,False,2730,271.07142857142856,23.636363636363633
1,1,0,1,11,1,False,30030,325.28571428571433,20.0
1,1,0,1,10,2,False,150150,379.50000000000006,17.27272727272727
1,1,0,1,9,3,False,450450,433.7142857142857,14.545454545454545
1,1,0,1,8,4,False,900900,487.9285714285715,13.636363636363635
1,1,0,1,7,5,False,1261260,542.1428571428571,11.818181818181817
1,1,0,1,6,6,False,1261260,596.3571428571429,10.909090909090908
1,1,0,1,5,7,False,900900,650.5714285714287,10.0
1,1,0,1,4,8,False,450450,599.9714285714285,10.909090909090908
1,1,0,1,3,9,False,150150,527.6857142857143,12.727272727272727
1,1,0,1,2,10,False,30030,433.7142857142858,14.545454545454545
1,1,0,1,1,11,False,2730,318.05714285714294,20.0
1,1,0,0,13,0,False,210,246.42857142857142,26.0
1,1,0,0,12,1,False,2520,295.7142857142857,22.0
1,1,0,0,11,2,False,13860,345.0,19.0
1,1,0,0,10,3,False,46200,394.2857142857143,16.0
1,1,0,0,9,4,False,103950,443.5714285714286,15.0
1,1,0,0,8,5,False,166320,492.85714285714283,13.0
1,1,0,0,7,6,False,194040,542.1428571428571,12.0
1,1,0,0,6,7,False,166320,591.4285714285714,11.0
1,1,0,0,5,8,False,103950,640.7142857142857,10.0
1,1,0,0,4,9,False,46200,584.8571428571428,11.0
1,1,0,0,3,10,False,13860,509.2857142857144,13.0
1,1,0,0,2,11,False,2520,413.99999999999994,16.0
1,1,0,0,1,12,False,210,299.0,21.0
1,0,14,0,0,0,False,15,251.42857142857147,25.0
1,0,13,1,0,0,False,210,265.04761904761904,23.636363636363633
1,0,13,0,1,0,False,210,265.04761904761904,24.0
1,0,12,2,0,0,False,1365,276.57142857142856,23.333333333333336
1,0,12,1,1,0,False,2730,278.8761904761905,22.727272727272727
1,0,12,0,2,0,False,1365,276.5714285714286,23.0
1,0,12,0,1,1,False,1365,267.352380952381,24.0
1,0,11,3,0,0,False,5460,286.0,22.307692307692307
1,0,11,2,1,0,False,16380,290.4,21.666666666666668
1,0,11,1,2,0,False,16380,290.40000000000003,21.818181818181817
1,0,11,1,1,1,False,16380,280.72,22.727272727272727
1,0,11,0,3,0,False,5460,286.0,22.0
1,0,11,0,2,1,False,10920,290.4,22.0
1,0,11,0,1,2,False,5460,268.4,24.0
1,0,10,4,0,0,False,15015,293.3333333333333,21.42857142857143
1,0,10,3,1,0,False,60060,299.61904761904765,21.538461538461537
1,0,10,2,2,0,False,90090,301.71428571428567,20.833333333333336
1,0,10,2,1,1,False,90090,291.65714285714284,21.666666666666668
1,0,10,1,3,0,False,60060,299.6190476190476,20.909090909090907
1,0,10,1,2,1,False,120120,304.2285714285715,20.909090909090907
1,0,10,1,1,2,False,60060,281.18095238095236,22.727272727272727
1,0,10,0,4,0,False,15015,293.3333333333333,22.0
1,0,10,0,3,1,False,45045,310.0952380952381,21.0
1,0,10,0,2,2,False,45045,301.7142857142857,21.0
1,0,10,0,1,3,False,15015,268.1904761904762,24.0
1,0,9,5,0,0,False,30030,298.57142857142856,21.333333333333332
1,0,9,4,1,0,False,150150,306.5333333333333,20.714285714285715
1,0,9,3,2,0,False,300300,310.5142857142857,20.76923076923077
1,0,9,3,1,1,False,300300,300.16380952380956,21.538461538461537
1,0,9,2,3,0,False,300300,310.5142857142857,20.833333333333336
1,0,9,2,2,1,False,600600,315.2914285714285,20.0
1,0,9,2,1,2,False,300300,291.4057142857142,21.666666666666668
1,0,9,1,4,0,False,150150,306.5333333333333,20.909090909090907
1,0,9,1,3,1,False,450450,324.0495238095238,20.0
1,0,9,1,2,2,False,450450,315.2914285714285,20.0
1,0,9,1,1,3,False,150150,280.25904761904764,22.727272727272727
1,0,9,0,5,0,False,30030,298.57142857142856,21.0
1,0,9,0,4,1,False,120120,326.4380952380953,20.0
1,0,9,0,3,2,False,180180,330.41904761904766,19.0
1,0,9,0,2,3,False,120120,310.51428571428573,21.0
1,0,9,0,1,4,False,30030,266.7238095238095,24.0
1,0,8,6,0,0,False,45045,301.7142857142857,21.25
1,0,8,5,1,0,False,270270,311.1428571428571,20.666666666666668
1,0,8,4,2,0,False,675675,316.79999999999995,20.0
1,0,8,4,1,1,False,675675,306.24,20.714285714285715
1,0,8,3,3,0,False,900900,318.6857142857143,20.0
1,0,8,3,2,1,False,1801800,323.5885714285714,20.0
1,0,8,3,1,2,False,900900,299.07428571428574,21.538461538461537
1,0,8,2,4,0,False,675675,316.8,20.0
1,0,8,2,3,1,False,2027025,334.90285714285716,19.166666666666668
1,0,8,2,2,2,False,2027025,325.8514285714286,20.0
1,0,8,2,1,3,False,675675,289.6457142857143,21.666666666666668
1,0,8,1,5,0,False,270270,311.14285714285717,20.909090909090907
1,0,8,1,4,1,False,1081080,340.1828571428572,19.09090909090909
1,0,8,1,3,2,False,1621620,344.3314285714286,18.18181818181818
1,0,8,1,2,3,False,1081080,323.58857142857147,20.0
1,0,8,1,1,4,False,270270,277.9542857142857,22.727272727272727
1,0,8,0,6,0,False,45045,282.85714285714283,23.0
1,0,8,0,5,1,False,225225,339.42857142857144,19.0
1,0,8,0,4,2,False,450450,354.5142857142857,18.0
1,0,8,0,3,3,False,450450,346.97142857142853,19.0
1,0,8,0,2,4,False,225225,316.8,20.0
1,0,8,0,1,5,False,45045,264.0,24.0
1,0,7,7,0,0,False,51480,302.7619047619048,21.176470588235293
1,0,7,6,1,0,False,360360,313.4476190476191,20.0
1,0,7,5,2,0,False,1081080,320.57142857142856,20.0
1,0,7,5,1,1,False,1081080,309.88571428571436,20.666666666666668
1,0,7,4,3,0,False,1801800,324.1333333333333,19.28571428571429
1,0,7,4,2,1,False,3603600,329.12,19.28571428571429
1,0,7,4,1,2,False,1801800,304.18666666666667,20.714285714285715
1,0,7,3,4,0,False,1801800,324.1333333333334,20.0
1,0,7,3,3,1,False,5405400,342.65523809523813,18.46153846153846
1,0,7,3,2,2,False,5405400,333.39428571428573,19.23076923076923
1,0,7,3,1,3,False,1801800,296.35047619047623,21.538461538461537
1,0,7,2,5,0,False,1081080,320.5714285714286,20.0
1,0,7,2,4,1,False,4324320,350.49142857142857,18.333333333333336
1,0,7,2,3,2,False,6486480,354.7657142857143,18.333333333333336
1,0,7,2,2,3,False,4324320,333.3942857142857,19.166666666666668
1,0,7,2,1,4,False,1081080,286.37714285714287,22.5
1,0,7,1,6,0,False,360360,293.8571428571429,21.818181818181817
1,0,7,1,5,1,False,1801800,352.6285714285715,18.18181818181818
1,0,7,1,4,2,False,3603600,368.3009523809524,17.27272727272727
1,0,7,1,3,3,False,3603600,360.46476190476193,18.18181818181818
1,0,7,1,2,4,False,1801800,329.12000000000006,19.09090909090909
1,0,7,1,1,5,False,360360,274.2666666666667,23.636363636363633
1,0,7,0,7,0,False,51480,267.14285714285717,24.0
1,0,7,0,6,1,False,308880,320.5714285714286,20.0
1,0,7,0,5,2,False,772200,374.00000000000006,17.0
1,0,7,0,4,3,False,1029600,377.56190476190477,17.0
1,0,7,0,3,4,False,772200,359.75238095238103,18.0
1,0,7,0,2,5,False,308880,320.5714285714286,20.0
1,0,7,0,1,6,False,51480,260.0190476190476,25.0
1,0,6,8,0,0,False,45045,301.7142857142857,21.11111111111111
1,0,6,7,1,0,False,360360,313.44761904761907,19.999999999999996
1,0,6,6,2,0,False,1261260,321.8285714285714,20.0
1,0,6,6,1,1,False,1261260,311.10095238095244,20.625
1,0,6,5,3,0,False,2522520,326.85714285714283,19.333333333333332
1,0,6,5,2,1,False,5045040,331.8857142857143,19.333333333333332
1,0,6,5,1,2,False,2522520,306.74285714285713,20.666666666666668
1,0,6,4,4,0,False,3153150,328.53333333333325,19.28571428571429
1,0,6,4,3,1,False,9459450,347.3066666666667,18.571428571428573
1,0,6,4,2,2,False,9459450,337.91999999999996,18.571428571428573
1,0,6,4,1,3,False,3153150,300.3733333333333,21.42857142857143
1,0,6,3,5,0,False,2522520,326.85714285714283,19.23076923076923
1,0,6,3,4,1,False,10090080,357.3638095238096,17.692307692307693
1,0,6,3,3,2,False,15135120,361.7219047619048,17.692307692307693
1,0,6,3,2,3,False,10090080,339.93142857142857,18.46153846153846
1,0,6,3,1,4,False,2522520,291.992380952381,21.538461538461537
1,0,6,2,6,0,False,1261260,301.71428571428567,20.833333333333336
1,0,6,2,5,1,False,6306300,362.0571428571429,17.5
1,0,6,2,4,2,False,12612600,378.14857142857136,16.666666666666668
1,0,6,2,3,3,False,12612600,370.1028571428572,17.5
1,0,6,2,2,4,False,6306300,337.91999999999996,19.166666666666668
1,0,6,2,1,5,False,1261260,281.59999999999997,22.5
1,0,6,1,7,0,False,360360,276.57142857142856,22.727272727272727
1,0,6,1,6,1,False,2162160,331.8857142857143,19.09090909090909
1,0,6,1,5,2,False,5405400,387.20000000000005,16.363636363636363
1,0,6,1,4,3,False,7207200,390.88761904761907,16.363636363636363
1,0,6,1,3,4,False,5405400,372.4495238095239,17.27272727272727
1,0,6,1,2,5,False,2162160,331.8857142857143,19.09090909090909
1,0,6,1,1,6,False,360360,269.19619047619045,23.636363636363633
1,0,6,0,8,0,False,45045,251.42857142857142,25.0
1,0,6,0,7,1,False,315315,301.7142857142857,21.0
1,0,6,0,6,2,False,945945,352.0,18.0
1,0,6,0,5,3,False,1576575,402.2857142857142,16.0
1,0,6,0,4,4,False,1576575,395.58095238095245,16.0
1,0,6,0,3,5,False,945945,368.76190476190476,17.0
1,0,6,0,2,6,False,315315,321.82857142857137,20.0
1,0,6,0,1,7,False,45045,254.78095238095236,25.0
1,0,5,9,0,0,False,30030,298.57142857142856,21.05263157894737
1,0,5,8,1,0,False,270270,311.14285714285717,20.555555555555554
1,0,5,7,2,0,False,1081080,320.57142857142856,19.999999999999996
1,0,5,7,1,1,False,1081080,309.88571428571436,20.588235294117645
1,0,5,6,3,0,False,2522520,326.8571428571429,19.375
1,0,5,6,2,1,False,5045040,331.8857142857143,19.375
1,0,5,6,1,2,False,2522520,306.74285714285713,20.625
1,0,5,5,4,0,False,3783780,329.99999999999994,19.333333333333332
1,0,5,5,3,1,False,11351340,348.85714285714283,18.0
1,0,5,5,2,2,False,11351340,339.42857142857144,18.666666666666668
1,0,5,5,1,3,False,3783780,301.7142857142857,21.333333333333332
1,0,5,4,5,0,False,3783780,329.99999999999994,19.28571428571429
1,0,5,4,4,1,False,15135120,360.8,17.857142857142858
1,0,5,4,3,2,False,22702680,365.20000000000005,17.142857142857142
1,0,5,4,2,3,False,15135120,343.2,18.571428571428573
1,0,5,4,1,4,False,3783780,294.8,21.42857142857143
1,0,5,3,6,0,False,2522520,306.4285714285714,20.76923076923077
1,0,5,3,5,1,False,12612600,367.7142857142857,17.692307692307693
1,0,5,3,4,2,False,25225200,384.0571428571429,16.923076923076923
1,0,5,3,3,3,False,25225200,375.88571428571436,16.923076923076923
1,0,5,3,2,4,False,12612600,343.2000000000001,18.46153846153846
1,0,5,3,1,5,False,2522520,286.0,22.307692307692307
1,0,5,2,7,0,False,1081080,282.85714285714283,22.5
1,0,5,2,6,1,False,6486480,339.4285714285714,19.166666666666668
1,0,5,2,5,2,False,16216200,396.0,15.833333333333334
1,0,5,2,4,3,False,21621600,399.77142857142854,15.833333333333334
1,0,5,2,3,4,False,16216200,380.91428571428577,16.666666666666668
1,0,5,2,2,5,False,6486480,339.4285714285714,19.166666666666668
1,0,5,2,1,6,False,1081080,275.3142857142857,23.333333333333336
1,0,5,1,8,0,False,270270,259.2857142857143,24.545454545454543
1,0,5,1,7,1,False,1891890,311.14285714285717,20.909090909090907
1,0,5,1,6,2,False,5675670,363.00000000000006,17.27272727272727
1,0,5,1,5,3,False,9459450,414.85714285714283,15.454545454545453
1,0,5,1,4,4,False,9459450,407.94285714285724,15.454545454545453
1,0,5,1,3,5,False,5675670,380.28571428571433,17.27272727272727
1,0,5,1,2,6,False,1891890,331.8857142857143,19.09090909090909
1,0,5,1,1,7,False,270270,262.7428571428572,24.545454545454543
1,0,5,0,9,0,False,30030,235.7142857142857,27.0
1,0,5,0,8,1,False,240240,282.85714285714283,23.0
1,0,5,0,7,2,False,840840,330.0,19.0
1,0,5,0,6,3,False,1681680,377.1428571428571,17.0
1,0,5,0,5,4,False,2102100,424.28571428571433,15.0
1,0,5,0,4,5,False,1681680,408.57142857142856,16.0
1,0,5,0,3,6,False,840840,373.99999999999994,17.0
1,0,5,0,2,7,False,240240,320.57142857142856,20.0
1,0,5,0,1,8,False,30030,248.28571428571425,26.0
1,0,4,10,0,0,False,15015,293.3333333333333,21.5
1,0,4,9,1,0,False,150150,306.53333333333336,20.526315789473685
1,0,4,8,2,0,False,675675,316.79999999999995,20.0
1,0,4,8,1,1,False,675675,306.24,20.555555555555554
1,0,4,7,3,0,False,1801800,324.1333333333334,19.41176470588235
1,0,4,7,2,1,False,3603600,329.12,19.41176470588235
1,0,4,7,1,2,False,1801800,304.18666666666667,20.588235294117645
1,0,4,6,4,0,False,3153150,328.5333333333333,19.375
1,0,4,6,3,1,False,9459450,347.3066666666666,18.125
1,0,4,6,2,2,False,9459450,337.92,18.75
1,0,4,6,1,3,False,3153150,300.37333333333333,21.25
1,0,4,5,5,0,False,3783780,330.0,19.333333333333332
1,0,4,5,4,1,False,15135120,360.80000000000007,17.333333333333332
1,0,4,5,3,2,False,22702680,365.2,17.333333333333332
1,0,4,5,2,3,False,15135120,343.2,18.666666666666668
1,0,4,5,1,4,False,3783780,294.8,21.333333333333332
1,0,4,4,6,0,False,3153150,308.0,20.714285714285715
1,0,4,4,5,1,False,15765750,369.59999999999997,17.142857142857142
1,0,4,4,4,2,False,31531500,386.02666666666664,16.42857142857143
1,0,4,4,3,3,False,31531500,377.81333333333333,17.142857142857142
1,0,4,4,2,4,False,15765750,344.96,18.571428571428573
1,0,4,4,1,5,False,3153150,287.46666666666664,22.142857142857146
1,0,4,3,7,0,False,1801800,286.0,22.307692307692307
1,0,4,3,6,1,False,10810800,343.2,18.46153846153846
1,0,4,3,5,2,False,27027000,400.40000000000003,16.153846153846153
1,0,4,3,4,3,False,36036000,404.21333333333337,16.153846153846153
1,0,4,3,3,4,False,27027000,385.1466666666668,16.923076923076923
1,0,4,3,2,5,False,10810800,343.2,18.46153846153846
1,0,4,3,1,6,False,1801800,278.37333333333333,23.076923076923077
1,0,4,2,8,0,False,675675,264.0,24.166666666666668
1,0,4,2,7,1,False,4729725,316.8,20.0
1,0,4,2,6,2,False,14189175,369.59999999999997,17.5
1,0,4,2,5,3,False,23648625,422.3999999999999,15.0
1,0,4,2,4,4,False,23648625,415.36000000000007,15.833333333333334
1,0,4,2,3,5,False,14189175,387.2,16.666666666666668
1,0,4,2,2,6,False,4729725,337.91999999999996,19.166666666666668
1,0,4,2,1,7,False,675675,267.52,24.166666666666668
1,0,4,1,9,0,False,150150,242.00000000000003,26.36363636363636
1,0,4,1,8,1,False,1201200,290.40000000000003,21.818181818181817
1,0,4,1,7,2,False,4204200,338.8,19.09090909090909
1,0,4,1,6,3,False,8408400,387.2,16.363636363636363
1,0,4,1,5,4,False,10510500,435.6,14.545454545454545
1,0,4,1,4,5,False,8408400,419.46666666666675,15.454545454545453
1,0,4,1,3,6,False,4204200,383.9733333333333,16.363636363636363
1,0,4,1,2,7,False,1201200,329.12,19.09090909090909
1,0,4,1,1,8,False,150150,254.9066666666667,24.545454545454543
1,0,4,0,10,0,False,15015,220.0,29.0
1,0,4,0,9,1,False,135135,264.0,24.0
1,0,4,0,8,2,False,540540,308.0,21.0
1,0,4,0,7,3,False,1261260,351.99999999999994,18.0
1,0,4,0,6,4,False,1891890,396.0,16.0
1,0,4,0,5,5,False,1891890,440.0,15.0
1,0,4,0,4,6,False,1261260,416.53333333333325,16.0
1,0,4,0,3,7,False,540540,375.4666666666667,17.0
1,0,4,0,2,8,False,135135,316.8,20.0
1,0,4,0,1,9,False,15015,240.5333333333333,26.0
1,0,3,11,0,0,False,5460,286.0,21.904761904761905
1,0,3,10,1,0,False,60060,299.61904761904765,21.0
1,0,3,9,2,0,False,300300,310.5142857142857,20.526315789473685
1,0,3,9,1,1,False,300300,300.16380952380956,21.05263157894737
1,0,3,8,3,0,False,900900,318.68571428571425,20.0
1,0,3,8,2,1,False,1801800,323.5885714285714,19.444444444444443
1,0,3,8,1,2,False,900900,299.07428571428574,21.11111111111111
1,0,3,7,4,0,False,1801800,324.1333333333333,19.41176470588235
1,0,3,7,3,1,False,5405400,342.6552380952381,18.823529411764703
1,0,3,7,2,2,False,5405400,333.39428571428573,18.823529411764703
1,0,3,7,1,3,False,1801800,296.3504761904762,21.176470588235293
1,0,3,6,5,0,False,2522520,326.8571428571429,19.375
1,0,3,6,4,1,False,10090080,357.36380952380955,17.5
1,0,3,6,3,2,False,15135120,361.7219047619048,17.5
1,0,3,6,2,3,False,10090080,339.93142857142857,18.75
1,0,3,6,1,4,False,2522520,291.9923809523809,21.875
1,0,3,5,6,0,False,2522520,306.42857142857144,20.666666666666668
1,0,3,5,5,1,False,12612600,367.7142857142858,17.333333333333332
1,0,3,5,4,2,False,25225200,384.0571428571429,16.666666666666668
1,0,3,5,3,3,False,25225200,375.88571428571424,16.666666666666668
1,0,3,5,2,4,False,12612600,343.2,18.666666666666668
1,0,3,5,1,5,False,2522520,286.0,22.0
1,0,3,4,7,0,False,1801800,285.99999999999994,22.142857142857146
1,0,3,4,6,1,False,10810800,343.2,18.571428571428573
1,0,3,4,5,2,False,27027000,400.4,15.714285714285715
1,0,3,4,4,3,False,36036000,404.2133333333333,15.714285714285715
1,0,3,4,3,4,False,27027000,385.14666666666676,16.42857142857143
1,0,3,4,2,5,False,10810800,343.2,18.571428571428573
1,0,3,4,1,6,False,1801800,278.37333333333333,22.857142857142858
1,0,3,3,8,0,False,900900,265.57142857142856,23.846153846153847
1,0,3,3,7,1,False,6306300,318.6857142857143,20.0
1,0,3,3,6,2,False,18918900,371.8,16.923076923076923
1,0,3,3,5,3,False,31531500,424.9142857142857,15.384615384615383
1,0,3,3,4,4,False,31531500,417.83238095238096,15.384615384615383
1,0,3,3,3,5,False,18918900,389.50476190476195,16.153846153846153
1,0,3,3,2,6,False,6306300,339.93142857142857,18.46153846153846
1,0,3,3,1,7,False,900900,269.112380952381,23.846153846153847
1,0,3,2,9,0,False,300300,245.1428571428571,25.833333333333336
1,0,3,2,8,1,False,2402400,294.1714285714286,21.666666666666668
1,0,3,2,7,2,False,8408400,343.2,18.333333333333336
1,0,3,2,6,3,False,16816800,392.2285714285714,16.666666666666668
1,0,3,2,5,4,False,21021000,441.25714285714287,14.166666666666668
1,0,3,2,4,5,False,16816800,424.91428571428565,15.0
1,0,3,2,3,6,False,8408400,388.9599999999999,16.666666666666668
1,0,3,2,2,7,False,2402400,333.3942857142857,19.166666666666668
1,0,3,2,1,8,False,300300,258.21714285714285,25.0
1,0,3,1,10,0,False,60060,224.71428571428572,28.18181818181818
1,0,3,1,9,1,False,540540,269.6571428571429,23.636363636363633
1,0,3,1,8,2,False,2162160,314.6,20.0
1,0,3,1,7,3,False,5045040,359.54285714285714,18.18181818181818
1,0,3,1,6,4,False,7567560,404.4857142857143,15.454545454545453
1,0,3,1,5,5,False,7567560,449.42857142857144,14.545454545454545
1,0,3,1,4,6,False,5045040,425.4590476190477,15.454545454545453
1,0,3,1,3,7,False,2162160,383.5123809523811,16.363636363636363
1,0,3,1,2,8,False,540540,323.58857142857147,20.0
1,0,3,1,1,9,False,60060,245.68761904761902,25.454545454545453
1,0,3,0,11,0,False,5460,204.28571428571428,31.0
1,0,3,0,10,1,False,54600,245.14285714285717,26.0
1,0,3,0,9,2,False,245700,286.0,22.0
1,0,3,0,8,3,False,655200,326.85714285714283,20.0
1,0,3,0,7,4,False,1146600,367.7142857142857,17.0
1,0,3,0,6,5,False,1375920,408.57142857142856,16.0
1,0,3,0,5,6,False,1146600,449.4285714285714,14.0
1,0,3,0,4,7,False,655200,419.46666666666664,15.0
1,0,3,0,3,8,False,245700,373.1619047619048,17.0
1,0,3,0,2,9,False,54600,310.5142857142857,21.0
1,0,3,0,1,10,False,5460,231.52380952380955,27.0
1,0,2,12,0,0,False,1365,276.57142857142856,22.727272727272727
1,0,2,11,1,0,False,16380,290.40000000000003,21.904761904761905
1,0,2,10,2,0,False,90090,301.7142857142857,21.0
1,0,2,10,1,1,False,90090,291.65714285714284,21.5
1,0,2,9,3,0,False,300300,310.5142857142857,20.526315789473685
1,0,2,9,2,1,False,600600,315.2914285714286,20.0
1,0,2,9,1,2,False,300300,291.4057142857143,21.578947368421055
1,0,2,8,4,0,False,675675,316.79999999999995,20.0
1,0,2,8,3,1,False,2027025,334.9028571428571,18.88888888888889
1,0,2,8,2,2,False,2027025,325.8514285714285,19.444444444444443
1,0,2,8,1,3,False,675675,289.6457142857143,21.666666666666668
1,0,2,7,5,0,False,1081080,320.57142857142856,19.999999999999996
1,0,2,7,4,1,False,4324320,350.4914285714286,18.235294117647058
1,0,2,7,3,2,False,6486480,354.7657142857143,17.64705882352941
1,0,2,7,2,3,False,4324320,333.3942857142858,18.823529411764703
1,0,2,7,1,4,False,1081080,286.3771428571429,22.352941176470587
1,0,2,6,6,0,False,1261260,301.7142857142857,21.25
1,0,2,6,5,1,False,6306300,362.0571428571429,17.5
1,0,2,6,4,2,False,12612600,378.1485714285715,16.875
1,0,2,6,3,3,False,12612600,370.10285714285715,17.5
1,0,2,6,2,4,False,6306300,337.9200000000001,18.75
1,0,2,6,1,5,False,1261260,281.59999999999997,22.5
1,0,2,5,7,0,False,1081080,282.85714285714283,22.666666666666668
1,0,2,5,6,1,False,6486480,339.42857142857144,18.666666666666668
1,0,2,5,5,2,False,16216200,396.0,16.0
1,0,2,5,4,3,False,21621600,399.7714285714286,16.0
1,0,2,5,3,4,False,16216200,380.91428571428577,16.666666666666668
1,0,2,5,2,5,False,6486480,339.42857142857144,18.666666666666668
1,0,2,5,1,6,False,1081080,275.3142857142857,23.333333333333332
1,0,2,4,8,0,False,675675,263.99999999999994,24.28571428571429
1,0,2,4,7,1,False,4729725,316.79999999999995,20.0
1,0,2,4,6,2,False,14189175,369.59999999999997,17.142857142857142
1,0,2,4,5,3,False,23648625,422.4,15.000000000000002
1,0,2,4,4,4,False,23648625,415.36,15.714285714285715
1,0,2,4,3,5,False,14189175,387.20000000000005,16.42857142857143
1,0,2,4,2,6,False,4729725,337.91999999999996,18.571428571428573
1,0,2,4,1,7,False,675675,267.52,23.571428571428573
1,0,2,3,9,0,False,300300,245.14285714285714,26.153846153846153
1,0,2,3,8,1,False,2402400,294.1714285714286,21.538461538461537
1,0,2,3,7,2,False,8408400,343.2,18.46153846153846
1,0,2,3,6,3,False,16816800,392.22857142857146,16.153846153846153
1,0,2,3,5,4,False,21021000,441.25714285714287,14.615384615384615
1,0,2,3,4,5,False,16816800,424.9142857142857,15.384615384615383
1,0,2,3,3,6,False,8408400,388.9599999999999,16.153846153846153
1,0,2,3,2,7,False,2402400,333.39428571428573,19.23076923076923
1,0,2,3,1,8,False,300300,258.21714285714285,24.615384615384613
1,0,2,2,10,0,False,90090,226.28571428571425,28.333333333333336
1,0,2,2,9,1,False,810810,271.54285714285714,23.333333333333336
1,0,2,2,8,2,False,3243240,316.8,20.0
1,0,2,2,7,3,False,7567560,362.0571428571429,17.5
1,0,2,2,6,4,False,11351340,407.31428571428575,15.833333333333334
1,0,2,2,5,5,False,11351340,452.5714285714285,14.166666666666668
1,0,2,2,4,6,False,7567560,428.4342857142857,15.0
1,0,2,2,3,7,False,3243240,386.19428571428574,16.666666666666668
1,0,2,2,2,8,False,810810,325.8514285714286,20.0
1,0,2,2,1,9,False,90090,247.40571428571425,25.833333333333336
1,0,2,1,11,0,False,16380,207.42857142857142,30.909090909090907
1,0,2,1,10,1,False,163800,248.91428571428574,25.454545454545453
1,0,2,1,9,2,False,737100,290.40000000000003,21.818181818181817
1,0,2,1,8,3,False,1965600,331.8857142857143,19.09090909090909
1,0,2,1,7,4,False,3439800,373.3714285714286,17.27272727272727
1,0,2,1,6,5,False,4127760,414.85714285714283,15.454545454545453
1,0,2,1,5,6,False,3439800,456.3428571428571,14.545454545454545
1,0,2,1,4,7,False,1965600,425.92,15.454545454545453
1,0,2,1,3,8,False,737100,378.90285714285716,17.27272727272727
1,0,2,1,2,9,False,163800,315.2914285714285,20.0
1,0,2,1,1,10,False,16380,235.08571428571432,27.27272727272727
1,0,2,0,12,0,False,1365,188.57142857142856,34.0
1,0,2,0,11,1,False,15015,226.28571428571428,28.0
1,0,2,0,10,2,False,75075,264.0,24.0
1,0,2,0,9,3,False,225225,301.7142857142857,21.0
1,0,2,0,8,4,False,450450,339.42857142857144,19.0
1,0,2,0,7,5,False,630630,377.1428571428571,17.0
1,0,2,0,6,6,False,630630,414.8571428571428,16.0
1,0,2,0,5,7,False,450450,452.57142857142856,14.0
1,0,2,0,4,8,False,225225,417.3714285714285,15.0
1,0,2,0,3,9,False,75075,367.0857142857143,18.0
1,0,2,0,2,10,False,15015,301.7142857142858,21.0
1,0,2,0,1,11,False,1365,221.25714285714284,29.0
1,0,1,13,0,0,False,210,265.04761904761904,23.91304347826087
1,0,1,12,1,0,False,2730,278.8761904761905,22.727272727272727
1,0,1,11,2,0,False,16380,290.40000000000003,21.904761904761905
1,0,1,11,1,1,False,16380,280.7200000000001,22.38095238095238
1,0,1,10,3,0,False,60060,299.61904761904765,21.0
1,0,1,10,2,1,False,120120,304.22857142857146,21.0
1,0,1,10,1,2,False,60060,281.18095238095236,22.5
1,0,1,9,4,0,False,150150,306.53333333333336,20.526315789473685
1,0,1,9,3,1,False,450450,324.0495238095238,19.473684210526315
1,0,1,9,2,2,False,450450,315.2914285714286,20.0
1,0,1,9,1,3,False,150150,280.25904761904764,22.63157894736842
1,0,1,8,5,0,False,270270,311.14285714285717,20.555555555555554
1,0,1,8,4,1,False,1081080,340.1828571428572,18.88888888888889
1,0,1,8,3,2,False,1621620,344.3314285714286,18.333333333333332
1,0,1,8,2,3,False,1081080,323.5885714285714,19.444444444444443
1,0,1,8,1,4,False,270270,277.95428571428573,22.77777777777778
1,0,1,7,6,0,False,360360,293.8571428571429,21.76470588235294
1,0,1,7,5,1,False,1801800,352.6285714285715,18.235294117647058
1,0,1,7,4,2,False,3603600,368.3009523809525,17.058823529411764
1,0,1,7,3,3,False,3603600,360.46476190476204,17.64705882352941
1,0,1,7,2,4,False,1801800,329.12000000000006,19.41176470588235
1,0,1,7,1,5,False,360360,274.2666666666667,22.941176470588232
1,0,1,6,7,0,False,360360,276.5714285714286,23.125
1,0,1,6,6,1,False,2162160,331.88571428571436,19.375
1,0,1,6,5,2,False,5405400,387.20000000000005,16.25
1,0,1,6,4,3,False,7207200,390.8876190476191,16.25
1,0,1,6,3,4,False,5405400,372.44952380952395,16.875
1,0,1,6,2,5,False,2162160,331.88571428571436,19.375
1,0,1,6,1,6,False,360360,269.1961904761905,23.75
1,0,1,5,8,0,False,270270,259.2857142857143,24.666666666666668
1,0,1,5,7,1,False,1891890,311.14285714285717,20.666666666666668
1,0,1,5,6,2,False,5675670,363.00000000000006,17.333333333333332
1,0,1,5,5,3,False,9459450,414.8571428571429,15.333333333333334
1,0,1,5,4,4,False,9459450,407.9428571428572,15.333333333333334
1,0,1,5,3,5,False,5675670,380.28571428571433,16.666666666666668
1,0,1,5,2,6,False,1891890,331.8857142857143,19.333333333333332
1,0,1,5,1,7,False,270270,262.74285714285713,24.0
1,0,1,4,9,0,False,150150,242.0,26.42857142857143
1,0,1,4,8,1,False,1201200,290.4,22.142857142857146
1,0,1,4,7,2,False,4204200,338.8,18.571428571428573
1,0,1,4,6,3,False,8408400,387.20000000000005,16.42857142857143
1,0,1,4,5,4,False,10510500,435.6,15.000000000000002
1,0,1,4,4,5,False,8408400,419.4666666666667,15.000000000000002
1,0,1,4,3,6,False,4204200,383.9733333333333,16.42857142857143
1,0,1,4,2,7,False,1201200,329.12,19.28571428571429
1,0,1,4,1,8,False,150150,254.9066666666667,25.0
1,0,1,3,10,0,False,60060,224.71428571428572,28.46153846153846
1,0,1,3,9,1,False,540540,269.6571428571429,23.846153846153847
1,0,1,3,8,2,False,2162160,314.6,20.0
1,0,1,3,7,3,False,5045040,359.5428571428572,17.692307692307693
1,0,1,3,6,4,False,7567560,404.4857142857143,16.153846153846153
1,0,1,3,5,5,False,7567560,449.42857142857144,14.615384615384615
1,0,1,3,4,6,False,5045040,425.4590476190477,15.384615384615383
1,0,1,3,3,7,False,2162160,383.5123809523811,16.923076923076923
1,0,1,3,2,8,False,540540,323.5885714285715,20.0
1,0,1,3,1,9,False,60060,245.68761904761905,26.153846153846153
1,0,1,2,11,0,False,16380,207.42857142857142,30.833333333333336
1,0,1,2,10,1,False,163800,248.9142857142857,25.833333333333336
1,0,1,2,9,2,False,737100,290.40000000000003,21.666666666666668
1,0,1,2,8,3,False,1965600,331.8857142857143,19.166666666666668
1,0,1,2,7,4,False,3439800,373.37142857142857,17.5
1,0,1,2,6,5,False,4127760,414.85714285714283,15.833333333333334
1,0,1,2,5,6,False,3439800,456.3428571428571,14.166666666666668
1,0,1,2,4,7,False,1965600,425.9200000000001,15.0
1,0,1,2,3,8,False,737100,378.9028571428572,16.666666666666668
1,0,1,2,2,9,False,163800,315.2914285714285,20.0
1,0,1,2,1,10,False,16380,235.0857142857143,26.666666666666668
1,0,1,1,12,0,False,2730,190.14285714285717,33.63636363636363
1,0,1,1,11,1,False,30030,228.1714285714286,28.18181818181818
1,0,1,1,10,2,False,150150,266.20000000000005,23.636363636363633
1,0,1,1,9,3,False,450450,304.2285714285715,20.909090909090907
1,0,1,1,8,4,False,900900,342.2571428571429,19.09090909090909
1,0,1,1,7,5,False,1261260,380.28571428571433,17.27272727272727
1,0,1,1,6,6,False,1261260,418.31428571428575,15.454545454545453
1,0,1,1,5,7,False,900900,456.3428571428572,14.545454545454545
1,0,1,1,4,8,False,450450,420.8495238095238,15.454545454545453
1,0,1,1,3,9,False,150150,370.14476190476194,17.27272727272727
1,0,1,1,2,10,False,30030,304.22857142857157,20.909090909090907
1,0,1,1,1,11,False,2730,223.1009523809524,28.18181818181818
1,0,1,0,13,0,False,210,172.85714285714286,37.0
1,0,1,0,12,1,False,2520,207.42857142857144,31.0
1,0,1,0,11,2,False,13860,242.00000000000003,26.0
1,0,1,0,10,3,False,46200,276.5714285714286,23.0
1,0,1,0,9,4,False,103950,311.14285714285717,21.0
1,0,1,0,8,5,False,166320,345.7142857142857,19.0
1,0,1,0,7,6,False,194040,380.2857142857143,17.0
1,0,1,0,6,7,False,166320,414.8571428571429,16.0
1,0,1,0,5,8,False,103950,449.42857142857144,14.0
1,0,1,0,4,9,False,46200,410.247619047619,16.0
1,0,1,0,3,10,False,13860,357.23809523809535,18.0
1,0,1,0,2,11,False,2520,290.4,22.0
1,0,1,0,1,12,False,210,209.73333333333332,30.0
1,0,0,14,0,0,False,15,251.42857142857147,24.999999999999996
1,0,0,13,1,0,False,210,265.04761904761904,23.91304347826087
1,0,0,12,2,0,False,1365,276.57142857142856,22.727272727272727
1,0,0,12,1,1,False,1365,267.352380952381,23.636363636363633
1,0,0,11,3,0,False,5460,286.0,21.904761904761905
1,0,0,11,2,1,False,10920,290.40000000000003,21.904761904761905
1,0,0,11,1,2,False,5460,268.4,23.333333333333332
1,0,0,10,4,0,False,15015,293.3333333333333,21.5
1,0,0,10,3,1,False,45045,310.0952380952381,20.5
1,0,0,10,2,2,False,45045,301.7142857142857,21.0
1,0,0,10,1,3,False,15015,268.1904761904762,23.5
1,0,0,9,5,0,False,30030,298.57142857142856,21.05263157894737
1,0,0,9,4,1,False,120120,326.4380952380952,19.473684210526315
1,0,0,9,3,2,False,180180,330.41904761904766,18.947368421052634
1,0,0,9,2,3,False,120120,310.5142857142857,20.526315789473685
1,0,0,9,1,4,False,30030,266.7238095238095,23.68421052631579
1,0,0,8,6,0,False,45045,282.85714285714283,22.22222222222222
1,0,0,8,5,1,False,225225,339.4285714285714,18.88888888888889
1,0,0,8,4,2,False,450450,354.51428571428573,17.77777777777778
1,0,0,8,3,3,False,450450,346.9714285714286,18.333333333333332
1,0,0,8,2,4,False,225225,316.8,20.0
1,0,0,8,1,5,False,45045,264.0,23.88888888888889
1,0,0,7,7,0,False,51480,267.14285714285717,23.52941176470588
1,0,0,7,6,1,False,308880,320.57142857142856,19.999999999999996
1,0,0,7,5,2,False,772200,374.00000000000006,17.058823529411764
1,0,0,7,4,3,False,1029600,377.5619047619048,17.058823529411764
1,0,0,7,3,4,False,772200,359.75238095238103,17.64705882352941
1,0,0,7,2,5,False,308880,320.57142857142856,19.999999999999996
1,0,0,7,1,6,False,51480,260.0190476190476,24.117647058823525
1,0,0,6,8,0,False,45045,251.42857142857144,25.0
1,0,0,6,7,1,False,315315,301.7142857142857,21.25
1,0,0,6,6,2,False,945945,352.0,18.125
1,0,0,6,5,3,False,1576575,402.2857142857143,15.625
1,0,0,6,4,4,False,1576575,395.5809523809524,16.25
1,0,0,6,3,5,False,945945,368.7619047619048,17.5
1,0,0,6,2,6,False,315315,321.8285714285714,20.0
1,0,0,6,1,7,False,45045,254.78095238095236,25.0
1,0,0,5,9,0,False,30030,235.71428571428572,26.666666666666668
1,0,0,5,8,1,False,240240,282.85714285714283,22.666666666666668
1,0,0,5,7,2,False,840840,330.0,19.333333333333332
1,0,0,5,6,3,False,1681680,377.1428571428571,16.666666666666668
1,0,0,5,5,4,False,2102100,424.2857142857142,15.333333333333334
1,0,0,5,4,5,False,1681680,408.57142857142856,15.333333333333334
1,0,0,5,3,6,False,840840,374.0,17.333333333333332
1,0,0,5,2,7,False,240240,320.57142857142856,20.0
1,0,0,5,1,8,False,30030,248.28571428571428,25.333333333333332
1,0,0,4,10,0,False,15015,219.99999999999997,28.571428571428573
1,0,0,4,9,1,False,135135,263.99999999999994,24.28571428571429
1,0,0,4,8,2,False,540540,308.0,20.714285714285715
1,0,0,4,7,3,False,1261260,351.99999999999994,17.857142857142858
1,0,0,4,6,4,False,1891890,395.99999999999994,16.42857142857143
1,0,0,4,5,5,False,1891890,439.99999999999994,14.285714285714286
1,0,0,4,4,6,False,1261260,416.53333333333325,15.714285714285715
1,0,0,4,3,7,False,540540,375.46666666666675,17.142857142857142
1,0,0,4,2,8,False,135135,316.8,20.0
1,0,0,4,1,9,False,15015,240.53333333333325,26.42857142857143
1,0,0,3,11,0,False,5460,204.28571428571428,30.769230769230766
1,0,0,3,10,1,False,54600,245.14285714285714,26.153846153846153
1,0,0,3,9,2,False,245700,286.0,22.307692307692307
1,0,0,3,8,3,False,655200,326.85714285714283,19.23076923076923
1,0,0,3,7,4,False,1146600,367.7142857142857,17.692307692307693
1,0,0,3,6,5,False,1375920,408.57142857142856,15.384615384615383
1,0,0,3,5,6,False,1146600,449.42857142857144,14.615384615384615
1,0,0,3,4,7,False,655200,419.4666666666667,15.384615384615383
1,0,0,3,3,8,False,245700,373.16190476190474,16.923076923076923
1,0,0,3,2,9,False,54600,310.5142857142857,20.76923076923077
1,0,0,3,1,10,False,5460,231.52380952380955,27.69230769230769
1,0,0,2,12,0,False,1365,188.57142857142856,33.333333333333336
1,0,0,2,11,1,False,15015,226.28571428571425,28.333333333333336
1,0,0,2,10,2,False,75075,264.0,24.166666666666668
1,0,0,2,9,3,False,225225,301.71428571428567,20.833333333333336
1,0,0,2,8,4,False,450450,339.4285714285714,19.166666666666668
1,0,0,2,7,5,False,630630,377.1428571428571,16.666666666666668
1,0,0,2,6,6,False,630630,414.85714285714283,15.833333333333334
1,0,0,2,5,7,False,450450,452.5714285714285,14.166666666666668
1,0,0,2,4,8,False,225225,417.37142857142857,15.0
1,0,0,2,3,9,False,75075,367.08571428571423,17.5
1,0,0,2,2,10,False,15015,301.7142857142858,20.833333333333336
1,0,0,2,1,11,False,1365,221.2571428571428,28.333333333333336
1,0,0,1,13,0,False,210,172.85714285714286,36.36363636363636
1,0,0,1,12,1,False,2520,207.42857142857142,30.909090909090907
1,0,0,1,11,2,False,13860,242.00000000000003,26.36363636363636
1,0,0,1,10,3,False,46200,276.57142857142856,22.727272727272727
1,0,0,1,9,4,False,103950,311.14285714285717,20.909090909090907
1,0,0,1,8,5,False,166320,345.7142857142857,18.18181818181818
1,0,0,1,7,6,False,194040,380.28571428571433,17.27272727272727
1,0,0,1,6,7,False,166320,414.85714285714283,15.454545454545453
1,0,0,1,5,8,False,103950,449.42857142857144,14.545454545454545
1,0,0,1,4,9,False,46200,410.247619047619,15.454545454545453
1,0,0,1,3,10,False,13860,357.23809523809535,18.18181818181818
1,0,0,1,2,11,False,2520,290.40000000000003,21.818181818181817
1,0,0,1,1,12,False,210,209.73333333333335,29.999999999999996
1,0,0,0,14,0,False,15,157.14285714285714,40.0
1,0,0,0,13,1,False,195,188.57142857142856,34.0
1,0,0,0,12,2,False,1170,220.0,29.0
1,0,0,0,11,3,False,4290,251.42857142857142,25.0
1,0,0,0,10,4,False,10725,282.85714285714283,23.0
1,0,0,0,9,5,False,19305,314.2857142857143,20.0
1,0,0,0,8,6,False,25740,345.7142857142857,19.0
1,0,0,0,7,7,False,25740,377.1428571428571,17.0
1,0,0,0,6,8,False,19305,408.57142857142856,16.0
1,0,0,0,5,9,False,10725,439.99999999999994,15.0
1,0,0,0,4,10,False,4290,398.09523809523813,16.0
1,0,0,0,3,11,False,1170,343.6190476190476,19.0
1,0,0,0,2,12,False,195,276.57142857142856,23.0
1,0,0,0,1,13,False,15,196.95238095238096,32.0
0,15,0,0,0,0,False,1,988.0952380952381,7.0
0,14,1,0,0,0,False,15,1021.4285714285716,7.0
0,14,0,1,0,0,False,15,1021.4285714285717,6.363636363636363
0,14,0,0,1,0,False,15,1021.4285714285716,7.0
0,13,2,0,0,0,False,105,1042.857142857143,6.0
0,13,1,1,0,0,False,210,1051.547619047619,6.363636363636363
0,13,1,0,1,0,False,210,1051.5476190476193,6.0
0,13,0,2,0,0,False,105,1042.857142857143,6.666666666666667
0,13,0,1,1,0,False,210,1051.547619047619,6.363636363636363
0,13,0,0,2,0,False,105,1042.857142857143,6.0
0,13,0,0,1,1,False,105,1008.0952380952383,7.0
0,12,3,0,0,0,False,455,1052.3809523809523,6.0
0,12,2,1,0,0,False,1365,1068.5714285714284,6.363636363636363
0,12,2,0,1,0,False,1365,1068.5714285714284,6.0
0,12,1,2,0,0,False,1365,1068.5714285714284,6.666666666666667
0,12,1,1,1,0,False,2730,1077.4761904761906,6.363636363636363
0,12,1,0,2,0,False,1365,1068.5714285714284,6.0
0,12,1,0,1,1,False,1365,1032.9523809523812,7.0
0,12,0,3,0,0,False,455,1052.3809523809525,6.153846153846153
0,12,0,2,1,0,False,1365,1068.5714285714284,6.666666666666667
0,12,0,1,2,0,False,1365,1068.5714285714284,6.363636363636363
0,12,0,1,1,1,False,1365,1032.9523809523812,6.363636363636363
0,12,0,0,3,0,False,455,1052.3809523809523,6.0
0,12,0,0,2,1,False,910,1068.5714285714284,6.0
0,12,0,0,1,2,False,455,987.6190476190476,7.0
0,11,4,0,0,0,False,1365,1050.0,6.0
0,11,3,1,0,0,False,5460,1072.5,6.363636363636363
0,11,3,0,1,0,False,5460,1072.5,6.0
0,11,2,2,0,0,False,8190,1080.0,5.833333333333334
0,11,2,1,1,0,False,16380,1089.0,6.363636363636363
0,11,2,0,2,0,False,8190,1080.0,6.0
0,11,2,0,1,1,False,8190,1044.0,6.0
0,11,1,3,0,0,False,5460,1072.5000000000002,6.153846153846153
0,11,1,2,1,0,False,16380,1089.0,5.833333333333334
0,11,1,1,2,0,False,16380,1089.0,6.363636363636363
0,11,1,1,1,1,False,16380,1052.7000000000003,6.363636363636363
0,11,1,0,3,0,False,5460,1072.5000000000002,6.0
0,11,1,0,2,1,False,10920,1089.0000000000002,6.0
0,11,1,0,1,2,False,5460,1006.5,7.0
0,11,0,4,0,0,False,1365,1050.0,6.428571428571429
0,11,0,3,1,0,False,5460,1072.5000000000002,6.153846153846153
0,11,0,2,2,0,False,8190,1080.0,5.833333333333334
0,11,0,2,1,1,False,8190,1044.0,6.666666666666667
0,11,0,1,3,0,False,5460,1072.5,6.363636363636363
0,11,0,1,2,1,False,10920,1089.0,6.363636363636363
0,11,0,1,1,2,False,5460,1006.5000000000001,6.363636363636363
0,11,0,0,4,0,False,1365,1050.0,6.0
0,11,0,0,3,1,False,4095,1110.0,6.0
0,11,0,0,2,2,False,4095,1080.0,6.0
0,11,0,0,1,3,False,1365,960.0,7.0
0,10,5,0,0,0,False,3003,1035.7142857142856,7.0
0,10,4,1,0,0,False,15015,1063.3333333333333,6.363636363636363
0,10,4,0,1,0,False,15015,1063.3333333333333,6.0
0,10,3,2,0,0,False,30030,1077.142857142857,5.833333333333334
0,10,3,1,1,0,False,60060,1086.1190476190477,6.363636363636363
0,10,3,0,2,0,False,30030,1077.142857142857,6.0
0,10,3,0,1,1,False,30030,1041.2380952380954,7.0
0,10,2,3,0,0,False,30030,1077.142857142857,6.153846153846153
0,10,2,2,1,0,False,90090,1093.7142857142858,5.833333333333334
0,10,2,1,2,0,False,90090,1093.7142857142858,6.363636363636363
0,10,2,1,1,1,False,90090,1057.257142857143,6.363636363636363
0,10,2,0,3,0,False,30030,1077.142857142857,6.0
0,10,2,0,2,1,False,60060,1093.7142857142858,6.0
0,10,2,0,1,2,False,30030,1010.8571428571427,7.0
0,10,1,4,0,0,False,15015,1063.3333333333335,6.428571428571429
0,10,1,3,1,0,False,60060,1086.1190476190477,6.153846153846153
0,10,1,2,2,0,False,90090,1093.7142857142858,5.833333333333334
0,10,1,2,1,1,False,90090,1057.257142857143,6.666666666666667
0,10,1,1,3,0,False,60060,1086.119047619048,6.363636363636363
0,10,1,1,2,1,False,120120,1102.8285714285716,6.363636363636363
0,10,1,1,1,2,False,60060,1019.2809523809526,6.363636363636363
0,10,1,0,4,0,False,15015,1063.3333333333333,6.0
0,10,1,0,3,1,False,45045,1124.0952380952383,6.0
0,10,1,0,2,2,False,45045,1093.7142857142858,6.0
0,10,1,0,1,3,False,15015,972.1904761904763,7.0
0,10,0,5,0,0,False,3003,1035.7142857142858,6.666666666666667
0,10,0,4,1,0,False,15015,1063.3333333333335,6.428571428571429
0,10,0,3,2,0,False,30030,1077.142857142857,6.153846153846153
0,10,0,3,1,1,False,30030,1041.2380952380952,6.153846153846153
0,10,0,2,3,0,False,30030,1077.142857142857,5.833333333333334
0,10,0,2,2,1,False,60060,1093.7142857142856,5.833333333333334
0,10,0,2,1,2,False,30030,1010.8571428571427,6.666666666666667
0,10,0,1,4,0,False,15015,1063.3333333333333,6.363636363636363
0,10,0,1,3,1,False,45045,1124.095238095238,6.363636363636363
0,10,0,1,2,2,False,45045,1093.7142857142858,6.363636363636363
0,10,0,1,1,3,False,15015,972.1904761904761,7.2727272727272725
0,10,0,0,5,0,False,3003,1035.7142857142856,7.0
0,10,0,0,4,1,False,12012,1132.3809523809523,6.0
0,10,0,0,3,2,False,18018,1146.1904761904761,6.0
0,10,0,0,2,3,False,12012,1077.142857142857,6.0
0,10,0,0,1,4,False,3003,925.2380952380953,7.0
0,9,6,0,0,0,False,5005,1009.5238095238095,7.0
0,9,5,1,0,0,False,30030,1041.0714285714284,6.363636363636363
0,9,5,0,1,0,False,30030,1041.0714285714284,7.0
0,9,4,2,0,0,False,75075,1059.9999999999998,6.666666666666667
0,9,4,1,1,0,False,150150,1068.8333333333335,6.363636363636363
0,9,4,0,2,0,False,75075,1059.9999999999998,6.0
0,9,4,0,1,1,False,75075,1024.6666666666667,7.0
0,9,3,3,0,0,False,100100,1066.3095238095239,6.153846153846153
0,9,3,2,1,0,False,300300,1082.7142857142858,5.833333333333334
0,9,3,1,2,0,False,300300,1082.7142857142858,6.363636363636363
0,9,3,1,1,1,False,300300,1046.6238095238095,6.363636363636363
0,9,3,0,3,0,False,100100,1066.3095238095239,6.0
0,9,3,0,2,1,False,200200,1082.7142857142858,6.0
0,9,3,0,1,2,False,100100,1000.690476190476,7.0
0,9,2,4,0,0,False,75075,1060.0,6.428571428571429
0,9,2,3,1,0,False,300300,1082.7142857142858,6.153846153846153
0,9,2,2,2,0,False,450450,1090.2857142857142,5.833333333333334
0,9,2,2,1,1,False,450450,1053.942857142857,6.666666666666667
0,9,2,1,3,0,False,300300,1082.7142857142858,6.363636363636363
0,9,2,1,2,1,False,600600,1099.3714285714286,6.363636363636363
0,9,2,1,1,2,False,300300,1016.0857142857143,6.363636363636363
0,9,2,0,4,0,False,75075,1060.0,6.0
0,9,2,0,3,1,False,225225,1120.5714285714284,6.0
0,9,2,0,2,2,False,225225,1090.2857142857142,6.0
0,9,2,0,1,3,False,75075,969.1428571428571,7.0
0,9,1,5,0,0,False,30030,1041.0714285714287,6.666666666666667
0,9,1,4,1,0,False,150150,1068.8333333333335,6.428571428571429
0,9,1,3,2,0,False,300300,1082.7142857142858,6.153846153846153
0,9,1,3,1,1,False,300300,1046.6238095238098,6.153846153846153
0,9,1,2,3,0,False,300300,1082.7142857142858,5.833333333333334
0,9,1,2,2,1,False,600600,1099.3714285714286,5.833333333333334
0,9,1,2,1,2,False,300300,1016.0857142857143,6.666666666666667
0,9,1,1,4,0,False,150150,1068.8333333333335,6.363636363636363
0,9,1,1,3,1,False,450450,1129.9095238095242,6.363636363636363
0,9,1,1,2,2,False,450450,1099.3714285714286,6.363636363636363
0,9,1,1,1,3,False,150150,977.2190476190478,7.2727272727272725
0,9,1,0,5,0,False,30030,1041.0714285714287,7.0
0,9,1,0,4,1,False,120120,1138.2380952380954,6.0
0,9,1,0,3,2,False,180180,1152.119047619048,6.0
0,9,1,0,2,3,False,120120,1082.7142857142858,6.0
0,9,1,0,1,4,False,30030,930.0238095238096,7.0
0,9,0,6,0,0,False,5005,1009.5238095238096,6.25
0,9,0,5,1,0,False,30030,1041.0714285714287,6.666666666666667
0,9,0,4,2,0,False,75075,1060.0,6.428571428571429
0,9,0,4,1,1,False,75075,1024.6666666666667,6.428571428571429
0,9,0,3,3,0,False,100100,1066.3095238095239,6.153846153846153
0,9,0,3,2,1,False,200200,1082.7142857142856,6.153846153846153
0,9,0,3,1,2,False,100100,1000.6904761904761,6.9230769230769225
0,9,0,2,4,0,False,75075,1059.9999999999998,6.666666666666667
0,9,0,2,3,1,False,225225,1120.5714285714284,5.833333333333334
0,9,0,2,2,2,False,225225,1090.2857142857142,5.833333333333334
0,9,0,2,1,3,False,75075,969.1428571428571,6.666666666666667
0,9,0,1,5,0,False,30030,1041.0714285714284,6.363636363636363
0,9,0,1,4,1,False,120120,1138.2380952380954,6.363636363636363
0,9,0,1,3,2,False,180180,1152.1190476190477,5.454545454545454
0,9,0,1,2,3,False,120120,1082.7142857142858,6.363636363636363
0,9,0,1,1,4,False,30030,930.0238095238096,7.2727272727272725
0,9,0,0,6,0,False,5005,946.4285714285713,7.0
0,9,0,0,5,1,False,25025,1135.7142857142856,6.0
0,9,0,0,4,2,False,50050,1186.1904761904761,6.0
0,9,0,0,3,3,False,50050,1160.952380952381,6.0
0,9,0,0,2,4,False,25025,1060.0,6.0
0,9,0,0,1,5,False,5005,883.3333333333331,8.0
0,8,7,0,0,0,False,6435,971.4285714285714,7.0
0,8,6,1,0,0,False,45045,1005.7142857142858,6.363636363636363
0,8,6,0,1,0,False,45045,1005.7142857142857,7.0
0,8,5,2,0,0,False,135135,1028.5714285714284,6.666666666666667
0,8,5,1,1,0,False,270270,1037.1428571428573,6.363636363636363
0,8,5,0,2,0,False,135135,1028.5714285714284,7.0
0,8,5,0,1,1,False,135135,994.2857142857144,7.0
0,8,4,3,0,0,False,225225,1040.0,6.153846153846153
0,8,4,2,1,0,False,675675,1056.0,6.666666666666667
0,8,4,1,2,0,False,675675,1056.0,6.363636363636363
0,8,4,1,1,1,False,675675,1020.8000000000001,6.363636363636363
0,8,4,0,3,0,False,225225,1040.0,7.0
0,8,4,0,2,1,False,450450,1056.0,6.0
0,8,4,0,1,2,False,225225,975.9999999999999,7.0
0,8,3,4,0,0,False,225225,1039.9999999999998,6.428571428571429
0,8,3,3,1,0,False,900900,1062.2857142857144,6.153846153846153
0,8,3,2,2,0,False,1351350,1069.7142857142856,6.666666666666667
0,8,3,2,1,1,False,1351350,1034.057142857143,6.666666666666667
0,8,3,1,3,0,False,900900,1062.2857142857142,6.363636363636363
0,8,3,1,2,1,False,1801800,1078.6285714285716,6.363636363636363
0,8,3,1,1,2,False,900900,996.9142857142857,6.363636363636363
0,8,3,0,4,0,False,225225,1040.0,7.0
0,8,3,0,3,1,False,675675,1099.4285714285716,6.0
0,8,3,0,2,2,False,675675,1069.7142857142858,6.0
0,8,3,0,1,3,False,225225,950.8571428571428,7.0
0,8,2,5,0,0,False,135135,1028.5714285714284,6.666666666666667
0,8,2,4,1,0,False,675675,1056.0,6.428571428571429
0,8,2,3,2,0,False,1351350,1069.7142857142856,6.153846153846153
0,8,2,3,1,1,False,1351350,1034.057142857143,6.153846153846153
0,8,2,2,3,0,False,1351350,1069.7142857142856,6.666666666666667
0,8,2,2,2,1,False,2702700,1086.1714285714286,5.833333333333334
0,8,2,2,1,2,False,1351350,1003.8857142857142,6.666666666666667
0,8,2,1,4,0,False,675675,1056.0,6.363636363636363
0,8,2,1,3,1,False,2027025,1116.342857142857,6.363636363636363
0,8,2,1,2,2,False,2027025,1086.1714285714286,6.363636363636363
0,8,2,1,1,3,False,675675,965.4857142857143,7.2727272727272725
0,8,2,0,5,0,False,135135,1028.5714285714284,7.0
0,8,2,0,4,1,False,540540,1124.5714285714287,6.0
0,8,2,0,3,2,False,810810,1138.2857142857142,6.0
0,8,2,0,2,3,False,540540,1069.7142857142858,6.0
0,8,2,0,1,4,False,135135,918.8571428571429,7.0
0,8,1,6,0,0,False,45045,1005.7142857142858,6.25
0,8,1,5,1,0,False,270270,1037.142857142857,6.666666666666667
0,8,1,4,2,0,False,675675,1055.9999999999998,6.428571428571429
0,8,1,4,1,1,False,675675,1020.8000000000001,6.428571428571429
0,8,1,3,3,0,False,900900,1062.2857142857142,6.153846153846153
0,8,1,3,2,1,False,1801800,1078.6285714285714,6.153846153846153
0,8,1,3,1,2,False,900900,996.9142857142856,6.9230769230769225
0,8,1,2,4,0,False,675675,1055.9999999999998,6.666666666666667
0,8,1,2,3,1,False,2027025,1116.342857142857,5.833333333333334
0,8,1,2,2,2,False,2027025,1086.1714285714286,5.833333333333334
0,8,1,2,1,3,False,675675,965.4857142857143,6.666666666666667
0,8,1,1,5,0,False,270270,1037.142857142857,6.363636363636363
0,8,1,1,4,1,False,1081080,1133.9428571428573,6.363636363636363
0,8,1,1,3,2,False,1621620,1147.7714285714287,5.454545454545454
0,8,1,1,2,3,False,1081080,1078.6285714285716,6.363636363636363
0,8,1,1,1,4,False,270270,926.5142857142858,7.2727272727272725
0,8,1,0,6,0,False,45045,942.8571428571428,7.0
0,8,1,0,5,1,False,225225,1131.4285714285713,6.0
0,8,1,0,4,2,False,450450,1181.7142857142858,6.0
0,8,1,0,3,3,False,450450,1156.5714285714287,6.0
0,8,1,0,2,4,False,225225,1056.0000000000002,6.0
0,8,1,0,1,5,False,45045,879.9999999999999,8.0
0,8,0,7,0,0,False,6435,971.4285714285716,6.470588235294117
0,8,0,6,1,0,False,45045,1005.7142857142858,6.25
0,8,0,5,2,0,False,135135,1028.5714285714284,6.666666666666667
0,8,0,5,1,1,False,135135,994.2857142857143,6.666666666666667
0,8,0,4,3,0,False,225225,1039.9999999999998,6.428571428571429
0,8,0,4,2,1,False,450450,1055.9999999999998,6.428571428571429
0,8,0,4,1,2,False,225225,975.9999999999999,6.428571428571429
0,8,0,3,4,0,False,225225,1040.0,6.153846153846153
0,8,0,3,3,1,False,675675,1099.4285714285713,6.153846153846153
0,8,0,3,2,2,False,675675,1069.7142857142856,6.153846153846153
0,8,0,3,1,3,False,225225,950.8571428571428,6.9230769230769225
0,8,0,2,5,0,False,135135,1028.5714285714284,6.666666666666667
0,8,0,2,4,1,False,540540,1124.5714285714287,5.833333333333334
0,8,0,2,3,2,False,810810,1138.2857142857144,5.833333333333334
0,8,0,2,2,3,False,540540,1069.7142857142856,6.666666666666667
0,8,0,2,1,4,False,135135,918.8571428571428,7.5
0,8,0,1,6,0,False,45045,942.8571428571429,7.2727272727272725
0,8,0,1,5,1,False,225225,1131.4285714285713,6.363636363636363
0,8,0,1,4,2,False,450450,1181.7142857142858,5.454545454545454
0,8,0,1,3,3,False,450450,1156.5714285714287,5.454545454545454
0,8,0,1,2,4,False,225225,1056.0,6.363636363636363
0,8,0,1,1,5,False,45045,880.0000000000001,7.2727272727272725
0,8,0,0,7,0,False,6435,857.1428571428571,8.0
0,8,0,0,6,1,False,38610,1028.5714285714284,7.0
0,8,0,0,5,2,False,96525,1200.0,6.0
0,8,0,0,4,3,False,128700,1211.4285714285713,6.0
0,8,0,0,3,4,False,96525,1154.2857142857144,6.0
0,8,0,0,2,5,False,38610,1028.5714285714284,7.0
0,8,0,0,1,6,False,6435,834.2857142857142,8.0
0,7,8,0,0,0,False,6435,921.4285714285713,7.0
0,7,7,1,0,0,False,51480,957.2619047619049,7.2727272727272725
0,7,7,0,1,0,False,51480,957.2619047619049,7.0
0,7,6,2,0,0,False,180180,982.8571428571428,6.666666666666667
0,7,6,1,1,0,False,360360,991.0476190476192,6.363636363636363
0,7,6,0,2,0,False,180180,982.8571428571428,7.0
0,7,6,0,1,1,False,180180,950.0952380952382,7.0
0,7,5,3,0,0,False,360360,998.2142857142857,6.9230769230769225
0,7,5,2,1,0,False,1081080,1013.5714285714287,6.666666666666667
0,7,5,1,2,0,False,1081080,1013.5714285714286,6.363636363636363
0,7,5,1,1,1,False,1081080,979.7857142857144,7.2727272727272725
0,7,5,0,3,0,False,360360,998.2142857142857,7.0
0,7,5,0,2,1,False,720720,1013.5714285714286,7.0
0,7,5,0,1,2,False,360360,936.7857142857142,7.0
0,7,4,4,0,0,False,450450,1003.3333333333333,6.428571428571429
0,7,4,3,1,0,False,1801800,1024.8333333333335,6.153846153846153
0,7,4,2,2,0,False,2702700,1032.0,6.666666666666667
0,7,4,2,1,1,False,2702700,997.6,6.666666666666667
0,7,4,1,3,0,False,1801800,1024.8333333333335,6.363636363636363
0,7,4,1,2,1,False,3603600,1040.6000000000001,6.363636363636363
0,7,4,1,1,2,False,1801800,961.7666666666667,7.2727272727272725
0,7,4,0,4,0,False,450450,1003.3333333333333,7.0
0,7,4,0,3,1,False,1351350,1060.6666666666667,6.0
0,7,4,0,2,2,False,1351350,1031.9999999999998,7.0
0,7,4,0,1,3,False,450450,917.3333333333334,7.0
0,7,3,5,0,0,False,360360,998.2142857142858,6.666666666666667
0,7,3,4,1,0,False,1801800,1024.8333333333335,6.428571428571429
0,7,3,3,2,0,False,3603600,1038.142857142857,6.153846153846153
0,7,3,3,1,1,False,3603600,1003.5380952380953,6.9230769230769225
0,7,3,2,3,0,False,3603600,1038.142857142857,6.666666666666667
0,7,3,2,2,1,False,7207200,1054.1142857142856,6.666666666666667
0,7,3,2,1,2,False,3603600,974.2571428571429,6.666666666666667
0,7,3,1,4,0,False,1801800,1024.8333333333333,6.363636363636363
0,7,3,1,3,1,False,5405400,1083.3952380952383,6.363636363636363
0,7,3,1,2,2,False,5405400,1054.1142857142856,6.363636363636363
0,7,3,1,1,3,False,1801800,936.9904761904762,7.2727272727272725
0,7,3,0,5,0,False,360360,998.2142857142857,7.0
0,7,3,0,4,1,False,1441440,1091.3809523809523,6.0
0,7,3,0,3,2,False,2162160,1104.6904761904764,6.0
0,7,3,0,2,3,False,1441440,1038.142857142857,7.0
0,7,3,0,1,4,False,360360,891.7380952380952,8.0
0,7,2,6,0,0,False,180180,982.8571428571428,6.875
0,7,2,5,1,0,False,1081080,1013.5714285714287,6.666666666666667
0,7,2,4,2,0,False,2702700,1032.0,6.428571428571429
0,7,2,4,1,1,False,2702700,997.5999999999999,6.428571428571429
0,7,2,3,3,0,False,3603600,1038.142857142857,6.153846153846153
0,7,2,3,2,1,False,7207200,1054.1142857142859,6.153846153846153
0,7,2,3,1,2,False,3603600,974.2571428571428,6.9230769230769225
0,7,2,2,4,0,False,2702700,1031.9999999999998,6.666666666666667
0,7,2,2,3,1,False,8108100,1090.9714285714285,5.833333333333334
0,7,2,2,2,2,False,8108100,1061.485714285714,6.666666666666667
0,7,2,2,1,3,False,2702700,943.542857142857,6.666666666666667
0,7,2,1,5,0,False,1081080,1013.5714285714286,6.363636363636363
0,7,2,1,4,1,False,4324320,1108.1714285714288,6.363636363636363
0,7,2,1,3,2,False,6486480,1121.6857142857143,6.363636363636363
0,7,2,1,2,3,False,4324320,1054.1142857142856,6.363636363636363
0,7,2,1,1,4,False,1081080,905.4571428571429,7.2727272727272725
0,7,2,0,6,0,False,180180,921.4285714285713,7.0
0,7,2,0,5,1,False,900900,1105.7142857142856,6.0
0,7,2,0,4,2,False,1801800,1154.857142857143,6.0
0,7,2,0,3,3,False,1801800,1130.2857142857142,6.0
0,7,2,0,2,4,False,900900,1032.0,7.0
0,7,2,0,1,5,False,180180,859.9999999999999,8.0
0,7,1,7,0,0,False,51480,957.2619047619048,7.058823529411764
0,7,1,6,1,0,False,360360,991.0476190476192,6.875
0,7,1,5,2,0,False,1081080,1013.5714285714284,6.666666666666667
0,7,1,5,1,1,False,1081080,979.7857142857144,6.666666666666667
0,7,1,4,3,0,False,1801800,1024.8333333333333,6.428571428571429
0,7,1,4,2,1,False,3603600,1040.6,6.428571428571429
0,7,1,4,1,2,False,1801800,961.7666666666664,7.142857142857143
0,7,1,3,4,0,False,1801800,1024.8333333333333,6.153846153846153
0,7,1,3,3,1,False,5405400,1083.395238095238,6.153846153846153
0,7,1,3,2,2,False,5405400,1054.1142857142856,6.153846153846153
0,7,1,3,1,3,False,1801800,936.9904761904763,6.9230769230769225
0,7,1,2,5,0,False,1081080,1013.5714285714284,6.666666666666667
0,7,1,2,4,1,False,4324320,1108.1714285714286,5.833333333333334
0,7,1,2,3,2,False,6486480,1121.6857142857143,5.833333333333334
0,7,1,2,2,3,False,4324320,1054.1142857142856,6.666666666666667
0,7,1,2,1,4,False,1081080,905.4571428571428,7.5
0,7,1,1,6,0,False,360360,929.1071428571429,7.2727272727272725
0,7,1,1,5,1,False,1801800,1114.9285714285716,6.363636363636363
0,7,1,1,4,2,False,3603600,1164.4809523809527,5.454545454545454
0,7,1,1,3,3,False,3603600,1139.7047619047619,6.363636363636363
0,7,1,1,2,4,False,1801800,1040.6000000000001,6.363636363636363
0,7,1,1,1,5,False,360360,867.1666666666666,7.2727272727272725
0,7,1,0,7,0,False,51480,844.6428571428571,8.0
0,7,1,0,6,1,False,308880,1013.5714285714286,7.0
0,7,1,0,5,2,False,772200,1182.5,6.0
0,7,1,0,4,3,False,1029600,1193.7619047619048,6.0
0,7,1,0,3,4,False,772200,1137.4523809523812,6.0
0,7,1,0,2,5,False,308880,1013.5714285714286,7.0
0,7,1,0,1,6,False,51480,822.1190476190476,8.0
0,7,0,8,0,0,False,6435,921.4285714285713,7.222222222222222
0,7,0,7,1,0,False,51480,957.2619047619048,7.058823529411764
0,7,0,6,2,0,False,180180,982.8571428571428,6.875
0,7,0,6,1,1,False,180180,950.0952380952382,6.875
0,7,0,5,3,0,False,360360,998.2142857142858,6.666666666666667
0,7,0,5,2,1,False,720720,1013.5714285714284,6.666666666666667
0,7,0,5,1,2,False,360360,936.7857142857142,7.333333333333333
0,7,0,4,4,0,False,450450,1003.3333333333333,6.428571428571429
0,7,0,4,3,1,False,1351350,1060.6666666666665,6.428571428571429
0,7,0,4,2,2,False,1351350,1032.0,6.428571428571429
0,7,0,4,1,3,False,450450,917.3333333333331,7.142857142857143
0,7,0,3,5,0,False,360360,998.2142857142857,6.9230769230769225
0,7,0,3,4,1,False,1441440,1091.3809523809525,6.153846153846153
0,7,0,3,3,2,False,2162160,1104.6904761904764,6.153846153846153
0,7,0,3,2,3,False,1441440,1038.142857142857,6.153846153846153
0,7,0,3,1,4,False,360360,891.7380952380953,7.692307692307692
0,7,0,2,6,0,False,180180,921.4285714285713,7.5
0,7,0,2,5,1,False,900900,1105.7142857142856,5.833333333333334
0,7,0,2,4,2,False,1801800,1154.857142857143,5.833333333333334
0,7,0,2,3,3,False,1801800,1130.2857142857142,5.833333333333334
0,7,0,2,2,4,False,900900,1032.0,6.666666666666667
0,7,0,2,1,5,False,180180,859.9999999999999,7.5
0,7,0,1,7,0,False,51480,844.6428571428571,8.181818181818182
0,7,0,1,6,1,False,308880,1013.5714285714286,6.363636363636363
0,7,0,1,5,2,False,772200,1182.5,5.454545454545454
0,7,0,1,4,3,False,1029600,1193.7619047619048,5.454545454545454
0,7,0,1,3,4,False,772200,1137.4523809523812,6.363636363636363
0,7,0,1,2,5,False,308880,1013.5714285714286,6.363636363636363
0,7,0,1,1,6,False,51480,822.1190476190476,8.181818181818182
0,7,0,0,8,0,False,6435,767.8571428571428,9.0
0,7,0,0,7,1,False,45045,921.4285714285713,7.0
0,7,0,0,6,2,False,135135,1075.0,6.0
0,7,0,0,5,3,False,225225,1228.5714285714284,6.0
0,7,0,0,4,4,False,225225,1208.0952380952383,6.0
0,7,0,0,3,5,False,135135,1126.1904761904761,6.0
0,7,0,0,2,6,False,45045,982.8571428571428,7.0
0,7,0,0,1,7,False,6435,778.0952380952381,9.0
0,6,9,0,0,0,False,5005,859.5238095238095,8.0
0,6,8,1,0,0,False,45045,895.7142857142857,7.2727272727272725
0,6,8,0,1,0,False,45045,895.7142857142858,7.0
0,6,7,2,0,0,False,180180,922.8571428571429,7.5
0,6,7,1,1,0,False,360360,930.5476190476193,7.2727272727272725
0,6,7,0,2,0,False,180180,922.8571428571429,7.0
0,6,7,0,1,1,False,180180,892.0952380952383,8.0
0,6,6,3,0,0,False,420420,940.9523809523808,6.9230769230769225
0,6,6,2,1,0,False,1261260,955.4285714285714,6.666666666666667
0,6,6,1,2,0,False,1261260,955.4285714285714,7.2727272727272725
0,6,6,1,1,1,False,1261260,923.5809523809526,7.2727272727272725
0,6,6,0,3,0,False,420420,940.9523809523808,7.0
0,6,6,0,2,1,False,840840,955.4285714285714,7.0
0,6,6,0,1,2,False,420420,883.0476190476189,8.0
0,6,5,4,0,0,False,630630,949.9999999999999,7.142857142857143
0,6,5,3,1,0,False,2522520,970.3571428571429,6.9230769230769225
0,6,5,2,2,0,False,3783780,977.142857142857,6.666666666666667
0,6,5,2,1,1,False,3783780,944.5714285714287,6.666666666666667
0,6,5,1,3,0,False,2522520,970.3571428571429,7.2727272727272725
0,6,5,1,2,1,False,5045040,985.2857142857143,6.363636363636363
0,6,5,1,1,2,False,2522520,910.6428571428571,7.2727272727272725
0,6,5,0,4,0,False,630630,949.9999999999999,7.0
0,6,5,0,3,1,False,1891890,1004.2857142857142,7.0
0,6,5,0,2,2,False,1891890,977.1428571428571,7.0
0,6,5,0,1,3,False,630630,868.5714285714286,8.0
0,6,4,5,0,0,False,630630,949.9999999999999,6.666666666666667
0,6,4,4,1,0,False,3153150,975.3333333333334,6.428571428571429
0,6,4,3,2,0,False,6306300,988.0,6.9230769230769225
0,6,4,3,1,1,False,6306300,955.0666666666668,6.9230769230769225
0,6,4,2,3,0,False,6306300,987.9999999999999,6.666666666666667
0,6,4,2,2,1,False,12612600,1003.1999999999999,6.666666666666667
0,6,4,2,1,2,False,6306300,927.1999999999999,7.5
0,6,4,1,4,0,False,3153150,975.3333333333333,7.2727272727272725
0,6,4,1,3,1,False,9459450,1031.0666666666666,6.363636363636363
0,6,4,1,2,2,False,9459450,1003.1999999999999,6.363636363636363
0,6,4,1,1,3,False,3153150,891.7333333333333,7.2727272727272725
0,6,4,0,5,0,False,630630,950.0,7.0
0,6,4,0,4,1,False,2522520,1038.6666666666667,7.0
0,6,4,0,3,2,False,3783780,1051.3333333333333,6.0
0,6,4,0,2,3,False,2522520,988.0,7.0
0,6,4,0,1,4,False,630630,848.6666666666666,8.0
0,6,3,6,0,0,False,420420,940.952380952381,6.875
0,6,3,5,1,0,False,2522520,970.3571428571427,6.666666666666667
0,6,3,4,2,0,False,6306300,987.9999999999999,6.428571428571429
0,6,3,4,1,1,False,6306300,955.0666666666667,7.142857142857143
0,6,3,3,3,0,False,8408400,993.8809523809524,6.9230769230769225
0,6,3,3,2,1,False,16816800,1009.1714285714286,6.9230769230769225
0,6,3,3,1,2,False,8408400,932.7190476190476,6.9230769230769225
0,6,3,2,4,0,False,6306300,987.9999999999999,6.666666666666667
0,6,3,2,3,1,False,18918900,1044.4571428571428,6.666666666666667
0,6,3,2,2,2,False,18918900,1016.2285714285713,6.666666666666667
0,6,3,2,1,3,False,6306300,903.3142857142856,7.5
0,6,3,1,5,0,False,2522520,970.3571428571429,7.2727272727272725
0,6,3,1,4,1,False,10090080,1060.9238095238097,6.363636363636363
0,6,3,1,3,2,False,15135120,1073.861904761905,6.363636363636363
0,6,3,1,2,3,False,10090080,1009.1714285714287,6.363636363636363
0,6,3,1,1,4,False,2522520,866.852380952381,7.2727272727272725
0,6,3,0,6,0,False,420420,882.1428571428571,8.0
0,6,3,0,5,1,False,2102100,1058.5714285714284,6.0
0,6,3,0,4,2,False,4204200,1105.6190476190477,6.0
0,6,3,0,3,3,False,4204200,1082.095238095238,6.0
0,6,3,0,2,4,False,2102100,988.0,7.0
0,6,3,0,1,5,False,420420,823.3333333333333,8.0
0,6,2,7,0,0,False,180180,922.8571428571428,7.058823529411764
0,6,2,6,1,0,False,1261260,955.4285714285714,6.875
0,6,2,5,2,0,False,3783780,977.1428571428571,6.666666666666667
0,6,2,5,1,1,False,3783780,944.5714285714287,6.666666666666667
0,6,2,4,3,0,False,6306300,987.9999999999999,6.428571428571429
0,6,2,4,2,1,False,12612600,1003.2,6.428571428571429
0,6,2,4,1,2,False,6306300,927.1999999999998,7.142857142857143
0,6,2,3,4,0,False,6306300,988.0,6.9230769230769225
0,6,2,3,3,1,False,18918900,1044.457142857143,6.153846153846153
0,6,2,3,2,2,False,18918900,1016.2285714285714,6.153846153846153
0,6,2,3,1,3,False,6306300,903.3142857142858,6.9230769230769225
0,6,2,2,5,0,False,3783780,977.142857142857,6.666666666666667
0,6,2,2,4,1,False,15135120,1068.3428571428572,6.666666666666667
0,6,2,2,3,2,False,22702680,1081.3714285714284,5.833333333333334
0,6,2,2,2,3,False,15135120,1016.2285714285714,6.666666666666667
0,6,2,2,1,4,False,3783780,872.9142857142857,7.5
0,6,2,1,6,0,False,1261260,895.7142857142857,7.2727272727272725
0,6,2,1,5,1,False,6306300,1074.857142857143,6.363636363636363
0,6,2,1,4,2,False,12612600,1122.6285714285716,6.363636363636363
0,6,2,1,3,3,False,12612600,1098.7428571428572,6.363636363636363
0,6,2,1,2,4,False,6306300,1003.2000000000002,6.363636363636363
0,6,2,1,1,5,False,1261260,836.0000000000001,8.181818181818182
0,6,2,0,7,0,False,180180,814.2857142857142,8.0
0,6,2,0,6,1,False,1081080,977.1428571428571,7.0
0,6,2,0,5,2,False,2702700,1140.0,6.0
0,6,2,0,4,3,False,3603600,1150.857142857143,6.0
0,6,2,0,3,4,False,2702700,1096.571428571429,6.0
0,6,2,0,2,5,False,1081080,977.1428571428571,7.0
0,6,2,0,1,6,False,180180,792.5714285714284,8.0
0,6,1,8,0,0,False,45045,895.7142857142857,7.222222222222222
0,6,1,7,1,0,False,360360,930.547619047619,7.058823529411764
0,6,1,6,2,0,False,1261260,955.4285714285714,6.875
0,6,1,6,1,1,False,1261260,923.5809523809523,6.875
0,6,1,5,3,0,False,2522520,970.3571428571427,6.666666666666667
0,6,1,5,2,1,False,5045040,985.2857142857143,6.666666666666667
0,6,1,5,1,2,False,2522520,910.6428571428569,7.333333333333333
0,6,1,4,4,0,False,3153150,975.3333333333333,6.428571428571429
0,6,1,4,3,1,False,9459450,1031.0666666666664,6.428571428571429
0,6,1,4,2,2,False,9459450,1003.1999999999999,6.428571428571429
0,6,1,4,1,3,False,3153150,891.7333333333333,7.142857142857143
0,6,1,3,5,0,False,2522520,970.3571428571428,6.9230769230769225
0,6,1,3,4,1,False,10090080,1060.9238095238097,6.153846153846153
0,6,1,3,3,2,False,15135120,1073.8619047619047,6.153846153846153
0,6,1,3,2,3,False,10090080,1009.1714285714286,6.9230769230769225
0,6,1,3,1,4,False,2522520,866.852380952381,7.692307692307692
0,6,1,2,6,0,False,1261260,895.7142857142856,7.5
0,6,1,2,5,1,False,6306300,1074.8571428571427,5.833333333333334
0,6,1,2,4,2,False,12612600,1122.6285714285714,5.833333333333334
0,6,1,2,3,3,False,12612600,1098.7428571428572,5.833333333333334
0,6,1,2,2,4,False,6306300,1003.1999999999999,6.666666666666667
0,6,1,2,1,5,False,1261260,835.9999999999999,7.5
0,6,1,1,7,0,False,360360,821.0714285714286,8.181818181818182
0,6,1,1,6,1,False,2162160,985.2857142857143,6.363636363636363
0,6,1,1,5,2,False,5405400,1149.5,5.454545454545454
0,6,1,1,4,3,False,7207200,1160.4476190476191,5.454545454545454
0,6,1,1,3,4,False,5405400,1105.7095238095242,6.363636363636363
0,6,1,1,2,5,False,2162160,985.2857142857143,6.363636363636363
0,6,1,1,1,6,False,360360,799.1761904761905,8.181818181818182
0,6,1,0,8,0,False,45045,746.4285714285713,9.0
0,6,1,0,7,1,False,315315,895.7142857142857,7.0
0,6,1,0,6,2,False,945945,1045.0,6.0
0,6,1,0,5,3,False,1576575,1194.2857142857142,6.0
0,6,1,0,4,4,False,1576575,1174.3809523809525,6.0
0,6,1,0,3,5,False,945945,1094.7619047619046,6.0
0,6,1,0,2,6,False,315315,955.4285714285713,7.0
0,6,1,0,1,7,False,45045,756.3809523809524,9.0
0,6,0,9,0,0,False,5005,859.5238095238094,7.36842105263158
0,6,0,8,1,0,False,45045,895.7142857142857,7.222222222222222
0,6,0,7,2,0,False,180180,922.8571428571428,7.058823529411764
0,6,0,7,1,1,False,180180,892.0952380952383,7.058823529411764
0,6,0,6,3,0,False,420420,940.952380952381,6.875
0,6,0,6,2,1,False,840840,955.4285714285714,6.875
0,6,0,6,1,2,False,420420,883.0476190476192,7.5
0,6,0,5,4,0,False,630630,949.9999999999999,6.666666666666667
0,6,0,5,3,1,False,1891890,1004.2857142857142,6.666666666666667
0,6,0,5,2,2,False,1891890,977.1428571428571,6.666666666666667
0,6,0,5,1,3,False,630630,868.5714285714286,7.333333333333333
0,6,0,4,5,0,False,630630,949.9999999999999,7.142857142857143
0,6,0,4,4,1,False,2522520,1038.6666666666667,6.428571428571429
0,6,0,4,3,2,False,3783780,1051.3333333333333,6.428571428571429
0,6,0,4,2,3,False,2522520,987.9999999999999,6.428571428571429
0,6,0,4,1,4,False,630630,848.6666666666665,7.857142857142858
0,6,0,3,6,0,False,420420,882.1428571428571,7.692307692307692
0,6,0,3,5,1,False,2102100,1058.5714285714284,6.153846153846153
0,6,0,3,4,2,False,4204200,1105.6190476190477,6.153846153846153
0,6,0,3,3,3,False,4204200,1082.095238095238,6.153846153846153
0,6,0,3,2,4,False,2102100,988.0000000000002,6.9230769230769225
0,6,0,3,1,5,False,420420,823.3333333333333,7.692307692307692
0,6,0,2,7,0,False,180180,814.2857142857142,8.333333333333334
0,6,0,2,6,1,False,1081080,977.142857142857,6.666666666666667
0,6,0,2,5,2,False,2702700,1140.0,5.833333333333334
0,6,0,2,4,3,False,3603600,1150.857142857143,5.833333333333334
0,6,0,2,3,4,False,2702700,1096.5714285714287,5.833333333333334
0,6,0,2,2,5,False,1081080,977.142857142857,6.666666666666667
0,6,0,2,1,6,False,180180,792.5714285714286,8.333333333333334
0,6,0,1,8,0,False,45045,746.4285714285714,9.09090909090909
0,6,0,1,7,1,False,315315,895.7142857142857,7.2727272727272725
0,6,0,1,6,2,False,945945,1045.0,6.363636363636363
0,6,0,1,5,3,False,1576575,1194.2857142857142,5.454545454545454
0,6,0,1,4,4,False,1576575,1174.3809523809525,5.454545454545454
0,6,0,1,3,5,False,945945,1094.7619047619048,6.363636363636363
0,6,0,1,2,6,False,315315,955.4285714285714,7.2727272727272725
0,6,0,1,1,7,False,45045,756.3809523809524,9.09090909090909
0,6,0,0,9,0,False,5005,678.5714285714286,10.0
0,6,0,0,8,1,False,40040,814.2857142857142,8.0
0,6,0,0,7,2,False,140140,950.0,7.0
0,6,0,0,6,3,False,280280,1085.7142857142856,6.0
0,6,0,0,5,4,False,350350,1221.4285714285713,6.0
0,6,0,0,4,5,False,280280,1176.1904761904761,6.0
0,6,0,0,3,6,False,140140,1076.6666666666665,6.0
0,6,0,0,2,7,False,40040,922.8571428571428,7.0
0,6,0,0,1,8,False,5005,714.7619047619047,9.0
0,5,10,0,0,0,False,3003,785.7142857142857,8.0
0,5,9,1,0,0,False,30030,821.0714285714286,8.181818181818182
0,5,9,0,1,0,False,30030,821.0714285714287,8.0
0,5,8,2,0,0,False,135135,848.5714285714286,7.5
0,5,8,1,1,0,False,270270,855.6428571428572,8.181818181818182
0,5,8,0,2,0,False,135135,848.5714285714286,8.0
0,5,8,0,1,1,False,135135,820.2857142857143,8.0
0,5,7,3,0,0,False,360360,868.2142857142858,7.692307692307692
0,5,7,2,1,0,False,1081080,881.5714285714288,7.5
0,5,7,1,2,0,False,1081080,881.5714285714287,7.2727272727272725
0,5,7,1,1,1,False,1081080,852.1857142857145,8.181818181818182
0,5,7,0,3,0,False,360360,868.2142857142859,8.0
0,5,7,0,2,1,False,720720,881.5714285714287,8.0
0,5,7,0,1,2,False,360360,814.7857142857143,8.0
0,5,6,4,0,0,False,630630,879.9999999999999,7.142857142857143
0,5,6,3,1,0,False,2522520,898.8571428571429,7.692307692307692
0,5,6,2,2,0,False,3783780,905.142857142857,7.5
0,5,6,2,1,1,False,3783780,874.9714285714286,7.5
0,5,6,1,3,0,False,2522520,898.8571428571429,7.2727272727272725
0,5,6,1,2,1,False,5045040,912.6857142857143,7.2727272727272725
0,5,6,1,1,2,False,2522520,843.5428571428571,8.181818181818182
0,5,6,0,4,0,False,630630,879.9999999999999,8.0
0,5,6,0,3,1,False,1891890,930.2857142857142,7.0
0,5,6,0,2,2,False,1891890,905.1428571428571,7.0
0,5,6,0,1,3,False,630630,804.5714285714286,8.0
0,5,5,5,0,0,False,756756,883.9285714285713,7.333333333333333
0,5,5,4,1,0,False,3783780,907.4999999999999,7.142857142857143
0,5,5,3,2,0,False,7567560,919.2857142857142,6.9230769230769225
0,5,5,3,1,1,False,7567560,888.6428571428573,7.692307692307692
0,5,5,2,3,0,False,7567560,919.2857142857142,7.5
0,5,5,2,2,1,False,15135120,933.4285714285713,7.5
0,5,5,2,1,2,False,7567560,862.7142857142857,7.5
0,5,5,1,4,0,False,3783780,907.5000000000001,7.2727272727272725
0,5,5,1,3,1,False,11351340,959.3571428571429,7.2727272727272725
0,5,5,1,2,2,False,11351340,933.4285714285714,7.2727272727272725
0,5,5,1,1,3,False,3783780,829.7142857142857,8.181818181818182
0,5,5,0,5,0,False,756756,883.9285714285713,8.0
0,5,5,0,4,1,False,3027024,966.4285714285714,7.0
0,5,5,0,3,2,False,4540536,978.2142857142857,7.0
0,5,5,0,2,3,False,3027024,919.2857142857142,7.0
0,5,5,0,1,4,False,756756,789.6428571428571,8.0
0,5,4,6,0,0,False,630630,880.0,7.5
0,5,4,5,1,0,False,3783780,907.5,7.333333333333333
0,5,4,4,2,0,False,9459450,923.9999999999999,7.142857142857143
0,5,4,4,1,1,False,9459450,893.1999999999999,7.142857142857143
0,5,4,3,3,0,False,12612600,929.5,6.9230769230769225
0,5,4,3,2,1,False,25225200,943.8000000000001,6.9230769230769225
0,5,4,3,1,2,False,12612600,872.2999999999998,7.692307692307692
0,5,4,2,4,0,False,9459450,924.0,7.5
0,5,4,2,3,1,False,28378350,976.8,6.666666666666667
0,5,4,2,2,2,False,28378350,950.4,6.666666666666667
0,5,4,2,1,3,False,9459450,844.8,7.5
0,5,4,1,5,0,False,3783780,907.5000000000001,7.2727272727272725
0,5,4,1,4,1,False,15135120,992.2,6.363636363636363
0,5,4,1,3,2,False,22702680,1004.3000000000001,6.363636363636363
0,5,4,1,2,3,False,15135120,943.8,7.2727272727272725
0,5,4,1,1,4,False,3783780,810.7,8.181818181818182
0,5,4,0,6,0,False,630630,825.0,8.0
0,5,4,0,5,1,False,3153150,990.0,7.0
0,5,4,0,4,2,False,6306300,1034.0,7.0
0,5,4,0,3,3,False,6306300,1012.0000000000001,7.0
0,5,4,0,2,4,False,3153150,924.0,7.0
0,5,4,0,1,5,False,630630,770.0,9.0
0,5,3,7,0,0,False,360360,868.2142857142857,7.647058823529411
0,5,3,6,1,0,False,2522520,898.8571428571428,7.5
0,5,3,5,2,0,False,7567560,919.2857142857142,7.333333333333333
0,5,3,5,1,1,False,7567560,888.6428571428571,7.333333333333333
0,5,3,4,3,0,False,12612600,929.5,7.142857142857143
0,5,3,4,2,1,False,25225200,943.7999999999998,7.142857142857143
0,5,3,4,1,2,False,12612600,872.3,7.857142857142858
0,5,3,3,4,0,False,12612600,929.5,6.9230769230769225
0,5,3,3,3,1,False,37837800,982.6142857142856,6.9230769230769225
0,5,3,3,2,2,False,37837800,956.0571428571427,6.9230769230769225
0,5,3,3,1,3,False,12612600,849.8285714285714,7.692307692307692
0,5,3,2,5,0,False,7567560,919.2857142857142,7.5
0,5,3,2,4,1,False,30270240,1005.0857142857142,6.666666666666667
0,5,3,2,3,2,False,45405360,1017.3428571428572,6.666666666666667
0,5,3,2,2,3,False,30270240,956.0571428571429,6.666666666666667
0,5,3,2,1,4,False,7567560,821.2285714285714,8.333333333333334
0,5,3,1,6,0,False,2522520,842.6785714285714,8.181818181818182
0,5,3,1,5,1,False,12612600,1011.2142857142858,6.363636363636363
0,5,3,1,4,2,False,25225200,1056.157142857143,6.363636363636363
0,5,3,1,3,3,False,25225200,1033.6857142857143,6.363636363636363
0,5,3,1,2,4,False,12612600,943.8000000000001,7.2727272727272725
0,5,3,1,1,5,False,2522520,786.5000000000001,8.181818181818182
0,5,3,0,7,0,False,360360,766.0714285714286,9.0
0,5,3,0,6,1,False,2162160,919.2857142857142,7.0
0,5,3,0,5,2,False,5405400,1072.5,6.0
0,5,3,0,4,3,False,7207200,1082.7142857142858,6.0
0,5,3,0,3,4,False,5405400,1031.642857142857,7.0
0,5,3,0,2,5,False,2162160,919.2857142857142,7.0
0,5,3,0,1,6,False,360360,745.6428571428571,9.0
0,5,2,8,0,0,False,135135,848.5714285714286,7.777777777777778
0,5,2,7,1,0,False,1081080,881.5714285714287,7.647058823529411
0,5,2,6,2,0,False,3783780,905.1428571428571,7.5
0,5,2,6,1,1,False,3783780,874.9714285714286,7.5
0,5,2,5,3,0,False,7567560,919.2857142857142,7.333333333333333
0,5,2,5,2,1,False,15135120,933.4285714285713,7.333333333333333
0,5,2,5,1,2,False,7567560,862.7142857142857,7.333333333333333
0,5,2,4,4,0,False,9459450,923.9999999999999,7.142857142857143
0,5,2,4,3,1,False,28378350,976.7999999999998,6.428571428571429
0,5,2,4,2,2,False,28378350,950.3999999999999,7.142857142857143
0,5,2,4,1,3,False,9459450,844.8,7.857142857142858
0,5,2,3,5,0,False,7567560,919.2857142857142,6.9230769230769225
0,5,2,3,4,1,False,30270240,1005.0857142857143,6.9230769230769225
0,5,2,3,3,2,False,45405360,1017.3428571428572,6.153846153846153
0,5,2,3,2,3,False,30270240,956.0571428571429,6.9230769230769225
0,5,2,3,1,4,False,7567560,821.2285714285715,7.692307692307692
0,5,2,2,6,0,False,3783780,848.5714285714286,7.5
0,5,2,2,5,1,False,18918900,1018.2857142857142,6.666666666666667
0,5,2,2,4,2,False,37837800,1063.542857142857,6.666666666666667
0,5,2,2,3,3,False,37837800,1040.9142857142856,6.666666666666667
0,5,2,2,2,4,False,18918900,950.4,6.666666666666667
0,5,2,2,1,5,False,3783780,792.0,8.333333333333334
0,5,2,1,7,0,False,1081080,777.8571428571429,8.181818181818182
0,5,2,1,6,1,False,6486480,933.4285714285714,7.2727272727272725
0,5,2,1,5,2,False,16216200,1089.0,6.363636363636363
0,5,2,1,4,3,False,21621600,1099.3714285714286,6.363636363636363
0,5,2,1,3,4,False,16216200,1047.514285714286,6.363636363636363
0,5,2,1,2,5,False,6486480,933.4285714285714,7.2727272727272725
0,5,2,1,1,6,False,1081080,757.1142857142858,9.09090909090909
0,5,2,0,8,0,False,135135,707.1428571428571,9.0
0,5,2,0,7,1,False,945945,848.5714285714286,8.0
0,5,2,0,6,2,False,2837835,990.0,7.0
0,5,2,0,5,3,False,4729725,1131.4285714285713,6.0
0,5,2,0,4,4,False,4729725,1112.5714285714284,6.0
0,5,2,0,3,5,False,2837835,1037.142857142857,7.0
0,5,2,0,2,6,False,945945,905.1428571428571,7.0
0,5,2,0,1,7,False,135135,716.5714285714286,9.0
0,5,1,9,0,0,False,30030,821.0714285714286,7.894736842105264
0,5,1,8,1,0,False,270270,855.6428571428573,7.777777777777778
0,5,1,7,2,0,False,1081080,881.5714285714287,7.647058823529411
0,5,1,7,1,1,False,1081080,852.1857142857145,7.647058823529411
0,5,1,6,3,0,False,2522520,898.857142857143,7.5
0,5,1,6,2,1,False,5045040,912.6857142857145,6.875
0,5,1,6,1,2,False,2522520,843.5428571428573,7.5
0,5,1,5,4,0,False,3783780,907.5,7.333333333333333
0,5,1,5,3,1,False,11351340,959.3571428571429,6.666666666666667
0,5,1,5,2,2,False,11351340,933.4285714285716,7.333333333333333
0,5,1,5,1,3,False,3783780,829.7142857142858,8.0
0,5,1,4,5,0,False,3783780,907.5,7.142857142857143
0,5,1,4,4,1,False,15135120,992.2000000000002,6.428571428571429
0,5,1,4,3,2,False,22702680,1004.3000000000002,6.428571428571429
0,5,1,4,2,3,False,15135120,943.8000000000001,7.142857142857143
0,5,1,4,1,4,False,3783780,810.7,7.857142857142858
0,5,1,3,6,0,False,2522520,842.6785714285716,7.692307692307692
0,5,1,3,5,1,False,12612600,1011.2142857142858,6.9230769230769225
0,5,1,3,4,2,False,25225200,1056.157142857143,6.153846153846153
0,5,1,3,3,3,False,25225200,1033.6857142857145,6.153846153846153
0,5,1,3,2,4,False,12612600,943.8000000000002,6.9230769230769225
0,5,1,3,1,5,False,2522520,786.5,8.461538461538462
0,5,1,2,7,0,False,1081080,777.8571428571429,8.333333333333334
0,5,1,2,6,1,False,6486480,933.4285714285714,7.5
0,5,1,2,5,2,False,16216200,1089.0,5.833333333333334
0,5,1,2,4,3,False,21621600,1099.3714285714286,5.833333333333334
0,5,1,2,3,4,False,16216200,1047.514285714286,6.666666666666667
0,5,1,2,2,5,False,6486480,933.4285714285714,7.5
0,5,1,2,1,6,False,1081080,757.1142857142858,8.333333333333334
0,5,1,1,8,0,False,270270,713.0357142857144,9.09090909090909
0,5,1,1,7,1,False,1891890,855.6428571428572,8.181818181818182
0,5,1,1,6,2,False,5675670,998.2500000000002,6.363636363636363
0,5,1,1,5,3,False,9459450,1140.857142857143,6.363636363636363
0,5,1,1,4,4,False,9459450,1121.8428571428576,6.363636363636363
0,5,1,1,3,5,False,5675670,1045.7857142857147,6.363636363636363
0,5,1,1,2,6,False,1891890,912.6857142857143,7.2727272727272725
0,5,1,1,1,7,False,270270,722.5428571428572,9.09090909090909
0,5,1,0,9,0,False,30030,648.2142857142858,10.0
0,5,1,0,8,1,False,240240,777.8571428571429,9.0
0,5,1,0,7,2,False,840840,907.5000000000001,7.0
0,5,1,0,6,3,False,1681680,1037.142857142857,7.0
0,5,1,0,5,4,False,2102100,1166.7857142857144,6.0
0,5,1,0,4,5,False,1681680,1123.5714285714287,6.0
0,5,1,0,3,6,False,840840,1028.5000000000002,7.0
0,5,1,0,2,7,False,240240,881.5714285714286,8.0
0,5,1,0,1,8,False,30030,682.7857142857143,10.0
0,5,0,10,0,0,False,3003,785.7142857142857,8.0
0,5,0,9,1,0,False,30030,821.0714285714286,7.894736842105264
0,5,0,8,2,0,False,135135,848.5714285714286,7.777777777777778
0,5,0,8,1,1,False,135135,820.2857142857143,7.777777777777778
0,5,0,7,3,0,False,360360,868.2142857142857,7.647058823529411
0,5,0,7,2,1,False,720720,881.5714285714287,7.647058823529411
0,5,0,7,1,2,False,360360,814.7857142857143,8.235294117647058
0,5,0,6,4,0,False,630630,880.0,7.5
0,5,0,6,3,1,False,1891890,930.2857142857143,6.875
0,5,0,6,2,2,False,1891890,905.1428571428571,7.5
0,5,0,6,1,3,False,630630,804.5714285714286,8.125
0,5,0,5,5,0,False,756756,883.9285714285713,7.333333333333333
0,5,0,5,4,1,False,3027024,966.4285714285713,6.666666666666667
0,5,0,5,3,2,False,4540536,978.2142857142858,6.666666666666667
0,5,0,5,2,3,False,3027024,919.2857142857142,7.333333333333333
0,5,0,5,1,4,False,756756,789.6428571428571,8.0
0,5,0,4,6,0,False,630630,824.9999999999999,7.857142857142858
0,5,0,4,5,1,False,3153150,989.9999999999999,6.428571428571429
0,5,0,4,4,2,False,6306300,1034.0,6.428571428571429
0,5,0,4,3,3,False,6306300,1011.9999999999998,6.428571428571429
0,5,0,4,2,4,False,3153150,924.0000000000001,7.142857142857143
0,5,0,4,1,5,False,630630,770.0,8.571428571428571
0,5,0,3,7,0,False,360360,766.0714285714286,8.461538461538462
0,5,0,3,6,1,False,2162160,919.2857142857142,6.9230769230769225
0,5,0,3,5,2,False,5405400,1072.5,6.153846153846153
0,5,0,3,4,3,False,7207200,1082.7142857142856,6.153846153846153
0,5,0,3,3,4,False,5405400,1031.6428571428576,6.153846153846153
0,5,0,3,2,5,False,2162160,919.2857142857142,6.9230769230769225
0,5,0,3,1,6,False,360360,745.6428571428571,8.461538461538462
0,5,0,2,8,0,False,135135,707.142857142857,9.166666666666668
0,5,0,2,7,1,False,945945,848.5714285714286,7.5
0,5,0,2,6,2,False,2837835,990.0,6.666666666666667
0,5,0,2,5,3,False,4729725,1131.4285714285713,5.833333333333334
0,5,0,2,4,4,False,4729725,1112.5714285714287,5.833333333333334
0,5,0,2,3,5,False,2837835,1037.142857142857,6.666666666666667
0,5,0,2,2,6,False,945945,905.142857142857,7.5
0,5,0,2,1,7,False,135135,716.5714285714286,9.166666666666668
0,5,0,1,9,0,False,30030,648.2142857142857,10.0
0,5,0,1,8,1,False,240240,777.8571428571429,8.181818181818182
0,5,0,1,7,2,False,840840,907.5000000000001,7.2727272727272725
0,5,0,1,6,3,False,1681680,1037.142857142857,6.363636363636363
0,5,0,1,5,4,False,2102100,1166.7857142857142,5.454545454545454
0,5,0,1,4,5,False,1681680,1123.5714285714284,6.363636363636363
0,5,0,1,3,6,False,840840,1028.5,6.363636363636363
0,5,0,1,2,7,False,240240,881.5714285714286,7.2727272727272725
0,5,0,1,1,8,False,30030,682.7857142857143,10.0
0,5,0,0,10,0,False,3003,589.2857142857142,11.0
0,5,0,0,9,1,False,27027,707.1428571428571,9.0
0,5,0,0,8,2,False,108108,825.0,8.0
0,5,0,0,7,3,False,252252,942.8571428571428,7.0
0,5,0,0,6,4,False,378378,1060.7142857142856,6.0
0,5,0,0,5,5,False,378378,1178.5714285714284,6.0
0,5,0,0,4,6,False,252252,1115.7142857142856,6.0
0,5,0,0,3,7,False,108108,1005.7142857142859,7.0
0,5,0,0,2,8,False,27027,848.5714285714287,8.0
0,5,0,0,1,9,False,3003,644.2857142857142,10.0
0,4,11,0,0,0,False,1365,700.0,9.0
0,4,10,1,0,0,False,15015,733.3333333333334,9.09090909090909
0,4,10,0,1,0,False,15015,733.3333333333334,9.0
0,4,9,2,0,0,False,75075,759.9999999999999,8.333333333333334
0,4,9,1,1,0,False,150150,766.3333333333335,8.181818181818182
0,4,9,0,2,0,False,75075,760.0,9.0
0,4,9,0,1,1,False,75075,734.6666666666667,9.0
0,4,8,3,0,0,False,225225,780.0,8.461538461538462
0,4,8,2,1,0,False,675675,792.0,8.333333333333334
0,4,8,1,2,0,False,675675,792.0000000000001,8.181818181818182
0,4,8,1,1,1,False,675675,765.6,8.181818181818182
0,4,8,0,3,0,False,225225,780.0,9.0
0,4,8,0,2,1,False,450450,792.0,8.0
0,4,8,0,1,2,False,225225,732.0,9.0
0,4,7,4,0,0,False,450450,793.3333333333334,8.571428571428571
0,4,7,3,1,0,False,1801800,810.3333333333336,8.461538461538462
0,4,7,2,2,0,False,2702700,816.0000000000001,8.333333333333334
0,4,7,2,1,1,False,2702700,788.8000000000003,8.333333333333334
0,4,7,1,3,0,False,1801800,810.3333333333336,8.181818181818182
0,4,7,1,2,1,False,3603600,822.8000000000002,8.181818181818182
0,4,7,1,1,2,False,1801800,760.4666666666668,9.09090909090909
0,4,7,0,4,0,False,450450,793.3333333333334,8.0
0,4,7,0,3,1,False,1351350,838.6666666666667,8.0
0,4,7,0,2,2,False,1351350,816.0000000000001,8.0
0,4,7,0,1,3,False,450450,725.3333333333334,9.0
0,4,6,5,0,0,False,630630,799.9999999999999,8.0
0,4,6,4,1,0,False,3153150,821.3333333333333,7.857142857142858
0,4,6,3,2,0,False,6306300,832.0,7.692307692307692
0,4,6,3,1,1,False,6306300,804.2666666666668,8.461538461538462
0,4,6,2,3,0,False,6306300,831.9999999999999,8.333333333333334
0,4,6,2,2,1,False,12612600,844.8,7.5
0,4,6,2,1,2,False,6306300,780.7999999999998,8.333333333333334
0,4,6,1,4,0,False,3153150,821.3333333333334,8.181818181818182
0,4,6,1,3,1,False,9459450,868.2666666666667,7.2727272727272725
0,4,6,1,2,2,False,9459450,844.8,8.181818181818182
0,4,6,1,1,3,False,3153150,750.9333333333335,9.09090909090909
0,4,6,0,5,0,False,630630,800.0,8.0
0,4,6,0,4,1,False,2522520,874.6666666666667,8.0
0,4,6,0,3,2,False,3783780,885.3333333333334,8.0
0,4,6,0,2,3,False,2522520,832.0,8.0
0,4,6,0,1,4,False,630630,714.6666666666667,9.0
0,4,5,6,0,0,False,630630,800.0,8.125
0,4,5,5,1,0,False,3783780,825.0,8.0
0,4,5,4,2,0,False,9459450,840.0,7.857142857142858
0,4,5,4,1,1,False,9459450,812.0000000000001,7.857142857142858
0,4,5,3,3,0,False,12612600,845.0,7.692307692307692
0,4,5,3,2,1,False,25225200,858.0,7.692307692307692
0,4,5,3,1,2,False,12612600,793.0,8.461538461538462
0,4,5,2,4,0,False,9459450,840.0,7.5
0,4,5,2,3,1,False,28378350,888.0,7.5
0,4,5,2,2,2,False,28378350,864.0,7.5
0,4,5,2,1,3,False,9459450,768.0,8.333333333333334
0,4,5,1,5,0,False,3783780,825.0000000000001,8.181818181818182
0,4,5,1,4,1,False,15135120,902.0000000000002,7.2727272727272725
0,4,5,1,3,2,False,22702680,913.0000000000002,7.2727272727272725
0,4,5,1,2,3,False,15135120,858.0000000000001,8.181818181818182
0,4,5,1,1,4,False,3783780,737.0000000000001,9.09090909090909
0,4,5,0,6,0,False,630630,750.0,9.0
0,4,5,0,5,1,False,3153150,900.0,7.0
0,4,5,0,4,2,False,6306300,940.0,7.0
0,4,5,0,3,3,False,6306300,920.0,7.0
0,4,5,0,2,4,False,3153150,840.0000000000001,8.0
0,4,5,0,1,5,False,630630,700.0,9.0
0,4,4,7,0,0,False,450450,793.3333333333333,8.235294117647058
0,4,4,6,1,0,False,3153150,821.3333333333333,8.125
0,4,4,5,2,0,False,9459450,839.9999999999998,8.0
0,4,4,5,1,1,False,9459450,811.9999999999999,8.0
0,4,4,4,3,0,False,15765750,849.3333333333333,7.857142857142858
0,4,4,4,2,1,False,31531500,862.3999999999997,7.857142857142858
0,4,4,4,1,2,False,15765750,797.0666666666665,7.857142857142858
0,4,4,3,4,0,False,15765750,849.3333333333331,7.692307692307692
0,4,4,3,3,1,False,47297250,897.8666666666664,7.692307692307692
0,4,4,3,2,2,False,47297250,873.5999999999999,7.692307692307692
0,4,4,3,1,3,False,15765750,776.5333333333333,8.461538461538462
0,4,4,2,5,0,False,9459450,839.9999999999999,7.5
0,4,4,2,4,1,False,37837800,918.3999999999999,7.5
0,4,4,2,3,2,False,56756700,929.5999999999999,7.5
0,4,4,2,2,3,False,37837800,873.5999999999998,7.5
0,4,4,2,1,4,False,9459450,750.3999999999999,8.333333333333334
0,4,4,1,6,0,False,3153150,769.9999999999999,8.181818181818182
0,4,4,1,5,1,False,15765750,924.0,7.2727272727272725
0,4,4,1,4,2,False,31531500,965.0666666666666,7.2727272727272725
0,4,4,1,3,3,False,31531500,944.5333333333332,7.2727272727272725
0,4,4,1,2,4,False,15765750,862.4,7.2727272727272725
0,4,4,1,1,5,False,3153150,718.6666666666665,9.09090909090909
0,4,4,0,7,0,False,450450,699.9999999999999,9.0
0,4,4,0,6,1,False,2702700,839.9999999999999,8.0
0,4,4,0,5,2,False,6756750,980.0,7.0
0,4,4,0,4,3,False,9009000,989.3333333333333,7.0
0,4,4,0,3,4,False,6756750,942.6666666666666,7.0
0,4,4,0,2,5,False,2702700,839.9999999999999,8.0
0,4,4,0,1,6,False,450450,681.3333333333331,10.0
0,4,3,8,0,0,False,225225,780.0,8.333333333333334
0,4,3,7,1,0,False,1801800,810.3333333333335,8.235294117647058
0,4,3,6,2,0,False,6306300,832.0,8.125
0,4,3,6,1,1,False,6306300,804.2666666666668,8.125
0,4,3,5,3,0,False,12612600,844.9999999999999,8.0
0,4,3,5,2,1,False,25225200,858.0,7.333333333333333
0,4,3,5,1,2,False,12612600,793.0,8.0
0,4,3,4,4,0,False,15765750,849.3333333333333,7.857142857142858
0,4,3,4,3,1,False,47297250,897.8666666666664,7.142857142857143
0,4,3,4,2,2,False,47297250,873.5999999999998,7.857142857142858
0,4,3,4,1,3,False,15765750,776.5333333333332,8.571428571428571
0,4,3,3,5,0,False,12612600,845.0,7.692307692307692
0,4,3,3,4,1,False,50450400,923.8666666666667,6.9230769230769225
0,4,3,3,3,2,False,75675600,935.1333333333334,6.9230769230769225
0,4,3,3,2,3,False,50450400,878.8000000000001,7.692307692307692
0,4,3,3,1,4,False,12612600,754.8666666666667,8.461538461538462
0,4,3,2,6,0,False,6306300,780.0,8.333333333333334
0,4,3,2,5,1,False,31531500,936.0,7.5
0,4,3,2,4,2,False,63063000,977.6,6.666666666666667
0,4,3,2,3,3,False,63063000,956.8,6.666666666666667
0,4,3,2,2,4,False,31531500,873.6,7.5
0,4,3,2,1,5,False,6306300,727.9999999999999,9.166666666666668
0,4,3,1,7,0,False,1801800,715.0000000000001,9.09090909090909
0,4,3,1,6,1,False,10810800,858.0000000000001,8.181818181818182
0,4,3,1,5,2,False,27027000,1001.0000000000001,6.363636363636363
0,4,3,1,4,3,False,36036000,1010.5333333333334,6.363636363636363
0,4,3,1,3,4,False,27027000,962.8666666666669,7.2727272727272725
0,4,3,1,2,5,False,10810800,858.0000000000001,8.181818181818182
0,4,3,1,1,6,False,1801800,695.9333333333334,9.09090909090909
0,4,3,0,8,0,False,225225,650.0,10.0
0,4,3,0,7,1,False,1576575,780.0,9.0
0,4,3,0,6,2,False,4729725,910.0,7.0
0,4,3,0,5,3,False,7882875,1040.0,7.0
0,4,3,0,4,4,False,7882875,1022.6666666666667,7.0
0,4,3,0,3,5,False,4729725,953.3333333333334,7.0
0,4,3,0,2,6,False,1576575,832.0,8.0
0,4,3,0,1,7,False,225225,658.6666666666666,10.0
0,4,2,9,0,0,False,75075,760.0,8.421052631578947
0,4,2,8,1,0,False,675675,792.0000000000001,8.333333333333334
0,4,2,7,2,0,False,2702700,816.0000000000001,8.235294117647058
0,4,2,7,1,1,False,2702700,788.8000000000001,8.235294117647058
0,4,2,6,3,0,False,6306300,832.0,8.125
0,4,2,6,2,1,False,12612600,844.8000000000001,7.5
0,4,2,6,1,2,False,6306300,780.8,8.125
0,4,2,5,4,0,False,9459450,840.0,8.0
0,4,2,5,3,1,False,28378350,888.0,7.333333333333333
0,4,2,5,2,2,False,28378350,863.9999999999998,7.333333333333333
0,4,2,5,1,3,False,9459450,768.0,8.666666666666666
0,4,2,4,5,0,False,9459450,840.0,7.857142857142858
0,4,2,4,4,1,False,37837800,918.4,7.142857142857143
0,4,2,4,3,2,False,56756700,929.5999999999999,7.142857142857143
0,4,2,4,2,3,False,37837800,873.5999999999999,7.857142857142858
0,4,2,4,1,4,False,9459450,750.4,8.571428571428571
0,4,2,3,6,0,False,6306300,780.0,8.461538461538462
0,4,2,3,5,1,False,31531500,936.0,6.9230769230769225
0,4,2,3,4,2,False,63063000,977.6,6.9230769230769225
0,4,2,3,3,3,False,63063000,956.8000000000001,6.9230769230769225
0,4,2,3,2,4,False,31531500,873.6,7.692307692307692
0,4,2,3,1,5,False,6306300,728.0,9.23076923076923
0,4,2,2,7,0,False,2702700,720.0,9.166666666666668
0,4,2,2,6,1,False,16216200,864.0,7.5
0,4,2,2,5,2,False,40540500,1008.0,6.666666666666667
0,4,2,2,4,3,False,54054000,1017.5999999999999,6.666666666666667
0,4,2,2,3,4,False,40540500,969.6000000000001,6.666666666666667
0,4,2,2,2,5,False,16216200,864.0,7.5
0,4,2,2,1,6,False,2702700,700.7999999999998,9.166666666666668
0,4,2,1,8,0,False,675675,660.0,10.0
0,4,2,1,7,1,False,4729725,792.0000000000001,8.181818181818182
0,4,2,1,6,2,False,14189175,924.0000000000001,7.2727272727272725
0,4,2,1,5,3,False,23648625,1056.0,6.363636363636363
0,4,2,1,4,4,False,23648625,1038.4000000000003,6.363636363636363
0,4,2,1,3,5,False,14189175,968.0000000000002,7.2727272727272725
0,4,2,1,2,6,False,4729725,844.8,8.181818181818182
0,4,2,1,1,7,False,675675,668.8000000000001,10.0
0,4,2,0,9,0,False,75075,600.0,11.0
0,4,2,0,8,1,False,600600,720.0,9.0
0,4,2,0,7,2,False,2102100,840.0,8.0
0,4,2,0,6,3,False,4204200,960.0,7.0
0,4,2,0,5,4,False,5255250,1080.0,6.0
0,4,2,0,4,5,False,4204200,1040.0,7.0
0,4,2,0,3,6,False,2102100,951.9999999999999,7.0
0,4,2,0,2,7,False,600600,816.0,8.0
0,4,2,0,1,8,False,75075,632.0,10.0
0,4,1,10,0,0,False,15015,733.3333333333334,9.0
0,4,1,9,1,0,False,150150,766.3333333333335,8.421052631578947
0,4,1,8,2,0,False,675675,792.0000000000001,8.333333333333334
0,4,1,8,1,1,False,675675,765.6000000000001,8.333333333333334
0,4,1,7,3,0,False,1801800,810.3333333333336,8.235294117647058
0,4,1,7,2,1,False,3603600,822.8000000000002,7.647058823529411
0,4,1,7,1,2,False,1801800,760.4666666666668,8.235294117647058
0,4,1,6,4,0,False,3153150,821.3333333333333,8.125
0,4,1,6,3,1,False,9459450,868.2666666666669,7.5
0,4,1,6,2,2,False,9459450,844.8000000000002,7.5
0,4,1,6,1,3,False,3153150,750.9333333333334,8.75
0,4,1,5,5,0,False,3783780,825.0000000000002,8.0
0,4,1,5,4,1,False,15135120,902.0,7.333333333333333
0,4,1,5,3,2,False,22702680,913.0000000000001,7.333333333333333
0,4,1,5,2,3,False,15135120,858.0000000000002,7.333333333333333
0,4,1,5,1,4,False,3783780,737.0,8.666666666666666
0,4,1,4,6,0,False,3153150,770.0000000000001,8.571428571428571
0,4,1,4,5,1,False,15765750,924.0000000000001,7.142857142857143
0,4,1,4,4,2,False,31531500,965.0666666666668,7.142857142857143
0,4,1,4,3,3,False,31531500,944.5333333333334,7.142857142857143
0,4,1,4,2,4,False,15765750,862.4000000000001,7.857142857142858
0,4,1,4,1,5,False,3153150,718.6666666666665,9.285714285714286
0,4,1,3,7,0,False,1801800,715.0000000000002,9.23076923076923
0,4,1,3,6,1,False,10810800,858.0000000000002,7.692307692307692
0,4,1,3,5,2,False,27027000,1001.0000000000002,6.9230769230769225
0,4,1,3,4,3,False,36036000,1010.5333333333335,6.9230769230769225
0,4,1,3,3,4,False,27027000,962.8666666666669,6.9230769230769225
0,4,1,3,2,5,False,10810800,858.0000000000002,7.692307692307692
0,4,1,3,1,6,False,1801800,695.9333333333334,9.23076923076923
0,4,1,2,8,0,False,675675,660.0000000000001,10.0
0,4,1,2,7,1,False,4729725,792.0000000000001,8.333333333333334
0,4,1,2,6,2,False,14189175,924.0000000000001,7.5
0,4,1,2,5,3,False,23648625,1056.0,6.666666666666667
0,4,1,2,4,4,False,23648625,1038.4,6.666666666666667
0,4,1,2,3,5,False,14189175,968.0000000000002,6.666666666666667
0,4,1,2,2,6,False,4729725,844.8,7.5
0,4,1,2,1,7,False,675675,668.8000000000001,10.0
0,4,1,1,9,0,False,150150,605.0000000000002,10.909090909090908
0,4,1,1,8,1,False,1201200,726.0000000000002,9.09090909090909
0,4,1,1,7,2,False,4204200,847.0000000000002,8.181818181818182
0,4,1,1,6,3,False,8408400,968.0000000000002,7.2727272727272725
0,4,1,1,5,4,False,10510500,1089.0000000000002,6.363636363636363
0,4,1,1,4,5,False,8408400,1048.666666666667,6.363636363636363
0,4,1,1,3,6,False,4204200,959.9333333333334,7.2727272727272725
0,4,1,1,2,7,False,1201200,822.8000000000001,8.181818181818182
0,4,1,1,1,8,False,150150,637.2666666666668,10.0
0,4,1,0,10,0,False,15015,550.0000000000001,12.0
0,4,1,0,9,1,False,135135,660.0000000000001,10.0
0,4,1,0,8,2,False,540540,770.0000000000001,9.0
0,4,1,0,7,3,False,1261260,880.0000000000001,8.0
0,4,1,0,6,4,False,1891890,990.0000000000001,7.0
0,4,1,0,5,5,False,1891890,1100.0000000000002,6.0
0,4,1,0,4,6,False,1261260,1041.3333333333333,7.0
0,4,1,0,3,7,False,540540,938.666666666667,7.0
0,4,1,0,2,8,False,135135,792.0000000000001,8.0
0,4,1,0,1,9,False,15015,601.3333333333334,11.0
0,4,0,11,0,0,False,1365,700.0,9.047619047619047
0,4,0,10,1,0,False,15015,733.3333333333334,9.0
0,4,0,9,2,0,False,75075,760.0,8.421052631578947
0,4,0,9,1,1,False,75075,734.6666666666666,8.947368421052632
0,4,0,8,3,0,False,225225,780.0,8.333333333333334
0,4,0,8,2,1,False,450450,792.0,8.333333333333334
0,4,0,8,1,2,False,225225,732.0,8.88888888888889
0,4,0,7,4,0,False,450450,793.3333333333333,8.235294117647058
0,4,0,7,3,1,False,1351350,838.6666666666667,7.647058823529411
0,4,0,7,2,2,False,1351350,816.0000000000001,8.235294117647058
0,4,0,7,1,3,False,450450,725.3333333333334,8.823529411764705
0,4,0,6,5,0,False,630630,800.0,8.125
0,4,0,6,4,1,False,2522520,874.6666666666666,7.5
0,4,0,6,3,2,False,3783780,885.3333333333333,7.5
0,4,0,6,2,3,False,2522520,832.0,8.125
0,4,0,6,1,4,False,630630,714.6666666666666,8.75
0,4,0,5,6,0,False,630630,750.0,8.666666666666666
0,4,0,5,5,1,False,3153150,900.0,7.333333333333333
0,4,0,5,4,2,False,6306300,940.0,6.666666666666667
0,4,0,5,3,3,False,6306300,919.9999999999999,7.333333333333333
0,4,0,5,2,4,False,3153150,840.0,8.0
0,4,0,5,1,5,False,630630,699.9999999999999,9.333333333333334
0,4,0,4,7,0,False,450450,700.0,9.285714285714286
0,4,0,4,6,1,False,2702700,840.0,7.857142857142858
0,4,0,4,5,2,False,6756750,979.9999999999999,6.428571428571429
0,4,0,4,4,3,False,9009000,989.3333333333333,6.428571428571429
0,4,0,4,3,4,False,6756750,942.6666666666666,7.142857142857143
0,4,0,4,2,5,False,2702700,840.0,7.857142857142858
0,4,0,4,1,6,False,450450,681.3333333333333,9.285714285714286
0,4,0,3,8,0,False,225225,650.0,10.0
0,4,0,3,7,1,False,1576575,780.0,8.461538461538462
0,4,0,3,6,2,False,4729725,910.0,6.9230769230769225
0,4,0,3,5,3,False,7882875,1040.0,6.153846153846153
0,4,0,3,4,4,False,7882875,1022.6666666666669,6.153846153846153
0,4,0,3,3,5,False,4729725,953.3333333333334,6.9230769230769225
0,4,0,3,2,6,False,1576575,832.0,7.692307692307692
0,4,0,3,1,7,False,225225,658.6666666666666,10.0
0,4,0,2,9,0,False,75075,600.0,10.833333333333334
0,4,0,2,8,1,False,600600,720.0,9.166666666666668
0,4,0,2,7,2,False,2102100,840.0,7.5
0,4,0,2,6,3,False,4204200,960.0,6.666666666666667
0,4,0,2,5,4,False,5255250,1080.0,5.833333333333334
0,4,0,2,4,5,False,4204200,1040.0,6.666666666666667
0,4,0,2,3,6,False,2102100,951.9999999999999,6.666666666666667
0,4,0,2,2,7,False,600600,816.0,8.333333333333334
0,4,0,2,1,8,False,75075,631.9999999999999,10.0
0,4,0,1,10,0,False,15015,550.0,11.818181818181817
0,4,0,1,9,1,False,135135,660.0,10.0
0,4,0,1,8,2,False,540540,770.0000000000001,8.181818181818182
0,4,0,1,7,3,False,1261260,880.0000000000001,7.2727272727272725
0,4,0,1,6,4,False,1891890,990.0000000000002,6.363636363636363
0,4,0,1,5,5,False,1891890,1100.0,6.363636363636363
0,4,0,1,4,6,False,1261260,1041.3333333333335,6.363636363636363
0,4,0,1,3,7,False,540540,938.6666666666669,7.2727272727272725
0,4,0,1,2,8,False,135135,792.0000000000001,8.181818181818182
0,4,0,1,1,9,False,15015,601.3333333333334,10.909090909090908
0,4,0,0,11,0,False,1365,500.0,13.0
0,4,0,0,10,1,False,13650,600.0,11.0
0,4,0,0,9,2,False,61425,700.0,9.0
0,4,0,0,8,3,False,163800,800.0,8.0
0,4,0,0,7,4,False,286650,900.0000000000001,7.0
0,4,0,0,6,5,False,343980,1000.0,7.0
0,4,0,0,5,6,False,286650,1100.0,6.0
0,4,0,0,4,7,False,163800,1026.6666666666665,7.0
0,4,0,0,3,8,False,61425,913.3333333333334,7.0
0,4,0,0,2,9,False,13650,759.9999999999999,9.0
0,4,0,0,1,10,False,1365,566.6666666666667,12.0
0,3,12,0,0,0,False,455,602.3809523809523,11.0
0,3,11,1,0,0,False,5460,632.5,10.0
0,3,11,0,1,0,False,5460,632.5,10.0
0,3,10,2,0,0,False,30030,657.1428571428571,10.0
0,3,10,1,1,0,False,60060,662.6190476190476,10.0
0,3,10,0,2,0,False,30030,657.1428571428571,10.0
0,3,10,0,1,1,False,30030,635.2380952380953,10.0
0,3,9,3,0,0,False,100100,676.3095238095237,10.0
0,3,9,2,1,0,False,300300,686.7142857142857,9.166666666666668
0,3,9,1,2,0,False,300300,686.7142857142857,10.0
0,3,9,1,1,1,False,300300,663.8238095238096,10.0
0,3,9,0,3,0,False,100100,676.3095238095237,10.0
0,3,9,0,2,1,False,200200,686.7142857142858,10.0
0,3,9,0,1,2,False,100100,634.6904761904761,10.0
0,3,8,4,0,0,False,225225,689.9999999999999,9.285714285714286
0,3,8,3,1,0,False,900900,704.7857142857142,9.23076923076923
0,3,8,2,2,0,False,1351350,709.7142857142857,9.166666666666668
0,3,8,2,1,1,False,1351350,686.0571428571429,9.166666666666668
0,3,8,1,3,0,False,900900,704.7857142857143,9.09090909090909
0,3,8,1,2,1,False,1801800,715.6285714285715,9.09090909090909
0,3,8,1,1,2,False,900900,661.4142857142857,10.0
0,3,8,0,4,0,False,225225,690.0,10.0
0,3,8,0,3,1,False,675675,729.4285714285713,9.0
0,3,8,0,2,2,False,675675,709.7142857142857,9.0
0,3,8,0,1,3,False,225225,630.8571428571428,10.0
0,3,7,5,0,0,False,360360,698.2142857142858,9.333333333333334
0,3,7,4,1,0,False,1801800,716.8333333333335,9.285714285714286
0,3,7,3,2,0,False,3603600,726.1428571428571,9.23076923076923
0,3,7,3,1,1,False,3603600,701.9380952380955,9.23076923076923
0,3,7,2,3,0,False,3603600,726.1428571428572,9.166666666666668
0,3,7,2,2,1,False,7207200,737.3142857142857,9.166666666666668
0,3,7,2,1,2,False,3603600,681.4571428571429,10.0
0,3,7,1,4,0,False,1801800,716.8333333333334,9.09090909090909
0,3,7,1,3,1,False,5405400,757.7952380952382,9.09090909090909
0,3,7,1,2,2,False,5405400,737.3142857142858,9.09090909090909
0,3,7,1,1,3,False,1801800,655.3904761904763,10.0
0,3,7,0,5,0,False,360360,698.2142857142858,9.0
0,3,7,0,4,1,False,1441440,763.3809523809525,9.0
0,3,7,0,3,2,False,2162160,772.6904761904763,9.0
0,3,7,0,2,3,False,1441440,726.1428571428572,9.0
0,3,7,0,1,4,False,360360,623.7380952380953,11.0
0,3,6,6,0,0,False,420420,700.952380952381,9.375
0,3,6,5,1,0,False,2522520,722.8571428571429,8.666666666666666
0,3,6,4,2,0,False,6306300,735.9999999999999,8.571428571428571
0,3,6,4,1,1,False,6306300,711.4666666666667,9.285714285714286
0,3,6,3,3,0,False,8408400,740.3809523809524,8.461538461538462
0,3,6,3,2,1,False,16816800,751.7714285714287,8.461538461538462
0,3,6,3,1,2,False,8408400,694.8190476190475,9.23076923076923
0,3,6,2,4,0,False,6306300,735.9999999999999,9.166666666666668
0,3,6,2,3,1,False,18918900,778.0571428571427,8.333333333333334
0,3,6,2,2,2,False,18918900,757.0285714285714,8.333333333333334
0,3,6,2,1,3,False,6306300,672.9142857142857,10.0
0,3,6,1,5,0,False,2522520,722.8571428571429,9.09090909090909
0,3,6,1,4,1,False,10090080,790.3238095238096,8.181818181818182
0,3,6,1,3,2,False,15135120,799.9619047619047,8.181818181818182
0,3,6,1,2,3,False,10090080,751.7714285714286,9.09090909090909
0,3,6,1,1,4,False,2522520,645.7523809523811,10.0
0,3,6,0,6,0,False,420420,657.1428571428571,10.0
0,3,6,0,5,1,False,2102100,788.5714285714286,8.0
0,3,6,0,4,2,False,4204200,823.6190476190476,8.0
0,3,6,0,3,3,False,4204200,806.0952380952382,8.0
0,3,6,0,2,4,False,2102100,736.0,9.0
0,3,6,0,1,5,False,420420,613.3333333333333,11.0
0,3,5,7,0,0,False,360360,698.2142857142857,9.411764705882351
0,3,5,6,1,0,False,2522520,722.857142857143,8.75
0,3,5,5,2,0,False,7567560,739.2857142857142,8.666666666666666
0,3,5,5,1,1,False,7567560,714.6428571428571,9.333333333333334
0,3,5,4,3,0,False,12612600,747.5,8.571428571428571
0,3,5,4,2,1,False,25225200,758.9999999999999,8.571428571428571
0,3,5,4,1,2,False,12612600,701.4999999999999,9.285714285714286
0,3,5,3,4,0,False,12612600,747.5,8.461538461538462
0,3,5,3,3,1,False,37837800,790.2142857142857,8.461538461538462
0,3,5,3,2,2,False,37837800,768.8571428571429,8.461538461538462
0,3,5,3,1,3,False,12612600,683.4285714285714,9.23076923076923
0,3,5,2,5,0,False,7567560,739.2857142857142,9.166666666666668
0,3,5,2,4,1,False,30270240,808.2857142857142,8.333333333333334
0,3,5,2,3,2,False,45405360,818.1428571428572,8.333333333333334
0,3,5,2,2,3,False,30270240,768.8571428571428,8.333333333333334
0,3,5,2,1,4,False,7567560,660.4285714285713,10.0
0,3,5,1,6,0,False,2522520,677.6785714285714,10.0
0,3,5,1,5,1,False,12612600,813.2142857142857,8.181818181818182
0,3,5,1,4,2,False,25225200,849.3571428571429,8.181818181818182
0,3,5,1,3,3,False,25225200,831.2857142857143,8.181818181818182
0,3,5,1,2,4,False,12612600,759.0000000000002,9.09090909090909
0,3,5,1,1,5,False,2522520,632.5,10.0
0,3,5,0,7,0,False,360360,616.0714285714286,11.0
0,3,5,0,6,1,False,2162160,739.2857142857142,9.0
0,3,5,0,5,2,False,5405400,862.5,8.0
0,3,5,0,4,3,False,7207200,870.7142857142857,8.0
0,3,5,0,3,4,False,5405400,829.6428571428573,8.0
0,3,5,0,2,5,False,2162160,739.2857142857142,9.0
0,3,5,0,1,6,False,360360,599.6428571428571,11.0
0,3,4,8,0,0,False,225225,690.0,9.444444444444445
0,3,4,7,1,0,False,1801800,716.8333333333335,8.823529411764705
0,3,4,6,2,0,False,6306300,736.0,8.75
0,3,4,6,1,1,False,6306300,711.4666666666667,9.375
0,3,4,5,3,0,False,12612600,747.5,8.666666666666666
0,3,4,5,2,1,False,25225200,759.0000000000001,8.666666666666666
0,3,4,5,1,2,False,12612600,701.5,9.333333333333334
0,3,4,4,4,0,False,15765750,751.3333333333333,8.571428571428571
0,3,4,4,3,1,False,47297250,794.2666666666667,8.571428571428571
0,3,4,4,2,2,False,47297250,772.8,8.571428571428571
0,3,4,4,1,3,False,15765750,686.9333333333333,9.285714285714286
0,3,4,3,5,0,False,12612600,747.5,8.461538461538462
0,3,4,3,4,1,False,50450400,817.2666666666667,7.692307692307692
0,3,4,3,3,2,False,75675600,827.2333333333335,7.692307692307692
0,3,4,3,2,3,False,50450400,777.4,8.461538461538462
0,3,4,3,1,4,False,12612600,667.7666666666667,10.0
0,3,4,2,6,0,False,6306300,690.0,9.166666666666668
0,3,4,2,5,1,False,31531500,828.0,8.333333333333334
0,3,4,2,4,2,False,63063000,864.8,7.5
0,3,4,2,3,3,False,63063000,846.4,7.5
0,3,4,2,2,4,False,31531500,772.8,8.333333333333334
0,3,4,2,1,5,False,6306300,643.9999999999999,10.0
0,3,4,1,7,0,False,1801800,632.5,10.0
0,3,4,1,6,1,False,10810800,759.0000000000001,9.09090909090909
0,3,4,1,5,2,False,27027000,885.5000000000001,7.2727272727272725
0,3,4,1,4,3,False,36036000,893.9333333333335,7.2727272727272725
0,3,4,1,3,4,False,27027000,851.7666666666669,8.181818181818182
0,3,4,1,2,5,False,10810800,759.0000000000001,9.09090909090909
0,3,4,1,1,6,False,1801800,615.6333333333333,10.909090909090908
0,3,4,0,8,0,False,225225,575.0,11.0
0,3,4,0,7,1,False,1576575,690.0,10.0
0,3,4,0,6,2,False,4729725,805.0,8.0
0,3,4,0,5,3,False,7882875,920.0,7.0
0,3,4,0,4,4,False,7882875,904.6666666666667,7.0
0,3,4,0,3,5,False,4729725,843.3333333333334,8.0
0,3,4,0,2,6,False,1576575,735.9999999999999,9.0
0,3,4,0,1,7,False,225225,582.6666666666666,11.0
0,3,3,9,0,0,False,100100,676.3095238095237,9.473684210526317
0,3,3,8,1,0,False,900900,704.7857142857143,8.88888888888889
0,3,3,7,2,0,False,3603600,726.1428571428571,8.823529411764705
0,3,3,7,1,1,False,3603600,701.9380952380953,9.411764705882351
0,3,3,6,3,0,False,8408400,740.3809523809524,8.75
0,3,3,6,2,1,False,16816800,751.7714285714286,8.75
0,3,3,6,1,2,False,8408400,694.8190476190475,9.375
0,3,3,5,4,0,False,12612600,747.5,8.666666666666666
0,3,3,5,3,1,False,37837800,790.2142857142856,8.0
0,3,3,5,2,2,False,37837800,768.8571428571427,8.666666666666666
0,3,3,5,1,3,False,12612600,683.4285714285714,9.333333333333334
0,3,3,4,5,0,False,12612600,747.5,8.571428571428571
0,3,3,4,4,1,False,50450400,817.2666666666667,7.857142857142858
0,3,3,4,3,2,False,75675600,827.2333333333333,7.857142857142858
0,3,3,4,2,3,False,50450400,777.4,8.571428571428571
0,3,3,4,1,4,False,12612600,667.7666666666667,10.0
0,3,3,3,6,0,False,8408400,694.1071428571429,9.23076923076923
0,3,3,3,5,1,False,42042000,832.9285714285714,7.692307692307692
0,3,3,3,4,2,False,84084000,869.9476190476191,7.692307692307692
0,3,3,3,3,3,False,84084000,851.4380952380952,7.692307692307692
0,3,3,3,2,4,False,42042000,777.4,8.461538461538462
0,3,3,3,1,5,False,8408400,647.8333333333334,10.0
0,3,3,2,7,0,False,3603600,640.7142857142857,10.0
0,3,3,2,6,1,False,21621600,768.8571428571428,8.333333333333334
0,3,3,2,5,2,False,54054000,897.0,7.5
0,3,3,2,4,3,False,72072000,905.5428571428571,7.5
0,3,3,2,3,4,False,54054000,862.8285714285715,7.5
0,3,3,2,2,5,False,21621600,768.8571428571428,8.333333333333334
0,3,3,2,1,6,False,3603600,623.6285714285714,10.833333333333334
0,3,3,1,8,0,False,900900,587.3214285714287,10.909090909090908
0,3,3,1,7,1,False,6306300,704.7857142857143,9.09090909090909
0,3,3,1,6,2,False,18918900,822.2500000000001,8.181818181818182
0,3,3,1,5,3,False,31531500,939.7142857142857,7.2727272727272725
0,3,3,1,4,4,False,31531500,924.052380952381,7.2727272727272725
0,3,3,1,3,5,False,18918900,861.404761904762,7.2727272727272725
0,3,3,1,2,6,False,6306300,751.7714285714286,9.09090909090909
0,3,3,1,1,7,False,900900,595.152380952381,10.909090909090908
0,3,3,0,9,0,False,100100,533.9285714285714,12.0
0,3,3,0,8,1,False,800800,640.7142857142857,10.0
0,3,3,0,7,2,False,2802800,747.5,9.0
0,3,3,0,6,3,False,5605600,854.2857142857142,8.0
0,3,3,0,5,4,False,7007000,961.0714285714287,7.0
0,3,3,0,4,5,False,5605600,925.4761904761905,7.0
0,3,3,0,3,6,False,2802800,847.1666666666666,8.0
0,3,3,0,2,7,False,800800,726.1428571428571,9.0
0,3,3,0,1,8,False,100100,562.4047619047618,12.0
0,3,2,10,0,0,False,30030,657.1428571428571,10.0
0,3,2,9,1,0,False,300300,686.7142857142857,9.473684210526317
0,3,2,8,2,0,False,1351350,709.7142857142857,8.88888888888889
0,3,2,8,1,1,False,1351350,686.0571428571429,9.444444444444445
0,3,2,7,3,0,False,3603600,726.1428571428571,8.823529411764705
0,3,2,7,2,1,False,7207200,737.3142857142858,8.823529411764705
0,3,2,7,1,2,False,3603600,681.4571428571429,9.411764705882351
0,3,2,6,4,0,False,6306300,736.0,8.75
0,3,2,6,3,1,False,18918900,778.0571428571428,8.125
0,3,2,6,2,2,False,18918900,757.0285714285714,8.75
0,3,2,6,1,3,False,6306300,672.9142857142857,9.375
0,3,2,5,5,0,False,7567560,739.2857142857142,8.666666666666666
0,3,2,5,4,1,False,30270240,808.2857142857143,8.0
0,3,2,5,3,2,False,45405360,818.1428571428571,8.0
0,3,2,5,2,3,False,30270240,768.8571428571429,8.666666666666666
0,3,2,5,1,4,False,7567560,660.4285714285714,10.0
0,3,2,4,6,0,False,6306300,689.9999999999999,9.285714285714286
0,3,2,4,5,1,False,31531500,828.0,7.857142857142858
0,3,2,4,4,2,False,63063000,864.7999999999998,7.857142857142858
0,3,2,4,3,3,False,63063000,846.4,7.857142857142858
0,3,2,4,2,4,False,31531500,772.8,8.571428571428571
0,3,2,4,1,5,False,6306300,643.9999999999999,10.0
0,3,2,3,7,0,False,3603600,640.7142857142857,10.0
0,3,2,3,6,1,False,21621600,768.8571428571429,8.461538461538462
0,3,2,3,5,2,False,54054000,897.0,7.692307692307692
0,3,2,3,4,3,False,72072000,905.5428571428573,6.9230769230769225
0,3,2,3,3,4,False,54054000,862.8285714285716,7.692307692307692
0,3,2,3,2,5,False,21621600,768.8571428571429,8.461538461538462
0,3,2,3,1,6,False,3603600,623.6285714285714,10.769230769230768
0,3,2,2,8,0,False,1351350,591.4285714285713,10.833333333333334
0,3,2,2,7,1,False,9459450,709.7142857142857,9.166666666666668
0,3,2,2,6,2,False,28378350,828.0,8.333333333333334
0,3,2,2,5,3,False,47297250,946.2857142857142,6.666666666666667
0,3,2,2,4,4,False,47297250,930.5142857142858,7.5
0,3,2,2,3,5,False,28378350,867.4285714285714,7.5
0,3,2,2,2,6,False,9459450,757.0285714285714,8.333333333333334
0,3,2,2,1,7,False,1351350,599.3142857142857,10.833333333333334
0,3,2,1,9,0,False,300300,542.1428571428571,11.818181818181817
0,3,2,1,8,1,False,2402400,650.5714285714287,10.0
0,3,2,1,7,2,False,8408400,759.0000000000001,9.09090909090909
0,3,2,1,6,3,False,16816800,867.4285714285714,7.2727272727272725
0,3,2,1,5,4,False,21021000,975.857142857143,7.2727272727272725
0,3,2,1,4,5,False,16816800,939.7142857142857,7.2727272727272725
0,3,2,1,3,6,False,8408400,860.1999999999999,7.2727272727272725
0,3,2,1,2,7,False,2402400,737.3142857142858,9.09090909090909
0,3,2,1,1,8,False,300300,571.0571428571428,11.818181818181817
0,3,2,0,10,0,False,30030,492.85714285714283,13.0
0,3,2,0,9,1,False,270270,591.4285714285714,11.0
0,3,2,0,8,2,False,1081080,690.0,10.0
0,3,2,0,7,3,False,2522520,788.5714285714286,8.0
0,3,2,0,6,4,False,3783780,887.1428571428572,8.0
0,3,2,0,5,5,False,3783780,985.7142857142857,7.0
0,3,2,0,4,6,False,2522520,933.142857142857,7.0
0,3,2,0,3,7,False,1081080,841.1428571428572,8.0
0,3,2,0,2,8,False,270270,709.7142857142857,9.0
0,3,2,0,1,9,False,30030,538.8571428571428,12.0
0,3,1,11,0,0,False,5460,632.4999999999999,10.0
0,3,1,10,1,0,False,60060,662.6190476190476,9.5
0,3,1,9,2,0,False,300300,686.7142857142856,9.473684210526317
0,3,1,9,1,1,False,300300,663.8238095238096,9.473684210526317
0,3,1,8,3,0,False,900900,704.7857142857143,8.88888888888889
0,3,1,8,2,1,False,1801800,715.6285714285715,8.88888888888889
0,3,1,8,1,2,False,900900,661.4142857142856,10.0
0,3,1,7,4,0,False,1801800,716.8333333333334,8.823529411764705
0,3,1,7,3,1,False,5405400,757.7952380952381,8.823529411764705
0,3,1,7,2,2,False,5405400,737.3142857142857,8.823529411764705
0,3,1,7,1,3,False,1801800,655.3904761904763,9.999999999999998
0,3,1,6,5,0,False,2522520,722.8571428571429,8.75
0,3,1,6,4,1,False,10090080,790.3238095238097,8.125
0,3,1,6,3,2,False,15135120,799.9619047619049,8.125
0,3,1,6,2,3,False,10090080,751.7714285714286,8.75
0,3,1,6,1,4,False,2522520,645.752380952381,10.0
0,3,1,5,6,0,False,2522520,677.6785714285714,9.333333333333334
0,3,1,5,5,1,False,12612600,813.2142857142857,8.0
0,3,1,5,4,2,False,25225200,849.3571428571429,8.0
0,3,1,5,3,3,False,25225200,831.2857142857142,8.0
0,3,1,5,2,4,False,12612600,759.0000000000001,8.666666666666666
0,3,1,5,1,5,False,2522520,632.5,10.0
0,3,1,4,7,0,False,1801800,632.5,10.0
0,3,1,4,6,1,False,10810800,758.9999999999999,8.571428571428571
0,3,1,4,5,2,False,27027000,885.5,7.142857142857143
0,3,1,4,4,3,False,36036000,893.9333333333333,7.142857142857143
0,3,1,4,3,4,False,27027000,851.7666666666668,7.857142857142858
0,3,1,4,2,5,False,10810800,758.9999999999999,8.571428571428571
0,3,1,4,1,6,False,1801800,615.6333333333332,10.714285714285715
0,3,1,3,8,0,False,900900,587.3214285714286,10.769230769230768
0,3,1,3,7,1,False,6306300,704.7857142857142,9.23076923076923
0,3,1,3,6,2,False,18918900,822.25,7.692307692307692
0,3,1,3,5,3,False,31531500,939.7142857142857,6.9230769230769225
0,3,1,3,4,4,False,31531500,924.052380952381,6.9230769230769225
0,3,1,3,3,5,False,18918900,861.4047619047619,7.692307692307692
0,3,1,3,2,6,False,6306300,751.7714285714285,8.461538461538462
0,3,1,3,1,7,False,900900,595.152380952381,10.769230769230768
0,3,1,2,9,0,False,300300,542.1428571428571,11.666666666666668
0,3,1,2,8,1,False,2402400,650.5714285714286,10.0
0,3,1,2,7,2,False,8408400,759.0,8.333333333333334
0,3,1,2,6,3,False,16816800,867.4285714285713,7.5
0,3,1,2,5,4,False,21021000,975.8571428571428,6.666666666666667
0,3,1,2,4,5,False,16816800,939.7142857142857,6.666666666666667
0,3,1,2,3,6,False,8408400,860.1999999999999,7.5
0,3,1,2,2,7,False,2402400,737.3142857142856,9.166666666666668
0,3,1,2,1,8,False,300300,571.0571428571428,11.666666666666668
0,3,1,1,10,0,False,60060,496.9642857142857,12.727272727272727
0,3,1,1,9,1,False,540540,596.3571428571429,10.909090909090908
0,3,1,1,8,2,False,2162160,695.75,9.09090909090909
0,3,1,1,7,3,False,5045040,795.1428571428571,8.181818181818182
0,3,1,1,6,4,False,7567560,894.5357142857143,7.2727272727272725
0,3,1,1,5,5,False,7567560,993.9285714285714,6.363636363636363
0,3,1,1,4,6,False,5045040,940.9190476190475,7.2727272727272725
0,3,1,1,3,7,False,2162160,848.1523809523811,8.181818181818182
0,3,1,1,2,8,False,540540,715.6285714285715,9.09090909090909
0,3,1,1,1,9,False,60060,543.347619047619,11.818181818181817
0,3,1,0,11,0,False,5460,451.7857142857143,14.0
0,3,1,0,10,1,False,54600,542.1428571428571,12.0
0,3,1,0,9,2,False,245700,632.5,10.0
0,3,1,0,8,3,False,655200,722.8571428571428,9.0
0,3,1,0,7,4,False,1146600,813.2142857142857,8.0
0,3,1,0,6,5,False,1375920,903.5714285714286,7.0
0,3,1,0,5,6,False,1146600,993.9285714285713,7.0
0,3,1,0,4,7,False,655200,927.6666666666666,7.0
0,3,1,0,3,8,False,245700,825.2619047619048,8.0
0,3,1,0,2,9,False,54600,686.7142857142857,10.0
0,3,1,0,1,10,False,5460,512.0238095238095,13.0
0,3,0,12,0,0,False,455,602.3809523809524,10.454545454545453
0,3,0,11,1,0,False,5460,632.4999999999999,10.0
0,3,0,10,2,0,False,30030,657.1428571428571,10.0
0,3,0,10,1,1,False,30030,635.2380952380953,10.0
0,3,0,9,3,0,False,100100,676.3095238095237,9.473684210526317
0,3,0,9,2,1,False,200200,686.7142857142856,9.473684210526317
0,3,0,9,1,2,False,100100,634.6904761904761,10.0
0,3,0,8,4,0,False,225225,690.0,9.444444444444445
0,3,0,8,3,1,False,675675,729.4285714285714,8.88888888888889
0,3,0,8,2,2,False,675675,709.7142857142857,8.88888888888889
0,3,0,8,1,3,False,225225,630.8571428571429,10.0
0,3,0,7,5,0,False,360360,698.2142857142857,9.411764705882351
0,3,0,7,4,1,False,1441440,763.3809523809525,8.235294117647058
0,3,0,7,3,2,False,2162160,772.6904761904764,8.235294117647058
0,3,0,7,2,3,False,1441440,726.1428571428571,8.823529411764705
0,3,0,7,1,4,False,360360,623.7380952380953,10.588235294117647
0,3,0,6,6,0,False,420420,657.1428571428571,10.0
0,3,0,6,5,1,False,2102100,788.5714285714286,8.125
0,3,0,6,4,2,False,4204200,823.6190476190476,8.125
0,3,0,6,3,3,False,4204200,806.0952380952381,8.125
0,3,0,6,2,4,False,2102100,736.0000000000001,8.75
0,3,0,6,1,5,False,420420,613.3333333333334,10.625
0,3,0,5,7,0,False,360360,616.0714285714284,10.666666666666666
0,3,0,5,6,1,False,2162160,739.2857142857142,8.666666666666666
0,3,0,5,5,2,False,5405400,862.5,7.333333333333333
0,3,0,5,4,3,False,7207200,870.7142857142858,7.333333333333333
0,3,0,5,3,4,False,5405400,829.6428571428573,8.0
0,3,0,5,2,5,False,2162160,739.2857142857142,8.666666666666666
0,3,0,5,1,6,False,360360,599.6428571428571,10.666666666666666
0,3,0,4,8,0,False,225225,574.9999999999999,11.428571428571429
0,3,0,4,7,1,False,1576575,689.9999999999999,9.285714285714286
0,3,0,4,6,2,False,4729725,805.0,7.857142857142858
0,3,0,4,5,3,False,7882875,919.9999999999999,7.142857142857143
0,3,0,4,4,4,False,7882875,904.6666666666667,7.142857142857143
0,3,0,4,3,5,False,4729725,843.3333333333331,7.857142857142858
0,3,0,4,2,6,False,1576575,735.9999999999999,8.571428571428571
0,3,0,4,1,7,False,225225,582.6666666666665,11.428571428571429
0,3,0,3,9,0,False,100100,533.9285714285713,12.307692307692307
0,3,0,3,8,1,False,800800,640.7142857142857,10.0
0,3,0,3,7,2,False,2802800,747.5,8.461538461538462
0,3,0,3,6,3,False,5605600,854.2857142857142,7.692307692307692
0,3,0,3,5,4,False,7007000,961.0714285714286,6.9230769230769225
0,3,0,3,4,5,False,5605600,925.4761904761904,6.9230769230769225
0,3,0,3,3,6,False,2802800,847.1666666666666,7.692307692307692
0,3,0,3,2,7,False,800800,726.1428571428571,9.23076923076923
0,3,0,3,1,8,False,100100,562.4047619047619,11.538461538461538
0,3,0,2,10,0,False,30030,492.8571428571428,13.333333333333334
0,3,0,2,9,1,False,270270,591.4285714285713,10.833333333333334
0,3,0,2,8,2,False,1081080,690.0,9.166666666666668
0,3,0,2,7,3,False,2522520,788.5714285714286,8.333333333333334
0,3,0,2,6,4,False,3783780,887.142857142857,7.5
0,3,0,2,5,5,False,3783780,985.7142857142856,6.666666666666667
0,3,0,2,4,6,False,2522520,933.1428571428571,7.5
0,3,0,2,3,7,False,1081080,841.1428571428572,7.5
0,3,0,2,2,8,False,270270,709.7142857142857,9.166666666666668
0,3,0,2,1,9,False,30030,538.8571428571428,11.666666666666668
0,3,0,1,11,0,False,5460,451.7857142857143,14.545454545454545
0,3,0,1,10,1,False,54600,542.1428571428571,11.818181818181817
0,3,0,1,9,2,False,245700,632.5,10.0
0,3,0,1,8,3,False,655200,722.8571428571429,9.09090909090909
0,3,0,1,7,4,False,1146600,813.2142857142857,8.181818181818182
0,3,0,1,6,5,False,1375920,903.5714285714286,7.2727272727272725
0,3,0,1,5,6,False,1146600,993.9285714285714,6.363636363636363
0,3,0,1,4,7,False,655200,927.6666666666666,7.2727272727272725
0,3,0,1,3,8,False,245700,825.2619047619049,8.181818181818182
0,3,0,1,2,9,False,54600,686.7142857142857,10.0
0,3,0,1,1,10,False,5460,512.0238095238095,12.727272727272727
0,3,0,0,12,0,False,455,410.71428571428567,16.0
0,3,0,0,11,1,False,5005,492.85714285714283,13.0
0,3,0,0,10,2,False,25025,575.0,11.0
0,3,0,0,9,3,False,75075,657.1428571428571,10.0
0,3,0,0,8,4,False,150150,739.2857142857142,9.0
0,3,0,0,7,5,False,210210,821.4285714285713,8.0
0,3,0,0,6,6,False,210210,903.5714285714286,7.0
0,3,0,0,5,7,False,150150,985.7142857142857,7.0
0,3,0,0,4,8,False,75075,909.047619047619,7.0
0,3,0,0,3,9,False,25025,799.5238095238095,8.0
0,3,0,0,2,10,False,5005,657.1428571428572,10.0
0,3,0,0,1,11,False,455,481.90476190476187,13.0
0,2,13,0,0,0,False,105,492.85714285714283,13.0
0,2,12,1,0,0,False,1365,518.5714285714287,12.727272727272727
0,2,12,0,1,0,False,1365,518.5714285714287,13.0
0,2,11,2,0,0,False,8190,540.0,11.666666666666668
0,2,11,1,1,0,False,16380,544.5,11.818181818181817
0,2,11,0,2,0,False,8190,540.0,12.0
0,2,11,0,1,1,False,8190,522.0,12.0
0,2,10,3,0,0,False,30030,557.1428571428571,11.538461538461538
0,2,10,2,1,0,False,90090,565.7142857142857,11.666666666666668
0,2,10,1,2,0,False,90090,565.7142857142857,11.818181818181817
0,2,10,1,1,1,False,90090,546.857142857143,11.818181818181817
0,2,10,0,3,0,False,30030,557.1428571428571,12.0
0,2,10,0,2,1,False,60060,565.7142857142857,12.0
0,2,10,0,1,2,False,30030,522.8571428571428,12.0
0,2,9,4,0,0,False,75075,569.9999999999999,11.428571428571429
0,2,9,3,1,0,False,300300,582.2142857142858,10.769230769230768
0,2,9,2,2,0,False,450450,586.2857142857142,10.833333333333334
0,2,9,2,1,1,False,450450,566.7428571428571,11.666666666666668
0,2,9,1,3,0,False,300300,582.2142857142857,10.909090909090908
0,2,9,1,2,1,False,600600,591.1714285714287,10.909090909090908
0,2,9,1,1,2,False,300300,546.3857142857142,11.818181818181817
0,2,9,0,4,0,False,75075,570.0,11.0
0,2,9,0,3,1,False,225225,602.5714285714286,11.0
0,2,9,0,2,2,False,225225,586.2857142857142,11.0
0,2,9,0,1,3,False,75075,521.1428571428571,12.0
0,2,8,5,0,0,False,135135,578.5714285714284,11.333333333333334
0,2,8,4,1,0,False,675675,594.0,10.714285714285715
0,2,8,3,2,0,False,1351350,601.7142857142857,10.769230769230768
0,2,8,3,1,1,False,1351350,581.6571428571428,10.769230769230768
0,2,8,2,3,0,False,1351350,601.7142857142857,10.833333333333334
0,2,8,2,2,1,False,2702700,610.9714285714285,10.833333333333334
0,2,8,2,1,2,False,1351350,564.6857142857142,11.666666666666668
0,2,8,1,4,0,False,675675,594.0,10.909090909090908
0,2,8,1,3,1,False,2027025,627.9428571428571,10.0
0,2,8,1,2,2,False,2027025,610.9714285714285,10.909090909090908
0,2,8,1,1,3,False,675675,543.0857142857143,11.818181818181817
0,2,8,0,5,0,False,135135,578.5714285714286,11.0
0,2,8,0,4,1,False,540540,632.5714285714286,10.0
0,2,8,0,3,2,False,810810,640.2857142857143,10.0
0,2,8,0,2,3,False,540540,601.7142857142858,11.0
0,2,8,0,1,4,False,135135,516.8571428571429,13.0
0,2,7,6,0,0,False,180180,582.857142857143,11.25
0,2,7,5,1,0,False,1081080,601.0714285714287,10.666666666666666
0,2,7,4,2,0,False,2702700,612.0,10.714285714285715
0,2,7,4,1,1,False,2702700,591.6000000000001,10.714285714285715
0,2,7,3,3,0,False,3603600,615.6428571428573,10.769230769230768
0,2,7,3,2,1,False,7207200,625.1142857142858,10.0
0,2,7,3,1,2,False,3603600,577.7571428571429,11.538461538461538
0,2,7,2,4,0,False,2702700,612.0,10.833333333333334
0,2,7,2,3,1,False,8108100,646.9714285714285,10.0
0,2,7,2,2,2,False,8108100,629.4857142857143,10.0
0,2,7,2,1,3,False,2702700,559.5428571428572,11.666666666666668
0,2,7,1,5,0,False,1081080,601.0714285714288,10.909090909090908
0,2,7,1,4,1,False,4324320,657.1714285714288,10.0
0,2,7,1,3,2,False,6486480,665.1857142857144,10.0
0,2,7,1,2,3,False,4324320,625.114285714286,10.0
0,2,7,1,1,4,False,1081080,536.9571428571429,11.818181818181817
0,2,7,0,6,0,False,180180,546.4285714285716,12.0
0,2,7,0,5,1,False,900900,655.7142857142858,10.0
0,2,7,0,4,2,False,1801800,684.857142857143,10.0
0,2,7,0,3,3,False,1801800,670.2857142857144,10.0
0,2,7,0,2,4,False,900900,612.0000000000001,11.0
0,2,7,0,1,5,False,180180,510.0,13.0
0,2,6,7,0,0,False,180180,582.8571428571429,11.176470588235293
0,2,6,6,1,0,False,1261260,603.4285714285714,10.625
0,2,6,5,2,0,False,3783780,617.1428571428571,10.666666666666666
0,2,6,5,1,1,False,3783780,596.5714285714286,10.666666666666666
0,2,6,4,3,0,False,6306300,623.9999999999999,10.714285714285715
0,2,6,4,2,1,False,12612600,633.6,10.0
0,2,6,4,1,2,False,6306300,585.5999999999999,10.714285714285715
0,2,6,3,4,0,False,6306300,624.0,10.769230769230768
0,2,6,3,3,1,False,18918900,659.6571428571427,10.0
0,2,6,3,2,2,False,18918900,641.8285714285714,10.0
0,2,6,3,1,3,False,6306300,570.5142857142857,11.538461538461538
0,2,6,2,5,0,False,3783780,617.142857142857,10.833333333333334
0,2,6,2,4,1,False,15135120,674.7428571428571,10.0
0,2,6,2,3,2,False,22702680,682.9714285714285,9.166666666666668
0,2,6,2,2,3,False,15135120,641.8285714285714,10.0
0,2,6,2,1,4,False,3783780,551.3142857142857,11.666666666666668
0,2,6,1,6,0,False,1261260,565.7142857142857,11.818181818181817
0,2,6,1,5,1,False,6306300,678.8571428571429,10.0
0,2,6,1,4,2,False,12612600,709.0285714285715,9.09090909090909
0,2,6,1,3,3,False,12612600,693.9428571428571,9.09090909090909
0,2,6,1,2,4,False,6306300,633.6,10.0
0,2,6,1,1,5,False,1261260,528.0,12.727272727272727
0,2,6,0,7,0,False,180180,514.2857142857142,13.0
0,2,6,0,6,1,False,1081080,617.1428571428571,11.0
0,2,6,0,5,2,False,2702700,720.0,9.0
0,2,6,0,4,3,False,3603600,726.8571428571429,9.0
0,2,6,0,3,4,False,2702700,692.5714285714287,10.0
0,2,6,0,2,5,False,1081080,617.1428571428571,11.0
0,2,6,0,1,6,False,180180,500.57142857142856,13.0
0,2,5,8,0,0,False,135135,578.5714285714286,11.11111111111111
0,2,5,7,1,0,False,1081080,601.0714285714287,10.588235294117647
0,2,5,6,2,0,False,3783780,617.1428571428571,10.625
0,2,5,6,1,1,False,3783780,596.5714285714287,10.625
0,2,5,5,3,0,False,7567560,626.7857142857142,10.0
0,2,5,5,2,1,False,15135120,636.4285714285714,10.0
0,2,5,5,1,2,False,7567560,588.2142857142857,10.666666666666666
0,2,5,4,4,0,False,9459450,629.9999999999999,10.0
0,2,5,4,3,1,False,28378350,665.9999999999999,10.0
0,2,5,4,2,2,False,28378350,647.9999999999999,10.0
0,2,5,4,1,3,False,9459450,575.9999999999999,11.428571428571429
0,2,5,3,5,0,False,7567560,626.7857142857142,10.0
0,2,5,3,4,1,False,30270240,685.2857142857142,9.23076923076923
0,2,5,3,3,2,False,45405360,693.6428571428571,9.23076923076923
0,2,5,3,2,3,False,30270240,651.8571428571428,10.0
0,2,5,3,1,4,False,7567560,559.9285714285713,11.538461538461538
0,2,5,2,6,0,False,3783780,578.5714285714286,10.833333333333334
0,2,5,2,5,1,False,18918900,694.2857142857142,9.166666666666668
0,2,5,2,4,2,False,37837800,725.142857142857,9.166666666666668
0,2,5,2,3,3,False,37837800,709.7142857142857,9.166666666666668
0,2,5,2,2,4,False,18918900,648.0,10.0
0,2,5,2,1,5,False,3783780,539.9999999999999,11.666666666666668
0,2,5,1,7,0,False,1081080,530.3571428571429,11.818181818181817
0,2,5,1,6,1,False,6486480,636.4285714285714,10.0
0,2,5,1,5,2,False,16216200,742.5000000000001,9.09090909090909
0,2,5,1,4,3,False,21621600,749.5714285714287,9.09090909090909
0,2,5,1,3,4,False,16216200,714.2142857142858,9.09090909090909
0,2,5,1,2,5,False,6486480,636.4285714285714,10.0
0,2,5,1,1,6,False,1081080,516.2142857142858,12.727272727272727
0,2,5,0,8,0,False,135135,482.1428571428571,13.0
0,2,5,0,7,1,False,945945,578.5714285714286,11.0
0,2,5,0,6,2,False,2837835,675.0,10.0
0,2,5,0,5,3,False,4729725,771.4285714285713,9.0
0,2,5,0,4,4,False,4729725,758.5714285714287,9.0
0,2,5,0,3,5,False,2837835,707.1428571428572,9.0
0,2,5,0,2,6,False,945945,617.1428571428571,11.0
0,2,5,0,1,7,False,135135,488.57142857142856,13.0
0,2,4,9,0,0,False,75075,570.0,11.052631578947368
0,2,4,8,1,0,False,675675,594.0,10.555555555555555
0,2,4,7,2,0,False,2702700,612.0000000000001,10.588235294117647
0,2,4,7,1,1,False,2702700,591.6,10.588235294117647
0,2,4,6,3,0,False,6306300,624.0,10.625
0,2,4,6,2,1,False,12612600,633.6,10.0
0,2,4,6,1,2,False,6306300,585.6,11.25
0,2,4,5,4,0,False,9459450,630.0,10.0
0,2,4,5,3,1,False,28378350,665.9999999999999,10.0
0,2,4,5,2,2,False,28378350,647.9999999999999,10.0
0,2,4,5,1,3,False,9459450,575.9999999999999,11.333333333333334
0,2,4,4,5,0,False,9459450,630.0,10.0
0,2,4,4,4,1,False,37837800,688.8,9.285714285714286
0,2,4,4,3,2,False,56756700,697.2,9.285714285714286
0,2,4,4,2,3,False,37837800,655.1999999999999,10.0
0,2,4,4,1,4,False,9459450,562.8,11.428571428571429
0,2,4,3,6,0,False,6306300,585.0,10.769230769230768
0,2,4,3,5,1,False,31531500,702.0,9.23076923076923
0,2,4,3,4,2,False,63063000,733.2,9.23076923076923
0,2,4,3,3,3,False,63063000,717.6,9.23076923076923
0,2,4,3,2,4,False,31531500,655.2,10.0
0,2,4,3,1,5,False,6306300,546.0,11.538461538461538
0,2,4,2,7,0,False,2702700,540.0,11.666666666666668
0,2,4,2,6,1,False,16216200,648.0,10.0
0,2,4,2,5,2,False,40540500,756.0,8.333333333333334
0,2,4,2,4,3,False,54054000,763.1999999999999,8.333333333333334
0,2,4,2,3,4,False,40540500,727.2000000000002,9.166666666666668
0,2,4,2,2,5,False,16216200,648.0,10.0
0,2,4,2,1,6,False,2702700,525.5999999999999,12.5
0,2,4,1,8,0,False,675675,495.00000000000006,12.727272727272727
0,2,4,1,7,1,False,4729725,594.0,10.909090909090908
0,2,4,1,6,2,False,14189175,693.0,9.09090909090909
0,2,4,1,5,3,False,23648625,792.0000000000001,8.181818181818182
0,2,4,1,4,4,False,23648625,778.8000000000001,8.181818181818182
0,2,4,1,3,5,False,14189175,726.0000000000001,9.09090909090909
0,2,4,1,2,6,False,4729725,633.5999999999999,10.0
0,2,4,1,1,7,False,675675,501.6,12.727272727272727
0,2,4,0,9,0,False,75075,450.0,14.0
0,2,4,0,8,1,False,600600,540.0,12.0
0,2,4,0,7,2,False,2102100,630.0,10.0
0,2,4,0,6,3,False,4204200,720.0,9.0
0,2,4,0,5,4,False,5255250,810.0,8.0
0,2,4,0,4,5,False,4204200,780.0,9.0
0,2,4,0,3,6,False,2102100,713.9999999999999,9.0
0,2,4,0,2,7,False,600600,612.0,11.0
0,2,4,0,1,8,False,75075,474.0,14.0
0,2,3,10,0,0,False,30030,557.1428571428571,11.5
0,2,3,9,1,0,False,300300,582.2142857142857,11.052631578947368
0,2,3,8,2,0,False,1351350,601.7142857142857,10.555555555555555
0,2,3,8,1,1,False,1351350,581.657142857143,11.11111111111111
0,2,3,7,3,0,False,3603600,615.6428571428571,10.588235294117647
0,2,3,7,2,1,False,7207200,625.1142857142858,9.999999999999998
0,2,3,7,1,2,False,3603600,577.7571428571429,11.176470588235293
0,2,3,6,4,0,False,6306300,624.0,10.625
0,2,3,6,3,1,False,18918900,659.6571428571428,10.0
0,2,3,6,2,2,False,18918900,641.8285714285714,10.0
0,2,3,6,1,3,False,6306300,570.5142857142858,11.25
0,2,3,5,5,0,False,7567560,626.7857142857142,10.0
0,2,3,5,4,1,False,30270240,685.2857142857143,9.333333333333334
0,2,3,5,3,2,False,45405360,693.6428571428571,9.333333333333334
0,2,3,5,2,3,False,30270240,651.8571428571429,10.0
0,2,3,5,1,4,False,7567560,559.9285714285716,11.333333333333334
0,2,3,4,6,0,False,6306300,584.9999999999999,10.714285714285715
0,2,3,4,5,1,False,31531500,701.9999999999999,9.285714285714286
0,2,3,4,4,2,False,63063000,733.1999999999999,8.571428571428571
0,2,3,4,3,3,False,63063000,717.5999999999999,9.285714285714286
0,2,3,4,2,4,False,31531500,655.1999999999999,10.0
0,2,3,4,1,5,False,6306300,546.0,12.142857142857144
0,2,3,3,7,0,False,3603600,543.2142857142857,11.538461538461538
0,2,3,3,6,1,False,21621600,651.8571428571428,10.0
0,2,3,3,5,2,False,54054000,760.5,8.461538461538462
0,2,3,3,4,3,False,72072000,767.7428571428571,8.461538461538462
0,2,3,3,3,4,False,54054000,731.5285714285716,9.23076923076923
0,2,3,3,2,5,False,21621600,651.8571428571428,10.0
0,2,3,3,1,6,False,3603600,528.7285714285715,12.307692307692307
0,2,3,2,8,0,False,1351350,501.4285714285714,12.5
0,2,3,2,7,1,False,9459450,601.7142857142857,10.833333333333334
0,2,3,2,6,2,False,28378350,702.0,9.166666666666668
0,2,3,2,5,3,False,47297250,802.2857142857142,8.333333333333334
0,2,3,2,4,4,False,47297250,788.9142857142857,8.333333333333334
0,2,3,2,3,5,False,28378350,735.4285714285713,9.166666666666668
0,2,3,2,2,6,False,9459450,641.8285714285714,10.0
0,2,3,2,1,7,False,1351350,508.1142857142857,12.5
0,2,3,1,9,0,False,300300,459.64285714285717,13.636363636363635
0,2,3,1,8,1,False,2402400,551.5714285714286,11.818181818181817
0,2,3,1,7,2,False,8408400,643.5,10.0
0,2,3,1,6,3,False,16816800,735.4285714285714,9.09090909090909
0,2,3,1,5,4,False,21021000,827.3571428571429,8.181818181818182
0,2,3,1,4,5,False,16816800,796.7142857142857,8.181818181818182
0,2,3,1,3,6,False,8408400,729.3,9.09090909090909
0,2,3,1,2,7,False,2402400,625.1142857142859,10.0
0,2,3,1,1,8,False,300300,484.1571428571429,13.636363636363635
0,2,3,0,10,0,False,30030,417.85714285714283,15.0
0,2,3,0,9,1,False,270270,501.4285714285714,13.0
0,2,3,0,8,2,False,1081080,585.0,11.0
0,2,3,0,7,3,False,2522520,668.5714285714286,10.0
0,2,3,0,6,4,False,3783780,752.1428571428571,9.0
0,2,3,0,5,5,False,3783780,835.7142857142857,8.0
0,2,3,0,4,6,False,2522520,791.142857142857,8.0
0,2,3,0,3,7,False,1081080,713.1428571428572,9.0
0,2,3,0,2,8,False,270270,601.7142857142858,11.0
0,2,3,0,1,9,False,30030,456.85714285714283,14.0
0,2,2,11,0,0,False,8190,540.0,11.904761904761905
0,2,2,10,1,0,False,90090,565.7142857142857,11.5
0,2,2,9,2,0,False,450450,586.2857142857142,11.052631578947368
0,2,2,9,1,1,False,450450,566.7428571428572,11.052631578947368
0,2,2,8,3,0,False,1351350,601.7142857142857,10.555555555555555
0,2,2,8,2,1,False,2702700,610.9714285714286,10.555555555555555
0,2,2,8,1,2,False,1351350,564.6857142857142,11.11111111111111
0,2,2,7,4,0,False,2702700,612.0000000000001,10.588235294117647
0,2,2,7,3,1,False,8108100,646.9714285714286,9.999999999999998
0,2,2,7,2,2,False,8108100,629.4857142857144,9.999999999999998
0,2,2,7,1,3,False,2702700,559.5428571428572,11.176470588235293
0,2,2,6,5,0,False,3783780,617.1428571428571,10.625
0,2,2,6,4,1,False,15135120,674.7428571428572,9.375
0,2,2,6,3,2,False,22702680,682.9714285714286,9.375
0,2,2,6,2,3,False,15135120,641.8285714285714,10.0
0,2,2,6,1,4,False,3783780,551.3142857142857,11.875
0,2,2,5,6,0,False,3783780,578.5714285714284,11.333333333333334
0,2,2,5,5,1,False,18918900,694.2857142857142,9.333333333333334
0,2,2,5,4,2,False,37837800,725.1428571428571,8.666666666666666
0,2,2,5,3,3,False,37837800,709.7142857142857,9.333333333333334
0,2,2,5,2,4,False,18918900,648.0,10.0
0,2,2,5,1,5,False,3783780,540.0,12.0
0,2,2,4,7,0,False,2702700,539.9999999999999,12.142857142857144
0,2,2,4,6,1,False,16216200,647.9999999999999,10.0
0,2,2,4,5,2,False,40540500,756.0,8.571428571428571
0,2,2,4,4,3,False,54054000,763.1999999999999,8.571428571428571
0,2,2,4,3,4,False,40540500,727.1999999999999,9.285714285714286
0,2,2,4,2,5,False,16216200,647.9999999999999,10.0
0,2,2,4,1,6,False,2702700,525.5999999999999,12.142857142857144
0,2,2,3,8,0,False,1351350,501.4285714285714,13.076923076923077
0,2,2,3,7,1,False,9459450,601.7142857142857,10.769230769230768
0,2,2,3,6,2,False,28378350,702.0,9.23076923076923
0,2,2,3,5,3,False,47297250,802.2857142857142,8.461538461538462
0,2,2,3,4,4,False,47297250,788.9142857142858,8.461538461538462
0,2,2,3,3,5,False,28378350,735.4285714285714,9.23076923076923
0,2,2,3,2,6,False,9459450,641.8285714285714,10.0
0,2,2,3,1,7,False,1351350,508.1142857142857,12.307692307692307
0,2,2,2,9,0,False,450450,462.8571428571428,14.166666666666668
0,2,2,2,8,1,False,3603600,555.4285714285713,11.666666666666668
0,2,2,2,7,2,False,12612600,648.0,10.0
0,2,2,2,6,3,False,25225200,740.5714285714286,9.166666666666668
0,2,2,2,5,4,False,31531500,833.142857142857,8.333333333333334
0,2,2,2,4,5,False,25225200,802.2857142857142,8.333333333333334
0,2,2,2,3,6,False,12612600,734.4,9.166666666666668
0,2,2,2,2,7,False,3603600,629.4857142857143,10.0
0,2,2,2,1,8,False,450450,487.5428571428571,13.333333333333334
0,2,2,1,10,0,False,90090,424.2857142857143,15.454545454545453
0,2,2,1,9,1,False,810810,509.14285714285717,12.727272727272727
0,2,2,1,8,2,False,3243240,594.0,10.909090909090908
0,2,2,1,7,3,False,7567560,678.8571428571429,10.0
0,2,2,1,6,4,False,11351340,763.7142857142857,9.09090909090909
0,2,2,1,5,5,False,11351340,848.5714285714286,8.181818181818182
0,2,2,1,4,6,False,7567560,803.3142857142857,8.181818181818182
0,2,2,1,3,7,False,3243240,724.114285714286,9.09090909090909
0,2,2,1,2,8,False,810810,610.9714285714286,10.909090909090908
0,2,2,1,1,9,False,90090,463.88571428571424,13.636363636363635
0,2,2,0,11,0,False,8190,385.71428571428567,17.0
0,2,2,0,10,1,False,81900,462.85714285714283,14.0
0,2,2,0,9,2,False,368550,540.0,12.0
0,2,2,0,8,3,False,982800,617.1428571428571,11.0
0,2,2,0,7,4,False,1719900,694.2857142857142,10.0
0,2,2,0,6,5,False,2063880,771.4285714285713,9.0
0,2,2,0,5,6,False,1719900,848.5714285714286,8.0
0,2,2,0,4,7,False,982800,792.0,8.0
0,2,2,0,3,8,False,368550,704.5714285714286,9.0
0,2,2,0,2,9,False,81900,586.2857142857142,11.0
0,2,2,0,1,10,False,8190,437.14285714285717,15.0
0,2,1,12,0,0,False,1365,518.5714285714287,12.272727272727272
0,2,1,11,1,0,False,16380,544.5000000000001,11.904761904761905
0,2,1,10,2,0,False,90090,565.7142857142857,11.5
0,2,1,10,1,1,False,90090,546.857142857143,11.5
0,2,1,9,3,0,False,300300,582.2142857142857,11.052631578947368
0,2,1,9,2,1,False,600600,591.1714285714286,11.052631578947368
0,2,1,9,1,2,False,300300,546.3857142857144,11.578947368421053
0,2,1,8,4,0,False,675675,594.0,10.555555555555555
0,2,1,8,3,1,False,2027025,627.9428571428571,10.0
0,2,1,8,2,2,False,2027025,610.9714285714286,10.555555555555555
0,2,1,8,1,3,False,675675,543.0857142857144,11.666666666666666
0,2,1,7,5,0,False,1081080,601.0714285714287,10.588235294117647
0,2,1,7,4,1,False,4324320,657.1714285714287,9.999999999999998
0,2,1,7,3,2,False,6486480,665.1857142857144,9.411764705882351
0,2,1,7,2,3,False,4324320,625.1142857142859,9.999999999999998
0,2,1,7,1,4,False,1081080,536.9571428571429,11.76470588235294
0,2,1,6,6,0,False,1261260,565.7142857142858,11.25
0,2,1,6,5,1,False,6306300,678.857142857143,9.375
0,2,1,6,4,2,False,12612600,709.0285714285715,9.375
0,2,1,6,3,3,False,12612600,693.9428571428573,9.375
0,2,1,6,2,4,False,6306300,633.6000000000001,10.0
0,2,1,6,1,5,False,1261260,528.0,11.875
0,2,1,5,7,0,False,1081080,530.3571428571429,12.0
0,2,1,5,6,1,False,6486480,636.4285714285716,10.0
0,2,1,5,5,2,False,16216200,742.5000000000001,8.666666666666666
0,2,1,5,4,3,False,21621600,749.5714285714286,8.666666666666666
0,2,1,5,3,4,False,16216200,714.2142857142859,9.333333333333334
0,2,1,5,2,5,False,6486480,636.4285714285716,10.0
0,2,1,5,1,6,False,1081080,516.2142857142858,12.666666666666666
0,2,1,4,8,0,False,675675,495.0,12.857142857142858
0,2,1,4,7,1,False,4729725,594.0,10.714285714285715
0,2,1,4,6,2,False,14189175,693.0,9.285714285714286
0,2,1,4,5,3,False,23648625,791.9999999999999,8.571428571428571
0,2,1,4,4,4,False,23648625,778.8000000000001,8.571428571428571
0,2,1,4,3,5,False,14189175,726.0000000000001,9.285714285714286
0,2,1,4,2,6,False,4729725,633.6,10.0
0,2,1,4,1,7,False,675675,501.6,12.857142857142858
0,2,1,3,9,0,False,300300,459.6428571428572,13.846153846153845
0,2,1,3,8,1,False,2402400,551.5714285714287,11.538461538461538
0,2,1,3,7,2,False,8408400,643.5000000000001,10.0
0,2,1,3,6,3,False,16816800,735.4285714285714,9.23076923076923
0,2,1,3,5,4,False,21021000,827.3571428571429,7.692307692307692
0,2,1,3,4,5,False,16816800,796.7142857142858,8.461538461538462
0,2,1,3,3,6,False,8408400,729.3000000000001,9.23076923076923
0,2,1,3,2,7,False,2402400,625.1142857142858,10.0
0,2,1,3,1,8,False,300300,484.1571428571429,13.076923076923077
0,2,1,2,10,0,False,90090,424.28571428571433,15.0
0,2,1,2,9,1,False,810810,509.14285714285717,12.5
0,2,1,2,8,2,False,3243240,594.0,10.833333333333334
0,2,1,2,7,3,False,7567560,678.8571428571428,10.0
0,2,1,2,6,4,False,11351340,763.7142857142857,8.333333333333334
0,2,1,2,5,5,False,11351340,848.5714285714287,7.5
0,2,1,2,4,6,False,7567560,803.3142857142857,8.333333333333334
0,2,1,2,3,7,False,3243240,724.114285714286,9.166666666666668
0,2,1,2,2,8,False,810810,610.9714285714286,10.833333333333334
0,2,1,2,1,9,False,90090,463.88571428571424,14.166666666666668
0,2,1,1,11,0,False,16380,388.9285714285715,16.363636363636363
0,2,1,1,10,1,False,163800,466.7142857142858,13.636363636363635
0,2,1,1,9,2,False,737100,544.5000000000001,11.818181818181817
0,2,1,1,8,3,False,1965600,622.2857142857143,10.909090909090908
0,2,1,1,7,4,False,3439800,700.0714285714287,9.09090909090909
0,2,1,1,6,5,False,4127760,777.857142857143,8.181818181818182
0,2,1,1,5,6,False,3439800,855.6428571428571,8.181818181818182
0,2,1,1,4,7,False,1965600,798.6,8.181818181818182
0,2,1,1,3,8,False,737100,710.4428571428573,9.09090909090909
0,2,1,1,2,9,False,163800,591.1714285714287,10.909090909090908
0,2,1,1,1,10,False,16380,440.7857142857144,14.545454545454545
0,2,1,0,12,0,False,1365,353.5714285714286,18.0
0,2,1,0,11,1,False,15015,424.28571428571433,15.0
0,2,1,0,10,2,False,75075,495.00000000000006,13.0
0,2,1,0,9,3,False,225225,565.7142857142857,12.0
0,2,1,0,8,4,False,450450,636.4285714285714,10.0
0,2,1,0,7,5,False,630630,707.1428571428572,9.0
0,2,1,0,6,6,False,630630,777.8571428571428,9.0
0,2,1,0,5,7,False,450450,848.5714285714287,8.0
0,2,1,0,4,8,False,225225,782.5714285714286,8.0
0,2,1,0,3,9,False,75075,688.2857142857143,10.0
0,2,1,0,2,10,False,15015,565.7142857142858,12.0
0,2,1,0,1,11,False,1365,414.8571428571429,16.0
0,2,0,13,0,0,False,105,492.8571428571428,13.043478260869566
0,2,0,12,1,0,False,1365,518.5714285714287,12.272727272727272
0,2,0,11,2,0,False,8190,540.0,11.904761904761905
0,2,0,11,1,1,False,8190,522.0000000000001,12.38095238095238
0,2,0,10,3,0,False,30030,557.1428571428571,11.5
0,2,0,10,2,1,False,60060,565.7142857142857,11.5
0,2,0,10,1,2,False,30030,522.8571428571428,12.0
0,2,0,9,4,0,False,75075,570.0,11.052631578947368
0,2,0,9,3,1,False,225225,602.5714285714284,10.526315789473685
0,2,0,9,2,2,False,225225,586.2857142857142,11.052631578947368
0,2,0,9,1,3,False,75075,521.1428571428571,12.105263157894738
0,2,0,8,5,0,False,135135,578.5714285714286,11.11111111111111
0,2,0,8,4,1,False,540540,632.5714285714286,10.0
0,2,0,8,3,2,False,810810,640.2857142857143,10.0
0,2,0,8,2,3,False,540540,601.7142857142857,10.555555555555555
0,2,0,8,1,4,False,135135,516.8571428571428,12.222222222222221
0,2,0,7,6,0,False,180180,546.4285714285714,11.76470588235294
0,2,0,7,5,1,False,900900,655.7142857142857,9.999999999999998
0,2,0,7,4,2,False,1801800,684.8571428571429,9.411764705882351
0,2,0,7,3,3,False,1801800,670.2857142857143,9.411764705882351
0,2,0,7,2,4,False,900900,612.0000000000001,10.588235294117647
0,2,0,7,1,5,False,180180,510.00000000000006,12.352941176470587
0,2,0,6,7,0,False,180180,514.2857142857142,12.5
0,2,0,6,6,1,False,1081080,617.1428571428571,10.625
0,2,0,6,5,2,False,2702700,720.0,8.75
0,2,0,6,4,3,False,3603600,726.8571428571429,8.75
0,2,0,6,3,4,False,2702700,692.5714285714288,9.375
0,2,0,6,2,5,False,1081080,617.1428571428571,10.625
0,2,0,6,1,6,False,180180,500.57142857142856,12.5
0,2,0,5,8,0,False,135135,482.1428571428571,13.333333333333334
0,2,0,5,7,1,False,945945,578.5714285714284,11.333333333333334
0,2,0,5,6,2,False,2837835,675.0,9.333333333333334
0,2,0,5,5,3,False,4729725,771.4285714285713,8.666666666666666
0,2,0,5,4,4,False,4729725,758.5714285714287,8.666666666666666
0,2,0,5,3,5,False,2837835,707.1428571428571,9.333333333333334
0,2,0,5,2,6,False,945945,617.1428571428571,10.666666666666666
0,2,0,5,1,7,False,135135,488.57142857142856,13.333333333333334
0,2,0,4,9,0,False,75075,449.9999999999999,14.285714285714286
0,2,0,4,8,1,False,600600,539.9999999999999,12.142857142857144
0,2,0,4,7,2,False,2102100,630.0,10.0
0,2,0,4,6,3,False,4204200,719.9999999999999,9.285714285714286
0,2,0,4,5,4,False,5255250,809.9999999999999,7.857142857142858
0,2,0,4,4,5,False,4204200,779.9999999999999,8.571428571428571
0,2,0,4,3,6,False,2102100,714.0,9.285714285714286
0,2,0,4,2,7,False,600600,611.9999999999999,10.714285714285715
0,2,0,4,1,8,False,75075,473.99999999999994,13.571428571428573
0,2,0,3,10,0,False,30030,417.85714285714283,15.384615384615383
0,2,0,3,9,1,False,270270,501.4285714285714,13.076923076923077
0,2,0,3,8,2,False,1081080,585.0,10.769230769230768
0,2,0,3,7,3,False,2522520,668.5714285714286,10.0
0,2,0,3,6,4,False,3783780,752.1428571428571,8.461538461538462
0,2,0,3,5,5,False,3783780,835.7142857142857,7.692307692307692
0,2,0,3,4,6,False,2522520,791.1428571428571,8.461538461538462
0,2,0,3,3,7,False,1081080,713.1428571428573,9.23076923076923
0,2,0,3,2,8,False,270270,601.7142857142858,10.769230769230768
0,2,0,3,1,9,False,30030,456.85714285714283,13.846153846153845
0,2,0,2,11,0,False,8190,385.71428571428567,16.666666666666668
0,2,0,2,10,1,False,81900,462.8571428571428,14.166666666666668
0,2,0,2,9,2,False,368550,540.0,11.666666666666668
0,2,0,2,8,3,False,982800,617.142857142857,10.833333333333334
0,2,0,2,7,4,False,1719900,694.2857142857142,9.166666666666668
0,2,0,2,6,5,False,2063880,771.4285714285713,8.333333333333334
0,2,0,2,5,6,False,1719900,848.5714285714286,7.5
0,2,0,2,4,7,False,982800,792.0,8.333333333333334
0,2,0,2,3,8,False,368550,704.5714285714286,9.166666666666668
0,2,0,2,2,9,False,81900,586.2857142857142,10.833333333333334
0,2,0,2,1,10,False,8190,437.14285714285717,15.0
0,2,0,1,12,0,False,1365,353.57142857142856,18.18181818181818
0,2,0,1,11,1,False,15015,424.2857142857143,15.454545454545453
0,2,0,1,10,2,False,75075,495.00000000000006,12.727272727272727
0,2,0,1,9,3,False,225225,565.7142857142857,11.818181818181817
0,2,0,1,8,4,False,450450,636.4285714285714,10.0
0,2,0,1,7,5,False,630630,707.1428571428571,9.09090909090909
0,2,0,1,6,6,False,630630,777.8571428571429,8.181818181818182
0,2,0,1,5,7,False,450450,848.5714285714286,8.181818181818182
0,2,0,1,4,8,False,225225,782.5714285714287,8.181818181818182
0,2,0,1,3,9,False,75075,688.2857142857143,9.09090909090909
0,2,0,1,2,10,False,15015,565.7142857142858,11.818181818181817
0,2,0,1,1,11,False,1365,414.85714285714283,15.454545454545453
0,2,0,0,13,0,False,105,321.4285714285714,20.0
0,2,0,0,12,1,False,1260,385.71428571428567,17.0
0,2,0,0,11,2,False,6930,450.0,14.0
0,2,0,0,10,3,False,23100,514.2857142857142,13.0
0,2,0,0,9,4,False,51975,578.5714285714286,11.0
0,2,0,0,8,5,False,83160,642.8571428571428,10.0
0,2,0,0,7,6,False,97020,707.1428571428571,9.0
0,2,0,0,6,7,False,83160,771.4285714285713,9.0
0,2,0,0,5,8,False,51975,835.7142857142857,8.0
0,2,0,0,4,9,False,23100,762.8571428571427,9.0
0,2,0,0,3,10,False,6930,664.2857142857143,10.0
0,2,0,0,2,11,False,1260,540.0,12.0
0,2,0,0,1,12,False,105,389.99999999999994,17.0
0,1,14,0,0,0,False,15,371.42857142857144,17.0
0,1,13,1,0,0,False,210,391.54761904761904,16.363636363636363
0,1,13,0,1,0,False,210,391.547619047619,16.0
0,1,12,2,0,0,False,1365,408.5714285714286,15.833333333333334
0,1,12,1,1,0,False,2730,411.97619047619065,15.454545454545453
0,1,12,0,2,0,False,1365,408.5714285714286,16.0
0,1,12,0,1,1,False,1365,394.952380952381,16.0
0,1,11,3,0,0,False,5460,422.5,15.384615384615383
0,1,11,2,1,0,False,16380,429.00000000000006,15.0
0,1,11,1,2,0,False,16380,429.00000000000006,15.454545454545453
0,1,11,1,1,1,False,16380,414.70000000000005,15.454545454545453
0,1,11,0,3,0,False,5460,422.5,15.0
0,1,11,0,2,1,False,10920,429.0,15.0
0,1,11,0,1,2,False,5460,396.49999999999994,16.0
0,1,10,4,0,0,False,15015,433.3333333333333,15.000000000000002
0,1,10,3,1,0,False,60060,442.6190476190477,14.615384615384615
0,1,10,2,2,0,False,90090,445.71428571428567,14.166666666666668
0,1,10,2,1,1,False,90090,430.8571428571429,15.0
0,1,10,1,3,0,False,60060,442.61904761904765,14.545454545454545
0,1,10,1,2,1,False,120120,449.42857142857144,14.545454545454545
0,1,10,1,1,2,False,60060,415.3809523809524,15.454545454545453
0,1,10,0,4,0,False,15015,433.33333333333326,15.0
0,1,10,0,3,1,False,45045,458.0952380952381,14.0
0,1,10,0,2,2,False,45045,445.71428571428567,15.0
0,1,10,0,1,3,False,15015,396.19047619047615,16.0
0,1,9,5,0,0,False,30030,441.07142857142856,14.666666666666666
0,1,9,4,1,0,False,150150,452.83333333333326,14.285714285714286
0,1,9,3,2,0,False,300300,458.7142857142857,13.846153846153845
0,1,9,3,1,1,False,300300,443.4238095238096,14.615384615384615
0,1,9,2,3,0,False,300300,458.7142857142857,14.166666666666668
0,1,9,2,2,1,False,600600,465.7714285714285,14.166666666666668
0,1,9,2,1,2,False,300300,430.48571428571427,15.0
0,1,9,1,4,0,False,150150,452.8333333333333,14.545454545454545
0,1,9,1,3,1,False,450450,478.7095238095238,13.636363636363635
0,1,9,1,2,2,False,450450,465.77142857142854,13.636363636363635
0,1,9,1,1,3,False,150150,414.0190476190476,15.454545454545453
0,1,9,0,5,0,False,30030,441.07142857142856,15.0
0,1,9,0,4,1,False,120120,482.23809523809524,13.0
0,1,9,0,3,2,False,180180,488.1190476190477,13.0
0,1,9,0,2,3,False,120120,458.7142857142857,14.0
0,1,9,0,1,4,False,30030,394.0238095238095,16.0
0,1,8,6,0,0,False,45045,445.7142857142857,14.375
0,1,8,5,1,0,False,270270,459.6428571428571,14.0
0,1,8,4,2,0,False,675675,467.99999999999994,13.571428571428573
0,1,8,4,1,1,False,675675,452.4,14.285714285714286
0,1,8,3,3,0,False,900900,470.7857142857143,13.846153846153845
0,1,8,3,2,1,False,1801800,478.02857142857147,13.076923076923077
0,1,8,3,1,2,False,900900,441.8142857142857,14.615384615384615
0,1,8,2,4,0,False,675675,468.0,14.166666666666668
0,1,8,2,3,1,False,2027025,494.742857142857,13.333333333333334
0,1,8,2,2,2,False,2027025,481.3714285714285,13.333333333333334
0,1,8,2,1,3,False,675675,427.8857142857143,15.0
0,1,8,1,5,0,False,270270,459.64285714285717,13.636363636363635
0,1,8,1,4,1,False,1081080,502.5428571428572,12.727272727272727
0,1,8,1,3,2,False,1621620,508.67142857142863,12.727272727272727
0,1,8,1,2,3,False,1081080,478.02857142857147,13.636363636363635
0,1,8,1,1,4,False,270270,410.6142857142858,15.454545454545453
0,1,8,0,6,0,False,45045,417.85714285714283,15.0
0,1,8,0,5,1,False,225225,501.4285714285714,13.0
0,1,8,0,4,2,False,450450,523.7142857142857,12.0
0,1,8,0,3,3,False,450450,512.5714285714286,13.0
0,1,8,0,2,4,False,225225,468.0,14.0
0,1,8,0,1,5,False,45045,390.0,17.0
0,1,7,7,0,0,False,51480,447.2619047619049,14.117647058823527
0,1,7,6,1,0,False,360360,463.0476190476192,13.75
0,1,7,5,2,0,False,1081080,473.57142857142867,13.333333333333334
0,1,7,5,1,1,False,1081080,457.7857142857144,14.0
0,1,7,4,3,0,False,1801800,478.8333333333334,13.571428571428573
0,1,7,4,2,1,False,3603600,486.20000000000005,12.857142857142858
0,1,7,4,1,2,False,1801800,449.3666666666666,14.285714285714286
0,1,7,3,4,0,False,1801800,478.83333333333337,13.076923076923077
0,1,7,3,3,1,False,5405400,506.19523809523815,13.076923076923077
0,1,7,3,2,2,False,5405400,492.5142857142858,13.076923076923077
0,1,7,3,1,3,False,1801800,437.7904761904763,14.615384615384615
0,1,7,2,5,0,False,1081080,473.57142857142867,13.333333333333334
0,1,7,2,4,1,False,4324320,517.7714285714287,12.5
0,1,7,2,3,2,False,6486480,524.0857142857144,12.5
0,1,7,2,2,3,False,4324320,492.5142857142858,13.333333333333334
0,1,7,2,1,4,False,1081080,423.057142857143,15.0
0,1,7,1,6,0,False,360360,434.107142857143,14.545454545454545
0,1,7,1,5,1,False,1801800,520.9285714285716,12.727272727272727
0,1,7,1,4,2,False,3603600,544.0809523809526,11.818181818181817
0,1,7,1,3,3,False,3603600,532.5047619047621,11.818181818181817
0,1,7,1,2,4,False,1801800,486.20000000000016,13.636363636363635
0,1,7,1,1,5,False,360360,405.16666666666674,15.454545454545453
0,1,7,0,7,0,False,51480,394.6428571428572,16.0
0,1,7,0,6,1,False,308880,473.57142857142867,14.0
0,1,7,0,5,2,False,772200,552.5000000000001,12.0
0,1,7,0,4,3,False,1029600,557.7619047619049,12.0
0,1,7,0,3,4,False,772200,531.4523809523811,12.0
0,1,7,0,2,5,False,308880,473.57142857142867,14.0
0,1,7,0,1,6,False,51480,384.11904761904765,17.0
0,1,6,8,0,0,False,45045,445.71428571428567,14.444444444444445
0,1,6,7,1,0,False,360360,463.04761904761904,13.52941176470588
0,1,6,6,2,0,False,1261260,475.4285714285714,13.75
0,1,6,6,1,1,False,1261260,459.5809523809524,13.75
0,1,6,5,3,0,False,2522520,482.8571428571428,13.333333333333334
0,1,6,5,2,1,False,5045040,490.2857142857142,13.333333333333334
0,1,6,5,1,2,False,2522520,453.1428571428571,14.0
0,1,6,4,4,0,False,3153150,485.33333333333326,13.571428571428573
0,1,6,4,3,1,False,9459450,513.0666666666666,12.857142857142858
0,1,6,4,2,2,False,9459450,499.19999999999993,12.857142857142858
0,1,6,4,1,3,False,3153150,443.73333333333335,14.285714285714286
0,1,6,3,5,0,False,2522520,482.85714285714283,13.076923076923077
0,1,6,3,4,1,False,10090080,527.9238095238096,12.307692307692307
0,1,6,3,3,2,False,15135120,534.3619047619047,12.307692307692307
0,1,6,3,2,3,False,10090080,502.1714285714286,13.076923076923077
0,1,6,3,1,4,False,2522520,431.35238095238094,14.615384615384615
0,1,6,2,6,0,False,1261260,445.71428571428567,14.166666666666668
0,1,6,2,5,1,False,6306300,534.8571428571428,12.5
0,1,6,2,4,2,False,12612600,558.6285714285714,11.666666666666668
0,1,6,2,3,3,False,12612600,546.7428571428571,11.666666666666668
0,1,6,2,2,4,False,6306300,499.20000000000005,13.333333333333334
0,1,6,2,1,5,False,1261260,415.99999999999994,15.833333333333334
0,1,6,1,7,0,False,360360,408.57142857142856,15.454545454545453
0,1,6,1,6,1,False,2162160,490.2857142857143,13.636363636363635
0,1,6,1,5,2,False,5405400,572.0,11.818181818181817
0,1,6,1,4,3,False,7207200,577.4476190476191,10.909090909090908
0,1,6,1,3,4,False,5405400,550.209523809524,11.818181818181817
0,1,6,1,2,5,False,2162160,490.2857142857143,13.636363636363635
0,1,6,1,1,6,False,360360,397.6761904761904,16.363636363636363
0,1,6,0,8,0,False,45045,371.4285714285714,17.0
0,1,6,0,7,1,False,315315,445.71428571428567,15.0
0,1,6,0,6,2,False,945945,520.0,13.0
0,1,6,0,5,3,False,1576575,594.2857142857142,11.0
0,1,6,0,4,4,False,1576575,584.3809523809525,11.0
0,1,6,0,3,5,False,945945,544.7619047619047,12.0
0,1,6,0,2,6,False,315315,475.4285714285714,14.0
0,1,6,0,1,7,False,45045,376.38095238095235,17.0
0,1,5,9,0,0,False,30030,441.07142857142856,14.210526315789474
0,1,5,8,1,0,False,270270,459.6428571428571,13.88888888888889
0,1,5,7,2,0,False,1081080,473.5714285714286,13.52941176470588
0,1,5,7,1,1,False,1081080,457.7857142857144,14.117647058823527
0,1,5,6,3,0,False,2522520,482.8571428571429,13.125
0,1,5,6,2,1,False,5045040,490.2857142857142,13.125
0,1,5,6,1,2,False,2522520,453.14285714285717,14.375
0,1,5,5,4,0,False,3783780,487.5,13.333333333333334
0,1,5,5,3,1,False,11351340,515.3571428571429,12.666666666666666
0,1,5,5,2,2,False,11351340,501.42857142857144,12.666666666666666
0,1,5,5,1,3,False,3783780,445.71428571428567,14.666666666666666
0,1,5,4,5,0,False,3783780,487.5,12.857142857142858
0,1,5,4,4,1,False,15135120,533.0,12.142857142857144
0,1,5,4,3,2,False,22702680,539.5,12.142857142857144
0,1,5,4,2,3,False,15135120,506.99999999999994,12.857142857142858
0,1,5,4,1,4,False,3783780,435.49999999999994,15.000000000000002
0,1,5,3,6,0,False,2522520,452.67857142857144,13.846153846153845
0,1,5,3,5,1,False,12612600,543.2142857142857,11.538461538461538
0,1,5,3,4,2,False,25225200,567.3571428571428,11.538461538461538
0,1,5,3,3,3,False,25225200,555.2857142857142,11.538461538461538
0,1,5,3,2,4,False,12612600,507.0000000000001,13.076923076923077
0,1,5,3,1,5,False,2522520,422.5,15.384615384615383
0,1,5,2,7,0,False,1081080,417.85714285714283,15.0
0,1,5,2,6,1,False,6486480,501.4285714285714,12.5
0,1,5,2,5,2,False,16216200,585.0,10.833333333333334
0,1,5,2,4,3,False,21621600,590.5714285714286,10.833333333333334
0,1,5,2,3,4,False,16216200,562.7142857142858,11.666666666666668
0,1,5,2,2,5,False,6486480,501.4285714285714,12.5
0,1,5,2,1,6,False,1081080,406.71428571428567,15.833333333333334
0,1,5,1,8,0,False,270270,383.03571428571433,16.363636363636363
0,1,5,1,7,1,False,1891890,459.64285714285717,13.636363636363635
0,1,5,1,6,2,False,5675670,536.25,11.818181818181817
0,1,5,1,5,3,False,9459450,612.8571428571429,10.909090909090908
0,1,5,1,4,4,False,9459450,602.6428571428572,10.909090909090908
0,1,5,1,3,5,False,5675670,561.7857142857142,11.818181818181817
0,1,5,1,2,6,False,1891890,490.2857142857143,13.636363636363635
0,1,5,1,1,7,False,270270,388.14285714285717,16.363636363636363
0,1,5,0,9,0,False,30030,348.2142857142857,18.0
0,1,5,0,8,1,False,240240,417.85714285714283,15.0
0,1,5,0,7,2,False,840840,487.5,13.0
0,1,5,0,6,3,False,1681680,557.1428571428571,12.0
0,1,5,0,5,4,False,2102100,626.7857142857142,10.0
0,1,5,0,4,5,False,1681680,603.5714285714286,11.0
0,1,5,0,3,6,False,840840,552.5,12.0
0,1,5,0,2,7,False,240240,473.57142857142856,14.0
0,1,5,0,1,8,False,30030,366.7857142857143,18.0
0,1,4,10,0,0,False,15015,433.33333333333326,14.5
0,1,4,9,1,0,False,150150,452.83333333333326,14.210526315789474
0,1,4,8,2,0,False,675675,467.9999999999999,13.88888888888889
0,1,4,8,1,1,False,675675,452.3999999999999,13.88888888888889
0,1,4,7,3,0,False,1801800,478.8333333333333,13.52941176470588
0,1,4,7,2,1,False,3603600,486.19999999999993,12.941176470588234
0,1,4,7,1,2,False,1801800,449.36666666666656,14.117647058823527
0,1,4,6,4,0,False,3153150,485.33333333333326,13.125
0,1,4,6,3,1,False,9459450,513.0666666666665,12.5
0,1,4,6,2,2,False,9459450,499.19999999999993,13.125
0,1,4,6,1,3,False,3153150,443.73333333333335,14.375
0,1,4,5,5,0,False,3783780,487.4999999999999,13.333333333333334
0,1,4,5,4,1,False,15135120,532.9999999999999,12.0
0,1,4,5,3,2,False,22702680,539.5,12.0
0,1,4,5,2,3,False,15135120,506.9999999999999,12.666666666666666
0,1,4,5,1,4,False,3783780,435.4999999999999,14.666666666666666
0,1,4,4,6,0,False,3153150,454.9999999999999,14.285714285714286
0,1,4,4,5,1,False,15765750,545.9999999999999,12.142857142857144
0,1,4,4,4,2,False,31531500,570.2666666666667,11.428571428571429
0,1,4,4,3,3,False,31531500,558.1333333333332,11.428571428571429
0,1,4,4,2,4,False,15765750,509.5999999999999,12.857142857142858
0,1,4,4,1,5,False,3153150,424.6666666666665,15.000000000000002
0,1,4,3,7,0,False,1801800,422.49999999999994,15.384615384615383
0,1,4,3,6,1,False,10810800,506.99999999999994,13.076923076923077
0,1,4,3,5,2,False,27027000,591.5,10.769230769230768
0,1,4,3,4,3,False,36036000,597.1333333333332,10.769230769230768
0,1,4,3,3,4,False,27027000,568.9666666666667,11.538461538461538
0,1,4,3,2,5,False,10810800,506.99999999999994,13.076923076923077
0,1,4,3,1,6,False,1801800,411.23333333333335,15.384615384615383
0,1,4,2,8,0,False,675675,389.99999999999994,16.666666666666668
0,1,4,2,7,1,False,4729725,467.9999999999999,14.166666666666668
0,1,4,2,6,2,False,14189175,545.9999999999999,11.666666666666668
0,1,4,2,5,3,False,23648625,623.9999999999999,10.833333333333334
0,1,4,2,4,4,False,23648625,613.5999999999999,10.833333333333334
0,1,4,2,3,5,False,14189175,571.9999999999999,11.666666666666668
0,1,4,2,2,6,False,4729725,499.19999999999993,13.333333333333334
0,1,4,2,1,7,False,675675,395.1999999999999,15.833333333333334
0,1,4,1,9,0,False,150150,357.49999999999994,18.18181818181818
0,1,4,1,8,1,False,1201200,429.0,15.454545454545453
0,1,4,1,7,2,False,4204200,500.5,12.727272727272727
0,1,4,1,6,3,False,8408400,571.9999999999999,11.818181818181817
0,1,4,1,5,4,False,10510500,643.5,10.0
0,1,4,1,4,5,False,8408400,619.6666666666666,10.909090909090908
0,1,4,1,3,6,False,4204200,567.2333333333333,11.818181818181817
0,1,4,1,2,7,False,1201200,486.2,13.636363636363635
0,1,4,1,1,8,False,150150,376.56666666666666,17.27272727272727
0,1,4,0,10,0,False,15015,324.99999999999994,20.0
0,1,4,0,9,1,False,135135,389.99999999999994,17.0
0,1,4,0,8,2,False,540540,454.99999999999994,14.0
0,1,4,0,7,3,False,1261260,519.9999999999999,13.0
0,1,4,0,6,4,False,1891890,585.0,11.0
0,1,4,0,5,5,False,1891890,649.9999999999999,10.0
0,1,4,0,4,6,False,1261260,615.3333333333333,11.0
0,1,4,0,3,7,False,540540,554.6666666666667,12.0
0,1,4,0,2,8,False,135135,467.99999999999994,14.0
0,1,4,0,1,9,False,15015,355.3333333333332,18.0
0,1,3,11,0,0,False,5460,422.5,15.238095238095237
0,1,3,10,1,0,False,60060,442.61904761904765,14.5
0,1,3,9,2,0,False,300300,458.71428571428567,13.68421052631579
0,1,3,9,1,1,False,300300,443.42380952380955,14.210526315789474
0,1,3,8,3,0,False,900900,470.7857142857143,13.333333333333332
0,1,3,8,2,1,False,1801800,478.0285714285714,13.333333333333332
0,1,3,8,1,2,False,900900,441.81428571428575,14.444444444444445
0,1,3,7,4,0,False,1801800,478.8333333333333,13.52941176470588
0,1,3,7,3,1,False,5405400,506.19523809523804,12.352941176470587
0,1,3,7,2,2,False,5405400,492.5142857142857,12.941176470588234
0,1,3,7,1,3,False,1801800,437.7904761904761,14.705882352941176
0,1,3,6,5,0,False,2522520,482.8571428571429,13.125
0,1,3,6,4,1,False,10090080,527.9238095238096,11.875
0,1,3,6,3,2,False,15135120,534.3619047619048,11.875
0,1,3,6,2,3,False,10090080,502.1714285714286,12.5
0,1,3,6,1,4,False,2522520,431.35238095238094,15.0
0,1,3,5,6,0,False,2522520,452.67857142857144,14.0
0,1,3,5,5,1,False,12612600,543.2142857142857,12.0
0,1,3,5,4,2,False,25225200,567.3571428571429,11.333333333333334
0,1,3,5,3,3,False,25225200,555.2857142857142,11.333333333333334
0,1,3,5,2,4,False,12612600,507.0,12.666666666666666
0,1,3,5,1,5,False,2522520,422.49999999999994,15.333333333333334
0,1,3,4,7,0,False,1801800,422.49999999999994,15.000000000000002
0,1,3,4,6,1,False,10810800,506.99999999999994,12.857142857142858
0,1,3,4,5,2,False,27027000,591.5,10.714285714285715
0,1,3,4,4,3,False,36036000,597.1333333333333,10.714285714285715
0,1,3,4,3,4,False,27027000,568.9666666666667,11.428571428571429
0,1,3,4,2,5,False,10810800,506.99999999999994,12.857142857142858
0,1,3,4,1,6,False,1801800,411.2333333333333,15.714285714285715
0,1,3,3,8,0,False,900900,392.32142857142856,16.153846153846153
0,1,3,3,7,1,False,6306300,470.7857142857143,13.846153846153845
0,1,3,3,6,2,False,18918900,549.25,11.538461538461538
0,1,3,3,5,3,False,31531500,627.7142857142857,10.0
0,1,3,3,4,4,False,31531500,617.252380952381,10.769230769230768
0,1,3,3,3,5,False,18918900,575.4047619047619,11.538461538461538
0,1,3,3,2,6,False,6306300,502.1714285714285,13.076923076923077
0,1,3,3,1,7,False,900900,397.55238095238093,16.153846153846153
0,1,3,2,9,0,False,300300,362.1428571428571,17.5
0,1,3,2,8,1,False,2402400,434.5714285714285,15.0
0,1,3,2,7,2,False,8408400,507.0,12.5
0,1,3,2,6,3,False,16816800,579.4285714285713,10.833333333333334
0,1,3,2,5,4,False,21021000,651.8571428571428,10.0
0,1,3,2,4,5,False,16816800,627.7142857142857,10.0
0,1,3,2,3,6,False,8408400,574.5999999999999,11.666666666666668
0,1,3,2,2,7,False,2402400,492.5142857142856,13.333333333333334
0,1,3,2,1,8,False,300300,381.45714285714286,16.666666666666668
0,1,3,1,10,0,False,60060,331.9642857142857,19.09090909090909
0,1,3,1,9,1,False,540540,398.35714285714283,16.363636363636363
0,1,3,1,8,2,False,2162160,464.75000000000006,13.636363636363635
0,1,3,1,7,3,False,5045040,531.1428571428571,11.818181818181817
0,1,3,1,6,4,False,7567560,597.5357142857143,10.909090909090908
0,1,3,1,5,5,False,7567560,663.9285714285714,10.0
0,1,3,1,4,6,False,5045040,628.5190476190476,10.0
0,1,3,1,3,7,False,2162160,566.552380952381,11.818181818181817
0,1,3,1,2,8,False,540540,478.02857142857147,13.636363636363635
0,1,3,1,1,9,False,60060,362.947619047619,17.27272727272727
0,1,3,0,11,0,False,5460,301.7857142857143,21.0
0,1,3,0,10,1,False,54600,362.1428571428571,18.0
0,1,3,0,9,2,False,245700,422.5,15.0
0,1,3,0,8,3,False,655200,482.85714285714283,13.0
0,1,3,0,7,4,False,1146600,543.2142857142857,12.0
0,1,3,0,6,5,False,1375920,603.5714285714286,11.0
0,1,3,0,5,6,False,1146600,663.9285714285714,10.0
0,1,3,0,4,7,False,655200,619.6666666666666,11.0
0,1,3,0,3,8,False,245700,551.2619047619048,12.0
0,1,3,0,2,9,False,54600,458.71428571428567,14.0
0,1,3,0,1,10,False,5460,342.0238095238096,19.0
0,1,2,12,0,0,False,1365,408.57142857142856,15.454545454545453
0,1,2,11,1,0,False,16380,429.00000000000006,14.761904761904761
0,1,2,10,2,0,False,90090,445.71428571428567,14.5
0,1,2,10,1,1,False,90090,430.8571428571429,15.0
0,1,2,9,3,0,False,300300,458.71428571428567,13.68421052631579
0,1,2,9,2,1,False,600600,465.7714285714286,13.68421052631579
0,1,2,9,1,2,False,300300,430.4857142857142,14.73684210526316
0,1,2,8,4,0,False,675675,468.0,13.88888888888889
0,1,2,8,3,1,False,2027025,494.7428571428572,12.777777777777777
0,1,2,8,2,2,False,2027025,481.3714285714286,13.333333333333332
0,1,2,8,1,3,False,675675,427.88571428571424,15.0
0,1,2,7,5,0,False,1081080,473.5714285714286,13.52941176470588
0,1,2,7,4,1,False,4324320,517.7714285714286,12.352941176470587
0,1,2,7,3,2,False,6486480,524.0857142857144,12.352941176470587
0,1,2,7,2,3,False,4324320,492.5142857142857,12.941176470588234
0,1,2,7,1,4,False,1081080,423.05714285714294,15.294117647058822
0,1,2,6,6,0,False,1261260,445.7142857142857,14.375
0,1,2,6,5,1,False,6306300,534.8571428571429,11.875
0,1,2,6,4,2,False,12612600,558.6285714285715,11.25
0,1,2,6,3,3,False,12612600,546.7428571428571,11.875
0,1,2,6,2,4,False,6306300,499.20000000000005,13.125
0,1,2,6,1,5,False,1261260,416.0,15.625
0,1,2,5,7,0,False,1081080,417.85714285714283,15.333333333333334
0,1,2,5,6,1,False,6486480,501.42857142857144,12.666666666666666
0,1,2,5,5,2,False,16216200,585.0,11.333333333333334
0,1,2,5,4,3,False,21621600,590.5714285714286,10.666666666666666
0,1,2,5,3,4,False,16216200,562.7142857142858,11.333333333333334
0,1,2,5,2,5,False,6486480,501.42857142857144,12.666666666666666
0,1,2,5,1,6,False,1081080,406.71428571428567,16.0
0,1,2,4,8,0,False,675675,389.99999999999994,16.42857142857143
0,1,2,4,7,1,False,4729725,467.99999999999994,13.571428571428573
0,1,2,4,6,2,False,14189175,546.0,12.142857142857144
0,1,2,4,5,3,False,23648625,623.9999999999999,10.714285714285715
0,1,2,4,4,4,False,23648625,613.5999999999999,10.714285714285715
0,1,2,4,3,5,False,14189175,572.0,11.428571428571429
0,1,2,4,2,6,False,4729725,499.19999999999993,12.857142857142858
0,1,2,4,1,7,False,675675,395.1999999999999,16.42857142857143
0,1,2,3,9,0,False,300300,362.1428571428571,17.692307692307693
0,1,2,3,8,1,False,2402400,434.57142857142856,14.615384615384615
0,1,2,3,7,2,False,8408400,507.0,13.076923076923077
0,1,2,3,6,3,False,16816800,579.4285714285713,11.538461538461538
0,1,2,3,5,4,False,21021000,651.8571428571428,10.0
0,1,2,3,4,5,False,16816800,627.7142857142857,10.0
0,1,2,3,3,6,False,8408400,574.5999999999999,11.538461538461538
0,1,2,3,2,7,False,2402400,492.5142857142857,13.076923076923077
0,1,2,3,1,8,False,300300,381.4571428571429,16.923076923076923
0,1,2,2,10,0,False,90090,334.2857142857143,19.166666666666668
0,1,2,2,9,1,False,810810,401.1428571428571,15.833333333333334
0,1,2,2,8,2,False,3243240,468.0,14.166666666666668
0,1,2,2,7,3,False,7567560,534.8571428571428,12.5
0,1,2,2,6,4,False,11351340,601.7142857142857,10.833333333333334
0,1,2,2,5,5,False,11351340,668.5714285714286,10.0
0,1,2,2,4,6,False,7567560,632.9142857142856,10.0
0,1,2,2,3,7,False,3243240,570.5142857142857,11.666666666666668
0,1,2,2,2,8,False,810810,481.37142857142857,13.333333333333334
0,1,2,2,1,9,False,90090,365.4857142857142,17.5
0,1,2,1,11,0,False,16380,306.42857142857144,20.909090909090907
0,1,2,1,10,1,False,163800,367.7142857142857,17.27272727272727
0,1,2,1,9,2,False,737100,429.00000000000006,15.454545454545453
0,1,2,1,8,3,False,1965600,490.2857142857143,13.636363636363635
0,1,2,1,7,4,False,3439800,551.5714285714286,11.818181818181817
0,1,2,1,6,5,False,4127760,612.8571428571429,10.909090909090908
0,1,2,1,5,6,False,3439800,674.1428571428571,10.0
0,1,2,1,4,7,False,1965600,629.2,10.0
0,1,2,1,3,8,False,737100,559.7428571428572,11.818181818181817
0,1,2,1,2,9,False,163800,465.77142857142854,13.636363636363635
0,1,2,1,1,10,False,16380,347.2857142857144,18.18181818181818
0,1,2,0,12,0,False,1365,278.57142857142856,23.0
0,1,2,0,11,1,False,15015,334.2857142857143,19.0
0,1,2,0,10,2,False,75075,390.0,17.0
0,1,2,0,9,3,False,225225,445.71428571428567,15.0
0,1,2,0,8,4,False,450450,501.4285714285714,13.0
0,1,2,0,7,5,False,630630,557.1428571428571,12.0
0,1,2,0,6,6,False,630630,612.8571428571428,11.0
0,1,2,0,5,7,False,450450,668.5714285714286,10.0
0,1,2,0,4,8,False,225225,616.5714285714286,11.0
0,1,2,0,3,9,False,75075,542.2857142857142,12.0
0,1,2,0,2,10,False,15015,445.7142857142857,15.0
0,1,2,0,1,11,False,1365,326.85714285714283,20.0
0,1,1,13,0,0,False,210,391.5476190476191,16.086956521739133
0,1,1,12,1,0,False,2730,411.97619047619065,15.454545454545453
0,1,1,11,2,0,False,16380,429.00000000000006,14.761904761904761
0,1,1,11,1,1,False,16380,414.7000000000001,15.238095238095237
0,1,1,10,3,0,False,60060,442.6190476190477,14.5
0,1,1,10,2,1,False,120120,449.4285714285715,14.0
0,1,1,10,1,2,False,60060,415.3809523809524,15.5
0,1,1,9,4,0,False,150150,452.8333333333333,14.210526315789474
0,1,1,9,3,1,False,450450,478.70952380952383,13.157894736842106
0,1,1,9,2,2,False,450450,465.7714285714286,13.68421052631579
0,1,1,9,1,3,False,150150,414.0190476190476,15.263157894736842
0,1,1,8,5,0,False,270270,459.6428571428572,13.88888888888889
0,1,1,8,4,1,False,1081080,502.54285714285726,12.777777777777777
0,1,1,8,3,2,False,1621620,508.67142857142863,12.777777777777777
0,1,1,8,2,3,False,1081080,478.0285714285715,13.333333333333332
0,1,1,8,1,4,False,270270,410.6142857142858,15.555555555555555
0,1,1,7,6,0,False,360360,434.10714285714295,14.705882352941176
0,1,1,7,5,1,False,1801800,520.9285714285716,12.352941176470587
0,1,1,7,4,2,False,3603600,544.0809523809526,11.76470588235294
0,1,1,7,3,3,False,3603600,532.5047619047621,11.76470588235294
0,1,1,7,2,4,False,1801800,486.20000000000016,12.941176470588234
0,1,1,7,1,5,False,360360,405.16666666666674,15.88235294117647
0,1,1,6,7,0,False,360360,408.57142857142867,15.625
0,1,1,6,6,1,False,2162160,490.28571428571433,13.125
0,1,1,6,5,2,False,5405400,572.0000000000001,11.25
0,1,1,6,4,3,False,7207200,577.4476190476192,11.25
0,1,1,6,3,4,False,5405400,550.2095238095241,11.875
0,1,1,6,2,5,False,2162160,490.28571428571433,13.125
0,1,1,6,1,6,False,360360,397.6761904761905,16.25
0,1,1,5,8,0,False,270270,383.03571428571433,16.666666666666668
0,1,1,5,7,1,False,1891890,459.64285714285717,14.0
0,1,1,5,6,2,False,5675670,536.2500000000001,12.0
0,1,1,5,5,3,False,9459450,612.8571428571429,10.666666666666666
0,1,1,5,4,4,False,9459450,602.6428571428573,10.666666666666666
0,1,1,5,3,5,False,5675670,561.7857142857144,11.333333333333334
0,1,1,5,2,6,False,1891890,490.28571428571433,13.333333333333334
0,1,1,5,1,7,False,270270,388.1428571428572,16.666666666666668
0,1,1,4,9,0,False,150150,357.5,17.857142857142858
0,1,1,4,8,1,False,1201200,429.0,15.000000000000002
0,1,1,4,7,2,False,4204200,500.50000000000006,12.857142857142858
0,1,1,4,6,3,False,8408400,572.0,11.428571428571429
0,1,1,4,5,4,False,10510500,643.5000000000001,10.0
0,1,1,4,4,5,False,8408400,619.6666666666667,10.714285714285715
0,1,1,4,3,6,False,4204200,567.2333333333333,11.428571428571429
0,1,1,4,2,7,False,1201200,486.20000000000005,12.857142857142858
0,1,1,4,1,8,False,150150,376.5666666666667,17.142857142857142
0,1,1,3,10,0,False,60060,331.9642857142858,19.23076923076923
0,1,1,3,9,1,False,540540,398.3571428571429,16.153846153846153
0,1,1,3,8,2,False,2162160,464.7500000000001,13.846153846153845
0,1,1,3,7,3,False,5045040,531.1428571428572,12.307692307692307
0,1,1,3,6,4,False,7567560,597.5357142857144,10.769230769230768
0,1,1,3,5,5,False,7567560,663.9285714285716,10.0
0,1,1,3,4,6,False,5045040,628.5190476190477,10.0
0,1,1,3,3,7,False,2162160,566.5523809523811,11.538461538461538
0,1,1,3,2,8,False,540540,478.0285714285715,13.076923076923077
0,1,1,3,1,9,False,60060,362.94761904761907,17.692307692307693
0,1,1,2,11,0,False,16380,306.42857142857144,20.833333333333336
0,1,1,2,10,1,False,163800,367.7142857142857,17.5
0,1,1,2,9,2,False,737100,429.00000000000006,15.0
0,1,1,2,8,3,False,1965600,490.28571428571433,13.333333333333334
0,1,1,2,7,4,False,3439800,551.5714285714287,11.666666666666668
0,1,1,2,6,5,False,4127760,612.8571428571429,10.833333333333334
0,1,1,2,5,6,False,3439800,674.1428571428572,10.0
0,1,1,2,4,7,False,1965600,629.2,10.0
0,1,1,2,3,8,False,737100,559.7428571428572,11.666666666666668
0,1,1,2,2,9,False,163800,465.7714285714285,14.166666666666668
0,1,1,2,1,10,False,16380,347.2857142857143,18.333333333333336
0,1,1,1,12,0,False,2730,280.8928571428572,22.727272727272727
0,1,1,1,11,1,False,30030,337.0714285714286,19.09090909090909
0,1,1,1,10,2,False,150150,393.2500000000001,16.363636363636363
0,1,1,1,9,3,False,450450,449.4285714285715,14.545454545454545
0,1,1,1,8,4,False,900900,505.607142857143,12.727272727272727
0,1,1,1,7,5,False,1261260,561.7857142857144,11.818181818181817
0,1,1,1,6,6,False,1261260,617.9642857142858,10.909090909090908
0,1,1,1,5,7,False,900900,674.1428571428572,10.0
0,1,1,1,4,8,False,450450,621.7095238095238,10.909090909090908
0,1,1,1,3,9,False,150150,546.804761904762,11.818181818181817
0,1,1,1,2,10,False,30030,449.42857142857156,14.545454545454545
0,1,1,1,1,11,False,2730,329.5809523809525,19.09090909090909
0,1,1,0,13,0,False,210,255.3571428571429,25.0
0,1,1,0,12,1,False,2520,306.42857142857144,21.0
0,1,1,0,11,2,False,13860,357.50000000000006,18.0
0,1,1,0,10,3,False,46200,408.5714285714286,16.0
0,1,1,0,9,4,False,103950,459.6428571428572,14.0
0,1,1,0,8,5,False,166320,510.7142857142858,13.0
0,1,1,0,7,6,False,194040,561.7857142857143,12.0
0,1,1,0,6,7,False,166320,612.8571428571429,11.0
0,1,1,0,5,8,False,103950,663.9285714285714,10.0
0,1,1,0,4,9,False,46200,606.047619047619,11.0
0,1,1,0,3,10,False,13860,527.7380952380954,12.0
0,1,1,0,2,11,False,2520,429.00000000000006,15.0
0,1,1,0,1,12,False,210,309.83333333333337,21.0
0,1,0,14,0,0,False,15,371.4285714285715,17.083333333333332
0,1,0,13,1,0,False,210,391.5476190476191,16.086956521739133
0,1,0,12,2,0,False,1365,408.57142857142856,15.454545454545453
0,1,0,12,1,1,False,1365,394.952380952381,15.909090909090908
0,1,0,11,3,0,False,5460,422.5,15.238095238095237
0,1,0,11,2,1,False,10920,429.0,14.761904761904761
0,1,0,11,1,2,False,5460,396.5,16.19047619047619
0,1,0,10,4,0,False,15015,433.33333333333326,14.5
0,1,0,10,3,1,False,45045,458.0952380952381,14.0
0,1,0,10,2,2,False,45045,445.71428571428567,14.5
0,1,0,10,1,3,False,15015,396.19047619047615,16.0
0,1,0,9,5,0,False,30030,441.07142857142856,14.210526315789474
0,1,0,9,4,1,False,120120,482.2380952380952,13.157894736842106
0,1,0,9,3,2,False,180180,488.11904761904754,13.157894736842106
0,1,0,9,2,3,False,120120,458.71428571428567,13.68421052631579
0,1,0,9,1,4,False,30030,394.0238095238095,16.315789473684212
0,1,0,8,6,0,False,45045,417.85714285714283,15.0
0,1,0,8,5,1,False,225225,501.4285714285714,12.777777777777777
0,1,0,8,4,2,False,450450,523.7142857142858,12.222222222222221
0,1,0,8,3,3,False,450450,512.5714285714286,12.222222222222221
0,1,0,8,2,4,False,225225,468.0,13.88888888888889
0,1,0,8,1,5,False,45045,389.99999999999994,16.11111111111111
0,1,0,7,7,0,False,51480,394.64285714285717,15.88235294117647
0,1,0,7,6,1,False,308880,473.5714285714286,13.52941176470588
0,1,0,7,5,2,False,772200,552.5000000000001,11.76470588235294
0,1,0,7,4,3,False,1029600,557.7619047619048,11.76470588235294
0,1,0,7,3,4,False,772200,531.4523809523811,11.76470588235294
0,1,0,7,2,5,False,308880,473.5714285714286,13.52941176470588
0,1,0,7,1,6,False,51480,384.11904761904765,16.470588235294116
0,1,0,6,8,0,False,45045,371.42857142857144,16.875
0,1,0,6,7,1,False,315315,445.7142857142857,14.375
0,1,0,6,6,2,False,945945,520.0,12.5
0,1,0,6,5,3,False,1576575,594.2857142857142,10.625
0,1,0,6,4,4,False,1576575,584.3809523809525,11.25
0,1,0,6,3,5,False,945945,544.7619047619049,11.875
0,1,0,6,2,6,False,315315,475.4285714285714,13.75
0,1,0,6,1,7,False,45045,376.38095238095235,16.875
0,1,0,5,9,0,False,30030,348.2142857142857,18.0
0,1,0,5,8,1,False,240240,417.85714285714283,15.333333333333334
0,1,0,5,7,2,False,840840,487.5,13.333333333333334
0,1,0,5,6,3,False,1681680,557.1428571428571,11.333333333333334
0,1,0,5,5,4,False,2102100,626.7857142857143,10.0
0,1,0,5,4,5,False,1681680,603.5714285714286,10.666666666666666
0,1,0,5,3,6,False,840840,552.5,11.333333333333334
0,1,0,5,2,7,False,240240,473.57142857142856,13.333333333333334
0,1,0,5,1,8,False,30030,366.7857142857143,17.333333333333332
0,1,0,4,10,0,False,15015,325.0,19.28571428571429
0,1,0,4,9,1,False,135135,389.99999999999994,16.42857142857143
0,1,0,4,8,2,False,540540,454.99999999999994,14.285714285714286
0,1,0,4,7,3,False,1261260,519.9999999999999,12.142857142857144
0,1,0,4,6,4,False,1891890,585.0,10.714285714285715
0,1,0,4,5,5,False,1891890,650.0,10.0
0,1,0,4,4,6,False,1261260,615.3333333333333,10.714285714285715
0,1,0,4,3,7,False,540540,554.6666666666666,11.428571428571429
0,1,0,4,2,8,False,135135,467.99999999999994,13.571428571428573
0,1,0,4,1,9,False,15015,355.3333333333333,17.857142857142858
0,1,0,3,11,0,False,5460,301.7857142857143,20.76923076923077
0,1,0,3,10,1,False,54600,362.1428571428571,17.692307692307693
0,1,0,3,9,2,False,245700,422.5,15.384615384615383
0,1,0,3,8,3,False,655200,482.85714285714283,13.076923076923077
0,1,0,3,7,4,False,1146600,543.2142857142858,11.538461538461538
0,1,0,3,6,5,False,1375920,603.5714285714286,10.769230769230768
0,1,0,3,5,6,False,1146600,663.9285714285713,10.0
0,1,0,3,4,7,False,655200,619.6666666666666,10.769230769230768
0,1,0,3,3,8,False,245700,551.2619047619048,11.538461538461538
0,1,0,3,2,9,False,54600,458.7142857142856,13.846153846153845
0,1,0,3,1,10,False,5460,342.0238095238096,18.46153846153846
0,1,0,2,12,0,False,1365,278.57142857142856,22.5
0,1,0,2,11,1,False,15015,334.2857142857143,19.166666666666668
0,1,0,2,10,2,False,75075,390.0,16.666666666666668
0,1,0,2,9,3,False,225225,445.71428571428567,14.166666666666668
0,1,0,2,8,4,False,450450,501.42857142857144,12.5
0,1,0,2,7,5,False,630630,557.1428571428571,11.666666666666668
0,1,0,2,6,6,False,630630,612.8571428571428,10.833333333333334
0,1,0,2,5,7,False,450450,668.5714285714286,10.0
0,1,0,2,4,8,False,225225,616.5714285714284,10.833333333333334
0,1,0,2,3,9,False,75075,542.2857142857142,11.666666666666668
0,1,0,2,2,10,False,15015,445.7142857142857,14.166666666666668
0,1,0,2,1,11,False,1365,326.85714285714283,19.166666666666668
0,1,0,1,13,0,False,210,255.35714285714286,24.545454545454543
0,1,0,1,12,1,False,2520,306.42857142857144,20.909090909090907
0,1,0,1,11,2,False,13860,357.50000000000006,18.18181818181818
0,1,0,1,10,3,False,46200,408.57142857142856,15.454545454545453
0,1,0,1,9,4,False,103950,459.6428571428572,13.636363636363635
0,1,0,1,8,5,False,166320,510.7142857142857,12.727272727272727
0,1,0,1,7,6,False,194040,561.7857142857142,11.818181818181817
0,1,0,1,6,7,False,166320,612.8571428571429,10.909090909090908
0,1,0,1,5,8,False,103950,663.9285714285714,10.0
0,1,0,1,4,9,False,46200,606.047619047619,10.909090909090908
0,1,0,1,3,10,False,13860,527.7380952380953,12.727272727272727
0,1,0,1,2,11,False,2520,429.00000000000006,15.454545454545453
0,1,0,1,1,12,False,210,309.8333333333333,20.909090909090907
0,1,0,0,14,0,False,15,232.14285714285714,27.0
0,1,0,0,13,1,False,195,278.57142857142856,23.0
0,1,0,0,12,2,False,1170,325.0,20.0
0,1,0,0,11,3,False,4290,371.4285714285714,17.0
0,1,0,0,10,4,False,10725,417.8571428571429,15.0
0,1,0,0,9,5,False,19305,464.2857142857143,14.0
0,1,0,0,8,6,False,25740,510.71428571428567,13.0
0,1,0,0,7,7,False,25740,557.1428571428571,12.0
0,1,0,0,6,8,False,19305,603.5714285714286,11.0
0,1,0,0,5,9,False,10725,649.9999999999999,10.0
0,1,0,0,4,10,False,4290,588.0952380952381,11.0
0,1,0,0,3,11,False,1170,507.6190476190476,13.0
0,1,0,0,2,12,False,195,408.5714285714285,16.0
0,1,0,0,1,13,False,15,290.95238095238096,22.0
0,0,15,0,0,0,False,1,238.09523809523807,27.0
0,0,14,1,0,0,False,15,251.42857142857147,25.454545454545453
0,0,14,0,1,0,False,15,251.42857142857147,25.0
0,0,13,2,0,0,False,105,262.8571428571428,24.166666666666668
0,0,13,1,1,0,False,210,265.04761904761904,23.636363636363633
0,0,13,0,2,0,False,105,262.8571428571428,24.0
0,0,13,0,1,1,False,105,254.0952380952381,25.0
0,0,12,3,0,0,False,455,272.3809523809524,23.076923076923077
0,0,12,2,1,0,False,1365,276.5714285714286,23.333333333333336
0,0,12,1,2,0,False,1365,276.57142857142856,22.727272727272727
0,0,12,1,1,1,False,1365,267.352380952381,23.636363636363633
0,0,12,0,3,0,False,455,272.3809523809524,23.0
0,0,12,0,2,1,False,910,276.5714285714286,23.0
0,0,12,0,1,2,False,455,255.61904761904765,25.0
0,0,11,4,0,0,False,1365,280.0,22.857142857142858
0,0,11,3,1,0,False,5460,286.00000000000006,22.307692307692307
0,0,11,2,2,0,False,8190,288.0,22.5
0,0,11,2,1,1,False,8190,278.4,22.5
0,0,11,1,3,0,False,5460,286.0,22.727272727272727
0,0,11,1,2,1,False,10920,290.40000000000003,21.818181818181817
0,0,11,1,1,2,False,5460,268.4,23.636363636363633
0,0,11,0,4,0,False,1365,280.0,23.0
0,0,11,0,3,1,False,4095,296.0,22.0
0,0,11,0,2,2,False,4095,287.99999999999994,22.0
0,0,11,0,1,3,False,1365,256.0,25.0
0,0,10,5,0,0,False,3003,285.71428571428567,22.0
0,0,10,4,1,0,False,15015,293.33333333333337,21.42857142857143
0,0,10,3,2,0,False,30030,297.1428571428571,21.538461538461537
0,0,10,3,1,1,False,30030,287.23809523809524,22.307692307692307
0,0,10,2,3,0,False,30030,297.1428571428571,21.666666666666668
0,0,10,2,2,1,False,60060,301.71428571428567,20.833333333333336
0,0,10,2,1,2,False,30030,278.85714285714283,22.5
0,0,10,1,4,0,False,15015,293.3333333333333,21.818181818181817
0,0,10,1,3,1,False,45045,310.0952380952381,20.909090909090907
0,0,10,1,2,2,False,45045,301.7142857142857,20.909090909090907
0,0,10,1,1,3,False,15015,268.1904761904762,23.636363636363633
0,0,10,0,5,0,False,3003,285.7142857142857,22.0
0,0,10,0,4,1,False,12012,312.38095238095235,21.0
0,0,10,0,3,2,False,18018,316.19047619047615,20.0
0,0,10,0,2,3,False,12012,297.1428571428571,22.0
0,0,10,0,1,4,False,3003,255.2380952380952,25.0
0,0,9,6,0,0,False,5005,289.5238095238095,21.875
0,0,9,5,1,0,False,30030,298.5714285714286,21.333333333333332
0,0,9,4,2,0,False,75075,304.0,20.714285714285715
0,0,9,4,1,1,False,75075,293.8666666666667,21.42857142857143
0,0,9,3,3,0,False,100100,305.8095238095238,20.76923076923077
0,0,9,3,2,1,False,200200,310.51428571428573,20.76923076923077
0,0,9,3,1,2,False,100100,286.99047619047616,22.307692307692307
0,0,9,2,4,0,False,75075,303.99999999999994,20.833333333333336
0,0,9,2,3,1,False,225225,321.37142857142857,20.0
0,0,9,2,2,2,False,225225,312.6857142857142,20.0
0,0,9,2,1,3,False,75075,277.9428571428571,22.5
0,0,9,1,5,0,False,30030,298.57142857142856,21.818181818181817
0,0,9,1,4,1,False,120120,326.4380952380953,20.0
0,0,9,1,3,2,False,180180,330.41904761904766,19.09090909090909
0,0,9,1,2,3,False,120120,310.51428571428573,20.909090909090907
0,0,9,1,1,4,False,30030,266.72380952380956,23.636363636363633
0,0,9,0,6,0,False,5005,271.4285714285714,24.0
0,0,9,0,5,1,False,25025,325.7142857142857,20.0
0,0,9,0,4,2,False,50050,340.1904761904762,19.0
0,0,9,0,3,3,False,50050,332.95238095238096,19.0
0,0,9,0,2,4,False,25025,304.0,21.0
0,0,9,0,1,5,False,5005,253.33333333333331,25.0
0,0,8,7,0,0,False,6435,291.42857142857144,21.76470588235294
0,0,8,6,1,0,False,45045,301.7142857142857,21.25
0,0,8,5,2,0,False,135135,308.57142857142856,20.666666666666668
0,0,8,5,1,1,False,135135,298.2857142857143,21.333333333333332
0,0,8,4,3,0,False,225225,311.99999999999994,20.714285714285715
0,0,8,4,2,1,False,450450,316.8,20.0
0,0,8,4,1,2,False,225225,292.79999999999995,21.42857142857143
0,0,8,3,4,0,False,225225,312.0,20.76923076923077
0,0,8,3,3,1,False,675675,329.82857142857137,19.23076923076923
0,0,8,3,2,2,False,675675,320.9142857142857,20.0
0,0,8,3,1,3,False,225225,285.25714285714287,22.307692307692307
0,0,8,2,5,0,False,135135,308.5714285714285,20.833333333333336
0,0,8,2,4,1,False,540540,337.37142857142857,19.166666666666668
0,0,8,2,3,2,False,810810,341.48571428571427,18.333333333333336
0,0,8,2,2,3,False,540540,320.9142857142857,20.0
0,0,8,2,1,4,False,135135,275.65714285714284,23.333333333333336
0,0,8,1,6,0,False,45045,282.85714285714283,22.727272727272727
0,0,8,1,5,1,False,225225,339.42857142857144,19.09090909090909
0,0,8,1,4,2,False,450450,354.51428571428573,18.18181818181818
0,0,8,1,3,3,False,450450,346.97142857142853,18.18181818181818
0,0,8,1,2,4,False,225225,316.8,20.0
0,0,8,1,1,5,False,45045,264.0,24.545454545454543
0,0,8,0,7,0,False,6435,257.1428571428571,25.0
0,0,8,0,6,1,False,38610,308.57142857142856,21.0
0,0,8,0,5,2,False,96525,360.0,18.0
0,0,8,0,4,3,False,128700,363.42857142857144,18.0
0,0,8,0,3,4,False,96525,346.28571428571433,19.0
0,0,8,0,2,5,False,38610,308.57142857142856,21.0
0,0,8,0,1,6,False,6435,250.28571428571428,25.0
0,0,7,8,0,0,False,6435,291.4285714285715,21.666666666666668
0,0,7,7,1,0,False,51480,302.7619047619049,21.176470588235293
0,0,7,6,2,0,False,180180,310.8571428571429,20.625
0,0,7,6,1,1,False,180180,300.49523809523816,21.25
0,0,7,5,3,0,False,360360,315.7142857142858,20.0
0,0,7,5,2,1,False,720720,320.57142857142856,20.0
0,0,7,5,1,2,False,360360,296.28571428571433,21.333333333333332
0,0,7,4,4,0,False,450450,317.3333333333333,20.0
0,0,7,4,3,1,False,1351350,335.4666666666667,19.28571428571429
0,0,7,4,2,2,False,1351350,326.40000000000003,19.28571428571429
0,0,7,4,1,3,False,450450,290.1333333333334,22.142857142857146
0,0,7,3,5,0,False,360360,315.7142857142858,20.0
0,0,7,3,4,1,False,1441440,345.1809523809525,18.46153846153846
0,0,7,3,3,2,False,2162160,349.39047619047625,18.46153846153846
0,0,7,3,2,3,False,1441440,328.3428571428572,19.23076923076923
0,0,7,3,1,4,False,360360,282.0380952380953,22.307692307692307
0,0,7,2,6,0,False,180180,291.42857142857144,21.666666666666668
0,0,7,2,5,1,False,900900,349.7142857142857,18.333333333333336
0,0,7,2,4,2,False,1801800,365.2571428571429,17.5
0,0,7,2,3,3,False,1801800,357.4857142857143,17.5
0,0,7,2,2,4,False,900900,326.40000000000003,19.166666666666668
0,0,7,2,1,5,False,180180,272.0,23.333333333333336
0,0,7,1,7,0,False,51480,267.1428571428572,23.636363636363633
0,0,7,1,6,1,False,308880,320.5714285714286,20.0
0,0,7,1,5,2,False,772200,374.0000000000001,17.27272727272727
0,0,7,1,4,3,False,1029600,377.5619047619049,17.27272727272727
0,0,7,1,3,4,False,772200,359.7523809523811,18.18181818181818
0,0,7,1,2,5,False,308880,320.5714285714286,20.0
0,0,7,1,1,6,False,51480,260.0190476190477,24.545454545454543
0,0,7,0,8,0,False,6435,242.8571428571429,26.0
0,0,7,0,7,1,False,45045,291.42857142857144,22.0
0,0,7,0,6,2,False,135135,340.00000000000006,19.0
0,0,7,0,5,3,False,225225,388.5714285714286,17.0
0,0,7,0,4,4,False,225225,382.0952380952382,17.0
0,0,7,0,3,5,False,135135,356.19047619047626,18.0
0,0,7,0,2,6,False,45045,310.8571428571429,21.0
0,0,7,0,1,7,False,6435,246.0952380952381,26.0
0,0,6,9,0,0,False,5005,289.5238095238095,22.105263157894736
0,0,6,8,1,0,False,45045,301.7142857142857,21.11111111111111
0,0,6,7,2,0,False,180180,310.85714285714283,20.588235294117645
0,0,6,7,1,1,False,180180,300.49523809523816,21.176470588235293
0,0,6,6,3,0,False,420420,316.95238095238096,20.0
0,0,6,6,2,1,False,840840,321.8285714285714,20.0
0,0,6,6,1,2,False,420420,297.447619047619,21.25
0,0,6,5,4,0,False,630630,320.0,20.0
0,0,6,5,3,1,False,1891890,338.2857142857143,18.666666666666668
0,0,6,5,2,2,False,1891890,329.1428571428571,19.333333333333332
0,0,6,5,1,3,False,630630,292.57142857142856,22.0
0,0,6,4,5,0,False,630630,319.99999999999994,20.0
0,0,6,4,4,1,False,2522520,349.8666666666667,18.571428571428573
0,0,6,4,3,2,False,3783780,354.1333333333333,17.857142857142858
0,0,6,4,2,3,False,2522520,332.8,19.28571428571429
0,0,6,4,1,4,False,630630,285.8666666666666,22.142857142857146
0,0,6,3,6,0,False,420420,297.1428571428571,21.538461538461537
0,0,6,3,5,1,False,2102100,356.57142857142856,17.692307692307693
0,0,6,3,4,2,False,4204200,372.41904761904766,16.923076923076923
0,0,6,3,3,3,False,4204200,364.49523809523816,17.692307692307693
0,0,6,3,2,4,False,2102100,332.8,19.23076923076923
0,0,6,3,1,5,False,420420,277.3333333333333,23.076923076923077
0,0,6,2,7,0,False,180180,274.2857142857143,23.333333333333336
0,0,6,2,6,1,False,1081080,329.1428571428571,19.166666666666668
0,0,6,2,5,2,False,2702700,384.0,16.666666666666668
0,0,6,2,4,3,False,3603600,387.6571428571429,16.666666666666668
0,0,6,2,3,4,False,2702700,369.3714285714286,17.5
0,0,6,2,2,5,False,1081080,329.1428571428571,19.166666666666668
0,0,6,2,1,6,False,180180,266.97142857142853,24.166666666666668
0,0,6,1,8,0,False,45045,251.42857142857144,25.454545454545453
0,0,6,1,7,1,False,315315,301.7142857142857,20.909090909090907
0,0,6,1,6,2,False,945945,352.0,18.18181818181818
0,0,6,1,5,3,False,1576575,402.2857142857143,16.363636363636363
0,0,6,1,4,4,False,1576575,395.58095238095245,16.363636363636363
0,0,6,1,3,5,False,945945,368.7619047619048,17.27272727272727
0,0,6,1,2,6,False,315315,321.8285714285714,20.0
0,0,6,1,1,7,False,45045,254.78095238095239,24.545454545454543
0,0,6,0,9,0,False,5005,228.57142857142856,28.0
0,0,6,0,8,1,False,40040,274.2857142857143,23.0
0,0,6,0,7,2,False,140140,320.0,20.0
0,0,6,0,6,3,False,280280,365.71428571428567,18.0
0,0,6,0,5,4,False,350350,411.4285714285714,16.0
0,0,6,0,4,5,False,280280,396.19047619047615,16.0
0,0,6,0,3,6,False,140140,362.66666666666663,18.0
0,0,6,0,2,7,False,40040,310.85714285714283,21.0
0,0,6,0,1,8,False,5005,240.76190476190476,26.0
0,0,5,10,0,0,False,3003,285.7142857142857,22.0
0,0,5,9,1,0,False,30030,298.57142857142856,21.05263157894737
0,0,5,8,2,0,False,135135,308.57142857142856,20.555555555555554
0,0,5,8,1,1,False,135135,298.28571428571433,21.11111111111111
0,0,5,7,3,0,False,360360,315.7142857142857,19.999999999999996
0,0,5,7,2,1,False,720720,320.57142857142856,19.999999999999996
0,0,5,7,1,2,False,360360,296.2857142857143,21.176470588235293
0,0,5,6,4,0,False,630630,320.0,20.0
0,0,5,6,3,1,False,1891890,338.2857142857143,18.75
0,0,5,6,2,2,False,1891890,329.1428571428571,19.375
0,0,5,6,1,3,False,630630,292.57142857142856,21.875
0,0,5,5,5,0,False,756756,321.42857142857144,20.0
0,0,5,5,4,1,False,3027024,351.42857142857144,18.0
0,0,5,5,3,2,False,4540536,355.7142857142858,18.0
0,0,5,5,2,3,False,3027024,334.2857142857142,19.333333333333332
0,0,5,5,1,4,False,756756,287.1428571428571,22.0
0,0,5,4,6,0,False,630630,299.99999999999994,21.42857142857143
0,0,5,4,5,1,False,3153150,359.99999999999994,17.857142857142858
0,0,5,4,4,2,False,6306300,375.99999999999994,17.142857142857142
0,0,5,4,3,3,False,6306300,367.99999999999994,17.142857142857142
0,0,5,4,2,4,False,3153150,336.0,19.28571428571429
0,0,5,4,1,5,False,630630,280.0,22.857142857142858
0,0,5,3,7,0,False,360360,278.57142857142856,23.076923076923077
0,0,5,3,6,1,False,2162160,334.2857142857143,19.23076923076923
0,0,5,3,5,2,False,5405400,390.0,16.153846153846153
0,0,5,3,4,3,False,7207200,393.7142857142857,16.153846153846153
0,0,5,3,3,4,False,5405400,375.1428571428572,16.923076923076923
0,0,5,3,2,5,False,2162160,334.2857142857143,19.23076923076923
0,0,5,3,1,6,False,360360,271.1428571428571,23.076923076923077
0,0,5,2,8,0,False,135135,257.1428571428571,25.0
0,0,5,2,7,1,False,945945,308.5714285714285,20.833333333333336
0,0,5,2,6,2,False,2837835,360.0,17.5
0,0,5,2,5,3,False,4729725,411.4285714285714,15.833333333333334
0,0,5,2,4,4,False,4729725,404.5714285714286,15.833333333333334
0,0,5,2,3,5,False,2837835,377.1428571428571,16.666666666666668
0,0,5,2,2,6,False,945945,329.1428571428571,19.166666666666668
0,0,5,2,1,7,False,135135,260.57142857142856,24.166666666666668
0,0,5,1,9,0,False,30030,235.71428571428572,27.27272727272727
0,0,5,1,8,1,False,240240,282.85714285714283,22.727272727272727
0,0,5,1,7,2,False,840840,330.0,19.09090909090909
0,0,5,1,6,3,False,1681680,377.14285714285717,17.27272727272727
0,0,5,1,5,4,False,2102100,424.2857142857143,15.454545454545453
0,0,5,1,4,5,False,1681680,408.57142857142856,15.454545454545453
0,0,5,1,3,6,False,840840,374.00000000000006,17.27272727272727
0,0,5,1,2,7,False,240240,320.57142857142856,20.0
0,0,5,1,1,8,False,30030,248.28571428571428,25.454545454545453
0,0,5,0,10,0,False,3003,214.28571428571428,30.0
0,0,5,0,9,1,False,27027,257.1428571428571,25.0
0,0,5,0,8,2,False,108108,300.0,21.0
0,0,5,0,7,3,False,252252,342.85714285714283,19.0
0,0,5,0,6,4,False,378378,385.71428571428567,17.0
0,0,5,0,5,5,False,378378,428.57142857142856,15.0
0,0,5,0,4,6,False,252252,405.71428571428567,16.0
0,0,5,0,3,7,False,108108,365.7142857142857,18.0
0,0,5,0,2,8,False,27027,308.57142857142856,21.0
0,0,5,0,1,9,False,3003,234.28571428571425,27.0
0,0,4,11,0,0,False,1365,280.0,22.38095238095238
0,0,4,10,1,0,False,15015,293.3333333333333,21.5
0,0,4,9,2,0,False,75075,304.0,21.05263157894737
0,0,4,9,1,1,False,75075,293.8666666666667,21.578947368421055
0,0,4,8,3,0,False,225225,312.0,20.555555555555554
0,0,4,8,2,1,False,450450,316.8,20.0
0,0,4,8,1,2,False,225225,292.79999999999995,21.666666666666668
0,0,4,7,4,0,False,450450,317.33333333333337,19.999999999999996
0,0,4,7,3,1,False,1351350,335.4666666666667,18.823529411764703
0,0,4,7,2,2,False,1351350,326.4,19.41176470588235
0,0,4,7,1,3,False,450450,290.1333333333334,21.76470588235294
0,0,4,6,5,0,False,630630,320.0,20.0
0,0,4,6,4,1,False,2522520,349.86666666666673,18.125
0,0,4,6,3,2,False,3783780,354.1333333333334,18.125
0,0,4,6,2,3,False,2522520,332.8,19.375
0,0,4,6,1,4,False,630630,285.86666666666673,21.875
0,0,4,5,6,0,False,630630,300.0,21.333333333333332
0,0,4,5,5,1,False,3153150,360.0,18.0
0,0,4,5,4,2,False,6306300,375.99999999999994,16.666666666666668
0,0,4,5,3,3,False,6306300,368.0,17.333333333333332
0,0,4,5,2,4,False,3153150,336.0,18.666666666666668
0,0,4,5,1,5,False,630630,280.0,22.666666666666668
0,0,4,4,7,0,False,450450,280.0,22.857142857142858
0,0,4,4,6,1,False,2702700,336.0,19.28571428571429
0,0,4,4,5,2,False,6756750,392.0,16.42857142857143
0,0,4,4,4,3,False,9009000,395.73333333333335,16.42857142857143
0,0,4,4,3,4,False,6756750,377.0666666666667,17.142857142857142
0,0,4,4,2,5,False,2702700,336.0,19.28571428571429
0,0,4,4,1,6,False,450450,272.5333333333333,23.571428571428573
0,0,4,3,8,0,False,225225,260.0,24.615384615384613
0,0,4,3,7,1,False,1576575,312.0,20.76923076923077
0,0,4,3,6,2,False,4729725,364.0,17.692307692307693
0,0,4,3,5,3,False,7882875,416.0,15.384615384615383
0,0,4,3,4,4,False,7882875,409.0666666666667,15.384615384615383
0,0,4,3,3,5,False,4729725,381.3333333333333,16.923076923076923
0,0,4,3,2,6,False,1576575,332.8,19.23076923076923
0,0,4,3,1,7,False,225225,263.46666666666664,23.846153846153847
0,0,4,2,9,0,False,75075,240.0,26.666666666666668
0,0,4,2,8,1,False,600600,288.0,22.5
0,0,4,2,7,2,False,2102100,336.0,19.166666666666668
0,0,4,2,6,3,False,4204200,384.0,16.666666666666668
0,0,4,2,5,4,False,5255250,432.0,15.0
0,0,4,2,4,5,False,4204200,415.99999999999994,15.833333333333334
0,0,4,2,3,6,False,2102100,380.79999999999995,16.666666666666668
0,0,4,2,2,7,False,600600,326.4,19.166666666666668
0,0,4,2,1,8,False,75075,252.79999999999998,25.0
0,0,4,1,10,0,False,15015,220.00000000000003,29.09090909090909
0,0,4,1,9,1,False,135135,264.0,24.545454545454543
0,0,4,1,8,2,False,540540,308.0,20.909090909090907
0,0,4,1,7,3,False,1261260,352.0,18.18181818181818
0,0,4,1,6,4,False,1891890,396.00000000000006,16.363636363636363
0,0,4,1,5,5,False,1891890,440.00000000000006,14.545454545454545
0,0,4,1,4,6,False,1261260,416.5333333333333,15.454545454545453
0,0,4,1,3,7,False,540540,375.4666666666668,17.27272727272727
0,0,4,1,2,8,False,135135,316.8,20.0
0,0,4,1,1,9,False,15015,240.53333333333333,26.36363636363636
0,0,4,0,11,0,False,1365,200.0,32.0
0,0,4,0,10,1,False,13650,240.0,27.0
0,0,4,0,9,2,False,61425,280.0,23.0
0,0,4,0,8,3,False,163800,320.0,20.0
0,0,4,0,7,4,False,286650,360.0,18.0
0,0,4,0,6,5,False,343980,400.0,16.0
0,0,4,0,5,6,False,286650,440.0,15.0
0,0,4,0,4,7,False,163800,410.66666666666663,16.0
0,0,4,0,3,8,False,61425,365.3333333333333,18.0
0,0,4,0,2,9,False,13650,304.0,21.0
0,0,4,0,1,10,False,1365,226.66666666666669,28.0
0,0,3,12,0,0,False,455,272.38095238095235,23.18181818181818
0,0,3,11,1,0,False,5460,286.0,21.904761904761905
0,0,3,10,2,0,False,30030,297.1428571428571,21.5
0,0,3,10,1,1,False,30030,287.23809523809524,22.0
0,0,3,9,3,0,False,100100,305.80952380952374,20.526315789473685
0,0,3,9,2,1,False,200200,310.5142857142857,20.526315789473685
0,0,3,9,1,2,False,100100,286.99047619047616,22.105263157894736
0,0,3,8,4,0,False,225225,312.0,20.555555555555554
0,0,3,8,3,1,False,675675,329.8285714285714,19.444444444444443
0,0,3,8,2,2,False,675675,320.9142857142857,20.0
0,0,3,8,1,3,False,225225,285.25714285714287,22.22222222222222
0,0,3,7,5,0,False,360360,315.7142857142857,19.999999999999996
0,0,3,7,4,1,False,1441440,345.1809523809524,18.235294117647058
0,0,3,7,3,2,False,2162160,349.3904761904762,18.235294117647058
0,0,3,7,2,3,False,1441440,328.34285714285716,19.41176470588235
0,0,3,7,1,4,False,360360,282.03809523809525,22.352941176470587
0,0,3,6,6,0,False,420420,297.1428571428571,21.25
0,0,3,6,5,1,False,2102100,356.57142857142856,18.125
0,0,3,6,4,2,False,4204200,372.41904761904766,16.875
0,0,3,6,3,3,False,4204200,364.49523809523816,17.5
0,0,3,6,2,4,False,2102100,332.80000000000007,19.375
0,0,3,6,1,5,False,420420,277.3333333333333,23.125
0,0,3,5,7,0,False,360360,278.57142857142856,22.666666666666668
0,0,3,5,6,1,False,2162160,334.2857142857142,19.333333333333332
0,0,3,5,5,2,False,5405400,390.0,16.666666666666668
0,0,3,5,4,3,False,7207200,393.7142857142857,16.0
0,0,3,5,3,4,False,5405400,375.1428571428572,16.666666666666668
0,0,3,5,2,5,False,2162160,334.2857142857142,19.333333333333332
0,0,3,5,1,6,False,360360,271.1428571428571,23.333333333333332
0,0,3,4,8,0,False,225225,259.99999999999994,24.28571428571429
0,0,3,4,7,1,False,1576575,311.99999999999994,20.714285714285715
0,0,3,4,6,2,False,4729725,364.0,17.857142857142858
0,0,3,4,5,3,False,7882875,415.99999999999994,15.714285714285715
0,0,3,4,4,4,False,7882875,409.0666666666667,15.714285714285715
0,0,3,4,3,5,False,4729725,381.33333333333326,16.42857142857143
0,0,3,4,2,6,False,1576575,332.79999999999995,19.28571428571429
0,0,3,4,1,7,False,225225,263.46666666666664,24.28571428571429
0,0,3,3,9,0,False,100100,241.42857142857142,26.153846153846153
0,0,3,3,8,1,False,800800,289.71428571428567,22.307692307692307
0,0,3,3,7,2,False,2802800,338.0,19.23076923076923
0,0,3,3,6,3,False,5605600,386.2857142857143,16.923076923076923
0,0,3,3,5,4,False,7007000,434.57142857142856,14.615384615384615
0,0,3,3,4,5,False,5605600,418.4761904761904,15.384615384615383
0,0,3,3,3,6,False,2802800,383.0666666666666,16.923076923076923
0,0,3,3,2,7,False,800800,328.34285714285716,19.23076923076923
0,0,3,3,1,8,False,100100,254.3047619047619,24.615384615384613
0,0,3,2,10,0,False,30030,222.85714285714283,28.333333333333336
0,0,3,2,9,1,False,270270,267.4285714285714,24.166666666666668
0,0,3,2,8,2,False,1081080,312.0,20.833333333333336
0,0,3,2,7,3,False,2522520,356.5714285714285,18.333333333333336
0,0,3,2,6,4,False,3783780,401.1428571428571,15.833333333333334
0,0,3,2,5,5,False,3783780,445.71428571428567,14.166666666666668
0,0,3,2,4,6,False,2522520,421.9428571428571,15.0
0,0,3,2,3,7,False,1081080,380.3428571428572,16.666666666666668
0,0,3,2,2,8,False,270270,320.9142857142857,20.0
0,0,3,2,1,9,False,30030,243.65714285714284,25.833333333333336
0,0,3,1,11,0,False,5460,204.28571428571428,30.909090909090907
0,0,3,1,10,1,False,54600,245.14285714285714,26.36363636363636
0,0,3,1,9,2,False,245700,286.0,22.727272727272727
0,0,3,1,8,3,False,655200,326.85714285714283,20.0
0,0,3,1,7,4,False,1146600,367.7142857142857,17.27272727272727
0,0,3,1,6,5,False,1375920,408.57142857142856,15.454545454545453
0,0,3,1,5,6,False,1146600,449.42857142857144,14.545454545454545
0,0,3,1,4,7,False,655200,419.46666666666675,15.454545454545453
0,0,3,1,3,8,False,245700,373.1619047619048,17.27272727272727
0,0,3,1,2,9,False,54600,310.5142857142857,20.909090909090907
0,0,3,1,1,10,False,5460,231.52380952380955,27.27272727272727
0,0,3,0,12,0,False,455,185.7142857142857,34.0
0,0,3,0,11,1,False,5005,222.85714285714283,29.0
0,0,3,0,10,2,False,25025,260.0,25.0
0,0,3,0,9,3,False,75075,297.1428571428571,22.0
0,0,3,0,8,4,False,150150,334.2857142857143,19.0
0,0,3,0,7,5,False,210210,371.4285714285714,17.0
0,0,3,0,6,6,False,210210,408.57142857142856,16.0
0,0,3,0,5,7,False,150150,445.71428571428567,15.0
0,0,3,0,4,8,False,75075,411.047619047619,16.0
0,0,3,0,3,9,False,25025,361.52380952380946,18.0
0,0,3,0,2,10,False,5005,297.14285714285717,22.0
0,0,3,0,1,11,False,455,217.9047619047619,29.0
0,0,2,13,0,0,False,105,262.85714285714283,23.91304347826087
0,0,2,12,1,0,False,1365,276.57142857142856,22.727272727272727
0,0,2,11,2,0,False,8190,288.0,21.904761904761905
0,0,2,11,1,1,False,8190,278.40000000000003,22.857142857142858
0,0,2,10,3,0,False,30030,297.1428571428571,21.5
0,0,2,10,2,1,False,60060,301.7142857142857,21.0
0,0,2,10,1,2,False,30030,278.85714285714283,22.5
0,0,2,9,4,0,False,75075,304.0,21.05263157894737
0,0,2,9,3,1,False,225225,321.37142857142857,19.473684210526315
0,0,2,9,2,2,False,225225,312.68571428571425,20.0
0,0,2,9,1,3,False,75075,277.9428571428571,22.63157894736842
0,0,2,8,5,0,False,135135,308.57142857142856,20.555555555555554
0,0,2,8,4,1,False,540540,337.37142857142857,18.88888888888889
0,0,2,8,3,2,False,810810,341.4857142857143,18.333333333333332
0,0,2,8,2,3,False,540540,320.91428571428577,20.0
0,0,2,8,1,4,False,135135,275.65714285714284,22.77777777777778
0,0,2,7,6,0,False,180180,291.42857142857144,21.76470588235294
0,0,2,7,5,1,False,900900,349.7142857142857,18.235294117647058
0,0,2,7,4,2,False,1801800,365.2571428571429,17.64705882352941
0,0,2,7,3,3,False,1801800,357.4857142857143,17.64705882352941
0,0,2,7,2,4,False,900900,326.40000000000003,19.41176470588235
0,0,2,7,1,5,False,180180,272.0,23.52941176470588
0,0,2,6,7,0,False,180180,274.2857142857143,23.125
0,0,2,6,6,1,False,1081080,329.1428571428571,19.375
0,0,2,6,5,2,False,2702700,384.0,16.875
0,0,2,6,4,3,False,3603600,387.65714285714284,16.25
0,0,2,6,3,4,False,2702700,369.3714285714287,17.5
0,0,2,6,2,5,False,1081080,329.1428571428571,19.375
0,0,2,6,1,6,False,180180,266.97142857142853,23.75
0,0,2,5,8,0,False,135135,257.1428571428571,24.666666666666668
0,0,2,5,7,1,False,945945,308.57142857142856,20.666666666666668
0,0,2,5,6,2,False,2837835,360.0,18.0
0,0,2,5,5,3,False,4729725,411.42857142857144,15.333333333333334
0,0,2,5,4,4,False,4729725,404.57142857142856,16.0
0,0,2,5,3,5,False,2837835,377.1428571428571,16.666666666666668
0,0,2,5,2,6,False,945945,329.1428571428571,19.333333333333332
0,0,2,5,1,7,False,135135,260.57142857142856,24.0
0,0,2,4,9,0,False,75075,239.99999999999997,26.42857142857143
0,0,2,4,8,1,False,600600,287.99999999999994,22.142857142857146
0,0,2,4,7,2,False,2102100,336.0,19.28571428571429
0,0,2,4,6,3,False,4204200,383.99999999999994,16.42857142857143
0,0,2,4,5,4,False,5255250,431.99999999999994,15.000000000000002
0,0,2,4,4,5,False,4204200,415.99999999999994,15.714285714285715
0,0,2,4,3,6,False,2102100,380.7999999999999,16.42857142857143
0,0,2,4,2,7,False,600600,326.4,19.28571428571429
0,0,2,4,1,8,False,75075,252.8,25.0
0,0,2,3,10,0,False,30030,222.85714285714286,28.46153846153846
0,0,2,3,9,1,False,270270,267.4285714285714,23.846153846153847
0,0,2,3,8,2,False,1081080,312.0,20.76923076923077
0,0,2,3,7,3,False,2522520,356.57142857142856,17.692307692307693
0,0,2,3,6,4,False,3783780,401.1428571428571,16.153846153846153
0,0,2,3,5,5,False,3783780,445.7142857142857,14.615384615384615
0,0,2,3,4,6,False,2522520,421.94285714285706,15.384615384615383
0,0,2,3,3,7,False,1081080,380.3428571428572,16.923076923076923
0,0,2,3,2,8,False,270270,320.91428571428577,20.0
0,0,2,3,1,9,False,30030,243.65714285714282,26.153846153846153
0,0,2,2,11,0,False,8190,205.7142857142857,30.833333333333336
0,0,2,2,10,1,False,81900,246.85714285714283,25.833333333333336
0,0,2,2,9,2,False,368550,288.0,22.5
0,0,2,2,8,3,False,982800,329.1428571428571,19.166666666666668
0,0,2,2,7,4,False,1719900,370.2857142857143,17.5
0,0,2,2,6,5,False,2063880,411.4285714285714,15.833333333333334
0,0,2,2,5,6,False,1719900,452.5714285714285,14.166666666666668
0,0,2,2,4,7,False,982800,422.4,15.0
0,0,2,2,3,8,False,368550,375.77142857142854,16.666666666666668
0,0,2,2,2,9,False,81900,312.6857142857142,20.0
0,0,2,2,1,10,False,8190,233.14285714285717,27.5
0,0,2,1,12,0,False,1365,188.57142857142858,33.63636363636363
0,0,2,1,11,1,False,15015,226.28571428571428,28.18181818181818
0,0,2,1,10,2,False,75075,264.0,24.545454545454543
0,0,2,1,9,3,False,225225,301.7142857142857,20.909090909090907
0,0,2,1,8,4,False,450450,339.42857142857144,19.09090909090909
0,0,2,1,7,5,False,630630,377.14285714285717,17.27272727272727
0,0,2,1,6,6,False,630630,414.85714285714283,15.454545454545453
0,0,2,1,5,7,False,450450,452.57142857142856,14.545454545454545
0,0,2,1,4,8,False,225225,417.37142857142857,15.454545454545453
0,0,2,1,3,9,False,75075,367.0857142857143,17.27272727272727
0,0,2,1,2,10,False,15015,301.7142857142858,20.909090909090907
0,0,2,1,1,11,False,1365,221.25714285714284,29.09090909090909
0,0,2,0,13,0,False,105,171.42857142857142,37.0
0,0,2,0,12,1,False,1260,205.7142857142857,31.0
0,0,2,0,11,2,False,6930,240.0,27.0
0,0,2,0,10,3,False,23100,274.2857142857143,23.0
0,0,2,0,9,4,False,51975,308.57142857142856,21.0
0,0,2,0,8,5,False,83160,342.85714285714283,19.0
0,0,2,0,7,6,False,97020,377.1428571428571,17.0
0,0,2,0,6,7,False,83160,411.4285714285714,16.0
0,0,2,0,5,8,False,51975,445.71428571428567,15.0
0,0,2,0,4,9,False,23100,406.8571428571428,16.0
0,0,2,0,3,10,False,6930,354.28571428571433,18.0
0,0,2,0,2,11,False,1260,287.99999999999994,22.0
0,0,2,0,1,12,False,105,207.99999999999997,31.0
0,0,1,14,0,0,False,15,251.4285714285715,24.999999999999996
0,0,1,13,1,0,False,210,265.0476190476191,23.91304347826087
0,0,1,12,2,0,False,1365,276.57142857142856,22.727272727272727
0,0,1,12,1,1,False,1365,267.352380952381,23.636363636363633
0,0,1,11,3,0,False,5460,286.00000000000006,21.904761904761905
0,0,1,11,2,1,False,10920,290.40000000000003,21.904761904761905
0,0,1,11,1,2,False,5460,268.40000000000003,23.333333333333332
0,0,1,10,4,0,False,15015,293.3333333333333,21.5
0,0,1,10,3,1,False,45045,310.0952380952381,20.5
0,0,1,10,2,2,False,45045,301.7142857142857,21.0
0,0,1,10,1,3,False,15015,268.1904761904762,23.5
0,0,1,9,5,0,False,30030,298.5714285714286,21.05263157894737
0,0,1,9,4,1,False,120120,326.43809523809523,19.473684210526315
0,0,1,9,3,2,False,180180,330.4190476190477,18.947368421052634
0,0,1,9,2,3,False,120120,310.51428571428573,20.526315789473685
0,0,1,9,1,4,False,30030,266.72380952380956,23.68421052631579
0,0,1,8,6,0,False,45045,282.8571428571429,22.22222222222222
0,0,1,8,5,1,False,225225,339.42857142857144,18.88888888888889
0,0,1,8,4,2,False,450450,354.5142857142858,17.77777777777778
0,0,1,8,3,3,False,450450,346.97142857142865,18.333333333333332
0,0,1,8,2,4,False,225225,316.80000000000007,20.0
0,0,1,8,1,5,False,45045,264.0,23.88888888888889
0,0,1,7,7,0,False,51480,267.1428571428572,23.52941176470588
0,0,1,7,6,1,False,308880,320.5714285714286,19.999999999999996
0,0,1,7,5,2,False,772200,374.0000000000001,17.058823529411764
0,0,1,7,4,3,False,1029600,377.5619047619049,17.058823529411764
0,0,1,7,3,4,False,772200,359.7523809523811,17.64705882352941
0,0,1,7,2,5,False,308880,320.5714285714286,19.999999999999996
0,0,1,7,1,6,False,51480,260.0190476190477,24.117647058823525
0,0,1,6,8,0,False,45045,251.42857142857147,25.0
0,0,1,6,7,1,False,315315,301.7142857142857,21.25
0,0,1,6,6,2,False,945945,352.00000000000006,18.125
0,0,1,6,5,3,False,1576575,402.2857142857143,15.625
0,0,1,6,4,4,False,1576575,395.5809523809525,16.25
0,0,1,6,3,5,False,945945,368.7619047619048,17.5
0,0,1,6,2,6,False,315315,321.8285714285714,20.0
0,0,1,6,1,7,False,45045,254.78095238095239,25.0
0,0,1,5,9,0,False,30030,235.71428571428575,26.666666666666668
0,0,1,5,8,1,False,240240,282.8571428571429,22.666666666666668
0,0,1,5,7,2,False,840840,330.00000000000006,19.333333333333332
0,0,1,5,6,3,False,1681680,377.1428571428571,16.666666666666668
0,0,1,5,5,4,False,2102100,424.28571428571433,15.333333333333334
0,0,1,5,4,5,False,1681680,408.5714285714286,15.333333333333334
0,0,1,5,3,6,False,840840,374.0,17.333333333333332
0,0,1,5,2,7,False,240240,320.57142857142856,20.0
0,0,1,5,1,8,False,30030,248.28571428571433,25.333333333333332
0,0,1,4,10,0,False,15015,220.00000000000003,28.571428571428573
0,0,1,4,9,1,False,135135,264.0,24.28571428571429
0,0,1,4,8,2,False,540540,308.0,20.714285714285715
0,0,1,4,7,3,False,1261260,351.99999999999994,17.857142857142858
0,0,1,4,6,4,False,1891890,396.0,16.42857142857143
0,0,1,4,5,5,False,1891890,440.00000000000006,14.285714285714286
0,0,1,4,4,6,False,1261260,416.5333333333333,15.714285714285715
0,0,1,4,3,7,False,540540,375.46666666666675,17.142857142857142
0,0,1,4,2,8,False,135135,316.80000000000007,20.0
0,0,1,4,1,9,False,15015,240.5333333333333,26.42857142857143
0,0,1,3,11,0,False,5460,204.28571428571433,30.769230769230766
0,0,1,3,10,1,False,54600,245.14285714285717,26.153846153846153
0,0,1,3,9,2,False,245700,286.00000000000006,22.307692307692307
0,0,1,3,8,3,False,655200,326.85714285714283,19.23076923076923
0,0,1,3,7,4,False,1146600,367.7142857142858,17.692307692307693
0,0,1,3,6,5,False,1375920,408.57142857142867,15.384615384615383
0,0,1,3,5,6,False,1146600,449.42857142857144,14.615384615384615
0,0,1,3,4,7,False,655200,419.4666666666667,15.384615384615383
0,0,1,3,3,8,False,245700,373.16190476190474,16.923076923076923
0,0,1,3,2,9,False,54600,310.51428571428573,20.76923076923077
0,0,1,3,1,10,False,5460,231.52380952380958,27.69230769230769
0,0,1,2,12,0,False,1365,188.57142857142858,33.333333333333336
0,0,1,2,11,1,False,15015,226.2857142857143,28.333333333333336
0,0,1,2,10,2,False,75075,264.0,24.166666666666668
0,0,1,2,9,3,False,225225,301.71428571428567,20.833333333333336
0,0,1,2,8,4,False,450450,339.42857142857144,19.166666666666668
0,0,1,2,7,5,False,630630,377.14285714285717,16.666666666666668
0,0,1,2,6,6,False,630630,414.85714285714283,15.833333333333334
0,0,1,2,5,7,False,450450,452.5714285714286,14.166666666666668
0,0,1,2,4,8,False,225225,417.3714285714286,15.0
0,0,1,2,3,9,False,75075,367.0857142857143,17.5
0,0,1,2,2,10,False,15015,301.7142857142858,20.833333333333336
0,0,1,2,1,11,False,1365,221.25714285714284,28.333333333333336
0,0,1,1,13,0,False,210,172.8571428571429,36.36363636363636
0,0,1,1,12,1,False,2520,207.42857142857144,30.909090909090907
0,0,1,1,11,2,False,13860,242.00000000000006,26.36363636363636
0,0,1,1,10,3,False,46200,276.57142857142856,22.727272727272727
0,0,1,1,9,4,False,103950,311.1428571428572,20.909090909090907
0,0,1,1,8,5,False,166320,345.7142857142858,18.18181818181818
0,0,1,1,7,6,False,194040,380.28571428571433,17.27272727272727
0,0,1,1,6,7,False,166320,414.8571428571429,15.454545454545453
0,0,1,1,5,8,False,103950,449.4285714285715,14.545454545454545
0,0,1,1,4,9,False,46200,410.2476190476191,15.454545454545453
0,0,1,1,3,10,False,13860,357.2380952380954,18.18181818181818
0,0,1,1,2,11,False,2520,290.4000000000001,21.818181818181817
0,0,1,1,1,12,False,210,209.73333333333338,29.999999999999996
0,0,1,0,14,0,False,15,157.14285714285717,40.0
0,0,1,0,13,1,False,195,188.57142857142858,34.0
0,0,1,0,12,2,False,1170,220.00000000000003,29.0
0,0,1,0,11,3,False,4290,251.42857142857142,25.0
0,0,1,0,10,4,False,10725,282.8571428571429,23.0
0,0,1,0,9,5,False,19305,314.28571428571433,20.0
0,0,1,0,8,6,False,25740,345.7142857142857,19.0
0,0,1,0,7,7,False,25740,377.14285714285717,17.0
0,0,1,0,6,8,False,19305,408.5714285714286,16.0
0,0,1,0,5,9,False,10725,440.0,15.0
0,0,1,0,4,10,False,4290,398.09523809523813,16.0
0,0,1,0,3,11,False,1170,343.61904761904765,19.0
0,0,1,0,2,12,False,195,276.57142857142856,23.0
0,0,1,0,1,13,False,15,196.952380952381,32.0
0,0,0,15,0,0,False,1,238.09523809523807,26.4
0,0,0,14,1,0,False,15,251.4285714285715,24.999999999999996
0,0,0,13,2,0,False,105,262.85714285714283,23.91304347826087
0,0,0,13,1,1,False,105,254.0952380952381,24.782608695652176
0,0,0,12,3,0,False,455,272.38095238095235,23.18181818181818
0,0,0,12,2,1,False,910,276.57142857142856,22.727272727272727
0,0,0,12,1,2,False,455,255.61904761904765,24.545454545454543
0,0,0,11,4,0,False,1365,280.0,22.38095238095238
0,0,0,11,3,1,False,4095,296.0,21.428571428571427
0,0,0,11,2,2,False,4095,288.0,21.904761904761905
0,0,0,11,1,3,False,1365,256.0,24.76190476190476
0,0,0,10,5,0,False,3003,285.7142857142857,22.0
0,0,0,10,4,1,False,12012,312.38095238095235,20.5
0,0,0,10,3,2,False,18018,316.19047619047615,20.0
0,0,0,10,2,3,False,12012,297.1428571428571,21.5
0,0,0,10,1,4,False,3003,255.2380952380952,24.5
0,0,0,9,6,0,False,5005,271.42857142857144,23.157894736842106
0,0,0,9,5,1,False,25025,325.71428571428567,19.473684210526315
0,0,0,9,4,2,False,50050,340.19047619047615,18.42105263157895
0,0,0,9,3,3,False,50050,332.95238095238096,18.947368421052634
0,0,0,9,2,4,False,25025,304.00000000000006,21.05263157894737
0,0,0,9,1,5,False,5005,253.3333333333333,24.736842105263158
0,0,0,8,7,0,False,6435,257.14285714285717,24.444444444444443
0,0,0,8,6,1,False,38610,308.57142857142856,20.555555555555554
0,0,0,8,5,2,False,96525,360.0,17.77777777777778
0,0,0,8,4,3,False,128700,363.42857142857144,17.22222222222222
0,0,0,8,3,4,False,96525,346.2857142857144,18.333333333333332
0,0,0,8,2,5,False,38610,308.57142857142856,20.555555555555554
0,0,0,8,1,6,False,6435,250.28571428571428,25.0
0,0,0,7,8,0,False,6435,242.8571428571429,25.882352941176467
0,0,0,7,7,1,False,45045,291.42857142857144,21.76470588235294
0,0,0,7,6,2,False,135135,340.00000000000006,18.823529411764703
0,0,0,7,5,3,False,225225,388.5714285714286,16.470588235294116
0,0,0,7,4,4,False,225225,382.0952380952382,16.470588235294116
0,0,0,7,3,5,False,135135,356.19047619047626,17.64705882352941
0,0,0,7,2,6,False,45045,310.85714285714283,20.588235294117645
0,0,0,7,1,7,False,6435,246.09523809523813,25.882352941176467
0,0,0,6,9,0,False,5005,228.57142857142858,27.5
0,0,0,6,8,1,False,40040,274.2857142857143,23.125
0,0,0,6,7,2,False,140140,320.0,20.0
0,0,0,6,6,3,False,280280,365.7142857142857,17.5
0,0,0,6,5,4,False,350350,411.4285714285714,15.625
0,0,0,6,4,5,False,280280,396.19047619047615,16.25
0,0,0,6,3,6,False,140140,362.6666666666667,17.5
0,0,0,6,2,7,False,40040,310.8571428571429,20.625
0,0,0,6,1,8,False,5005,240.7619047619048,26.25
0,0,0,5,10,0,False,3003,214.28571428571428,29.333333333333332
0,0,0,5,9,1,False,27027,257.1428571428571,24.666666666666668
0,0,0,5,8,2,False,108108,300.0,21.333333333333332
0,0,0,5,7,3,False,252252,342.85714285714283,18.666666666666668
0,0,0,5,6,4,False,378378,385.71428571428567,16.666666666666668
0,0,0,5,5,5,False,378378,428.57142857142856,14.666666666666666
0,0,0,5,4,6,False,252252,405.7142857142857,16.0
0,0,0,5,3,7,False,108108,365.7142857142858,17.333333333333332
0,0,0,5,2,8,False,27027,308.57142857142856,20.666666666666668
0,0,0,5,1,9,False,3003,234.28571428571428,27.333333333333332
0,0,0,4,11,0,False,1365,200.0,31.42857142857143
0,0,0,4,10,1,False,13650,239.99999999999997,26.42857142857143
0,0,0,4,9,2,False,61425,280.0,22.857142857142858
0,0,0,4,8,3,False,163800,319.99999999999994,20.0
0,0,0,4,7,4,False,286650,359.99999999999994,17.857142857142858
0,0,0,4,6,5,False,343980,400.0,15.714285714285715
0,0,0,4,5,6,False,286650,439.99999999999994,14.285714285714286
0,0,0,4,4,7,False,163800,410.66666666666663,15.714285714285715
0,0,0,4,3,8,False,61425,365.3333333333333,17.142857142857142
0,0,0,4,2,9,False,13650,303.99999999999994,20.714285714285715
0,0,0,4,1,10,False,1365,226.66666666666669,27.857142857142858
0,0,0,3,12,0,False,455,185.71428571428572,33.84615384615385
0,0,0,3,11,1,False,5005,222.85714285714286,28.46153846153846
0,0,0,3,10,2,False,25025,260.0,24.615384615384613
0,0,0,3,9,3,False,75075,297.1428571428571,21.538461538461537
0,0,0,3,8,4,False,150150,334.2857142857143,19.23076923076923
0,0,0,3,7,5,False,210210,371.42857142857144,16.923076923076923
0,0,0,3,6,6,False,210210,408.57142857142856,15.384615384615383
0,0,0,3,5,7,False,150150,445.7142857142857,14.615384615384615
0,0,0,3,4,8,False,75075,411.047619047619,15.384615384615383
0,0,0,3,3,9,False,25025,361.5238095238095,17.692307692307693
0,0,0,3,2,10,False,5005,297.14285714285717,21.538461538461537
0,0,0,3,1,11,False,455,217.90476190476193,29.23076923076923
0,0,0,2,13,0,False,105,171.42857142857142,36.66666666666667
0,0,0,2,12,1,False,1260,205.7142857142857,30.833333333333336
0,0,0,2,11,2,False,6930,240.0,26.666666666666668
0,0,0,2,10,3,False,23100,274.2857142857143,23.333333333333336
0,0,0,2,9,4,False,51975,308.5714285714285,20.833333333333336
0,0,0,2,8,5,False,83160,342.85714285714283,18.333333333333336
0,0,0,2,7,6,False,97020,377.1428571428571,16.666666666666668
0,0,0,2,6,7,False,83160,411.4285714285714,15.833333333333334
0,0,0,2,5,8,False,51975,445.71428571428567,14.166666666666668
0,0,0,2,4,9,False,23100,406.8571428571428,15.833333333333334
0,0,0,2,3,10,False,6930,354.28571428571433,18.333333333333336
0,0,0,2,2,11,False,1260,288.0,22.5
0,0,0,2,1,12,False,105,207.99999999999994,30.833333333333336
0,0,0,1,14,0,False,15,157.14285714285717,40.0
0,0,0,1,13,1,False,195,188.57142857142858,33.63636363636363
0,0,0,1,12,2,False,1170,220.00000000000003,29.09090909090909
0,0,0,1,11,3,False,4290,251.42857142857144,25.454545454545453
0,0,0,1,10,4,False,10725,282.85714285714283,22.727272727272727
0,0,0,1,9,5,False,19305,314.28571428571433,20.0
0,0,0,1,8,6,False,25740,345.7142857142857,18.18181818181818
0,0,0,1,7,7,False,25740,377.14285714285717,17.27272727272727
0,0,0,1,6,8,False,19305,408.57142857142856,15.454545454545453
0,0,0,1,5,9,False,10725,440.0,14.545454545454545
0,0,0,1,4,10,False,4290,398.0952380952381,16.363636363636363
0,0,0,1,3,11,False,1170,343.6190476190476,19.09090909090909
0,0,0,1,2,12,False,195,276.5714285714285,22.727272727272727
0,0,0,1,1,13,False,15,196.95238095238096,31.818181818181817
0,0,0,0,15,0,False,1,142.85714285714286,44.0
0,0,0,0,14,1,False,14,171.42857142857142,37.0
0,0,0,0,13,2,False,91,200.0,32.0
0,0,0,0,12,3,False,364,228.57142857142856,28.0
0,0,0,0,11,4,False,1001,257.1428571428571,25.0
0,0,0,0,10,5,False,2002,285.7142857142857,22.0
0,0,0,0,9,6,False,3003,314.2857142857143,20.0
0,0,0,0,8,7,False,3432,342.85714285714283,19.0
0,0,0,0,7,8,False,3003,371.4285714285714,17.0
0,0,0,0,6,9,False,2002,399.99999999999994,16.0
0,0,0,0,5,10,False,1001,428.57142857142856,15.0
0,0,0,0,4,11,False,364,384.76190476190476,17.0
0,0,0,0,3,12,False,91,329.5238095238095,19.0
0,0,0,0,2,13,False,14,262.85714285714283,24.0
0,0,0,0,1,14,False,1,184.76190476190476,34.0
