flat_stacks,percent_stacks,skill_stacks,speed_stacks,crit_chance_stacks,crit_damage_stacks,all_attributes_present,path_count,expected_dps,ttk_seconds
15,0,0,0,0,0,False,1,200.0,4.0
14,1,0,0,0,0,False,15,194.70000000000002,4.0
14,0,1,0,0,0,False,15,211.20000000000002,4.0
14,0,0,1,0,0,False,15,211.20000000000002,3.6363636363636362
14,0,0,0,1,0,False,15,211.20000000000002,4.0
13,2,0,0,0,0,False,105,189.4,4.0
13,1,1,0,0,0,False,210,205.37000000000003,4.0
13,1,0,1,0,0,False,210,205.37000000000003,3.6363636363636362
13,1,0,0,1,0,False,210,205.37000000000003,4.0
13,0,2,0,0,0,False,105,220.8,4.0
13,0,1,1,0,0,False,210,222.64000000000004,3.6363636363636362
13,0,1,0,1,0,False,210,222.64000000000007,4.0
13,0,0,2,0,0,False,105,220.79999999999998,4.166666666666667
13,0,0,1,1,0,False,210,222.64000000000004,3.6363636363636362
13,0,0,0,2,0,False,105,220.8,4.0
13,0,0,0,1,1,False,105,213.44000000000003,4.0
12,3,0,0,0,0,False,455,184.10000000000002,5.0
12,2,1,0,0,0,False,1365,199.54000000000002,4.0
12,2,0,1,0,0,False,1365,199.54000000000002,4.545454545454545
12,2,0,0,1,0,False,1365,199.54000000000002,4.0
12,1,2,0,0,0,False,1365,214.44000000000003,4.0
12,1,1,1,0,0,False,2730,216.22700000000003,3.6363636363636362
12,1,1,0,1,0,False,2730,216.22700000000006,4.0
12,1,0,2,0,0,False,1365,214.44000000000003,4.166666666666667
12,1,0,1,1,0,False,2730,216.22700000000003,3.6363636363636362
12,1,0,0,2,0,False,1365,214.44000000000003,4.0
12,1,0,0,1,1,False,1365,207.29200000000003,4.0
12,0,3,0,0,0,False,455,228.8,4.0
12,0,2,1,0,0,False,1365,232.32000000000005,3.6363636363636362
12,0,2,0,1,0,False,1365,232.32000000000005,4.0
12,0,1,2,0,0,False,1365,232.32000000000002,3.3333333333333335
12,0,1,1,1,0,False,2730,234.25600000000006,3.6363636363636362
12,0,1,0,2,0,False,1365,232.32000000000005,4.0
12,0,1,0,1,1,False,1365,224.57600000000008,4.0
12,0,0,3,0,0,False,455,228.8,3.846153846153846
12,0,0,2,1,0,False,1365,232.32000000000002,3.3333333333333335
12,0,0,1,2,0,False,1365,232.32000000000005,3.6363636363636362
12,0,0,1,1,1,False,1365,224.57600000000008,3.6363636363636362
12,0,0,0,3,0,False,455,228.8,4.0
12,0,0,0,2,1,False,910,232.32000000000005,4.0
12,0,0,0,1,2,False,455,214.72,4.0
11,4,0,0,0,0,False,1365,178.8,5.0
11,3,1,0,0,0,False,5460,193.71000000000004,4.0
11,3,0,1,0,0,False,5460,193.71000000000004,4.545454545454545
11,3,0,0,1,0,False,5460,193.71000000000004,4.0
11,2,2,0,0,0,False,8190,208.07999999999998,4.0
11,2,1,1,0,0,False,16380,209.81400000000002,3.6363636363636362
11,2,1,0,1,0,False,16380,209.81400000000005,4.0
11,2,0,2,0,0,False,8190,208.08,4.166666666666667
11,2,0,1,1,0,False,16380,209.81400000000002,3.6363636363636362
11,2,0,0,2,0,False,8190,208.07999999999998,4.0
11,2,0,0,1,1,False,8190,201.14400000000003,4.0
11,1,3,0,0,0,False,5460,221.91,4.0
11,1,2,1,0,0,False,16380,225.32400000000004,3.6363636363636362
11,1,2,0,1,0,False,16380,225.32400000000004,4.0
11,1,1,2,0,0,False,16380,225.324,3.3333333333333335
11,1,1,1,1,0,False,32760,227.20170000000005,3.6363636363636362
11,1,1,0,2,0,False,16380,225.32399999999998,4.0
11,1,1,0,1,1,False,16380,217.81320000000005,4.0
11,1,0,3,0,0,False,5460,221.91000000000003,3.846153846153846
11,1,0,2,1,0,False,16380,225.324,3.3333333333333335
11,1,0,1,2,0,False,16380,225.32400000000004,3.6363636363636362
11,1,0,1,1,1,False,16380,217.81320000000008,3.6363636363636362
11,1,0,0,3,0,False,5460,221.91,4.0
11,1,0,0,2,1,False,10920,225.32400000000004,4.0
11,1,0,0,1,2,False,5460,208.25400000000002,4.0
11,0,4,0,0,0,False,1365,235.20000000000002,4.0
11,0,3,1,0,0,False,5460,240.24000000000004,3.6363636363636362
11,0,3,0,1,0,False,5460,240.24,4.0
11,0,2,2,0,0,False,8190,241.92000000000002,3.3333333333333335
11,0,2,1,1,0,False,16380,243.93600000000006,3.6363636363636362
11,0,2,0,2,0,False,8190,241.92,4.0
11,0,2,0,1,1,False,8190,233.85600000000005,4.0
11,0,1,3,0,0,False,5460,240.24000000000007,3.0769230769230766
11,0,1,2,1,0,False,16380,243.93600000000006,3.3333333333333335
11,0,1,1,2,0,False,16380,243.93600000000006,3.6363636363636362
11,0,1,1,1,1,False,16380,235.8048000000001,3.6363636363636362
11,0,1,0,3,0,False,5460,240.24000000000007,4.0
11,0,1,0,2,1,False,10920,243.93600000000006,4.0
11,0,1,0,1,2,False,5460,225.45600000000005,4.0
11,0,0,4,0,0,False,1365,235.2,3.5714285714285716
11,0,0,3,1,0,False,5460,240.24000000000007,3.0769230769230766
11,0,0,2,2,0,False,8190,241.92000000000002,3.3333333333333335
11,0,0,2,1,1,False,8190,233.85600000000002,3.3333333333333335
11,0,0,1,3,0,False,5460,240.24000000000004,3.6363636363636362
11,0,0,1,2,1,False,10920,243.936,3.6363636363636362
11,0,0,1,1,2,False,5460,225.45600000000002,3.6363636363636362
11,0,0,0,4,0,False,1365,235.20000000000002,4.0
11,0,0,0,3,1,False,4095,248.64000000000001,3.0
11,0,0,0,2,2,False,4095,241.92,4.0
11,0,0,0,1,3,False,1365,215.04000000000002,4.0
10,5,0,0,0,0,False,3003,173.5,5.0
10,4,1,0,0,0,False,15015,187.88000000000002,4.0
10,4,0,1,0,0,False,15015,187.88000000000002,4.545454545454545
10,4,0,0,1,0,False,15015,187.88000000000002,4.0
10,3,2,0,0,0,False,30030,201.72,4.0
10,3,1,1,0,0,False,60060,203.40100000000004,3.6363636363636362
10,3,1,0,1,0,False,60060,203.40100000000004,4.0
10,3,0,2,0,0,False,30030,201.72000000000003,4.166666666666667
10,3,0,1,1,0,False,60060,203.40100000000004,3.6363636363636362
10,3,0,0,2,0,False,30030,201.72,4.0
10,3,0,0,1,1,False,30030,194.99600000000004,4.0
10,2,3,0,0,0,False,30030,215.02000000000004,4.0
10,2,2,1,0,0,False,90090,218.32800000000003,3.6363636363636362
10,2,2,0,1,0,False,90090,218.32800000000003,4.0
10,2,1,2,0,0,False,90090,218.32800000000003,4.166666666666667
10,2,1,1,1,0,False,180180,220.14740000000006,3.6363636363636362
10,2,1,0,2,0,False,90090,218.32800000000003,4.0
10,2,1,0,1,1,False,90090,211.05040000000005,4.0
10,2,0,3,0,0,False,30030,215.02,3.846153846153846
10,2,0,2,1,0,False,90090,218.32800000000003,4.166666666666667
10,2,0,1,2,0,False,90090,218.32800000000003,3.6363636363636362
10,2,0,1,1,1,False,90090,211.05040000000005,3.6363636363636362
10,2,0,0,3,0,False,30030,215.02000000000004,4.0
10,2,0,0,2,1,False,60060,218.32800000000003,4.0
10,2,0,0,1,2,False,30030,201.788,4.0
10,1,4,0,0,0,False,15015,227.77999999999997,4.0
10,1,3,1,0,0,False,60060,232.661,3.6363636363636362
10,1,3,0,1,0,False,60060,232.66100000000003,4.0
10,1,2,2,0,0,False,90090,234.288,3.3333333333333335
10,1,2,1,1,0,False,180180,236.24040000000002,3.6363636363636362
10,1,2,0,2,0,False,90090,234.28799999999998,4.0
10,1,2,0,1,1,False,90090,226.47840000000002,4.0
10,1,1,3,0,0,False,60060,232.66100000000003,3.846153846153846
10,1,1,2,1,0,False,180180,236.24040000000005,3.3333333333333335
10,1,1,1,2,0,False,180180,236.24040000000002,3.6363636363636362
10,1,1,1,1,1,True,180180,228.36572000000004,3.6363636363636362
10,1,1,0,3,0,False,60060,232.66100000000003,4.0
10,1,1,0,2,1,False,120120,236.24040000000002,4.0
10,1,1,0,1,2,False,60060,218.34340000000003,4.0
10,1,0,4,0,0,False,15015,227.78,3.5714285714285716
10,1,0,3,1,0,False,60060,232.66100000000003,3.846153846153846
10,1,0,2,2,0,False,90090,234.288,3.3333333333333335
10,1,0,2,1,1,False,90090,226.47840000000002,3.3333333333333335
10,1,0,1,3,0,False,60060,232.661,3.6363636363636362
10,1,0,1,2,1,False,120120,236.24040000000005,3.6363636363636362
10,1,0,1,1,2,False,60060,218.34340000000006,3.6363636363636362
10,1,0,0,4,0,False,15015,227.77999999999997,4.0
10,1,0,0,3,1,False,45045,240.79600000000002,4.0
10,1,0,0,2,2,False,45045,234.288,4.0
10,1,0,0,1,3,False,15015,208.256,4.0
10,0,5,0,0,0,False,3003,240.0,4.0
10,0,4,1,0,0,False,15015,246.40000000000003,3.6363636363636362
10,0,4,0,1,0,False,15015,246.4,3.0
10,0,3,2,0,0,False,30030,249.6,3.3333333333333335
10,0,3,1,1,0,False,60060,251.68000000000004,3.6363636363636362
10,0,3,0,2,0,False,30030,249.60000000000002,3.0
10,0,3,0,1,1,False,30030,241.28000000000003,4.0
10,0,2,3,0,0,False,30030,249.60000000000002,3.0769230769230766
10,0,2,2,1,0,False,90090,253.44,3.3333333333333335
10,0,2,1,2,0,False,90090,253.44000000000003,3.6363636363636362
10,0,2,1,1,1,False,90090,244.99200000000005,3.6363636363636362
10,0,2,0,3,0,False,30030,249.60000000000002,3.0
10,0,2,0,2,1,False,60060,253.44000000000003,3.0
10,0,2,0,1,2,False,30030,234.24,4.0
10,0,1,4,0,0,False,15015,246.40000000000003,3.5714285714285716
10,0,1,3,1,0,False,60060,251.68000000000006,3.0769230769230766
10,0,1,2,2,0,False,90090,253.44,3.3333333333333335
10,0,1,2,1,1,False,90090,244.99200000000008,3.3333333333333335
10,0,1,1,3,0,False,60060,251.6800000000001,3.6363636363636362
10,0,1,1,2,1,False,120120,255.55200000000008,3.6363636363636362
10,0,1,1,1,2,False,60060,236.19200000000004,3.6363636363636362
10,0,1,0,4,0,False,15015,246.4,3.0
10,0,1,0,3,1,False,45045,260.48,3.0
10,0,1,0,2,2,False,45045,253.44000000000003,3.0
10,0,1,0,1,3,False,15015,225.28000000000003,4.0
10,0,0,5,0,0,False,3003,240.0,3.3333333333333335
10,0,0,4,1,0,False,15015,246.40000000000003,3.5714285714285716
10,0,0,3,2,0,False,30030,249.60000000000002,3.0769230769230766
10,0,0,3,1,1,False,30030,241.28000000000003,3.0769230769230766
10,0,0,2,3,0,False,30030,249.6,3.3333333333333335
10,0,0,2,2,1,False,60060,253.44,3.3333333333333335
10,0,0,2,1,2,False,30030,234.24,3.3333333333333335
10,0,0,1,4,0,False,15015,246.40000000000003,3.6363636363636362
10,0,0,1,3,1,False,45045,260.48,3.6363636363636362
10,0,0,1,2,2,False,45045,253.44000000000003,3.6363636363636362
10,0,0,1,1,3,False,15015,225.28000000000003,3.6363636363636362
10,0,0,0,5,0,False,3003,240.0,4.0
10,0,0,0,4,1,False,12012,262.40000000000003,3.0
10,0,0,0,3,2,False,18018,265.6,3.0
10,0,0,0,2,3,False,12012,249.60000000000002,3.0
10,0,0,0,1,4,False,3003,214.4,4.0
9,6,0,0,0,0,False,5005,168.20000000000002,5.0
9,5,1,0,0,0,False,30030,182.05000000000004,5.0
9,5,0,1,0,0,False,30030,182.05,4.545454545454545
9,5,0,0,1,0,False,30030,182.05000000000004,5.0
9,4,2,0,0,0,False,75075,195.36,4.0
9,4,1,1,0,0,False,150150,196.98800000000006,4.545454545454545
9,4,1,0,1,0,False,150150,196.98800000000006,4.0
9,4,0,2,0,0,False,75075,195.36,4.166666666666667
9,4,0,1,1,0,False,150150,196.98800000000006,4.545454545454545
9,4,0,0,2,0,False,75075,195.36,4.0
9,4,0,0,1,1,False,75075,188.84800000000004,4.0
9,3,3,0,0,0,False,100100,208.13000000000002,4.0
9,3,2,1,0,0,False,300300,211.33200000000002,3.6363636363636362
9,3,2,0,1,0,False,300300,211.33200000000002,4.0
9,3,1,2,0,0,False,300300,211.33200000000002,4.166666666666667
9,3,1,1,1,0,False,600600,213.09310000000005,3.6363636363636362
9,3,1,0,2,0,False,300300,211.33200000000002,4.0
9,3,1,0,1,1,False,300300,204.28760000000005,4.0
9,3,0,3,0,0,False,100100,208.13000000000002,3.846153846153846
9,3,0,2,1,0,False,300300,211.33200000000002,4.166666666666667
9,3,0,1,2,0,False,300300,211.33200000000002,3.6363636363636362
9,3,0,1,1,1,False,300300,204.28760000000005,3.6363636363636362
9,3,0,0,3,0,False,100100,208.13000000000002,4.0
9,3,0,0,2,1,False,200200,211.33200000000002,4.0
9,3,0,0,1,2,False,100100,195.322,4.0
9,2,4,0,0,0,False,75075,220.36,4.0
9,2,3,1,0,0,False,300300,225.08200000000002,3.6363636363636362
9,2,3,0,1,0,False,300300,225.08200000000002,4.0
9,2,2,2,0,0,False,450450,226.65599999999998,3.3333333333333335
9,2,2,1,1,0,False,900900,228.54480000000004,3.6363636363636362
9,2,2,0,2,0,False,450450,226.656,4.0
9,2,2,0,1,1,False,450450,219.10080000000005,4.0
9,2,1,3,0,0,False,300300,225.08200000000002,3.846153846153846
9,2,1,2,1,0,False,900900,228.54480000000004,3.3333333333333335
9,2,1,1,2,0,False,900900,228.5448,3.6363636363636362
9,2,1,1,1,1,True,900900,220.92664000000008,3.6363636363636362
9,2,1,0,3,0,False,300300,225.08200000000002,4.0
9,2,1,0,2,1,False,600600,228.54480000000004,4.0
9,2,1,0,1,2,False,300300,211.23080000000002,4.0
9,2,0,4,0,0,False,75075,220.35999999999999,3.5714285714285716
9,2,0,3,1,0,False,300300,225.08200000000002,3.846153846153846
9,2,0,2,2,0,False,450450,226.65599999999998,3.3333333333333335
9,2,0,2,1,1,False,450450,219.10080000000002,4.166666666666667
9,2,0,1,3,0,False,300300,225.08200000000002,3.6363636363636362
9,2,0,1,2,1,False,600600,228.54480000000004,3.6363636363636362
9,2,0,1,1,2,False,300300,211.23080000000004,3.6363636363636362
9,2,0,0,4,0,False,75075,220.36,4.0
9,2,0,0,3,1,False,225225,232.952,4.0
9,2,0,0,2,2,False,225225,226.656,4.0
9,2,0,0,1,3,False,75075,201.472,4.0
9,1,5,0,0,0,False,30030,232.05,4.0
9,1,4,1,0,0,False,150150,238.238,3.6363636363636362
9,1,4,0,1,0,False,150150,238.23800000000003,4.0
9,1,3,2,0,0,False,300300,241.332,3.3333333333333335
9,1,3,1,1,0,False,600600,243.34310000000008,3.6363636363636362
9,1,3,0,2,0,False,300300,241.33200000000002,4.0
9,1,3,0,1,1,False,300300,233.28760000000008,4.0
9,1,2,3,0,0,False,300300,241.332,3.0769230769230766
9,1,2,2,1,0,False,900900,245.0448,3.3333333333333335
9,1,2,1,2,0,False,900900,245.0448,3.6363636363636362
9,1,2,1,1,1,True,900900,236.87664,3.6363636363636362
9,1,2,0,3,0,False,300300,241.332,4.0
9,1,2,0,2,1,False,600600,245.0448,4.0
9,1,2,0,1,2,False,300300,226.48080000000002,4.0
9,1,1,4,0,0,False,150150,238.238,3.5714285714285716
9,1,1,3,1,0,False,600600,243.34310000000002,3.0769230769230766
9,1,1,2,2,0,False,900900,245.0448,3.3333333333333335
9,1,1,2,1,1,True,900900,236.87664,3.3333333333333335
9,1,1,1,3,0,False,600600,243.34310000000002,3.6363636363636362
9,1,1,1,2,1,True,1201200,247.08684000000005,3.6363636363636362
9,1,1,1,1,2,True,600600,228.36814000000004,3.6363636363636362
9,1,1,0,4,0,False,150150,238.23800000000003,4.0
9,1,1,0,3,1,False,450450,251.85160000000002,3.0
9,1,1,0,2,2,False,450450,245.0448,4.0
9,1,1,0,1,3,False,150150,217.8176,4.0
9,1,0,5,0,0,False,30030,232.05,3.3333333333333335
9,1,0,4,1,0,False,150150,238.238,3.5714285714285716
9,1,0,3,2,0,False,300300,241.332,3.0769230769230766
9,1,0,3,1,1,False,300300,233.28760000000005,3.846153846153846
9,1,0,2,3,0,False,300300,241.332,3.3333333333333335
9,1,0,2,2,1,False,600600,245.04480000000004,3.3333333333333335
9,1,0,2,1,2,False,300300,226.48080000000002,3.3333333333333335
9,1,0,1,4,0,False,150150,238.238,3.6363636363636362
9,1,0,1,3,1,False,450450,251.85160000000005,3.6363636363636362
9,1,0,1,2,2,False,450450,245.0448,3.6363636363636362
9,1,0,1,1,3,False,150150,217.81760000000003,3.6363636363636362
9,1,0,0,5,0,False,30030,232.05,4.0
9,1,0,0,4,1,False,120120,253.70800000000006,3.0
9,1,0,0,3,2,False,180180,256.8020000000001,3.0
9,1,0,0,2,3,False,120120,241.33200000000002,4.0
9,1,0,0,1,4,False,30030,207.298,4.0
9,0,6,0,0,0,False,5005,243.20000000000002,4.0
9,0,5,1,0,0,False,30030,250.8,3.6363636363636362
9,0,5,0,1,0,False,30030,250.8,3.0
9,0,4,2,0,0,False,75075,255.36,3.3333333333333335
9,0,4,1,1,0,False,150150,257.48800000000006,3.6363636363636362
9,0,4,0,2,0,False,75075,255.36,3.0
9,0,4,0,1,1,False,75075,246.84800000000007,3.0
9,0,3,3,0,0,False,100100,256.88000000000005,3.0769230769230766
9,0,3,2,1,0,False,300300,260.83200000000005,3.3333333333333335
9,0,3,1,2,0,False,300300,260.83200000000005,3.6363636363636362
9,0,3,1,1,1,False,300300,252.13760000000005,3.6363636363636362
9,0,3,0,3,0,False,100100,256.88000000000005,3.0
9,0,3,0,2,1,False,200200,260.83200000000005,3.0
9,0,3,0,1,2,False,100100,241.072,4.0
9,0,2,4,0,0,False,75075,255.35999999999999,3.5714285714285716
9,0,2,3,1,0,False,300300,260.83200000000005,3.0769230769230766
9,0,2,2,2,0,False,450450,262.656,3.3333333333333335
9,0,2,2,1,1,False,450450,253.90080000000003,3.3333333333333335
9,0,2,1,3,0,False,300300,260.83200000000005,3.6363636363636362
9,0,2,1,2,1,False,600600,264.8448000000001,3.6363636363636362
9,0,2,1,1,2,False,300300,244.7808,3.6363636363636362
9,0,2,0,4,0,False,75075,255.36,3.0
9,0,2,0,3,1,False,225225,269.952,3.0
9,0,2,0,2,2,False,225225,262.656,3.0
9,0,2,0,1,3,False,75075,233.47200000000004,4.0
9,0,1,5,0,0,False,30030,250.80000000000007,3.3333333333333335
9,0,1,4,1,0,False,150150,257.4880000000001,3.5714285714285716
9,0,1,3,2,0,False,300300,260.83200000000005,3.0769230769230766
9,0,1,3,1,1,False,300300,252.13760000000008,3.0769230769230766
9,0,1,2,3,0,False,300300,260.83200000000005,3.3333333333333335
9,0,1,2,2,1,False,600600,264.8448000000001,3.3333333333333335
9,0,1,2,1,2,False,300300,244.78080000000003,3.3333333333333335
9,0,1,1,4,0,False,150150,257.48800000000006,3.6363636363636362
9,0,1,1,3,1,False,450450,272.2016000000001,2.727272727272727
9,0,1,1,2,2,False,450450,264.8448000000001,3.6363636363636362
9,0,1,1,1,3,False,150150,235.41760000000008,3.6363636363636362
9,0,1,0,5,0,False,30030,250.80000000000007,3.0
9,0,1,0,4,1,False,120120,274.208,3.0
9,0,1,0,3,2,False,180180,277.5520000000001,3.0
9,0,1,0,2,3,False,120120,260.83200000000005,3.0
9,0,1,0,1,4,False,30030,224.04800000000006,4.0
9,0,0,6,0,0,False,5005,243.20000000000002,3.125
9,0,0,5,1,0,False,30030,250.80000000000007,3.3333333333333335
9,0,0,4,2,0,False,75075,255.35999999999999,3.5714285714285716
9,0,0,4,1,1,False,75075,246.84800000000004,3.5714285714285716
9,0,0,3,3,0,False,100100,256.88000000000005,3.0769230769230766
9,0,0,3,2,1,False,200200,260.83200000000005,3.0769230769230766
9,0,0,3,1,2,False,100100,241.072,3.0769230769230766
9,0,0,2,4,0,False,75075,255.36,3.3333333333333335
9,0,0,2,3,1,False,225225,269.952,3.3333333333333335
9,0,0,2,2,2,False,225225,262.656,3.3333333333333335
9,0,0,2,1,3,False,75075,233.47200000000004,3.3333333333333335
9,0,0,1,5,0,False,30030,250.8,3.6363636363636362
9,0,0,1,4,1,False,120120,274.208,2.727272727272727
9,0,0,1,3,2,False,180180,277.5520000000001,2.727272727272727
9,0,0,1,2,3,False,120120,260.83200000000005,3.6363636363636362
9,0,0,1,1,4,False,30030,224.04800000000006,3.6363636363636362
9,0,0,0,6,0,False,5005,228.0,4.0
9,0,0,0,5,1,False,25025,273.6,3.0
9,0,0,0,4,2,False,50050,285.76000000000005,3.0
9,0,0,0,3,3,False,50050,279.68,3.0
9,0,0,0,2,4,False,25025,255.36000000000004,3.0
9,0,0,0,1,5,False,5005,212.8,4.0
8,7,0,0,0,0,False,6435,162.9,5.0
8,6,1,0,0,0,False,45045,176.22000000000003,5.0
8,6,0,1,0,0,False,45045,176.22000000000003,4.545454545454545
8,6,0,0,1,0,False,45045,176.22000000000003,5.0
8,5,2,0,0,0,False,135135,189.0,4.0
8,5,1,1,0,0,False,270270,190.57500000000005,4.545454545454545
8,5,1,0,1,0,False,270270,190.57500000000005,4.0
8,5,0,2,0,0,False,135135,189.0,4.166666666666667
8,5,0,1,1,0,False,270270,190.57500000000005,4.545454545454545
8,5,0,0,2,0,False,135135,189.0,4.0
8,5,0,0,1,1,False,135135,182.70000000000005,5.0
8,4,3,0,0,0,False,225225,201.24,4.0
8,4,2,1,0,0,False,675675,204.336,3.6363636363636362
8,4,2,0,1,0,False,675675,204.336,4.0
8,4,1,2,0,0,False,675675,204.33600000000004,4.166666666666667
8,4,1,1,1,0,False,1351350,206.03880000000007,3.6363636363636362
8,4,1,0,2,0,False,675675,204.336,4.0
8,4,1,0,1,1,False,675675,197.52480000000006,4.0
8,4,0,3,0,0,False,225225,201.24,3.846153846153846
8,4,0,2,1,0,False,675675,204.33600000000004,4.166666666666667
8,4,0,1,2,0,False,675675,204.336,3.6363636363636362
8,4,0,1,1,1,False,675675,197.52480000000006,4.545454545454545
8,4,0,0,3,0,False,225225,201.24,4.0
8,4,0,0,2,1,False,450450,204.336,4.0
8,4,0,0,1,2,False,225225,188.856,4.0
8,3,4,0,0,0,False,225225,212.94000000000003,4.0
8,3,3,1,0,0,False,900900,217.50300000000004,3.6363636363636362
8,3,3,0,1,0,False,900900,217.50300000000004,4.0
8,3,2,2,0,0,False,1351350,219.024,4.166666666666667
8,3,2,1,1,0,False,2702700,220.84920000000008,3.6363636363636362
8,3,2,0,2,0,False,1351350,219.024,4.0
8,3,2,0,1,1,False,1351350,211.72320000000005,4.0
8,3,1,3,0,0,False,900900,217.50300000000004,3.846153846153846
8,3,1,2,1,0,False,2702700,220.84920000000005,4.166666666666667
8,3,1,1,2,0,False,2702700,220.84920000000005,3.6363636363636362
8,3,1,1,1,1,True,2702700,213.4875600000001,3.6363636363636362
8,3,1,0,3,0,False,900900,217.50300000000004,4.0
8,3,1,0,2,1,False,1801800,220.84920000000002,4.0
8,3,1,0,1,2,False,900900,204.1182,4.0
8,3,0,4,0,0,False,225225,212.93999999999997,3.5714285714285716
8,3,0,3,1,0,False,900900,217.50300000000004,3.846153846153846
8,3,0,2,2,0,False,1351350,219.024,4.166666666666667
8,3,0,2,1,1,False,1351350,211.72320000000005,4.166666666666667
8,3,0,1,3,0,False,900900,217.50300000000004,3.6363636363636362
8,3,0,1,2,1,False,1801800,220.84920000000005,3.6363636363636362
8,3,0,1,1,2,False,900900,204.11820000000003,3.6363636363636362
8,3,0,0,4,0,False,225225,212.94000000000003,4.0
8,3,0,0,3,1,False,675675,225.108,4.0
8,3,0,0,2,2,False,675675,219.024,4.0
8,3,0,0,1,3,False,225225,194.68800000000002,4.0
8,2,5,0,0,0,False,135135,224.10000000000002,4.0
8,2,4,1,0,0,False,675675,230.07600000000002,3.6363636363636362
8,2,4,0,1,0,False,675675,230.07600000000002,4.0
8,2,3,2,0,0,False,1351350,233.06400000000002,3.3333333333333335
8,2,3,1,1,0,False,2702700,235.00620000000004,3.6363636363636362
8,2,3,0,2,0,False,1351350,233.064,4.0
8,2,3,0,1,1,False,1351350,225.29520000000002,4.0
8,2,2,3,0,0,False,1351350,233.06400000000002,3.846153846153846
8,2,2,2,1,0,False,4054050,236.64960000000002,3.3333333333333335
8,2,2,1,2,0,False,4054050,236.6496,3.6363636363636362
8,2,2,1,1,1,True,4054050,228.76128000000006,3.6363636363636362
8,2,2,0,3,0,False,1351350,233.064,4.0
8,2,2,0,2,1,False,2702700,236.64960000000002,4.0
8,2,2,0,1,2,False,1351350,218.7216,4.0
8,2,1,4,0,0,False,675675,230.07600000000002,3.5714285714285716
8,2,1,3,1,0,False,2702700,235.00620000000004,3.846153846153846
8,2,1,2,2,0,False,4054050,236.6496,3.3333333333333335
8,2,1,2,1,1,True,4054050,228.76128000000003,3.3333333333333335
8,2,1,1,3,0,False,2702700,235.00620000000004,3.6363636363636362
8,2,1,1,2,1,True,5405400,238.62168000000005,3.6363636363636362
8,2,1,1,1,2,True,2702700,220.54428000000004,3.6363636363636362
8,2,1,0,4,0,False,675675,230.076,4.0
8,2,1,0,3,1,False,2027025,243.22320000000002,4.0
8,2,1,0,2,2,False,2027025,236.64960000000002,4.0
8,2,1,0,1,3,False,675675,210.35520000000002,4.0
8,2,0,5,0,0,False,135135,224.10000000000002,3.3333333333333335
8,2,0,4,1,0,False,675675,230.07600000000002,3.5714285714285716
8,2,0,3,2,0,False,1351350,233.06400000000002,3.846153846153846
8,2,0,3,1,1,False,1351350,225.29520000000005,3.846153846153846
8,2,0,2,3,0,False,1351350,233.06400000000002,3.3333333333333335
8,2,0,2,2,1,False,2702700,236.64960000000002,3.3333333333333335
8,2,0,2,1,2,False,1351350,218.72160000000002,4.166666666666667
8,2,0,1,4,0,False,675675,230.07600000000002,3.6363636363636362
8,2,0,1,3,1,False,2027025,243.22320000000002,3.6363636363636362
8,2,0,1,2,2,False,2027025,236.64960000000005,3.6363636363636362
8,2,0,1,1,3,False,675675,210.35520000000002,3.6363636363636362
8,2,0,0,5,0,False,135135,224.10000000000002,4.0
8,2,0,0,4,1,False,540540,245.01600000000005,4.0
8,2,0,0,3,2,False,810810,248.00400000000005,3.0
8,2,0,0,2,3,False,540540,233.064,4.0
8,2,0,0,1,4,False,135135,200.19600000000003,4.0
8,1,6,0,0,0,False,45045,234.72000000000003,4.0
8,1,5,1,0,0,False,270270,242.05500000000004,3.6363636363636362
8,1,5,0,1,0,False,270270,242.05500000000004,4.0
8,1,4,2,0,0,False,675675,246.456,3.3333333333333335
8,1,4,1,1,0,False,1351350,248.50980000000004,3.6363636363636362
8,1,4,0,2,0,False,675675,246.45599999999996,3.0
8,1,4,0,1,1,False,675675,238.2408,4.0
8,1,3,3,0,0,False,900900,247.92300000000006,3.0769230769230766
8,1,3,2,1,0,False,2702700,251.73720000000006,3.3333333333333335
8,1,3,1,2,0,False,2702700,251.73720000000003,3.6363636363636362
8,1,3,1,1,1,True,2702700,243.34596000000005,3.6363636363636362
8,1,3,0,3,0,False,900900,247.92300000000006,3.0
8,1,3,0,2,1,False,1801800,251.73720000000003,3.0
8,1,3,0,1,2,False,900900,232.66620000000003,4.0
8,1,2,4,0,0,False,675675,246.45599999999996,3.5714285714285716
8,1,2,3,1,0,False,2702700,251.73720000000003,3.0769230769230766
8,1,2,2,2,0,False,4054050,253.49759999999995,3.3333333333333335
8,1,2,2,1,1,True,4054050,245.04768,3.3333333333333335
8,1,2,1,3,0,False,2702700,251.73720000000003,3.6363636363636362
8,1,2,1,2,1,True,5405400,255.61008000000004,3.6363636363636362
8,1,2,1,1,2,True,2702700,236.24568,3.6363636363636362
8,1,2,0,4,0,False,675675,246.45599999999996,3.0
8,1,2,0,3,1,False,2027025,260.5392,3.0
8,1,2,0,2,2,False,2027025,253.49759999999998,3.0
8,1,2,0,1,3,False,675675,225.3312,4.0
8,1,1,5,0,0,False,270270,242.055,3.3333333333333335
8,1,1,4,1,0,False,1351350,248.50980000000004,3.5714285714285716
8,1,1,3,2,0,False,2702700,251.73720000000003,3.0769230769230766
8,1,1,3,1,1,True,2702700,243.34596000000005,3.0769230769230766
8,1,1,2,3,0,False,2702700,251.7372,3.3333333333333335
8,1,1,2,2,1,True,5405400,255.61008000000004,3.3333333333333335
8,1,1,2,1,2,True,2702700,236.24568,3.3333333333333335
8,1,1,1,4,0,False,1351350,248.50980000000004,3.6363636363636362
8,1,1,1,3,1,True,4054050,262.71036000000004,3.6363636363636362
8,1,1,1,2,2,True,4054050,255.61008000000004,3.6363636363636362
8,1,1,1,1,3,True,1351350,227.20896000000005,3.6363636363636362
8,1,1,0,5,0,False,270270,242.05500000000004,4.0
8,1,1,0,4,1,False,1081080,264.64680000000004,3.0
8,1,1,0,3,2,False,1621620,267.87420000000003,3.0
8,1,1,0,2,3,False,1081080,251.73720000000003,3.0
8,1,1,0,1,4,False,270270,216.23580000000004,4.0
8,1,0,6,0,0,False,45045,234.72000000000003,3.75
8,1,0,5,1,0,False,270270,242.055,3.3333333333333335
8,1,0,4,2,0,False,675675,246.45599999999996,3.5714285714285716
8,1,0,4,1,1,False,675675,238.2408,3.5714285714285716
8,1,0,3,3,0,False,900900,247.92300000000006,3.0769230769230766
8,1,0,3,2,1,False,1801800,251.73720000000003,3.0769230769230766
8,1,0,3,1,2,False,900900,232.66620000000003,3.846153846153846
8,1,0,2,4,0,False,675675,246.456,3.3333333333333335
8,1,0,2,3,1,False,2027025,260.5392,3.3333333333333335
8,1,0,2,2,2,False,2027025,253.4976,3.3333333333333335
8,1,0,2,1,3,False,675675,225.3312,3.3333333333333335
8,1,0,1,5,0,False,270270,242.05500000000004,3.6363636363636362
8,1,0,1,4,1,False,1081080,264.64680000000004,3.6363636363636362
8,1,0,1,3,2,False,1621620,267.8742000000001,3.6363636363636362
8,1,0,1,2,3,False,1081080,251.73720000000003,3.6363636363636362
8,1,0,1,1,4,False,270270,216.23580000000004,3.6363636363636362
8,1,0,0,6,0,False,45045,220.05,4.0
8,1,0,0,5,1,False,225225,264.06,3.0
8,1,0,0,4,2,False,450450,275.796,3.0
8,1,0,0,3,3,False,450450,269.92800000000005,3.0
8,1,0,0,2,4,False,225225,246.45600000000005,3.0
8,1,0,0,1,5,False,45045,205.38,4.0
8,0,7,0,0,0,False,6435,244.80000000000007,4.0
8,0,6,1,0,0,False,45045,253.44000000000003,3.6363636363636362
8,0,6,0,1,0,False,45045,253.44000000000003,3.0
8,0,5,2,0,0,False,135135,259.2,3.3333333333333335
8,0,5,1,1,0,False,270270,261.36000000000007,3.6363636363636362
8,0,5,0,2,0,False,135135,259.2,3.0
8,0,5,0,1,1,False,135135,250.56000000000006,3.0
8,0,4,3,0,0,False,225225,262.08,3.0769230769230766
8,0,4,2,1,0,False,675675,266.11199999999997,3.3333333333333335
8,0,4,1,2,0,False,675675,266.112,3.6363636363636362
8,0,4,1,1,1,False,675675,257.2416,3.6363636363636362
8,0,4,0,3,0,False,225225,262.08,3.0
8,0,4,0,2,1,False,450450,266.112,3.0
8,0,4,0,1,2,False,225225,245.95199999999997,3.0
8,0,3,4,0,0,False,225225,262.08,2.857142857142857
8,0,3,3,1,0,False,900900,267.6960000000001,3.0769230769230766
8,0,3,2,2,0,False,1351350,269.568,3.3333333333333335
8,0,3,2,1,1,False,1351350,260.58240000000006,3.3333333333333335
8,0,3,1,3,0,False,900900,267.696,3.6363636363636362
8,0,3,1,2,1,False,1801800,271.81440000000003,2.727272727272727
8,0,3,1,1,2,False,900900,251.22240000000005,3.6363636363636362
8,0,3,0,4,0,False,225225,262.08,3.0
8,0,3,0,3,1,False,675675,277.056,3.0
8,0,3,0,2,2,False,675675,269.568,3.0
8,0,3,0,1,3,False,225225,239.61599999999999,4.0
8,0,2,5,0,0,False,135135,259.20000000000005,3.3333333333333335
8,0,2,4,1,0,False,675675,266.112,2.857142857142857
8,0,2,3,2,0,False,1351350,269.56800000000004,3.0769230769230766
8,0,2,3,1,1,False,1351350,260.58240000000006,3.0769230769230766
8,0,2,2,3,0,False,1351350,269.568,3.3333333333333335
8,0,2,2,2,1,False,2702700,273.7152,3.3333333333333335
8,0,2,2,1,2,False,1351350,252.9792,3.3333333333333335
8,0,2,1,4,0,False,675675,266.112,3.6363636363636362
8,0,2,1,3,1,False,2027025,281.31840000000005,2.727272727272727
8,0,2,1,2,2,False,2027025,273.71520000000004,2.727272727272727
8,0,2,1,1,3,False,675675,243.30240000000003,3.6363636363636362
8,0,2,0,5,0,False,135135,259.2,3.0
8,0,2,0,4,1,False,540540,283.392,3.0
8,0,2,0,3,2,False,810810,286.84800000000007,3.0
8,0,2,0,2,3,False,540540,269.56800000000004,3.0
8,0,2,0,1,4,False,135135,231.55200000000002,4.0
8,0,1,6,0,0,False,45045,253.44000000000005,3.125
8,0,1,5,1,0,False,270270,261.36000000000007,3.3333333333333335
8,0,1,4,2,0,False,675675,266.112,2.857142857142857
8,0,1,4,1,1,False,675675,257.24160000000006,3.5714285714285716
8,0,1,3,3,0,False,900900,267.6960000000001,3.0769230769230766
8,0,1,3,2,1,False,1801800,271.8144000000001,3.0769230769230766
8,0,1,3,1,2,False,900900,251.22240000000008,3.0769230769230766
8,0,1,2,4,0,False,675675,266.112,3.3333333333333335
8,0,1,2,3,1,False,2027025,281.3184,3.3333333333333335
8,0,1,2,2,2,False,2027025,273.7152,3.3333333333333335
8,0,1,2,1,3,False,675675,243.30240000000006,3.3333333333333335
8,0,1,1,5,0,False,270270,261.36000000000007,3.6363636363636362
8,0,1,1,4,1,False,1081080,285.7536000000001,2.727272727272727
8,0,1,1,3,2,False,1621620,289.2384000000001,2.727272727272727
8,0,1,1,2,3,False,1081080,271.8144000000001,2.727272727272727
8,0,1,1,1,4,False,270270,233.48160000000007,3.6363636363636362
8,0,1,0,6,0,False,45045,237.60000000000005,4.0
8,0,1,0,5,1,False,225225,285.12000000000006,3.0
8,0,1,0,4,2,False,450450,297.7920000000001,3.0
8,0,1,0,3,3,False,450450,291.4560000000001,3.0
8,0,1,0,2,4,False,225225,266.1120000000001,3.0
8,0,1,0,1,5,False,45045,221.76000000000005,4.0
8,0,0,7,0,0,False,6435,244.8,3.529411764705882
8,0,0,6,1,0,False,45045,253.44000000000005,3.125
8,0,0,5,2,0,False,135135,259.20000000000005,3.3333333333333335
8,0,0,5,1,1,False,135135,250.56000000000003,3.3333333333333335
8,0,0,4,3,0,False,225225,262.08,2.857142857142857
8,0,0,4,2,1,False,450450,266.112,2.857142857142857
8,0,0,4,1,2,False,225225,245.952,3.5714285714285716
8,0,0,3,4,0,False,225225,262.08,3.0769230769230766
8,0,0,3,3,1,False,675675,277.05600000000004,3.0769230769230766
8,0,0,3,2,2,False,675675,269.56800000000004,3.0769230769230766
8,0,0,3,1,3,False,225225,239.61600000000004,3.846153846153846
8,0,0,2,5,0,False,135135,259.2,3.3333333333333335
8,0,0,2,4,1,False,540540,283.39200000000005,3.3333333333333335
8,0,0,2,3,2,False,810810,286.848,3.3333333333333335
8,0,0,2,2,3,False,540540,269.568,3.3333333333333335
8,0,0,2,1,4,False,135135,231.55200000000002,3.3333333333333335
8,0,0,1,6,0,False,45045,237.60000000000002,3.6363636363636362
8,0,0,1,5,1,False,225225,285.12,2.727272727272727
8,0,0,1,4,2,False,450450,297.79200000000003,2.727272727272727
8,0,0,1,3,3,False,450450,291.456,2.727272727272727
8,0,0,1,2,4,False,225225,266.1120000000001,3.6363636363636362
8,0,0,1,1,5,False,45045,221.76000000000002,3.6363636363636362
8,0,0,0,7,0,False,6435,216.0,4.0
8,0,0,0,6,1,False,38610,259.2,3.0
8,0,0,0,5,2,False,96525,302.40000000000003,3.0
8,0,0,0,4,3,False,128700,305.28000000000003,3.0
8,0,0,0,3,4,False,96525,290.88000000000005,3.0
8,0,0,0,2,5,False,38610,259.2,3.0
8,0,0,0,1,6,False,6435,210.24,4.0
7,8,0,0,0,0,False,6435,157.60000000000002,5.0
7,7,1,0,0,0,False,51480,170.39000000000001,5.0
7,7,0,1,0,0,False,51480,170.39000000000001,4.545454545454545
7,7,0,0,1,0,False,51480,170.39000000000001,5.0
7,6,2,0,0,0,False,180180,182.64,5.0
7,6,1,1,0,0,False,360360,184.16200000000003,4.545454545454545
7,6,1,0,1,0,False,360360,184.16200000000003,5.0
7,6,0,2,0,0,False,180180,182.64000000000001,4.166666666666667
7,6,0,1,1,0,False,360360,184.16200000000003,4.545454545454545
7,6,0,0,2,0,False,180180,182.64,5.0
7,6,0,0,1,1,False,180180,176.55200000000002,5.0
7,5,3,0,0,0,False,360360,194.35000000000002,4.0
7,5,2,1,0,0,False,1081080,197.34000000000003,4.545454545454545
7,5,2,0,1,0,False,1081080,197.34000000000003,4.0
7,5,1,2,0,0,False,1081080,197.34000000000006,4.166666666666667
7,5,1,1,1,0,False,2162160,198.98450000000008,4.545454545454545
7,5,1,0,2,0,False,1081080,197.34000000000003,4.0
7,5,1,0,1,1,False,1081080,190.76200000000006,4.0
7,5,0,3,0,0,False,360360,194.35,3.846153846153846
7,5,0,2,1,0,False,1081080,197.34000000000006,4.166666666666667
7,5,0,1,2,0,False,1081080,197.34000000000003,4.545454545454545
7,5,0,1,1,1,False,1081080,190.76200000000006,4.545454545454545
7,5,0,0,3,0,False,360360,194.35000000000002,4.0
7,5,0,0,2,1,False,720720,197.34000000000003,4.0
7,5,0,0,1,2,False,360360,182.39,5.0
7,4,4,0,0,0,False,450450,205.51999999999998,4.0
7,4,3,1,0,0,False,1801800,209.92400000000006,3.6363636363636362
7,4,3,0,1,0,False,1801800,209.92400000000004,4.0
7,4,2,2,0,0,False,2702700,211.392,4.166666666666667
7,4,2,1,1,0,False,5405400,213.15360000000004,3.6363636363636362
7,4,2,0,2,0,False,2702700,211.39199999999997,4.0
7,4,2,0,1,1,False,2702700,204.34560000000002,4.0
7,4,1,3,0,0,False,1801800,209.92400000000004,3.846153846153846
7,4,1,2,1,0,False,5405400,213.15360000000004,4.166666666666667
7,4,1,1,2,0,False,5405400,213.15360000000007,3.6363636363636362
7,4,1,1,1,1,True,5405400,206.04848000000007,3.6363636363636362
7,4,1,0,3,0,False,1801800,209.92400000000004,4.0
7,4,1,0,2,1,False,3603600,213.15360000000007,4.0
7,4,1,0,1,2,False,1801800,197.00560000000004,4.0
7,4,0,4,0,0,False,450450,205.52,4.285714285714286
7,4,0,3,1,0,False,1801800,209.92400000000004,3.846153846153846
7,4,0,2,2,0,False,2702700,211.392,4.166666666666667
7,4,0,2,1,1,False,2702700,204.34560000000002,4.166666666666667
7,4,0,1,3,0,False,1801800,209.92400000000006,3.6363636363636362
7,4,0,1,2,1,False,3603600,213.15360000000004,3.6363636363636362
7,4,0,1,1,2,False,1801800,197.00560000000002,4.545454545454545
7,4,0,0,4,0,False,450450,205.51999999999998,4.0
7,4,0,0,3,1,False,1351350,217.264,4.0
7,4,0,0,2,2,False,1351350,211.39200000000002,4.0
7,4,0,0,1,3,False,450450,187.904,4.0
7,3,5,0,0,0,False,360360,216.15,4.0
7,3,4,1,0,0,False,1801800,221.91400000000002,3.6363636363636362
7,3,4,0,1,0,False,1801800,221.914,4.0
7,3,3,2,0,0,False,3603600,224.79600000000002,3.3333333333333335
7,3,3,1,1,0,False,7207200,226.66930000000005,3.6363636363636362
7,3,3,0,2,0,False,3603600,224.79600000000002,4.0
7,3,3,0,1,1,False,3603600,217.30280000000005,4.0
7,3,2,3,0,0,False,3603600,224.79600000000002,3.846153846153846
7,3,2,2,1,0,False,10810800,228.2544,3.3333333333333335
7,3,2,1,2,0,False,10810800,228.25440000000003,3.6363636363636362
7,3,2,1,1,1,True,10810800,220.64592000000007,3.6363636363636362
7,3,2,0,3,0,False,3603600,224.79600000000002,4.0
7,3,2,0,2,1,False,7207200,228.25440000000003,4.0
7,3,2,0,1,2,False,3603600,210.9624,4.0
7,3,1,4,0,0,False,1801800,221.91400000000002,3.5714285714285716
7,3,1,3,1,0,False,7207200,226.66930000000008,3.846153846153846
7,3,1,2,2,0,False,10810800,228.2544,3.3333333333333335
7,3,1,2,1,1,True,10810800,220.64592000000007,4.166666666666667
7,3,1,1,3,0,False,7207200,226.66930000000005,3.6363636363636362
7,3,1,1,2,1,True,14414400,230.15652000000006,3.6363636363636362
7,3,1,1,1,2,True,7207200,212.72042000000002,3.6363636363636362
7,3,1,0,4,0,False,1801800,221.914,4.0
7,3,1,0,3,1,False,5405400,234.59480000000005,4.0
7,3,1,0,2,2,False,5405400,228.25440000000003,4.0
7,3,1,0,1,3,False,1801800,202.89280000000002,4.0
7,3,0,5,0,0,False,360360,216.14999999999998,4.0
7,3,0,4,1,0,False,1801800,221.91400000000002,3.5714285714285716
7,3,0,3,2,0,False,3603600,224.79600000000002,3.846153846153846
7,3,0,3,1,1,False,3603600,217.30280000000005,3.846153846153846
7,3,0,2,3,0,False,3603600,224.79600000000002,3.3333333333333335
7,3,0,2,2,1,False,7207200,228.2544,3.3333333333333335
7,3,0,2,1,2,False,3603600,210.96240000000003,4.166666666666667
7,3,0,1,4,0,False,1801800,221.91400000000002,3.6363636363636362
7,3,0,1,3,1,False,5405400,234.59480000000002,3.6363636363636362
7,3,0,1,2,2,False,5405400,228.25440000000003,3.6363636363636362
7,3,0,1,1,3,False,1801800,202.89280000000002,3.6363636363636362
7,3,0,0,5,0,False,360360,216.15,4.0
7,3,0,0,4,1,False,1441440,236.32400000000004,4.0
7,3,0,0,3,2,False,2162160,239.20600000000005,4.0
7,3,0,0,2,3,False,1441440,224.79600000000002,4.0
7,3,0,0,1,4,False,360360,193.09400000000002,4.0
7,2,6,0,0,0,False,180180,226.24,4.0
7,2,5,1,0,0,False,1081080,233.31000000000003,3.6363636363636362
7,2,5,0,1,0,False,1081080,233.31000000000006,4.0
7,2,4,2,0,0,False,2702700,237.552,3.3333333333333335
7,2,4,1,1,0,False,5405400,239.53160000000003,3.6363636363636362
7,2,4,0,2,0,False,2702700,237.55200000000002,4.0
7,2,4,0,1,1,False,2702700,229.63360000000003,4.0
7,2,3,3,0,0,False,3603600,238.96600000000004,3.846153846153846
7,2,3,2,1,0,False,10810800,242.6424,3.3333333333333335
7,2,3,1,2,0,False,10810800,242.64240000000007,3.6363636363636362
7,2,3,1,1,1,True,10810800,234.55432000000008,3.6363636363636362
7,2,3,0,3,0,False,3603600,238.96600000000004,4.0
7,2,3,0,2,1,False,7207200,242.6424,4.0
7,2,3,0,1,2,False,3603600,224.2604,4.0
7,2,2,4,0,0,False,2702700,237.552,3.5714285714285716
7,2,2,3,1,0,False,10810800,242.64240000000004,3.0769230769230766
7,2,2,2,2,0,False,16216200,244.33919999999998,3.3333333333333335
7,2,2,2,1,1,True,16216200,236.19456000000002,3.3333333333333335
7,2,2,1,3,0,False,10810800,242.64240000000007,3.6363636363636362
7,2,2,1,2,1,True,21621600,246.37536,3.6363636363636362
7,2,2,1,1,2,True,10810800,227.71056000000002,3.6363636363636362
7,2,2,0,4,0,False,2702700,237.55200000000002,4.0
7,2,2,0,3,1,False,8108100,251.12640000000002,3.0
7,2,2,0,2,2,False,8108100,244.3392,4.0
7,2,2,0,1,3,False,2702700,217.1904,4.0
7,2,1,5,0,0,False,1081080,233.31000000000003,3.3333333333333335
7,2,1,4,1,0,False,5405400,239.53160000000005,3.5714285714285716
7,2,1,3,2,0,False,10810800,242.64240000000004,3.0769230769230766
7,2,1,3,1,1,True,10810800,234.55432000000008,3.846153846153846
7,2,1,2,3,0,False,10810800,242.6424,3.3333333333333335
7,2,1,2,2,1,True,21621600,246.37536000000003,3.3333333333333335
7,2,1,2,1,2,True,10810800,227.71056000000002,3.3333333333333335
7,2,1,1,4,0,False,5405400,239.53160000000003,3.6363636363636362
7,2,1,1,3,1,True,16216200,253.21912000000003,3.6363636363636362
7,2,1,1,2,2,True,16216200,246.37536,3.6363636363636362
7,2,1,1,1,3,True,5405400,219.00032000000007,3.6363636363636362
7,2,1,0,5,0,False,1081080,233.31000000000006,4.0
7,2,1,0,4,1,False,4324320,255.08560000000003,3.0
7,2,1,0,3,2,False,6486480,258.19640000000004,3.0
7,2,1,0,2,3,False,4324320,242.64240000000007,4.0
7,2,1,0,1,4,False,1081080,208.42360000000005,4.0
7,2,0,6,0,0,False,180180,226.24,3.75
7,2,0,5,1,0,False,1081080,233.31000000000003,3.3333333333333335
7,2,0,4,2,0,False,2702700,237.552,3.5714285714285716
7,2,0,4,1,1,False,2702700,229.63360000000003,3.5714285714285716
7,2,0,3,3,0,False,3603600,238.96600000000004,3.846153846153846
7,2,0,3,2,1,False,7207200,242.64240000000004,3.0769230769230766
7,2,0,3,1,2,False,3603600,224.26040000000003,3.846153846153846
7,2,0,2,4,0,False,2702700,237.552,3.3333333333333335
7,2,0,2,3,1,False,8108100,251.1264,3.3333333333333335
7,2,0,2,2,2,False,8108100,244.33919999999998,3.3333333333333335
7,2,0,2,1,3,False,2702700,217.1904,4.166666666666667
7,2,0,1,5,0,False,1081080,233.31000000000003,3.6363636363636362
7,2,0,1,4,1,False,4324320,255.08560000000003,3.6363636363636362
7,2,0,1,3,2,False,6486480,258.1964000000001,3.6363636363636362
7,2,0,1,2,3,False,4324320,242.64240000000007,3.6363636363636362
7,2,0,1,1,4,False,1081080,208.42360000000005,3.6363636363636362
7,2,0,0,6,0,False,180180,212.10000000000002,4.0
7,2,0,0,5,1,False,900900,254.52000000000004,3.0
7,2,0,0,4,2,False,1801800,265.83200000000005,3.0
7,2,0,0,3,3,False,1801800,260.17600000000004,3.0
7,2,0,0,2,4,False,900900,237.55200000000005,4.0
7,2,0,0,1,5,False,180180,197.96,4.0
7,1,7,0,0,0,False,51480,235.79000000000002,4.0
7,1,6,1,0,0,False,360360,244.11200000000008,3.6363636363636362
7,1,6,0,1,0,False,360360,244.11200000000005,4.0
7,1,5,2,0,0,False,1081080,249.66,3.3333333333333335
7,1,5,1,1,0,False,2162160,251.74050000000005,3.6363636363636362
7,1,5,0,2,0,False,1081080,249.66,3.0
7,1,5,0,1,1,False,1081080,241.33800000000002,4.0
7,1,4,3,0,0,False,1801800,252.43400000000003,3.0769230769230766
7,1,4,2,1,0,False,5405400,256.3176,3.3333333333333335
7,1,4,1,2,0,False,5405400,256.3176,3.6363636363636362
7,1,4,1,1,1,True,5405400,247.77368000000007,3.6363636363636362
7,1,4,0,3,0,False,1801800,252.43400000000003,3.0
7,1,4,0,2,1,False,3603600,256.3176,3.0
7,1,4,0,1,2,False,1801800,236.89960000000002,4.0
7,1,3,4,0,0,False,1801800,252.43400000000003,3.5714285714285716
7,1,3,3,1,0,False,7207200,257.84330000000006,3.0769230769230766
7,1,3,2,2,0,False,10810800,259.6464,3.3333333333333335
7,1,3,2,1,1,True,10810800,250.99152000000007,3.3333333333333335
7,1,3,1,3,0,False,7207200,257.84330000000006,3.6363636363636362
7,1,3,1,2,1,True,14414400,261.81012000000004,3.6363636363636362
7,1,3,1,1,2,True,7207200,241.97602000000003,3.6363636363636362
7,1,3,0,4,0,False,1801800,252.43400000000003,3.0
7,1,3,0,3,1,False,5405400,266.85880000000003,3.0
7,1,3,0,2,2,False,5405400,259.6464,3.0
7,1,3,0,1,3,False,1801800,230.79680000000005,4.0
7,1,2,5,0,0,False,1081080,249.66,3.3333333333333335
7,1,2,4,1,0,False,5405400,256.31759999999997,3.5714285714285716
7,1,2,3,2,0,False,10810800,259.64639999999997,3.0769230769230766
7,1,2,3,1,1,True,10810800,250.99152000000007,3.0769230769230766
7,1,2,2,3,0,False,10810800,259.64639999999997,3.3333333333333335
7,1,2,2,2,1,True,21621600,263.64095999999995,3.3333333333333335
7,1,2,2,1,2,True,10810800,243.66815999999997,3.3333333333333335
7,1,2,1,4,0,False,5405400,256.3176,3.6363636363636362
7,1,2,1,3,1,True,16216200,270.96432000000004,2.727272727272727
7,1,2,1,2,2,True,16216200,263.64096,3.6363636363636362
7,1,2,1,1,3,True,5405400,234.34752,3.6363636363636362
7,1,2,0,5,0,False,1081080,249.66,3.0
7,1,2,0,4,1,False,4324320,272.96160000000003,3.0
7,1,2,0,3,2,False,6486480,276.29040000000003,3.0
7,1,2,0,2,3,False,4324320,259.6464,3.0
7,1,2,0,1,4,False,1081080,223.0296,4.0
7,1,1,6,0,0,False,360360,244.11200000000005,3.125
7,1,1,5,1,0,False,2162160,251.74050000000005,3.3333333333333335
7,1,1,4,2,0,False,5405400,256.31759999999997,3.5714285714285716
7,1,1,4,1,1,True,5405400,247.77368000000007,3.5714285714285716
7,1,1,3,3,0,False,7207200,257.8433,3.0769230769230766
7,1,1,3,2,1,True,14414400,261.81012000000004,3.0769230769230766
7,1,1,3,1,2,True,7207200,241.97602,3.0769230769230766
7,1,1,2,4,0,False,5405400,256.3176,3.3333333333333335
7,1,1,2,3,1,True,16216200,270.96432,3.3333333333333335
7,1,1,2,2,2,True,16216200,263.64095999999995,3.3333333333333335
7,1,1,2,1,3,True,5405400,234.34752000000003,3.3333333333333335
7,1,1,1,5,0,False,2162160,251.74050000000005,3.6363636363636362
7,1,1,1,4,1,True,8648640,275.23628,2.727272727272727
7,1,1,1,3,2,True,12972960,278.5928200000001,2.727272727272727
7,1,1,1,2,3,True,8648640,261.81012000000004,3.6363636363636362
7,1,1,1,1,4,True,2162160,224.88818000000003,3.6363636363636362
7,1,1,0,6,0,False,360360,228.85500000000002,4.0
7,1,1,0,5,1,False,1801800,274.62600000000003,3.0
7,1,1,0,4,2,False,3603600,286.83160000000004,3.0
7,1,1,0,3,3,False,3603600,280.72880000000004,3.0
7,1,1,0,2,4,False,1801800,256.3176,3.0
7,1,1,0,1,5,False,360360,213.598,4.0
7,1,0,7,0,0,False,51480,235.79000000000005,3.529411764705882
7,1,0,6,1,0,False,360360,244.11200000000005,3.125
7,1,0,5,2,0,False,1081080,249.66,3.3333333333333335
7,1,0,5,1,1,False,1081080,241.33800000000008,3.3333333333333335
7,1,0,4,3,0,False,1801800,252.43400000000003,3.5714285714285716
7,1,0,4,2,1,False,3603600,256.3176,3.5714285714285716
7,1,0,4,1,2,False,1801800,236.8996,3.5714285714285716
7,1,0,3,4,0,False,1801800,252.43400000000003,3.0769230769230766
7,1,0,3,3,1,False,5405400,266.8588,3.0769230769230766
7,1,0,3,2,2,False,5405400,259.6464,3.0769230769230766
7,1,0,3,1,3,False,1801800,230.79680000000005,3.846153846153846
7,1,0,2,5,0,False,1081080,249.66,3.3333333333333335
7,1,0,2,4,1,False,4324320,272.96160000000003,3.3333333333333335
7,1,0,2,3,2,False,6486480,276.29040000000003,3.3333333333333335
7,1,0,2,2,3,False,4324320,259.6464,3.3333333333333335
7,1,0,2,1,4,False,1081080,223.02960000000004,3.3333333333333335
7,1,0,1,6,0,False,360360,228.85500000000002,3.6363636363636362
7,1,0,1,5,1,False,1801800,274.62600000000003,2.727272727272727
7,1,0,1,4,2,False,3603600,286.83160000000004,2.727272727272727
7,1,0,1,3,3,False,3603600,280.72880000000004,2.727272727272727
7,1,0,1,2,4,False,1801800,256.3176000000001,3.6363636363636362
7,1,0,1,1,5,False,360360,213.598,3.6363636363636362
7,1,0,0,7,0,False,51480,208.05,4.0
7,1,0,0,6,1,False,308880,249.66,3.0
7,1,0,0,5,2,False,772200,291.27000000000004,3.0
7,1,0,0,4,3,False,1029600,294.04400000000004,3.0
7,1,0,0,3,4,False,772200,280.1740000000001,3.0
7,1,0,0,2,5,False,308880,249.66,3.0
7,1,0,0,1,6,False,51480,202.502,4.0
7,0,8,0,0,0,False,6435,244.8,4.0
7,0,7,1,0,0,False,51480,254.32000000000008,3.6363636363636362
7,0,7,0,1,0,False,51480,254.32000000000008,3.0
7,0,6,2,0,0,False,180180,261.12,3.3333333333333335
7,0,6,1,1,0,False,360360,263.29600000000005,3.6363636363636362
7,0,6,0,2,0,False,180180,261.12,3.0
7,0,6,0,1,1,False,180180,252.41600000000005,3.0
7,0,5,3,0,0,False,360360,265.2,3.0769230769230766
7,0,5,2,1,0,False,1081080,269.28,3.3333333333333335
7,0,5,1,2,0,False,1081080,269.28000000000003,3.6363636363636362
7,0,5,1,1,1,False,1081080,260.30400000000003,3.6363636363636362
7,0,5,0,3,0,False,360360,265.2,3.0
7,0,5,0,2,1,False,720720,269.28000000000003,3.0
7,0,5,0,1,2,False,360360,248.88,3.0
7,0,4,4,0,0,False,450450,266.55999999999995,2.857142857142857
7,0,4,3,1,0,False,1801800,272.27200000000005,3.0769230769230766
7,0,4,2,2,0,False,2702700,274.176,3.3333333333333335
7,0,4,2,1,1,False,2702700,265.03679999999997,3.3333333333333335
7,0,4,1,3,0,False,1801800,272.272,2.727272727272727
7,0,4,1,2,1,False,3603600,276.4608,2.727272727272727
7,0,4,1,1,2,False,1801800,255.5168,3.6363636363636362
7,0,4,0,4,0,False,450450,266.55999999999995,3.0
7,0,4,0,3,1,False,1351350,281.792,3.0
7,0,4,0,2,2,False,1351350,274.176,3.0
7,0,4,0,1,3,False,450450,243.712,4.0
7,0,3,5,0,0,False,360360,265.20000000000005,3.3333333333333335
7,0,3,4,1,0,False,1801800,272.272,2.857142857142857
7,0,3,3,2,0,False,3603600,275.808,3.0769230769230766
7,0,3,3,1,1,False,3603600,266.61440000000005,3.0769230769230766
7,0,3,2,3,0,False,3603600,275.80800000000005,3.3333333333333335
7,0,3,2,2,1,False,7207200,280.05120000000005,3.3333333333333335
7,0,3,2,1,2,False,3603600,258.83520000000004,3.3333333333333335
7,0,3,1,4,0,False,1801800,272.272,2.727272727272727
7,0,3,1,3,1,False,5405400,287.8304,2.727272727272727
7,0,3,1,2,2,False,5405400,280.05120000000005,2.727272727272727
7,0,3,1,1,3,False,1801800,248.9344,3.6363636363636362
7,0,3,0,5,0,False,360360,265.2,3.0
7,0,3,0,4,1,False,1441440,289.95200000000006,3.0
7,0,3,0,3,2,False,2162160,293.488,3.0
7,0,3,0,2,3,False,1441440,275.808,3.0
7,0,3,0,1,4,False,360360,236.91200000000003,4.0
7,0,2,6,0,0,False,180180,261.12000000000006,3.125
7,0,2,5,1,0,False,1081080,269.28000000000003,3.3333333333333335
7,0,2,4,2,0,False,2702700,274.176,2.857142857142857
7,0,2,4,1,1,False,2702700,265.0368,2.857142857142857
7,0,2,3,3,0,False,3603600,275.808,3.0769230769230766
7,0,2,3,2,1,False,7207200,280.05120000000005,3.0769230769230766
7,0,2,3,1,2,False,3603600,258.83520000000004,3.0769230769230766
7,0,2,2,4,0,False,2702700,274.176,3.3333333333333335
7,0,2,2,3,1,False,8108100,289.8432,3.3333333333333335
7,0,2,2,2,2,False,8108100,282.0096,3.3333333333333335
7,0,2,2,1,3,False,2702700,250.67520000000002,3.3333333333333335
7,0,2,1,5,0,False,1081080,269.28000000000003,3.6363636363636362
7,0,2,1,4,1,False,4324320,294.41280000000006,2.727272727272727
7,0,2,1,3,2,False,6486480,298.00320000000005,2.727272727272727
7,0,2,1,2,3,False,4324320,280.05120000000005,2.727272727272727
7,0,2,1,1,4,False,1081080,240.55680000000004,3.6363636363636362
7,0,2,0,6,0,False,180180,244.8,4.0
7,0,2,0,5,1,False,900900,293.76,3.0
7,0,2,0,4,2,False,1801800,306.81600000000003,3.0
7,0,2,0,3,3,False,1801800,300.288,3.0
7,0,2,0,2,4,False,900900,274.17600000000004,3.0
7,0,2,0,1,5,False,180180,228.48,4.0
7,0,1,7,0,0,False,51480,254.32000000000008,2.941176470588235
7,0,1,6,1,0,False,360360,263.2960000000001,3.125
7,0,1,5,2,0,False,1081080,269.2800000000001,3.3333333333333335
7,0,1,5,1,1,False,1081080,260.3040000000001,3.3333333333333335
7,0,1,4,3,0,False,1801800,272.27200000000005,2.857142857142857
7,0,1,4,2,1,False,3603600,276.46080000000006,2.857142857142857
7,0,1,4,1,2,False,1801800,255.51680000000007,3.5714285714285716
7,0,1,3,4,0,False,1801800,272.27200000000005,3.0769230769230766
7,0,1,3,3,1,False,5405400,287.83040000000005,3.0769230769230766
7,0,1,3,2,2,False,5405400,280.05120000000005,3.0769230769230766
7,0,1,3,1,3,False,1801800,248.93440000000007,3.0769230769230766
7,0,1,2,5,0,False,1081080,269.2800000000001,3.3333333333333335
7,0,1,2,4,1,False,4324320,294.41280000000006,3.3333333333333335
7,0,1,2,3,2,False,6486480,298.00320000000005,2.5
7,0,1,2,2,3,False,4324320,280.05120000000005,3.3333333333333335
7,0,1,2,1,4,False,1081080,240.55680000000007,3.3333333333333335
7,0,1,1,6,0,False,360360,246.8400000000001,3.6363636363636362
7,0,1,1,5,1,False,1801800,296.20800000000014,2.727272727272727
7,0,1,1,4,2,False,3603600,309.3728000000001,2.727272727272727
7,0,1,1,3,3,False,3603600,302.7904000000001,2.727272727272727
7,0,1,1,2,4,False,1801800,276.4608000000001,2.727272727272727
7,0,1,1,1,5,False,360360,230.38400000000004,3.6363636363636362
7,0,1,0,7,0,False,51480,224.40000000000006,4.0
7,0,1,0,6,1,False,308880,269.2800000000001,3.0
7,0,1,0,5,2,False,772200,314.1600000000001,3.0
7,0,1,0,4,3,False,1029600,317.15200000000004,3.0
7,0,1,0,3,4,False,772200,302.1920000000001,3.0
7,0,1,0,2,5,False,308880,269.2800000000001,3.0
7,0,1,0,1,6,False,51480,218.41600000000005,4.0
7,0,0,8,0,0,False,6435,244.8,3.333333333333333
7,0,0,7,1,0,False,51480,254.32000000000008,2.941176470588235
7,0,0,6,2,0,False,180180,261.12000000000006,3.125
7,0,0,6,1,1,False,180180,252.41600000000005,3.125
7,0,0,5,3,0,False,360360,265.20000000000005,3.3333333333333335
7,0,0,5,2,1,False,720720,269.28000000000003,3.3333333333333335
7,0,0,5,1,2,False,360360,248.88000000000002,3.3333333333333335
7,0,0,4,4,0,False,450450,266.55999999999995,2.857142857142857
7,0,0,4,3,1,False,1351350,281.792,2.857142857142857
7,0,0,4,2,2,False,1351350,274.176,2.857142857142857
7,0,0,4,1,3,False,450450,243.712,3.5714285714285716
7,0,0,3,5,0,False,360360,265.2,3.0769230769230766
7,0,0,3,4,1,False,1441440,289.95200000000006,3.0769230769230766
7,0,0,3,3,2,False,2162160,293.48800000000006,3.0769230769230766
7,0,0,3,2,3,False,1441440,275.808,3.0769230769230766
7,0,0,3,1,4,False,360360,236.912,3.846153846153846
7,0,0,2,6,0,False,180180,244.79999999999998,3.3333333333333335
7,0,0,2,5,1,False,900900,293.76,3.3333333333333335
7,0,0,2,4,2,False,1801800,306.81600000000003,2.5
7,0,0,2,3,3,False,1801800,300.288,2.5
7,0,0,2,2,4,False,900900,274.176,3.3333333333333335
7,0,0,2,1,5,False,180180,228.47999999999996,3.3333333333333335
7,0,0,1,7,0,False,51480,224.4,3.6363636363636362
7,0,0,1,6,1,False,308880,269.28000000000003,3.6363636363636362
7,0,0,1,5,2,False,772200,314.16,2.727272727272727
7,0,0,1,4,3,False,1029600,317.1520000000001,2.727272727272727
7,0,0,1,3,4,False,772200,302.1920000000001,2.727272727272727
7,0,0,1,2,5,False,308880,269.28000000000003,3.6363636363636362
7,0,0,1,1,6,False,51480,218.41600000000003,3.6363636363636362
7,0,0,0,8,0,False,6435,204.0,4.0
7,0,0,0,7,1,False,45045,244.8,4.0
7,0,0,0,6,2,False,135135,285.6,3.0
7,0,0,0,5,3,False,225225,326.40000000000003,3.0
7,0,0,0,4,4,False,225225,320.96000000000004,3.0
7,0,0,0,3,5,False,135135,299.20000000000005,3.0
7,0,0,0,2,6,False,45045,261.12,3.0
7,0,0,0,1,7,False,6435,206.72,4.0
6,9,0,0,0,0,False,5005,152.3,5.0
6,8,1,0,0,0,False,45045,164.56000000000003,5.0
6,8,0,1,0,0,False,45045,164.56,4.545454545454545
6,8,0,0,1,0,False,45045,164.56000000000003,5.0
6,7,2,0,0,0,False,180180,176.28,5.0
6,7,1,1,0,0,False,360360,177.74900000000005,4.545454545454545
6,7,1,0,1,0,False,360360,177.74900000000002,5.0
6,7,0,2,0,0,False,180180,176.28,5.0
6,7,0,1,1,0,False,360360,177.74900000000005,4.545454545454545
6,7,0,0,2,0,False,180180,176.28,5.0
6,7,0,0,1,1,False,180180,170.40400000000002,5.0
6,6,3,0,0,0,False,420420,187.46000000000004,4.0
6,6,2,1,0,0,False,1261260,190.344,4.545454545454545
6,6,2,0,1,0,False,1261260,190.34400000000002,4.0
6,6,1,2,0,0,False,1261260,190.344,4.166666666666667
6,6,1,1,1,0,False,2522520,191.93020000000004,4.545454545454545
6,6,1,0,2,0,False,1261260,190.34400000000002,4.0
6,6,1,0,1,1,False,1261260,183.99920000000003,5.0
6,6,0,3,0,0,False,420420,187.46000000000004,4.615384615384615
6,6,0,2,1,0,False,1261260,190.344,4.166666666666667
6,6,0,1,2,0,False,1261260,190.344,4.545454545454545
6,6,0,1,1,1,False,1261260,183.99920000000006,4.545454545454545
6,6,0,0,3,0,False,420420,187.46000000000004,4.0
6,6,0,0,2,1,False,840840,190.34400000000002,4.0
6,6,0,0,1,2,False,420420,175.924,5.0
6,5,4,0,0,0,False,630630,198.1,4.0
6,5,3,1,0,0,False,2522520,202.34500000000003,4.545454545454545
6,5,3,0,1,0,False,2522520,202.34500000000003,4.0
6,5,2,2,0,0,False,3783780,203.76000000000002,4.166666666666667
6,5,2,1,1,0,False,7567560,205.45800000000006,3.6363636363636362
6,5,2,0,2,0,False,3783780,203.76,4.0
6,5,2,0,1,1,False,3783780,196.96800000000005,4.0
6,5,1,3,0,0,False,2522520,202.34500000000006,3.846153846153846
6,5,1,2,1,0,False,7567560,205.45800000000003,4.166666666666667
6,5,1,1,2,0,False,7567560,205.45800000000006,3.6363636363636362
6,5,1,1,1,1,True,7567560,198.60940000000008,4.545454545454545
6,5,1,0,3,0,False,2522520,202.34500000000003,4.0
6,5,1,0,2,1,False,5045040,205.45800000000006,4.0
6,5,1,0,1,2,False,2522520,189.89300000000003,4.0
6,5,0,4,0,0,False,630630,198.1,4.285714285714286
6,5,0,3,1,0,False,2522520,202.34500000000006,3.846153846153846
6,5,0,2,2,0,False,3783780,203.76000000000002,4.166666666666667
6,5,0,2,1,1,False,3783780,196.96800000000002,4.166666666666667
6,5,0,1,3,0,False,2522520,202.34500000000003,4.545454545454545
6,5,0,1,2,1,False,5045040,205.45800000000006,3.6363636363636362
6,5,0,1,1,2,False,2522520,189.893,4.545454545454545
6,5,0,0,4,0,False,630630,198.1,4.0
6,5,0,0,3,1,False,1891890,209.42,4.0
6,5,0,0,2,2,False,1891890,203.76,4.0
6,5,0,0,1,3,False,630630,181.12,5.0
6,4,5,0,0,0,False,630630,208.20000000000002,4.0
6,4,4,1,0,0,False,3153150,213.752,3.6363636363636362
6,4,4,0,1,0,False,3153150,213.752,4.0
6,4,3,2,0,0,False,6306300,216.52800000000002,4.166666666666667
6,4,3,1,1,0,False,12612600,218.33240000000006,3.6363636363636362
6,4,3,0,2,0,False,6306300,216.52800000000002,4.0
6,4,3,0,1,1,False,6306300,209.31040000000004,4.0
6,4,2,3,0,0,False,6306300,216.52800000000002,3.846153846153846
6,4,2,2,1,0,False,18918900,219.85920000000002,4.166666666666667
6,4,2,1,2,0,False,18918900,219.85920000000002,3.6363636363636362
6,4,2,1,1,1,True,18918900,212.53056000000004,3.6363636363636362
6,4,2,0,3,0,False,6306300,216.528,4.0
6,4,2,0,2,1,False,12612600,219.85920000000002,4.0
6,4,2,0,1,2,False,6306300,203.2032,4.0
6,4,1,4,0,0,False,3153150,213.75200000000004,3.5714285714285716
6,4,1,3,1,0,False,12612600,218.33240000000006,3.846153846153846
6,4,1,2,2,0,False,18918900,219.85920000000002,4.166666666666667
6,4,1,2,1,1,True,18918900,212.53056000000007,4.166666666666667
6,4,1,1,3,0,False,12612600,218.33240000000006,3.6363636363636362
6,4,1,1,2,1,True,25225200,221.6913600000001,3.6363636363636362
6,4,1,1,1,2,True,12612600,204.89656000000005,3.6363636363636362
6,4,1,0,4,0,False,3153150,213.752,4.0
6,4,1,0,3,1,False,9459450,225.96640000000002,4.0
6,4,1,0,2,2,False,9459450,219.85920000000002,4.0
6,4,1,0,1,3,False,3153150,195.43040000000005,4.0
6,4,0,5,0,0,False,630630,208.20000000000002,4.0
6,4,0,4,1,0,False,3153150,213.75200000000004,3.5714285714285716
6,4,0,3,2,0,False,6306300,216.52800000000002,3.846153846153846
6,4,0,3,1,1,False,6306300,209.31040000000004,3.846153846153846
6,4,0,2,3,0,False,6306300,216.52800000000002,4.166666666666667
6,4,0,2,2,1,False,12612600,219.85920000000002,4.166666666666667
6,4,0,2,1,2,False,6306300,203.2032,4.166666666666667
6,4,0,1,4,0,False,3153150,213.752,3.6363636363636362
6,4,0,1,3,1,False,9459450,225.9664,3.6363636363636362
6,4,0,1,2,2,False,9459450,219.85920000000004,3.6363636363636362
6,4,0,1,1,3,False,3153150,195.43040000000002,4.545454545454545
6,4,0,0,5,0,False,630630,208.20000000000002,4.0
6,4,0,0,4,1,False,2522520,227.63200000000003,4.0
6,4,0,0,3,2,False,3783780,230.40800000000004,4.0
6,4,0,0,2,3,False,2522520,216.52800000000002,4.0
6,4,0,0,1,4,False,630630,185.99200000000002,4.0
6,3,6,0,0,0,False,420420,217.76,4.0
6,3,5,1,0,0,False,2522520,224.56500000000003,3.6363636363636362
6,3,5,0,1,0,False,2522520,224.56500000000003,4.0
6,3,4,2,0,0,False,6306300,228.648,3.3333333333333335
6,3,4,1,1,0,False,12612600,230.55340000000004,3.6363636363636362
6,3,4,0,2,0,False,6306300,228.64799999999997,4.0
6,3,4,0,1,1,False,6306300,221.02640000000002,4.0
6,3,3,3,0,0,False,8408400,230.00900000000001,3.846153846153846
6,3,3,2,1,0,False,25225200,233.54760000000002,3.3333333333333335
6,3,3,1,2,0,False,25225200,233.54760000000002,3.6363636363636362
6,3,3,1,1,1,True,25225200,225.76268000000007,3.6363636363636362
6,3,3,0,3,0,False,8408400,230.00900000000001,4.0
6,3,3,0,2,1,False,16816800,233.54760000000002,4.0
6,3,3,0,1,2,False,8408400,215.8546,4.0
6,3,2,4,0,0,False,6306300,228.64800000000002,3.5714285714285716
6,3,2,3,1,0,False,25225200,233.54760000000007,3.846153846153846
6,3,2,2,2,0,False,37837800,235.1808,3.3333333333333335
6,3,2,2,1,1,True,37837800,227.34144000000006,3.3333333333333335
6,3,2,1,3,0,False,25225200,233.54760000000005,3.6363636363636362
6,3,2,1,2,1,True,50450400,237.14064000000002,3.6363636363636362
6,3,2,1,1,2,True,25225200,219.17544000000004,3.6363636363636362
6,3,2,0,4,0,False,6306300,228.64800000000002,4.0
6,3,2,0,3,1,False,18918900,241.7136,4.0
6,3,2,0,2,2,False,18918900,235.1808,4.0
6,3,2,0,1,3,False,6306300,209.04960000000003,4.0
6,3,1,5,0,0,False,2522520,224.565,3.3333333333333335
6,3,1,4,1,0,False,12612600,230.55340000000004,3.5714285714285716
6,3,1,3,2,0,False,25225200,233.54760000000007,3.846153846153846
6,3,1,3,1,1,True,25225200,225.76268000000007,3.846153846153846
6,3,1,2,3,0,False,25225200,233.54760000000005,3.3333333333333335
6,3,1,2,2,1,True,50450400,237.14064000000002,3.3333333333333335
6,3,1,2,1,2,True,25225200,219.17544,4.166666666666667
6,3,1,1,4,0,False,12612600,230.55340000000004,3.6363636363636362
6,3,1,1,3,1,True,37837800,243.72788000000003,3.6363636363636362
6,3,1,1,2,2,True,37837800,237.14064000000002,3.6363636363636362
6,3,1,1,1,3,True,12612600,210.79168000000007,3.6363636363636362
6,3,1,0,5,0,False,2522520,224.56500000000003,4.0
6,3,1,0,4,1,False,10090080,245.52440000000007,4.0
6,3,1,0,3,2,False,15135120,248.51860000000008,3.0
6,3,1,0,2,3,False,10090080,233.54760000000002,4.0
6,3,1,0,1,4,False,2522520,200.61140000000003,4.0
6,3,0,6,0,0,False,420420,217.76,3.75
6,3,0,5,1,0,False,2522520,224.565,3.3333333333333335
6,3,0,4,2,0,False,6306300,228.64800000000002,3.5714285714285716
6,3,0,4,1,1,False,6306300,221.02640000000002,3.5714285714285716
6,3,0,3,3,0,False,8408400,230.00900000000001,3.846153846153846
6,3,0,3,2,1,False,16816800,233.54760000000002,3.846153846153846
6,3,0,3,1,2,False,8408400,215.85460000000003,3.846153846153846
6,3,0,2,4,0,False,6306300,228.648,3.3333333333333335
6,3,0,2,3,1,False,18918900,241.71359999999999,3.3333333333333335
6,3,0,2,2,2,False,18918900,235.1808,3.3333333333333335
6,3,0,2,1,3,False,6306300,209.0496,4.166666666666667
6,3,0,1,5,0,False,2522520,224.56500000000003,3.6363636363636362
6,3,0,1,4,1,False,10090080,245.5244,3.6363636363636362
6,3,0,1,3,2,False,15135120,248.51860000000008,3.6363636363636362
6,3,0,1,2,3,False,10090080,233.54760000000002,3.6363636363636362
6,3,0,1,1,4,False,2522520,200.61140000000003,4.545454545454545
6,3,0,0,6,0,False,420420,204.15,4.0
6,3,0,0,5,1,False,2102100,244.98000000000002,4.0
6,3,0,0,4,2,False,4204200,255.86800000000005,3.0
6,3,0,0,3,3,False,4204200,250.42400000000004,3.0
6,3,0,0,2,4,False,2102100,228.64800000000002,4.0
6,3,0,0,1,5,False,420420,190.54,4.0
6,2,7,0,0,0,False,180180,226.78000000000003,4.0
6,2,6,1,0,0,False,1261260,234.78400000000005,3.6363636363636362
6,2,6,0,1,0,False,1261260,234.78400000000002,4.0
6,2,5,2,0,0,False,3783780,240.12,3.3333333333333335
6,2,5,1,1,0,False,7567560,242.12100000000007,3.6363636363636362
6,2,5,0,2,0,False,3783780,240.12,4.0
6,2,5,0,1,1,False,3783780,232.11600000000004,4.0
6,2,4,3,0,0,False,6306300,242.78799999999998,3.0769230769230766
6,2,4,2,1,0,False,18918900,246.52320000000003,3.3333333333333335
6,2,4,1,2,0,False,18918900,246.5232,3.6363636363636362
6,2,4,1,1,1,True,18918900,238.30576000000005,3.6363636363636362
6,2,4,0,3,0,False,6306300,242.788,4.0
6,2,4,0,2,1,False,12612600,246.5232,3.0
6,2,4,0,1,2,False,6306300,227.8472,4.0
6,2,3,4,0,0,False,6306300,242.788,3.5714285714285716
6,2,3,3,1,0,False,25225200,247.99060000000006,3.0769230769230766
6,2,3,2,2,0,False,37837800,249.72480000000002,3.3333333333333335
6,2,3,2,1,1,True,37837800,241.40064000000004,3.3333333333333335
6,2,3,1,3,0,False,25225200,247.99060000000006,3.6363636363636362
6,2,3,1,2,1,True,50450400,251.80584000000005,3.6363636363636362
6,2,3,1,1,2,True,25225200,232.72964000000005,3.6363636363636362
6,2,3,0,4,0,False,6306300,242.788,4.0
6,2,3,0,3,1,False,18918900,256.6616,3.0
6,2,3,0,2,2,False,18918900,249.72480000000002,3.0
6,2,3,0,1,3,False,6306300,221.97760000000005,4.0
6,2,2,5,0,0,False,3783780,240.12,3.3333333333333335
6,2,2,4,1,0,False,18918900,246.5232,3.5714285714285716
6,2,2,3,2,0,False,37837800,249.72480000000002,3.0769230769230766
6,2,2,3,1,1,True,37837800,241.40064000000004,3.0769230769230766
6,2,2,2,3,0,False,37837800,249.72480000000002,3.3333333333333335
6,2,2,2,2,1,True,75675600,253.56672000000003,3.3333333333333335
6,2,2,2,1,2,True,37837800,234.35711999999998,3.3333333333333335
6,2,2,1,4,0,False,18918900,246.5232,3.6363636363636362
6,2,2,1,3,1,True,56756700,260.61024000000003,3.6363636363636362
6,2,2,1,2,2,True,56756700,253.56672000000003,3.6363636363636362
6,2,2,1,1,3,True,18918900,225.39264000000003,3.6363636363636362
6,2,2,0,5,0,False,3783780,240.12,4.0
6,2,2,0,4,1,False,15135120,262.5312,3.0
6,2,2,0,3,2,False,22702680,265.7328,3.0
6,2,2,0,2,3,False,15135120,249.72480000000002,3.0
6,2,2,0,1,4,False,3783780,214.5072,4.0
6,2,1,6,0,0,False,1261260,234.78400000000002,3.75
6,2,1,5,1,0,False,7567560,242.12100000000007,3.3333333333333335
6,2,1,4,2,0,False,18918900,246.5232,3.5714285714285716
6,2,1,4,1,1,True,18918900,238.30576000000008,3.5714285714285716
6,2,1,3,3,0,False,25225200,247.99060000000006,3.0769230769230766
6,2,1,3,2,1,True,50450400,251.80584000000007,3.0769230769230766
6,2,1,3,1,2,True,25225200,232.72964000000002,3.846153846153846
6,2,1,2,4,0,False,18918900,246.52320000000003,3.3333333333333335
6,2,1,2,3,1,True,56756700,260.61024000000003,3.3333333333333335
6,2,1,2,2,2,True,56756700,253.56672000000003,3.3333333333333335
6,2,1,2,1,3,True,18918900,225.39264000000003,3.3333333333333335
6,2,1,1,5,0,False,7567560,242.12100000000007,3.6363636363636362
6,2,1,1,4,1,True,30270240,264.7189600000001,3.6363636363636362
6,2,1,1,3,2,True,45405360,267.9472400000001,3.6363636363636362
6,2,1,1,2,3,True,30270240,251.80584000000005,3.6363636363636362
6,2,1,1,1,4,True,7567560,216.29476000000008,3.6363636363636362
6,2,1,0,6,0,False,1261260,220.11000000000004,4.0
6,2,1,0,5,1,False,6306300,264.132,3.0
6,2,1,0,4,2,False,12612600,275.87120000000004,3.0
6,2,1,0,3,3,False,12612600,270.0016,3.0
6,2,1,0,2,4,False,6306300,246.52320000000006,3.0
6,2,1,0,1,5,False,1261260,205.43600000000004,4.0
6,2,0,7,0,0,False,180180,226.78000000000003,3.529411764705882
6,2,0,6,1,0,False,1261260,234.78400000000002,3.75
6,2,0,5,2,0,False,3783780,240.12,3.3333333333333335
6,2,0,5,1,1,False,3783780,232.11600000000004,3.3333333333333335
6,2,0,4,3,0,False,6306300,242.788,3.5714285714285716
6,2,0,4,2,1,False,12612600,246.5232,3.5714285714285716
6,2,0,4,1,2,False,6306300,227.84720000000002,3.5714285714285716
6,2,0,3,4,0,False,6306300,242.78799999999998,3.0769230769230766
6,2,0,3,3,1,False,18918900,256.6616,3.0769230769230766
6,2,0,3,2,2,False,18918900,249.72480000000002,3.0769230769230766
6,2,0,3,1,3,False,6306300,221.97760000000002,3.846153846153846
6,2,0,2,5,0,False,3783780,240.12,3.3333333333333335
6,2,0,2,4,1,False,15135120,262.5312,3.3333333333333335
6,2,0,2,3,2,False,22702680,265.7328,3.3333333333333335
6,2,0,2,2,3,False,15135120,249.72480000000002,3.3333333333333335
6,2,0,2,1,4,False,3783780,214.50720000000004,4.166666666666667
6,2,0,1,6,0,False,1261260,220.11000000000004,3.6363636363636362
6,2,0,1,5,1,False,6306300,264.13200000000006,3.6363636363636362
6,2,0,1,4,2,False,12612600,275.87120000000004,2.727272727272727
6,2,0,1,3,3,False,12612600,270.00160000000005,3.6363636363636362
6,2,0,1,2,4,False,6306300,246.5232000000001,3.6363636363636362
6,2,0,1,1,5,False,1261260,205.436,3.6363636363636362
6,2,0,0,7,0,False,180180,200.10000000000002,4.0
6,2,0,0,6,1,False,1081080,240.12000000000003,4.0
6,2,0,0,5,2,False,2702700,280.14000000000004,3.0
6,2,0,0,4,3,False,3603600,282.808,3.0
6,2,0,0,3,4,False,2702700,269.4680000000001,3.0
6,2,0,0,2,5,False,1081080,240.12000000000003,4.0
6,2,0,0,1,6,False,180180,194.764,4.0
6,1,8,0,0,0,False,45045,235.26,4.0
6,1,7,1,0,0,False,360360,244.40900000000005,3.6363636363636362
6,1,7,0,1,0,False,360360,244.40900000000002,4.0
6,1,6,2,0,0,False,1261260,250.94400000000002,3.3333333333333335
6,1,6,1,1,0,False,2522520,253.0352000000001,3.6363636363636362
6,1,6,0,2,0,False,1261260,250.94400000000002,3.0
6,1,6,0,1,1,False,1261260,242.5792000000001,4.0
6,1,5,3,0,0,False,2522520,254.86500000000004,3.0769230769230766
6,1,5,2,1,0,False,7567560,258.786,3.3333333333333335
6,1,5,1,2,0,False,7567560,258.786,3.6363636363636362
6,1,5,1,1,1,True,7567560,250.15980000000005,3.6363636363636362
6,1,5,0,3,0,False,2522520,254.865,3.0
6,1,5,0,2,1,False,5045040,258.786,3.0
6,1,5,0,1,2,False,2522520,239.181,4.0
6,1,4,4,0,0,False,3153150,256.172,3.5714285714285716
6,1,4,3,1,0,False,12612600,261.6614,3.0769230769230766
6,1,4,2,2,0,False,18918900,263.4912,3.3333333333333335
6,1,4,2,1,1,True,18918900,254.70816000000002,3.3333333333333335
6,1,4,1,3,0,False,12612600,261.66140000000007,3.6363636363636362
6,1,4,1,2,1,True,25225200,265.68696000000006,3.6363636363636362
6,1,4,1,1,2,True,12612600,245.55916,3.6363636363636362
6,1,4,0,4,0,False,3153150,256.17199999999997,3.0
6,1,4,0,3,1,False,9459450,270.8104,3.0
6,1,4,0,2,2,False,9459450,263.4912,3.0
6,1,4,0,1,3,False,3153150,234.21439999999998,4.0
6,1,3,5,0,0,False,2522520,254.86500000000004,3.3333333333333335
6,1,3,4,1,0,False,12612600,261.6614,2.857142857142857
6,1,3,3,2,0,False,25225200,265.05960000000005,3.0769230769230766
6,1,3,3,1,1,True,25225200,256.2242800000001,3.0769230769230766
6,1,3,2,3,0,False,25225200,265.05960000000005,3.3333333333333335
6,1,3,2,2,1,True,50450400,269.13744,3.3333333333333335
6,1,3,2,1,2,True,25225200,248.74824,3.3333333333333335
6,1,3,1,4,0,False,12612600,261.66140000000007,3.6363636363636362
6,1,3,1,3,1,True,37837800,276.61348000000004,2.727272727272727
6,1,3,1,2,2,True,37837800,269.13744,3.6363636363636362
6,1,3,1,1,3,True,12612600,239.2332800000001,3.6363636363636362
6,1,3,0,5,0,False,2522520,254.865,3.0
6,1,3,0,4,1,False,10090080,278.65240000000006,3.0
6,1,3,0,3,2,False,15135120,282.05060000000003,3.0
6,1,3,0,2,3,False,10090080,265.05960000000005,3.0
6,1,3,0,1,4,False,2522520,227.67940000000004,4.0
6,1,2,6,0,0,False,1261260,250.94400000000002,3.125
6,1,2,5,1,0,False,7567560,258.786,3.3333333333333335
6,1,2,4,2,0,False,18918900,263.49119999999994,2.857142857142857
6,1,2,4,1,1,True,18918900,254.70816,3.5714285714285716
6,1,2,3,3,0,False,25225200,265.0596,3.0769230769230766
6,1,2,3,2,1,True,50450400,269.13744,3.0769230769230766
6,1,2,3,1,2,True,25225200,248.74824,3.0769230769230766
6,1,2,2,4,0,False,18918900,263.4912,3.3333333333333335
6,1,2,2,3,1,True,56756700,278.54784,3.3333333333333335
6,1,2,2,2,2,True,56756700,271.01951999999994,3.3333333333333335
6,1,2,2,1,3,True,18918900,240.90624,3.3333333333333335
6,1,2,1,5,0,False,7567560,258.786,3.6363636363636362
6,1,2,1,4,1,True,30270240,282.93936,2.727272727272727
6,1,2,1,3,2,True,45405360,286.38984000000005,2.727272727272727
6,1,2,1,2,3,True,30270240,269.13743999999997,3.6363636363636362
6,1,2,1,1,4,True,7567560,231.18216000000004,3.6363636363636362
6,1,2,0,6,0,False,1261260,235.26,4.0
6,1,2,0,5,1,False,6306300,282.312,3.0
6,1,2,0,4,2,False,12612600,294.85920000000004,3.0
6,1,2,0,3,3,False,12612600,288.5856,3.0
6,1,2,0,2,4,False,6306300,263.4912,3.0
6,1,2,0,1,5,False,1261260,219.576,4.0
6,1,1,7,0,0,False,360360,244.40900000000005,3.529411764705882
6,1,1,6,1,0,False,2522520,253.0352000000001,3.125
6,1,1,5,2,0,False,7567560,258.786,3.3333333333333335
6,1,1,5,1,1,True,7567560,250.15980000000005,3.3333333333333335
6,1,1,4,3,0,False,12612600,261.6614,2.857142857142857
6,1,1,4,2,1,True,25225200,265.68696,2.857142857142857
6,1,1,4,1,2,True,12612600,245.55916,3.5714285714285716
6,1,1,3,4,0,False,12612600,261.6614,3.0769230769230766
6,1,1,3,3,1,True,37837800,276.61348,3.0769230769230766
6,1,1,3,2,2,True,37837800,269.13744,3.0769230769230766
6,1,1,3,1,3,True,12612600,239.23328000000004,3.846153846153846
6,1,1,2,5,0,False,7567560,258.786,3.3333333333333335
6,1,1,2,4,1,True,30270240,282.9393600000001,3.3333333333333335
6,1,1,2,3,2,True,45405360,286.38984000000005,3.3333333333333335
6,1,1,2,2,3,True,30270240,269.13744,3.3333333333333335
6,1,1,2,1,4,True,7567560,231.18216000000004,3.3333333333333335
6,1,1,1,6,0,False,2522520,237.22050000000004,3.6363636363636362
6,1,1,1,5,1,True,12612600,284.6646,2.727272727272727
6,1,1,1,4,2,True,25225200,297.3163600000001,2.727272727272727
6,1,1,1,3,3,True,25225200,290.99048000000005,2.727272727272727
6,1,1,1,2,4,True,12612600,265.68696000000006,3.6363636363636362
6,1,1,1,1,5,True,2522520,221.40580000000003,3.6363636363636362
6,1,1,0,7,0,False,360360,215.65500000000003,4.0
6,1,1,0,6,1,False,2162160,258.786,3.0
6,1,1,0,5,2,False,5405400,301.91700000000003,3.0
6,1,1,0,4,3,False,7207200,304.79240000000004,3.0
6,1,1,0,3,4,False,5405400,290.4154000000001,3.0
6,1,1,0,2,5,False,2162160,258.786,3.0
6,1,1,0,1,6,False,360360,209.9042,4.0
6,1,0,8,0,0,False,45045,235.26000000000005,3.333333333333333
6,1,0,7,1,0,False,360360,244.40900000000005,3.529411764705882
6,1,0,6,2,0,False,1261260,250.94400000000002,3.125
6,1,0,6,1,1,False,1261260,242.57920000000004,3.125
6,1,0,5,3,0,False,2522520,254.86500000000004,3.3333333333333335
6,1,0,5,2,1,False,5045040,258.786,3.3333333333333335
6,1,0,5,1,2,False,2522520,239.181,3.3333333333333335
6,1,0,4,4,0,False,3153150,256.172,3.5714285714285716
6,1,0,4,3,1,False,9459450,270.8104,2.857142857142857
6,1,0,4,2,2,False,9459450,263.4912,2.857142857142857
6,1,0,4,1,3,False,3153150,234.2144,3.5714285714285716
6,1,0,3,5,0,False,2522520,254.86500000000004,3.0769230769230766
6,1,0,3,4,1,False,10090080,278.6524,3.0769230769230766
6,1,0,3,3,2,False,15135120,282.0506000000001,3.0769230769230766
6,1,0,3,2,3,False,10090080,265.05960000000005,3.0769230769230766
6,1,0,3,1,4,False,2522520,227.67940000000004,3.846153846153846
6,1,0,2,6,0,False,1261260,235.26,3.3333333333333335
6,1,0,2,5,1,False,6306300,282.31199999999995,3.3333333333333335
6,1,0,2,4,2,False,12612600,294.85920000000004,3.3333333333333335
6,1,0,2,3,3,False,12612600,288.5856,3.3333333333333335
6,1,0,2,2,4,False,6306300,263.4912,3.3333333333333335
6,1,0,2,1,5,False,1261260,219.57600000000002,4.166666666666667
6,1,0,1,7,0,False,360360,215.65500000000003,3.6363636363636362
6,1,0,1,6,1,False,2162160,258.786,3.6363636363636362
6,1,0,1,5,2,False,5405400,301.91700000000003,2.727272727272727
6,1,0,1,4,3,False,7207200,304.79240000000004,2.727272727272727
6,1,0,1,3,4,False,5405400,290.4154000000001,2.727272727272727
6,1,0,1,2,5,False,2162160,258.786,3.6363636363636362
6,1,0,1,1,6,False,360360,209.90420000000003,3.6363636363636362
6,1,0,0,8,0,False,45045,196.05,4.0
6,1,0,0,7,1,False,315315,235.26,4.0
6,1,0,0,6,2,False,945945,274.47,3.0
6,1,0,0,5,3,False,1576575,313.68,3.0
6,1,0,0,4,4,False,1576575,308.45200000000006,3.0
6,1,0,0,3,5,False,945945,287.54,3.0
6,1,0,0,2,6,False,315315,250.94400000000002,3.0
6,1,0,0,1,7,False,45045,198.66400000000002,4.0
6,0,9,0,0,0,False,5005,243.20000000000002,4.0
6,0,8,1,0,0,False,45045,253.44000000000003,3.6363636363636362
6,0,8,0,1,0,False,45045,253.44000000000003,3.0
6,0,7,2,0,0,False,180180,261.12,3.3333333333333335
6,0,7,1,1,0,False,360360,263.29600000000005,3.6363636363636362
6,0,7,0,2,0,False,180180,261.12,3.0
6,0,7,0,1,1,False,180180,252.41600000000005,3.0
6,0,6,3,0,0,False,420420,266.24,3.0769230769230766
6,0,6,2,1,0,False,1261260,270.336,3.3333333333333335
6,0,6,1,2,0,False,1261260,270.336,3.6363636363636362
6,0,6,1,1,1,False,1261260,261.32480000000004,3.6363636363636362
6,0,6,0,3,0,False,420420,266.24,3.0
6,0,6,0,2,1,False,840840,270.336,3.0
6,0,6,0,1,2,False,420420,249.856,3.0
6,0,5,4,0,0,False,630630,268.79999999999995,2.857142857142857
6,0,5,3,1,0,False,2522520,274.56000000000006,3.0769230769230766
6,0,5,2,2,0,False,3783780,276.48,3.3333333333333335
6,0,5,2,1,1,False,3783780,267.264,3.3333333333333335
6,0,5,1,3,0,False,2522520,274.56000000000006,2.727272727272727
6,0,5,1,2,1,False,5045040,278.78400000000005,2.727272727272727
6,0,5,1,1,2,False,2522520,257.66400000000004,3.6363636363636362
6,0,5,0,4,0,False,630630,268.8,3.0
6,0,5,0,3,1,False,1891890,284.16,3.0
6,0,5,0,2,2,False,1891890,276.47999999999996,3.0
6,0,5,0,1,3,False,630630,245.76,4.0
6,0,4,5,0,0,False,630630,268.8,3.3333333333333335
6,0,4,4,1,0,False,3153150,275.968,2.857142857142857
6,0,4,3,2,0,False,6306300,279.552,3.0769230769230766
6,0,4,3,1,1,False,6306300,270.2336000000001,3.0769230769230766
6,0,4,2,3,0,False,6306300,279.552,3.3333333333333335
6,0,4,2,2,1,False,12612600,283.8528,3.3333333333333335
6,0,4,2,1,2,False,6306300,262.3488,3.3333333333333335
6,0,4,1,4,0,False,3153150,275.968,2.727272727272727
6,0,4,1,3,1,False,9459450,291.73760000000004,2.727272727272727
6,0,4,1,2,2,False,9459450,283.8528,2.727272727272727
6,0,4,1,1,3,False,3153150,252.31360000000006,3.6363636363636362
6,0,4,0,5,0,False,630630,268.8,3.0
6,0,4,0,4,1,False,2522520,293.88800000000003,3.0
6,0,4,0,3,2,False,3783780,297.47200000000004,3.0
6,0,4,0,2,3,False,2522520,279.552,3.0
6,0,4,0,1,4,False,630630,240.12800000000004,4.0
6,0,3,6,0,0,False,420420,266.24,3.125
6,0,3,5,1,0,False,2522520,274.56000000000006,3.3333333333333335
6,0,3,4,2,0,False,6306300,279.55199999999996,2.857142857142857
6,0,3,4,1,1,False,6306300,270.2336,2.857142857142857
6,0,3,3,3,0,False,8408400,281.21600000000007,3.0769230769230766
6,0,3,3,2,1,False,16816800,285.54240000000004,3.0769230769230766
6,0,3,3,1,2,False,8408400,263.91040000000004,3.0769230769230766
6,0,3,2,4,0,False,6306300,279.552,3.3333333333333335
6,0,3,2,3,1,False,18918900,295.52639999999997,2.5
6,0,3,2,2,2,False,18918900,287.5392,3.3333333333333335
6,0,3,2,1,3,False,6306300,255.59040000000002,3.3333333333333335
6,0,3,1,5,0,False,2522520,274.56000000000006,2.727272727272727
6,0,3,1,4,1,False,10090080,300.1856,2.727272727272727
6,0,3,1,3,2,False,15135120,303.8464000000001,2.727272727272727
6,0,3,1,2,3,False,10090080,285.54240000000004,2.727272727272727
6,0,3,1,1,4,False,2522520,245.27360000000004,3.6363636363636362
6,0,3,0,6,0,False,420420,249.60000000000002,3.0
6,0,3,0,5,1,False,2102100,299.52000000000004,3.0
6,0,3,0,4,2,False,4204200,312.83200000000005,3.0
6,0,3,0,3,3,False,4204200,306.17600000000004,3.0
6,0,3,0,2,4,False,2102100,279.5520000000001,3.0
6,0,3,0,1,5,False,420420,232.96,4.0
6,0,2,7,0,0,False,180180,261.12000000000006,2.941176470588235
6,0,2,6,1,0,False,1261260,270.33600000000007,3.125
6,0,2,5,2,0,False,3783780,276.48,3.3333333333333335
6,0,2,5,1,1,False,3783780,267.26400000000007,3.3333333333333335
6,0,2,4,3,0,False,6306300,279.552,2.857142857142857
6,0,2,4,2,1,False,12612600,283.8528,2.857142857142857
6,0,2,4,1,2,False,6306300,262.34880000000004,2.857142857142857
6,0,2,3,4,0,False,6306300,279.55199999999996,3.0769230769230766
6,0,2,3,3,1,False,18918900,295.52639999999997,3.0769230769230766
6,0,2,3,2,2,False,18918900,287.53920000000005,3.0769230769230766
6,0,2,3,1,3,False,6306300,255.59040000000002,3.0769230769230766
6,0,2,2,5,0,False,3783780,276.48,3.3333333333333335
6,0,2,2,4,1,False,15135120,302.28479999999996,2.5
6,0,2,2,3,2,False,22702680,305.9712,2.5
6,0,2,2,2,3,False,15135120,287.5392,3.3333333333333335
6,0,2,2,1,4,False,3783780,246.98880000000003,3.3333333333333335
6,0,2,1,6,0,False,1261260,253.44000000000003,3.6363636363636362
6,0,2,1,5,1,False,6306300,304.12800000000004,2.727272727272727
6,0,2,1,4,2,False,12612600,317.64480000000003,2.727272727272727
6,0,2,1,3,3,False,12612600,310.88640000000004,2.727272727272727
6,0,2,1,2,4,False,6306300,283.8528000000001,2.727272727272727
6,0,2,1,1,5,False,1261260,236.54399999999998,3.6363636363636362
6,0,2,0,7,0,False,180180,230.4,4.0
6,0,2,0,6,1,False,1081080,276.48,3.0
6,0,2,0,5,2,False,2702700,322.56000000000006,3.0
6,0,2,0,4,3,False,3603600,325.63200000000006,3.0
6,0,2,0,3,4,False,2702700,310.2720000000001,3.0
6,0,2,0,2,5,False,1081080,276.48,3.0
6,0,2,0,1,6,False,180180,224.256,4.0
6,0,1,8,0,0,False,45045,253.44000000000003,3.333333333333333
6,0,1,7,1,0,False,360360,263.29600000000005,2.941176470588235
6,0,1,6,2,0,False,1261260,270.336,3.125
6,0,1,6,1,1,False,1261260,261.32480000000004,3.125
6,0,1,5,3,0,False,2522520,274.56000000000006,3.3333333333333335
6,0,1,5,2,1,False,5045040,278.78400000000005,2.6666666666666665
6,0,1,5,1,2,False,2522520,257.664,3.3333333333333335
6,0,1,4,4,0,False,3153150,275.96799999999996,2.857142857142857
6,0,1,4,3,1,False,9459450,291.7376,2.857142857142857
6,0,1,4,2,2,False,9459450,283.8528,2.857142857142857
6,0,1,4,1,3,False,3153150,252.3136,3.5714285714285716
6,0,1,3,5,0,False,2522520,274.56000000000006,3.0769230769230766
6,0,1,3,4,1,False,10090080,300.1856000000001,3.0769230769230766
6,0,1,3,3,2,False,15135120,303.8464000000001,3.0769230769230766
6,0,1,3,2,3,False,10090080,285.54240000000004,3.0769230769230766
6,0,1,3,1,4,False,2522520,245.27360000000004,3.0769230769230766
6,0,1,2,6,0,False,1261260,253.44,3.3333333333333335
6,0,1,2,5,1,False,6306300,304.12800000000004,2.5
6,0,1,2,4,2,False,12612600,317.6448,2.5
6,0,1,2,3,3,False,12612600,310.88640000000004,2.5
6,0,1,2,2,4,False,6306300,283.8528,3.3333333333333335
6,0,1,2,1,5,False,1261260,236.54399999999998,3.3333333333333335
6,0,1,1,7,0,False,360360,232.32000000000005,3.6363636363636362
6,0,1,1,6,1,False,2162160,278.78400000000005,2.727272727272727
6,0,1,1,5,2,False,5405400,325.24800000000005,2.727272727272727
6,0,1,1,4,3,False,7207200,328.34560000000005,2.727272727272727
6,0,1,1,3,4,False,5405400,312.85760000000016,2.727272727272727
6,0,1,1,2,5,False,2162160,278.78400000000005,2.727272727272727
6,0,1,1,1,6,False,360360,226.1248,3.6363636363636362
6,0,1,0,8,0,False,45045,211.20000000000002,4.0
6,0,1,0,7,1,False,315315,253.44000000000003,3.0
6,0,1,0,6,2,False,945945,295.68,3.0
6,0,1,0,5,3,False,1576575,337.92,3.0
6,0,1,0,4,4,False,1576575,332.28800000000007,3.0
6,0,1,0,3,5,False,945945,309.76000000000005,3.0
6,0,1,0,2,6,False,315315,270.33599999999996,3.0
6,0,1,0,1,7,False,45045,214.016,4.0
6,0,0,9,0,0,False,5005,243.2,3.1578947368421053
6,0,0,8,1,0,False,45045,253.44000000000003,3.333333333333333
6,0,0,7,2,0,False,180180,261.12000000000006,2.941176470588235
6,0,0,7,1,1,False,180180,252.41600000000005,2.941176470588235
6,0,0,6,3,0,False,420420,266.24,3.125
6,0,0,6,2,1,False,840840,270.33600000000007,3.125
6,0,0,6,1,2,False,420420,249.856,3.125
6,0,0,5,4,0,False,630630,268.8,3.3333333333333335
6,0,0,5,3,1,False,1891890,284.16,2.6666666666666665
6,0,0,5,2,2,False,1891890,276.48,3.3333333333333335
6,0,0,5,1,3,False,630630,245.76000000000005,3.3333333333333335
6,0,0,4,5,0,False,630630,268.79999999999995,2.857142857142857
6,0,0,4,4,1,False,2522520,293.88800000000003,2.857142857142857
6,0,0,4,3,2,False,3783780,297.472,2.857142857142857
6,0,0,4,2,3,False,2522520,279.552,2.857142857142857
6,0,0,4,1,4,False,630630,240.128,3.5714285714285716
6,0,0,3,6,0,False,420420,249.60000000000002,3.0769230769230766
6,0,0,3,5,1,False,2102100,299.52000000000004,3.0769230769230766
6,0,0,3,4,2,False,4204200,312.83200000000005,3.0769230769230766
6,0,0,3,3,3,False,4204200,306.17600000000004,3.0769230769230766
6,0,0,3,2,4,False,2102100,279.552,3.0769230769230766
6,0,0,3,1,5,False,420420,232.96000000000004,3.846153846153846
6,0,0,2,7,0,False,180180,230.39999999999998,3.3333333333333335
6,0,0,2,6,1,False,1081080,276.48,3.3333333333333335
6,0,0,2,5,2,False,2702700,322.56,2.5
6,0,0,2,4,3,False,3603600,325.63200000000006,2.5
6,0,0,2,3,4,False,2702700,310.27200000000005,2.5
6,0,0,2,2,5,False,1081080,276.48,3.3333333333333335
6,0,0,2,1,6,False,180180,224.256,3.3333333333333335
6,0,0,1,8,0,False,45045,211.20000000000002,3.6363636363636362
6,0,0,1,7,1,False,315315,253.44000000000003,3.6363636363636362
6,0,0,1,6,2,False,945945,295.68000000000006,2.727272727272727
6,0,0,1,5,3,False,1576575,337.9200000000001,2.727272727272727
6,0,0,1,4,4,False,1576575,332.28800000000007,2.727272727272727
6,0,0,1,3,5,False,945945,309.76000000000005,2.727272727272727
6,0,0,1,2,6,False,315315,270.336,3.6363636363636362
6,0,0,1,1,7,False,45045,214.01600000000002,3.6363636363636362
6,0,0,0,9,0,False,5005,192.0,4.0
6,0,0,0,8,1,False,40040,230.4,4.0
6,0,0,0,7,2,False,140140,268.8,3.0
6,0,0,0,6,3,False,280280,307.20000000000005,3.0
6,0,0,0,5,4,False,350350,345.6,3.0
6,0,0,0,4,5,False,280280,332.8,3.0
6,0,0,0,3,6,False,140140,304.64,3.0
6,0,0,0,2,7,False,40040,261.12,3.0
6,0,0,0,1,8,False,5005,202.24,4.0
5,10,0,0,0,0,False,3003,147.0,6.0
5,9,1,0,0,0,False,30030,158.73000000000002,5.0
5,9,0,1,0,0,False,30030,158.73000000000002,5.454545454545454
5,9,0,0,1,0,False,30030,158.73000000000002,5.0
5,8,2,0,0,0,False,135135,169.92000000000002,5.0
5,8,1,1,0,0,False,270270,171.33600000000004,4.545454545454545
5,8,1,0,1,0,False,270270,171.33600000000004,5.0
5,8,0,2,0,0,False,135135,169.92,5.0
5,8,0,1,1,0,False,270270,171.33600000000004,4.545454545454545
5,8,0,0,2,0,False,135135,169.92000000000002,5.0
5,8,0,0,1,1,False,135135,164.25600000000003,5.0
5,7,3,0,0,0,False,360360,180.57000000000002,5.0
5,7,2,1,0,0,False,1081080,183.348,4.545454545454545
5,7,2,0,1,0,False,1081080,183.348,5.0
5,7,1,2,0,0,False,1081080,183.348,4.166666666666667
5,7,1,1,1,0,False,2162160,184.87590000000006,4.545454545454545
5,7,1,0,2,0,False,1081080,183.348,5.0
5,7,1,0,1,1,False,1081080,177.23640000000003,5.0
5,7,0,3,0,0,False,360360,180.57000000000002,4.615384615384615
5,7,0,2,1,0,False,1081080,183.348,4.166666666666667
5,7,0,1,2,0,False,1081080,183.348,4.545454545454545
5,7,0,1,1,1,False,1081080,177.23640000000003,4.545454545454545
5,7,0,0,3,0,False,360360,180.57000000000002,5.0
5,7,0,0,2,1,False,720720,183.348,5.0
5,7,0,0,1,2,False,360360,169.458,5.0
5,6,4,0,0,0,False,630630,190.68,4.0
5,6,3,1,0,0,False,2522520,194.76600000000005,4.545454545454545
5,6,3,0,1,0,False,2522520,194.76600000000005,4.0
5,6,2,2,0,0,False,3783780,196.128,4.166666666666667
5,6,2,1,1,0,False,7567560,197.7624,4.545454545454545
5,6,2,0,2,0,False,3783780,196.128,4.0
5,6,2,0,1,1,False,3783780,189.59040000000002,4.0
5,6,1,3,0,0,False,2522520,194.76600000000005,3.846153846153846
5,6,1,2,1,0,False,7567560,197.7624,4.166666666666667
5,6,1,1,2,0,False,7567560,197.7624,4.545454545454545
5,6,1,1,1,1,True,7567560,191.17032000000006,4.545454545454545
5,6,1,0,3,0,False,2522520,194.76600000000002,4.0
5,6,1,0,2,1,False,5045040,197.76240000000004,4.0
5,6,1,0,1,2,False,2522520,182.78040000000001,5.0
5,6,0,4,0,0,False,630630,190.68,4.285714285714286
5,6,0,3,1,0,False,2522520,194.76600000000005,3.846153846153846
5,6,0,2,2,0,False,3783780,196.128,4.166666666666667
5,6,0,2,1,1,False,3783780,189.59040000000005,4.166666666666667
5,6,0,1,3,0,False,2522520,194.76600000000005,4.545454545454545
5,6,0,1,2,1,False,5045040,197.76240000000004,4.545454545454545
5,6,0,1,1,2,False,2522520,182.78040000000001,4.545454545454545
5,6,0,0,4,0,False,630630,190.68,4.0
5,6,0,0,3,1,False,1891890,201.57600000000002,4.0
5,6,0,0,2,2,False,1891890,196.12800000000001,4.0
5,6,0,0,1,3,False,630630,174.336,5.0
5,5,5,0,0,0,False,756756,200.25,4.0
5,5,4,1,0,0,False,3783780,205.59,3.6363636363636362
5,5,4,0,1,0,False,3783780,205.59000000000003,4.0
5,5,3,2,0,0,False,7567560,208.26000000000002,4.166666666666667
5,5,3,1,1,0,False,15135120,209.99550000000005,3.6363636363636362
5,5,3,0,2,0,False,7567560,208.26,4.0
5,5,3,0,1,1,False,7567560,201.31800000000004,4.0
5,5,2,3,0,0,False,7567560,208.26000000000002,3.846153846153846
5,5,2,2,1,0,False,22702680,211.46400000000003,4.166666666666667
5,5,2,1,2,0,False,22702680,211.46400000000003,3.6363636363636362
5,5,2,1,1,1,True,22702680,204.41520000000003,3.6363636363636362
5,5,2,0,3,0,False,7567560,208.26,4.0
5,5,2,0,2,1,False,15135120,211.464,4.0
5,5,2,0,1,2,False,7567560,195.44400000000002,4.0
5,5,1,4,0,0,False,3783780,205.59000000000003,4.285714285714286
5,5,1,3,1,0,False,15135120,209.99550000000008,3.846153846153846
5,5,1,2,2,0,False,22702680,211.46400000000003,4.166666666666667
5,5,1,2,1,1,True,22702680,204.41520000000006,4.166666666666667
5,5,1,1,3,0,False,15135120,209.99550000000008,3.6363636363636362
5,5,1,1,2,1,True,30270240,213.22620000000006,3.6363636363636362
5,5,1,1,1,2,True,15135120,197.07270000000005,4.545454545454545
5,5,1,0,4,0,False,3783780,205.59000000000003,4.0
5,5,1,0,3,1,False,11351340,217.33800000000002,4.0
5,5,1,0,2,2,False,11351340,211.46400000000006,4.0
5,5,1,0,1,3,False,3783780,187.96800000000005,4.0
5,5,0,5,0,0,False,756756,200.25,4.0
5,5,0,4,1,0,False,3783780,205.59000000000003,4.285714285714286
5,5,0,3,2,0,False,7567560,208.26000000000002,3.846153846153846
5,5,0,3,1,1,False,7567560,201.318,3.846153846153846
5,5,0,2,3,0,False,7567560,208.26000000000002,4.166666666666667
5,5,0,2,2,1,False,15135120,211.46400000000003,4.166666666666667
5,5,0,2,1,2,False,7567560,195.444,4.166666666666667
5,5,0,1,4,0,False,3783780,205.59,3.6363636363636362
5,5,0,1,3,1,False,11351340,217.33800000000002,3.6363636363636362
5,5,0,1,2,2,False,11351340,211.46400000000003,3.6363636363636362
5,5,0,1,1,3,False,3783780,187.96800000000002,4.545454545454545
5,5,0,0,5,0,False,756756,200.25,4.0
5,5,0,0,4,1,False,3027024,218.94000000000003,4.0
5,5,0,0,3,2,False,4540536,221.61000000000004,4.0
5,5,0,0,2,3,False,3027024,208.26,4.0
5,5,0,0,1,4,False,756756,178.89000000000001,5.0
5,4,6,0,0,0,False,630630,209.28000000000003,4.0
5,4,5,1,0,0,False,3783780,215.82000000000005,3.6363636363636362
5,4,5,0,1,0,False,3783780,215.82000000000005,4.0
5,4,4,2,0,0,False,9459450,219.744,4.166666666666667
5,4,4,1,1,0,False,18918900,221.57520000000002,3.6363636363636362
5,4,4,0,2,0,False,9459450,219.74399999999997,4.0
5,4,4,0,1,1,False,9459450,212.41920000000002,4.0
5,4,3,3,0,0,False,12612600,221.05200000000002,3.846153846153846
5,4,3,2,1,0,False,37837800,224.45280000000005,3.3333333333333335
5,4,3,1,2,0,False,37837800,224.45280000000002,3.6363636363636362
5,4,3,1,1,1,True,37837800,216.97104000000007,3.6363636363636362
5,4,3,0,3,0,False,12612600,221.05200000000002,4.0
5,4,3,0,2,1,False,25225200,224.45280000000002,4.0
5,4,3,0,1,2,False,12612600,207.44880000000003,4.0
5,4,2,4,0,0,False,9459450,219.744,3.5714285714285716
5,4,2,3,1,0,False,37837800,224.45280000000002,3.846153846153846
5,4,2,2,2,0,False,56756700,226.02239999999998,3.3333333333333335
5,4,2,2,1,1,True,56756700,218.48832000000002,4.166666666666667
5,4,2,1,3,0,False,37837800,224.45280000000002,3.6363636363636362
5,4,2,1,2,1,True,75675600,227.90592,3.6363636363636362
5,4,2,1,1,2,True,37837800,210.64032,3.6363636363636362
5,4,2,0,4,0,False,9459450,219.74399999999997,4.0
5,4,2,0,3,1,False,28378350,232.30079999999998,4.0
5,4,2,0,2,2,False,28378350,226.02239999999998,4.0
5,4,2,0,1,3,False,9459450,200.9088,4.0
5,4,1,5,0,0,False,3783780,215.82000000000005,4.0
5,4,1,4,1,0,False,18918900,221.57520000000002,3.5714285714285716
5,4,1,3,2,0,False,37837800,224.45280000000005,3.846153846153846
5,4,1,3,1,1,True,37837800,216.97104000000007,3.846153846153846
5,4,1,2,3,0,False,37837800,224.45280000000005,3.3333333333333335
5,4,1,2,2,1,True,75675600,227.90592000000004,3.3333333333333335
5,4,1,2,1,2,True,37837800,210.64032000000003,4.166666666666667
5,4,1,1,4,0,False,18918900,221.57520000000002,3.6363636363636362
5,4,1,1,3,1,True,56756700,234.23664000000008,3.6363636363636362
5,4,1,1,2,2,True,56756700,227.90592000000007,3.6363636363636362
5,4,1,1,1,3,True,18918900,202.58304000000007,4.545454545454545
5,4,1,0,5,0,False,3783780,215.82000000000005,4.0
5,4,1,0,4,1,False,15135120,235.96320000000006,4.0
5,4,1,0,3,2,False,22702680,238.84080000000006,4.0
5,4,1,0,2,3,False,15135120,224.45280000000002,4.0
5,4,1,0,1,4,False,3783780,192.79920000000004,4.0
5,4,0,6,0,0,False,630630,209.28000000000003,3.75
5,4,0,5,1,0,False,3783780,215.82000000000005,4.0
5,4,0,4,2,0,False,9459450,219.744,3.5714285714285716
5,4,0,4,1,1,False,9459450,212.41920000000005,3.5714285714285716
5,4,0,3,3,0,False,12612600,221.05200000000002,3.846153846153846
5,4,0,3,2,1,False,25225200,224.45280000000005,3.846153846153846
5,4,0,3,1,2,False,12612600,207.44880000000003,3.846153846153846
5,4,0,2,4,0,False,9459450,219.744,4.166666666666667
5,4,0,2,3,1,False,28378350,232.30079999999998,3.3333333333333335
5,4,0,2,2,2,False,28378350,226.0224,3.3333333333333335
5,4,0,2,1,3,False,9459450,200.9088,4.166666666666667
5,4,0,1,5,0,False,3783780,215.82000000000005,3.6363636363636362
5,4,0,1,4,1,False,15135120,235.96320000000009,3.6363636363636362
5,4,0,1,3,2,False,22702680,238.84080000000006,3.6363636363636362
5,4,0,1,2,3,False,15135120,224.45280000000002,3.6363636363636362
5,4,0,1,1,4,False,3783780,192.79920000000004,4.545454545454545
5,4,0,0,6,0,False,630630,196.20000000000002,4.0
5,4,0,0,5,1,False,3153150,235.44000000000003,4.0
5,4,0,0,4,2,False,6306300,245.904,3.0
5,4,0,0,3,3,False,6306300,240.67200000000003,4.0
5,4,0,0,2,4,False,3153150,219.74400000000003,4.0
5,4,0,0,1,5,False,630630,183.12,5.0
5,3,7,0,0,0,False,360360,217.77000000000004,4.0
5,3,6,1,0,0,False,2522520,225.45600000000002,3.6363636363636362
5,3,6,0,1,0,False,2522520,225.45600000000002,4.0
5,3,5,2,0,0,False,7567560,230.57999999999998,3.3333333333333335
5,3,5,1,1,0,False,15135120,232.50150000000002,3.6363636363636362
5,3,5,0,2,0,False,7567560,230.57999999999998,4.0
5,3,5,0,1,1,False,7567560,222.894,4.0
5,3,4,3,0,0,False,12612600,233.14200000000002,3.846153846153846
5,3,4,2,1,0,False,37837800,236.72879999999998,3.3333333333333335
5,3,4,1,2,0,False,37837800,236.7288,3.6363636363636362
5,3,4,1,1,1,True,37837800,228.83784000000003,3.6363636363636362
5,3,4,0,3,0,False,12612600,233.14200000000002,4.0
5,3,4,0,2,1,False,25225200,236.7288,4.0
5,3,4,0,1,2,False,12612600,218.7948,4.0
5,3,3,4,0,0,False,12612600,233.142,3.5714285714285716
5,3,3,3,1,0,False,50450400,238.13790000000003,3.846153846153846
5,3,3,2,2,0,False,75675600,239.8032,3.3333333333333335
5,3,3,2,1,1,True,75675600,231.80976000000004,3.3333333333333335
5,3,3,1,3,0,False,50450400,238.13790000000003,3.6363636363636362
5,3,3,1,2,1,True,100900800,241.80156000000002,3.6363636363636362
5,3,3,1,1,2,True,50450400,223.48326000000003,3.6363636363636362
5,3,3,0,4,0,False,12612600,233.14199999999997,4.0
5,3,3,0,3,1,False,37837800,246.46439999999998,3.0
5,3,3,0,2,2,False,37837800,239.80319999999998,4.0
5,3,3,0,1,3,False,12612600,213.1584,4.0
5,3,2,5,0,0,False,7567560,230.58000000000004,3.3333333333333335
5,3,2,4,1,0,False,37837800,236.72880000000004,3.5714285714285716
5,3,2,3,2,0,False,75675600,239.8032,3.0769230769230766
5,3,2,3,1,1,True,75675600,231.80976000000004,3.846153846153846
5,3,2,2,3,0,False,75675600,239.8032,3.3333333333333335
5,3,2,2,2,1,True,151351200,243.49248000000003,3.3333333333333335
5,3,2,2,1,2,True,75675600,225.04608000000002,3.3333333333333335
5,3,2,1,4,0,False,37837800,236.7288,3.6363636363636362
5,3,2,1,3,1,True,113513400,250.25616000000005,3.6363636363636362
5,3,2,1,2,2,True,113513400,243.49248,3.6363636363636362
5,3,2,1,1,3,True,37837800,216.43776000000005,3.6363636363636362
5,3,2,0,5,0,False,7567560,230.58000000000004,4.0
5,3,2,0,4,1,False,30270240,252.10080000000005,3.0
5,3,2,0,3,2,False,45405360,255.17520000000005,3.0
5,3,2,0,2,3,False,30270240,239.80320000000003,4.0
5,3,2,0,1,4,False,7567560,205.98480000000006,4.0
5,3,1,6,0,0,False,2522520,225.45600000000005,3.75
5,3,1,5,1,0,False,15135120,232.50150000000005,3.3333333333333335
5,3,1,4,2,0,False,37837800,236.7288,3.5714285714285716
5,3,1,4,1,1,True,37837800,228.83784000000003,3.5714285714285716
5,3,1,3,3,0,False,50450400,238.13790000000003,3.846153846153846
5,3,1,3,2,1,True,100900800,241.80156000000005,3.0769230769230766
5,3,1,3,1,2,True,50450400,223.48326000000006,3.846153846153846
5,3,1,2,4,0,False,37837800,236.72879999999998,3.3333333333333335
5,3,1,2,3,1,True,113513400,250.25616000000005,3.3333333333333335
5,3,1,2,2,2,True,113513400,243.49248,3.3333333333333335
5,3,1,2,1,3,True,37837800,216.43776000000003,4.166666666666667
5,3,1,1,5,0,False,15135120,232.50150000000002,3.6363636363636362
5,3,1,1,4,1,True,60540480,254.20164000000008,3.6363636363636362
5,3,1,1,3,2,True,90810720,257.3016600000001,3.6363636363636362
5,3,1,1,2,3,True,60540480,241.80156000000005,3.6363636363636362
5,3,1,1,1,4,True,15135120,207.70134000000004,3.6363636363636362
5,3,1,0,6,0,False,2522520,211.365,4.0
5,3,1,0,5,1,False,12612600,253.63800000000003,3.0
5,3,1,0,4,2,False,25225200,264.91080000000005,3.0
5,3,1,0,3,3,False,25225200,259.2744,3.0
5,3,1,0,2,4,False,12612600,236.72880000000006,4.0
5,3,1,0,1,5,False,2522520,197.274,4.0
5,3,0,7,0,0,False,360360,217.77,3.529411764705882
5,3,0,6,1,0,False,2522520,225.45600000000005,3.75
5,3,0,5,2,0,False,7567560,230.58000000000004,3.3333333333333335
5,3,0,5,1,1,False,7567560,222.89400000000006,3.3333333333333335
5,3,0,4,3,0,False,12612600,233.142,3.5714285714285716
5,3,0,4,2,1,False,25225200,236.7288,3.5714285714285716
5,3,0,4,1,2,False,12612600,218.7948,3.5714285714285716
5,3,0,3,4,0,False,12612600,233.14200000000002,3.846153846153846
5,3,0,3,3,1,False,37837800,246.4644,3.0769230769230766
5,3,0,3,2,2,False,37837800,239.8032,3.0769230769230766
5,3,0,3,1,3,False,12612600,213.15840000000003,3.846153846153846
5,3,0,2,5,0,False,7567560,230.57999999999998,3.3333333333333335
5,3,0,2,4,1,False,30270240,252.10080000000002,3.3333333333333335
5,3,0,2,3,2,False,45405360,255.17520000000002,3.3333333333333335
5,3,0,2,2,3,False,30270240,239.8032,3.3333333333333335
5,3,0,2,1,4,False,7567560,205.98480000000004,4.166666666666667
5,3,0,1,6,0,False,2522520,211.36500000000004,3.6363636363636362
5,3,0,1,5,1,False,12612600,253.63800000000006,3.6363636363636362
5,3,0,1,4,2,False,25225200,264.91080000000005,3.6363636363636362
5,3,0,1,3,3,False,25225200,259.2744,3.6363636363636362
5,3,0,1,2,4,False,12612600,236.7288000000001,3.6363636363636362
5,3,0,1,1,5,False,2522520,197.27400000000003,4.545454545454545
5,3,0,0,7,0,False,360360,192.15,4.0
5,3,0,0,6,1,False,2162160,230.58000000000004,4.0
5,3,0,0,5,2,False,5405400,269.01,3.0
5,3,0,0,4,3,False,7207200,271.57200000000006,3.0
5,3,0,0,3,4,False,5405400,258.7620000000001,3.0
5,3,0,0,2,5,False,2162160,230.58000000000004,4.0
5,3,0,0,1,6,False,360360,187.026,4.0
5,2,8,0,0,0,False,135135,225.72000000000003,4.0
5,2,7,1,0,0,False,1081080,234.49800000000005,3.6363636363636362
5,2,7,0,1,0,False,1081080,234.49800000000005,4.0
5,2,6,2,0,0,False,3783780,240.768,3.3333333333333335
5,2,6,1,1,0,False,7567560,242.7744000000001,3.6363636363636362
5,2,6,0,2,0,False,3783780,240.768,4.0
5,2,6,0,1,1,False,3783780,232.74240000000006,4.0
5,2,5,3,0,0,False,7567560,244.53000000000003,3.0769230769230766
5,2,5,2,1,0,False,22702680,248.29200000000006,3.3333333333333335
5,2,5,1,2,0,False,22702680,248.29200000000003,3.6363636363636362
5,2,5,1,1,1,True,22702680,240.0156000000001,3.6363636363636362
5,2,5,0,3,0,False,7567560,244.53000000000003,4.0
5,2,5,0,2,1,False,15135120,248.29200000000003,3.0
5,2,5,0,1,2,False,7567560,229.48200000000003,4.0
5,2,4,4,0,0,False,9459450,245.784,3.5714285714285716
5,2,4,3,1,0,False,37837800,251.05080000000004,3.0769230769230766
5,2,4,2,2,0,False,56756700,252.8064,3.3333333333333335
5,2,4,2,1,1,True,56756700,244.37952,3.3333333333333335
5,2,4,1,3,0,False,37837800,251.0508,3.6363636363636362
5,2,4,1,2,1,True,75675600,254.91312,3.6363636363636362
5,2,4,1,1,2,True,37837800,235.60152000000002,3.6363636363636362
5,2,4,0,4,0,False,9459450,245.784,4.0
5,2,4,0,3,1,False,28378350,259.8288,3.0
5,2,4,0,2,2,False,28378350,252.8064,3.0
5,2,4,0,1,3,False,9459450,224.71680000000003,4.0
5,2,3,5,0,0,False,7567560,244.53000000000003,3.3333333333333335
5,2,3,4,1,0,False,37837800,251.05080000000004,3.5714285714285716
5,2,3,3,2,0,False,75675600,254.31120000000004,3.0769230769230766
5,2,3,3,1,1,True,75675600,245.83416000000005,3.0769230769230766
5,2,3,2,3,0,False,75675600,254.31120000000004,3.3333333333333335
5,2,3,2,2,1,True,151351200,258.22368,3.3333333333333335
5,2,3,2,1,2,True,75675600,238.66128000000003,3.3333333333333335
5,2,3,1,4,0,False,37837800,251.0508,3.6363636363636362
5,2,3,1,3,1,True,113513400,265.39656,3.6363636363636362
5,2,3,1,2,2,True,113513400,258.22368,3.6363636363636362
5,2,3,1,1,3,True,37837800,229.53216000000003,3.6363636363636362
5,2,3,0,5,0,False,7567560,244.53000000000003,4.0
5,2,3,0,4,1,False,30270240,267.35280000000006,3.0
5,2,3,0,3,2,False,45405360,270.61320000000006,3.0
5,2,3,0,2,3,False,30270240,254.3112,3.0
5,2,3,0,1,4,False,7567560,218.44680000000005,4.0
5,2,2,6,0,0,False,3783780,240.768,3.125
5,2,2,5,1,0,False,22702680,248.29200000000003,3.3333333333333335
5,2,2,4,2,0,False,56756700,252.80640000000002,3.5714285714285716
5,2,2,4,1,1,True,56756700,244.37952000000004,3.5714285714285716
5,2,2,3,3,0,False,75675600,254.31120000000004,3.0769230769230766
5,2,2,3,2,1,True,151351200,258.22368,3.0769230769230766
5,2,2,3,1,2,True,75675600,238.66128,3.846153846153846
5,2,2,2,4,0,False,56756700,252.8064,3.3333333333333335
5,2,2,2,3,1,True,170270100,267.25248,3.3333333333333335
5,2,2,2,2,2,True,170270100,260.02943999999997,3.3333333333333335
5,2,2,2,1,3,True,56756700,231.13728,3.3333333333333335
5,2,2,1,5,0,False,22702680,248.29200000000003,3.6363636363636362
5,2,2,1,4,1,True,90810720,271.46592000000004,2.727272727272727
5,2,2,1,3,2,True,136216080,274.77648000000005,2.727272727272727
5,2,2,1,2,3,True,90810720,258.22368,3.6363636363636362
5,2,2,1,1,4,True,22702680,221.80752000000004,3.6363636363636362
5,2,2,0,6,0,False,3783780,225.72,4.0
5,2,2,0,5,1,False,18918900,270.864,3.0
5,2,2,0,4,2,False,37837800,282.9024,3.0
5,2,2,0,3,3,False,37837800,276.8832,3.0
5,2,2,0,2,4,False,18918900,252.80640000000005,3.0
5,2,2,0,1,5,False,3783780,210.672,4.0
5,2,1,7,0,0,False,1081080,234.49800000000008,3.529411764705882
5,2,1,6,1,0,False,7567560,242.7744,3.125
5,2,1,5,2,0,False,22702680,248.29200000000003,3.3333333333333335
5,2,1,5,1,1,True,22702680,240.01560000000006,3.3333333333333335
5,2,1,4,3,0,False,37837800,251.05080000000004,3.5714285714285716
5,2,1,4,2,1,True,75675600,254.91312000000005,3.5714285714285716
5,2,1,4,1,2,True,37837800,235.60152000000002,3.5714285714285716
5,2,1,3,4,0,False,37837800,251.05080000000004,3.0769230769230766
5,2,1,3,3,1,True,113513400,265.39656,3.0769230769230766
5,2,1,3,2,2,True,113513400,258.22368,3.0769230769230766
5,2,1,3,1,3,True,37837800,229.53216000000003,3.846153846153846
5,2,1,2,5,0,False,22702680,248.29200000000006,3.3333333333333335
5,2,1,2,4,1,True,90810720,271.46592000000004,3.3333333333333335
5,2,1,2,3,2,True,136216080,274.77648000000005,3.3333333333333335
5,2,1,2,2,3,True,90810720,258.22368,3.3333333333333335
5,2,1,2,1,4,True,22702680,221.80752,3.3333333333333335
5,2,1,1,6,0,False,7567560,227.60100000000008,3.6363636363636362
5,2,1,1,5,1,True,37837800,273.12120000000004,2.727272727272727
5,2,1,1,4,2,True,75675600,285.2599200000001,2.727272727272727
5,2,1,1,3,3,True,75675600,279.19056000000006,2.727272727272727
5,2,1,1,2,4,True,37837800,254.91312000000008,3.6363636363636362
5,2,1,1,1,5,True,7567560,212.42760000000004,3.6363636363636362
5,2,1,0,7,0,False,1081080,206.91000000000005,4.0
5,2,1,0,6,1,False,6486480,248.29200000000003,3.0
5,2,1,0,5,2,False,16216200,289.67400000000004,3.0
5,2,1,0,4,3,False,21621600,292.43280000000004,3.0
5,2,1,0,3,4,False,16216200,278.6388000000001,3.0
5,2,1,0,2,5,False,6486480,248.29200000000003,3.0
5,2,1,0,1,6,False,1081080,201.3924,4.0
5,2,0,8,0,0,False,135135,225.72000000000003,3.333333333333333
5,2,0,7,1,0,False,1081080,234.49800000000008,3.529411764705882
5,2,0,6,2,0,False,3783780,240.768,3.125
5,2,0,6,1,1,False,3783780,232.74240000000006,3.75
5,2,0,5,3,0,False,7567560,244.53000000000003,3.3333333333333335
5,2,0,5,2,1,False,15135120,248.29200000000003,3.3333333333333335
5,2,0,5,1,2,False,7567560,229.482,3.3333333333333335
5,2,0,4,4,0,False,9459450,245.784,3.5714285714285716
5,2,0,4,3,1,False,28378350,259.8288,2.857142857142857
5,2,0,4,2,2,False,28378350,252.80640000000002,3.5714285714285716
5,2,0,4,1,3,False,9459450,224.71680000000003,3.5714285714285716
5,2,0,3,5,0,False,7567560,244.53000000000003,3.0769230769230766
5,2,0,3,4,1,False,30270240,267.3528,3.0769230769230766
5,2,0,3,3,2,False,45405360,270.61320000000006,3.0769230769230766
5,2,0,3,2,3,False,30270240,254.31120000000004,3.0769230769230766
5,2,0,3,1,4,False,7567560,218.44680000000005,3.846153846153846
5,2,0,2,6,0,False,3783780,225.72000000000003,3.3333333333333335
5,2,0,2,5,1,False,18918900,270.86400000000003,3.3333333333333335
5,2,0,2,4,2,False,37837800,282.9024,3.3333333333333335
5,2,0,2,3,3,False,37837800,276.8832,3.3333333333333335
5,2,0,2,2,4,False,18918900,252.80640000000002,3.3333333333333335
5,2,0,2,1,5,False,3783780,210.672,4.166666666666667
5,2,0,1,7,0,False,1081080,206.91000000000005,3.6363636363636362
5,2,0,1,6,1,False,6486480,248.29200000000006,3.6363636363636362
5,2,0,1,5,2,False,16216200,289.67400000000004,2.727272727272727
5,2,0,1,4,3,False,21621600,292.43280000000004,2.727272727272727
5,2,0,1,3,4,False,16216200,278.63880000000006,2.727272727272727
5,2,0,1,2,5,False,6486480,248.29200000000006,3.6363636363636362
5,2,0,1,1,6,False,1081080,201.3924,4.545454545454545
5,2,0,0,8,0,False,135135,188.10000000000002,4.0
5,2,0,0,7,1,False,945945,225.72000000000003,4.0
5,2,0,0,6,2,False,2837835,263.34000000000003,3.0
5,2,0,0,5,3,False,4729725,300.96,3.0
5,2,0,0,4,4,False,4729725,295.9440000000001,3.0
5,2,0,0,3,5,False,2837835,275.88000000000005,3.0
5,2,0,0,2,6,False,945945,240.768,4.0
5,2,0,0,1,7,False,135135,190.608,4.0
5,1,9,0,0,0,False,30030,233.13,4.0
5,1,8,1,0,0,False,270270,242.94600000000003,3.6363636363636362
5,1,8,0,1,0,False,270270,242.94600000000003,4.0
5,1,7,2,0,0,False,1081080,250.30800000000002,3.3333333333333335
5,1,7,1,1,0,False,2162160,252.39390000000006,3.6363636363636362
5,1,7,0,2,0,False,1081080,250.308,3.0
5,1,7,0,1,1,False,1081080,241.96440000000004,4.0
5,1,6,3,0,0,False,2522520,255.21600000000004,3.0769230769230766
5,1,6,2,1,0,False,7567560,259.14240000000007,3.3333333333333335
5,1,6,1,2,0,False,7567560,259.14240000000007,3.6363636363636362
5,1,6,1,1,1,True,7567560,250.5043200000001,3.6363636363636362
5,1,6,0,3,0,False,2522520,255.21600000000004,3.0
5,1,6,0,2,1,False,5045040,259.1424,3.0
5,1,6,0,1,2,False,2522520,239.5104,4.0
5,1,5,4,0,0,False,3783780,257.67,3.5714285714285716
5,1,5,3,1,0,False,15135120,263.1915000000001,3.0769230769230766
5,1,5,2,2,0,False,22702680,265.032,3.3333333333333335
5,1,5,2,1,1,True,22702680,256.1976,3.3333333333333335
5,1,5,1,3,0,False,15135120,263.1915,3.6363636363636362
5,1,5,1,2,1,True,30270240,267.24060000000003,3.6363636363636362
5,1,5,1,1,2,True,15135120,246.9951,3.6363636363636362
5,1,5,0,4,0,False,3783780,257.67,3.0
5,1,5,0,3,1,False,11351340,272.394,3.0
5,1,5,0,2,2,False,11351340,265.032,3.0
5,1,5,0,1,3,False,3783780,235.58400000000003,4.0
5,1,4,5,0,0,False,3783780,257.67,3.3333333333333335
5,1,4,4,1,0,False,18918900,264.5412,2.857142857142857
5,1,4,3,2,0,False,37837800,267.97679999999997,3.0769230769230766
5,1,4,3,1,1,True,37837800,259.04424000000006,3.0769230769230766
5,1,4,2,3,0,False,37837800,267.97679999999997,3.3333333333333335
5,1,4,2,2,1,True,75675600,272.09952,3.3333333333333335
5,1,4,2,1,2,True,37837800,251.48591999999996,3.3333333333333335
5,1,4,1,4,0,False,18918900,264.5412,3.6363636363636362
5,1,4,1,3,1,True,56756700,279.65784,2.727272727272727
5,1,4,1,2,2,True,56756700,272.09952000000004,2.727272727272727
5,1,4,1,1,3,True,18918900,241.86624000000006,3.6363636363636362
5,1,4,0,5,0,False,3783780,257.67,3.0
5,1,4,0,4,1,False,15135120,281.7192,3.0
5,1,4,0,3,2,False,22702680,285.1548,3.0
5,1,4,0,2,3,False,15135120,267.9768,3.0
5,1,4,0,1,4,False,3783780,230.1852,4.0
5,1,3,6,0,0,False,2522520,255.21600000000004,3.125
5,1,3,5,1,0,False,15135120,263.1915000000001,3.3333333333333335
5,1,3,4,2,0,False,37837800,267.9768,2.857142857142857
5,1,3,4,1,1,True,37837800,259.04424000000006,2.857142857142857
5,1,3,3,3,0,False,50450400,269.5719,3.0769230769230766
5,1,3,3,2,1,True,100900800,273.71916000000004,3.0769230769230766
5,1,3,3,1,2,True,50450400,252.98286000000007,3.0769230769230766
5,1,3,2,4,0,False,37837800,267.97679999999997,3.3333333333333335
5,1,3,2,3,1,True,113513400,283.28976,3.3333333333333335
5,1,3,2,2,2,True,113513400,275.63328,3.3333333333333335
5,1,3,2,1,3,True,37837800,245.00736000000006,3.3333333333333335
5,1,3,1,5,0,False,15135120,263.1915,3.6363636363636362
5,1,3,1,4,1,True,60540480,287.7560400000001,2.727272727272727
5,1,3,1,3,2,True,90810720,291.2652600000001,2.727272727272727
5,1,3,1,2,3,True,60540480,273.71916000000004,2.727272727272727
5,1,3,1,1,4,True,15135120,235.11774000000005,3.6363636363636362
5,1,3,0,6,0,False,2522520,239.26500000000001,4.0
5,1,3,0,5,1,False,12612600,287.11800000000005,3.0
5,1,3,0,4,2,False,25225200,299.87880000000007,3.0
5,1,3,0,3,3,False,25225200,293.49840000000006,3.0
5,1,3,0,2,4,False,12612600,267.9768000000001,3.0
5,1,3,0,1,5,False,2522520,223.314,4.0
5,1,2,7,0,0,False,1081080,250.308,3.529411764705882
5,1,2,6,1,0,False,7567560,259.1424,3.125
5,1,2,5,2,0,False,22702680,265.032,3.3333333333333335
5,1,2,5,1,1,True,22702680,256.1976,3.3333333333333335
5,1,2,4,3,0,False,37837800,267.97679999999997,2.857142857142857
5,1,2,4,2,1,True,75675600,272.09952,2.857142857142857
5,1,2,4,1,2,True,37837800,251.48591999999994,3.5714285714285716
5,1,2,3,4,0,False,37837800,267.97679999999997,3.0769230769230766
5,1,2,3,3,1,True,113513400,283.28975999999994,3.0769230769230766
5,1,2,3,2,2,True,113513400,275.63328,3.0769230769230766
5,1,2,3,1,3,True,37837800,245.00736,3.0769230769230766
5,1,2,2,5,0,False,22702680,265.032,3.3333333333333335
5,1,2,2,4,1,True,90810720,289.76832,3.3333333333333335
5,1,2,2,3,2,True,136216080,293.30208,3.3333333333333335
5,1,2,2,2,3,True,90810720,275.63328,3.3333333333333335
5,1,2,2,1,4,True,22702680,236.76192,3.3333333333333335
5,1,2,1,6,0,False,7567560,242.94600000000003,3.6363636363636362
5,1,2,1,5,1,True,37837800,291.53520000000003,2.727272727272727
5,1,2,1,4,2,True,75675600,304.49232000000006,2.727272727272727
5,1,2,1,3,3,True,75675600,298.01376000000005,2.727272727272727
5,1,2,1,2,4,True,37837800,272.09952000000004,2.727272727272727
5,1,2,1,1,5,True,7567560,226.7496,3.6363636363636362
5,1,2,0,7,0,False,1081080,220.86,4.0
5,1,2,0,6,1,False,6486480,265.032,3.0
5,1,2,0,5,2,False,16216200,309.204,3.0
5,1,2,0,4,3,False,21621600,312.1488,3.0
5,1,2,0,3,4,False,16216200,297.42480000000006,3.0
5,1,2,0,2,5,False,6486480,265.032,3.0
5,1,2,0,1,6,False,1081080,214.97039999999998,4.0
5,1,1,8,0,0,False,270270,242.946,3.333333333333333
5,1,1,7,1,0,False,2162160,252.39390000000006,2.941176470588235
5,1,1,6,2,0,False,7567560,259.14240000000007,3.125
5,1,1,6,1,1,True,7567560,250.50432000000006,3.125
5,1,1,5,3,0,False,15135120,263.1915,3.3333333333333335
5,1,1,5,2,1,True,30270240,267.24060000000003,3.3333333333333335
5,1,1,5,1,2,True,15135120,246.99510000000004,3.3333333333333335
5,1,1,4,4,0,False,18918900,264.5412,2.857142857142857
5,1,1,4,3,1,True,56756700,279.65784,2.857142857142857
5,1,1,4,2,2,True,56756700,272.09952,2.857142857142857
5,1,1,4,1,3,True,18918900,241.86624,3.5714285714285716
5,1,1,3,5,0,False,15135120,263.1915000000001,3.0769230769230766
5,1,1,3,4,1,True,60540480,287.7560400000001,3.0769230769230766
5,1,1,3,3,2,True,90810720,291.26526000000007,3.0769230769230766
5,1,1,3,2,3,True,60540480,273.71916000000004,3.0769230769230766
5,1,1,3,1,4,True,15135120,235.11774000000005,3.846153846153846
5,1,1,2,6,0,False,7567560,242.94600000000003,3.3333333333333335
5,1,1,2,5,1,True,37837800,291.53520000000003,3.3333333333333335
5,1,1,2,4,2,True,75675600,304.49232,2.5
5,1,1,2,3,3,True,75675600,298.01376000000005,2.5
5,1,1,2,2,4,True,37837800,272.09952,3.3333333333333335
5,1,1,2,1,5,True,7567560,226.7496,3.3333333333333335
5,1,1,1,7,0,False,2162160,222.70050000000006,3.6363636363636362
5,1,1,1,6,1,True,12972960,267.24060000000003,3.6363636363636362
5,1,1,1,5,2,True,32432400,311.7807000000001,2.727272727272727
5,1,1,1,4,3,True,43243200,314.75004000000007,2.727272727272727
5,1,1,1,3,4,True,32432400,299.9033400000001,2.727272727272727
5,1,1,1,2,5,True,12972960,267.24060000000003,3.6363636363636362
5,1,1,1,1,6,True,2162160,216.76182000000003,3.6363636363636362
5,1,1,0,8,0,False,270270,202.45500000000004,4.0
5,1,1,0,7,1,False,1891890,242.94600000000003,4.0
5,1,1,0,6,2,False,5675670,283.43700000000007,3.0
5,1,1,0,5,3,False,9459450,323.92800000000005,3.0
5,1,1,0,4,4,False,9459450,318.52920000000006,3.0
5,1,1,0,3,5,False,5675670,296.934,3.0
5,1,1,0,2,6,False,1891890,259.1424,3.0
5,1,1,0,1,7,False,270270,205.1544,4.0
5,1,0,9,0,0,False,30030,233.13,3.68421052631579
5,1,0,8,1,0,False,270270,242.946,3.333333333333333
5,1,0,7,2,0,False,1081080,250.308,3.529411764705882
5,1,0,7,1,1,False,1081080,241.96440000000007,3.529411764705882
5,1,0,6,3,0,False,2522520,255.21600000000004,3.125
5,1,0,6,2,1,False,5045040,259.14240000000007,3.125
5,1,0,6,1,2,False,2522520,239.51040000000003,3.125
5,1,0,5,4,0,False,3783780,257.67,3.3333333333333335
5,1,0,5,3,1,False,11351340,272.394,3.3333333333333335
5,1,0,5,2,2,False,11351340,265.032,3.3333333333333335
5,1,0,5,1,3,False,3783780,235.584,3.3333333333333335
5,1,0,4,5,0,False,3783780,257.67,3.5714285714285716
5,1,0,4,4,1,False,15135120,281.71920000000006,2.857142857142857
5,1,0,4,3,2,False,22702680,285.1548,2.857142857142857
5,1,0,4,2,3,False,15135120,267.9768,2.857142857142857
5,1,0,4,1,4,False,3783780,230.18519999999998,3.5714285714285716
5,1,0,3,6,0,False,2522520,239.26500000000001,3.846153846153846
5,1,0,3,5,1,False,12612600,287.11800000000005,3.0769230769230766
5,1,0,3,4,2,False,25225200,299.87880000000007,3.0769230769230766
5,1,0,3,3,3,False,25225200,293.49840000000006,3.0769230769230766
5,1,0,3,2,4,False,12612600,267.9768,3.0769230769230766
5,1,0,3,1,5,False,2522520,223.31400000000002,3.846153846153846
5,1,0,2,7,0,False,1081080,220.86,4.166666666666667
5,1,0,2,6,1,False,6486480,265.032,3.3333333333333335
5,1,0,2,5,2,False,16216200,309.204,2.5
5,1,0,2,4,3,False,21621600,312.1488,2.5
5,1,0,2,3,4,False,16216200,297.42480000000006,2.5
5,1,0,2,2,5,False,6486480,265.032,3.3333333333333335
5,1,0,2,1,6,False,1081080,214.97039999999998,4.166666666666667
5,1,0,1,8,0,False,270270,202.45500000000004,4.545454545454545
5,1,0,1,7,1,False,1891890,242.94600000000003,3.6363636363636362
5,1,0,1,6,2,False,5675670,283.43700000000007,2.727272727272727
5,1,0,1,5,3,False,9459450,323.928,2.727272727272727
5,1,0,1,4,4,False,9459450,318.5292000000001,2.727272727272727
5,1,0,1,3,5,False,5675670,296.934,2.727272727272727
5,1,0,1,2,6,False,1891890,259.1424,3.6363636363636362
5,1,0,1,1,7,False,270270,205.15440000000004,3.6363636363636362
5,1,0,0,9,0,False,30030,184.05,5.0
5,1,0,0,8,1,False,240240,220.86,4.0
5,1,0,0,7,2,False,840840,257.67,3.0
5,1,0,0,6,3,False,1681680,294.47999999999996,3.0
5,1,0,0,5,4,False,2102100,331.29,3.0
5,1,0,0,4,5,False,1681680,319.02000000000004,3.0
5,1,0,0,3,6,False,840840,292.026,3.0
5,1,0,0,2,7,False,240240,250.308,3.0
5,1,0,0,1,8,False,30030,193.866,4.0
5,0,10,0,0,0,False,3003,240.0,4.0
5,0,9,1,0,0,False,30030,250.8,3.6363636363636362
5,0,9,0,1,0,False,30030,250.8,3.0
5,0,8,2,0,0,False,135135,259.2,3.3333333333333335
5,0,8,1,1,0,False,270270,261.36000000000007,3.6363636363636362
5,0,8,0,2,0,False,135135,259.2,3.0
5,0,8,0,1,1,False,135135,250.56000000000006,3.0
5,0,7,3,0,0,False,360360,265.20000000000005,3.0769230769230766
5,0,7,2,1,0,False,1081080,269.2800000000001,3.3333333333333335
5,0,7,1,2,0,False,1081080,269.28000000000003,3.6363636363636362
5,0,7,1,1,1,False,1081080,260.3040000000001,3.6363636363636362
5,0,7,0,3,0,False,360360,265.20000000000005,3.0
5,0,7,0,2,1,False,720720,269.2800000000001,3.0
5,0,7,0,1,2,False,360360,248.88000000000002,3.0
5,0,6,4,0,0,False,630630,268.79999999999995,2.857142857142857
5,0,6,3,1,0,False,2522520,274.56000000000006,3.0769230769230766
5,0,6,2,2,0,False,3783780,276.48,3.3333333333333335
5,0,6,2,1,1,False,3783780,267.264,3.3333333333333335
5,0,6,1,3,0,False,2522520,274.56000000000006,2.727272727272727
5,0,6,1,2,1,False,5045040,278.78400000000005,2.727272727272727
5,0,6,1,1,2,False,2522520,257.66400000000004,3.6363636363636362
5,0,6,0,4,0,False,630630,268.8,3.0
5,0,6,0,3,1,False,1891890,284.16,3.0
5,0,6,0,2,2,False,1891890,276.47999999999996,3.0
5,0,6,0,1,3,False,630630,245.76,4.0
5,0,5,5,0,0,False,756756,270.0,3.3333333333333335
5,0,5,4,1,0,False,3783780,277.20000000000005,2.857142857142857
5,0,5,3,2,0,False,7567560,280.8,3.0769230769230766
5,0,5,3,1,1,False,7567560,271.4400000000001,3.0769230769230766
5,0,5,2,3,0,False,7567560,280.8,3.3333333333333335
5,0,5,2,2,1,False,15135120,285.12,3.3333333333333335
5,0,5,2,1,2,False,7567560,263.52000000000004,3.3333333333333335
5,0,5,1,4,0,False,3783780,277.20000000000005,2.727272727272727
5,0,5,1,3,1,False,11351340,293.0400000000001,2.727272727272727
5,0,5,1,2,2,False,11351340,285.12,2.727272727272727
5,0,5,1,1,3,False,3783780,253.44000000000003,3.6363636363636362
5,0,5,0,5,0,False,756756,270.0,3.0
5,0,5,0,4,1,False,3027024,295.2,3.0
5,0,5,0,3,2,False,4540536,298.80000000000007,3.0
5,0,5,0,2,3,False,3027024,280.8,3.0
5,0,5,0,1,4,False,756756,241.20000000000002,4.0
5,0,4,6,0,0,False,630630,268.8,3.125
5,0,4,5,1,0,False,3783780,277.20000000000005,2.6666666666666665
5,0,4,4,2,0,False,9459450,282.24,2.857142857142857
5,0,4,4,1,1,False,9459450,272.832,2.857142857142857
5,0,4,3,3,0,False,12612600,283.92,3.0769230769230766
5,0,4,3,2,1,False,25225200,288.288,3.0769230769230766
5,0,4,3,1,2,False,12612600,266.44800000000004,3.0769230769230766
5,0,4,2,4,0,False,9459450,282.24,3.3333333333333335
5,0,4,2,3,1,False,28378350,298.368,2.5
5,0,4,2,2,2,False,28378350,290.304,3.3333333333333335
5,0,4,2,1,3,False,9459450,258.048,3.3333333333333335
5,0,4,1,5,0,False,3783780,277.20000000000005,2.727272727272727
5,0,4,1,4,1,False,15135120,303.07200000000006,2.727272727272727
5,0,4,1,3,2,False,22702680,306.7680000000001,2.727272727272727
5,0,4,1,2,3,False,15135120,288.28800000000007,2.727272727272727
5,0,4,1,1,4,False,3783780,247.63200000000006,3.6363636363636362
5,0,4,0,6,0,False,630630,252.0,3.0
5,0,4,0,5,1,False,3153150,302.40000000000003,3.0
5,0,4,0,4,2,False,6306300,315.84000000000003,3.0
5,0,4,0,3,3,False,6306300,309.12000000000006,3.0
5,0,4,0,2,4,False,3153150,282.24,3.0
5,0,4,0,1,5,False,630630,235.20000000000002,4.0
5,0,3,7,0,0,False,360360,265.20000000000005,2.941176470588235
5,0,3,6,1,0,False,2522520,274.56000000000006,3.125
5,0,3,5,2,0,False,7567560,280.8,2.6666666666666665
5,0,3,5,1,1,False,7567560,271.44000000000005,3.3333333333333335
5,0,3,4,3,0,False,12612600,283.92,2.857142857142857
5,0,3,4,2,1,False,25225200,288.28800000000007,2.857142857142857
5,0,3,4,1,2,False,12612600,266.44800000000004,2.857142857142857
5,0,3,3,4,0,False,12612600,283.92,3.0769230769230766
5,0,3,3,3,1,False,37837800,300.14400000000006,3.0769230769230766
5,0,3,3,2,2,False,37837800,292.03200000000004,3.0769230769230766
5,0,3,3,1,3,False,12612600,259.584,3.0769230769230766
5,0,3,2,5,0,False,7567560,280.8,3.3333333333333335
5,0,3,2,4,1,False,30270240,307.00800000000004,2.5
5,0,3,2,3,2,False,45405360,310.752,2.5
5,0,3,2,2,3,False,30270240,292.032,3.3333333333333335
5,0,3,2,1,4,False,7567560,250.848,3.3333333333333335
5,0,3,1,6,0,False,2522520,257.40000000000003,3.6363636363636362
5,0,3,1,5,1,False,12612600,308.88000000000005,2.727272727272727
5,0,3,1,4,2,False,25225200,322.60800000000006,2.727272727272727
5,0,3,1,3,3,False,25225200,315.744,2.727272727272727
5,0,3,1,2,4,False,12612600,288.28800000000007,2.727272727272727
5,0,3,1,1,5,False,2522520,240.24000000000004,3.6363636363636362
5,0,3,0,7,0,False,360360,234.0,4.0
5,0,3,0,6,1,False,2162160,280.8,3.0
5,0,3,0,5,2,False,5405400,327.6,3.0
5,0,3,0,4,3,False,7207200,330.72,3.0
5,0,3,0,3,4,False,5405400,315.1200000000001,3.0
5,0,3,0,2,5,False,2162160,280.8,3.0
5,0,3,0,1,6,False,360360,227.76,4.0
5,0,2,8,0,0,False,135135,259.2,3.333333333333333
5,0,2,7,1,0,False,1081080,269.2800000000001,2.941176470588235
5,0,2,6,2,0,False,3783780,276.48,3.125
5,0,2,6,1,1,False,3783780,267.26400000000007,3.125
5,0,2,5,3,0,False,7567560,280.8,2.6666666666666665
5,0,2,5,2,1,False,15135120,285.12000000000006,2.6666666666666665
5,0,2,5,1,2,False,7567560,263.52,3.3333333333333335
5,0,2,4,4,0,False,9459450,282.23999999999995,2.857142857142857
5,0,2,4,3,1,False,28378350,298.368,2.857142857142857
5,0,2,4,2,2,False,28378350,290.304,2.857142857142857
5,0,2,4,1,3,False,9459450,258.048,3.5714285714285716
5,0,2,3,5,0,False,7567560,280.8,3.0769230769230766
5,0,2,3,4,1,False,30270240,307.0080000000001,3.0769230769230766
5,0,2,3,3,2,False,45405360,310.752,3.0769230769230766
5,0,2,3,2,3,False,30270240,292.03200000000004,3.0769230769230766
5,0,2,3,1,4,False,7567560,250.84800000000007,3.0769230769230766
5,0,2,2,6,0,False,3783780,259.2,3.3333333333333335
5,0,2,2,5,1,False,18918900,311.03999999999996,2.5
5,0,2,2,4,2,False,37837800,324.86400000000003,2.5
5,0,2,2,3,3,False,37837800,317.95199999999994,2.5
5,0,2,2,2,4,False,18918900,290.30400000000003,3.3333333333333335
5,0,2,2,1,5,False,3783780,241.92,3.3333333333333335
5,0,2,1,7,0,False,1081080,237.60000000000002,3.6363636363636362
5,0,2,1,6,1,False,6486480,285.12,2.727272727272727
5,0,2,1,5,2,False,16216200,332.64000000000004,2.727272727272727
5,0,2,1,4,3,False,21621600,335.80800000000005,2.727272727272727
5,0,2,1,3,4,False,16216200,319.9680000000001,2.727272727272727
5,0,2,1,2,5,False,6486480,285.12,2.727272727272727
5,0,2,1,1,6,False,1081080,231.26400000000004,3.6363636363636362
5,0,2,0,8,0,False,135135,216.0,4.0
5,0,2,0,7,1,False,945945,259.2,3.0
5,0,2,0,6,2,False,2837835,302.40000000000003,3.0
5,0,2,0,5,3,False,4729725,345.6,3.0
5,0,2,0,4,4,False,4729725,339.8400000000001,3.0
5,0,2,0,3,5,False,2837835,316.80000000000007,3.0
5,0,2,0,2,6,False,945945,276.47999999999996,3.0
5,0,2,0,1,7,False,135135,218.88000000000002,4.0
5,0,1,9,0,0,False,30030,250.79999999999998,3.1578947368421053
5,0,1,8,1,0,False,270270,261.36,3.333333333333333
5,0,1,7,2,0,False,1081080,269.28000000000003,2.941176470588235
5,0,1,7,1,1,False,1081080,260.3040000000001,2.941176470588235
5,0,1,6,3,0,False,2522520,274.56000000000006,3.125
5,0,1,6,2,1,False,5045040,278.78400000000005,3.125
5,0,1,6,1,2,False,2522520,257.664,3.125
5,0,1,5,4,0,False,3783780,277.2,2.6666666666666665
5,0,1,5,3,1,False,11351340,293.04,2.6666666666666665
5,0,1,5,2,2,False,11351340,285.12,2.6666666666666665
5,0,1,5,1,3,False,3783780,253.44000000000005,3.3333333333333335
5,0,1,4,5,0,False,3783780,277.2,2.857142857142857
5,0,1,4,4,1,False,15135120,303.072,2.857142857142857
5,0,1,4,3,2,False,22702680,306.76800000000003,2.857142857142857
5,0,1,4,2,3,False,15135120,288.28800000000007,2.857142857142857
5,0,1,4,1,4,False,3783780,247.632,3.5714285714285716
5,0,1,3,6,0,False,2522520,257.40000000000003,3.0769230769230766
5,0,1,3,5,1,False,12612600,308.88000000000005,3.0769230769230766
5,0,1,3,4,2,False,25225200,322.60800000000006,2.3076923076923075
5,0,1,3,3,3,False,25225200,315.744,3.0769230769230766
5,0,1,3,2,4,False,12612600,288.28800000000007,3.0769230769230766
5,0,1,3,1,5,False,2522520,240.23999999999998,3.0769230769230766
5,0,1,2,7,0,False,1081080,237.6,3.3333333333333335
5,0,1,2,6,1,False,6486480,285.12,3.3333333333333335
5,0,1,2,5,2,False,16216200,332.64,2.5
5,0,1,2,4,3,False,21621600,335.80800000000005,2.5
5,0,1,2,3,4,False,16216200,319.968,2.5
5,0,1,2,2,5,False,6486480,285.12,3.3333333333333335
5,0,1,2,1,6,False,1081080,231.264,3.3333333333333335
5,0,1,1,8,0,False,270270,217.8,3.6363636363636362
5,0,1,1,7,1,False,1891890,261.36000000000007,3.6363636363636362
5,0,1,1,6,2,False,5675670,304.92,2.727272727272727
5,0,1,1,5,3,False,9459450,348.48,2.727272727272727
5,0,1,1,4,4,False,9459450,342.6720000000001,2.727272727272727
5,0,1,1,3,5,False,5675670,319.44000000000005,2.727272727272727
5,0,1,1,2,6,False,1891890,278.78400000000005,2.727272727272727
5,0,1,1,1,7,False,270270,220.70400000000004,3.6363636363636362
5,0,1,0,9,0,False,30030,198.0,4.0
5,0,1,0,8,1,False,240240,237.60000000000002,4.0
5,0,1,0,7,2,False,840840,277.2,3.0
5,0,1,0,6,3,False,1681680,316.8,3.0
5,0,1,0,5,4,False,2102100,356.4000000000001,3.0
5,0,1,0,4,5,False,1681680,343.20000000000005,3.0
5,0,1,0,3,6,False,840840,314.16,3.0
5,0,1,0,2,7,False,240240,269.28000000000003,3.0
5,0,1,0,1,8,False,30030,208.56,4.0
5,0,0,10,0,0,False,3003,240.0,3.5
5,0,0,9,1,0,False,30030,250.79999999999998,3.1578947368421053
5,0,0,8,2,0,False,135135,259.2,3.333333333333333
5,0,0,8,1,1,False,135135,250.56000000000003,3.333333333333333
5,0,0,7,3,0,False,360360,265.20000000000005,2.941176470588235
5,0,0,7,2,1,False,720720,269.28000000000003,2.941176470588235
5,0,0,7,1,2,False,360360,248.88000000000002,3.529411764705882
5,0,0,6,4,0,False,630630,268.8,3.125
5,0,0,6,3,1,False,1891890,284.16,3.125
5,0,0,6,2,2,False,1891890,276.48,3.125
5,0,0,6,1,3,False,630630,245.76000000000005,3.125
5,0,0,5,5,0,False,756756,270.0,3.3333333333333335
5,0,0,5,4,1,False,3027024,295.20000000000005,2.6666666666666665
5,0,0,5,3,2,False,4540536,298.80000000000007,2.6666666666666665
5,0,0,5,2,3,False,3027024,280.8,2.6666666666666665
5,0,0,5,1,4,False,756756,241.20000000000002,3.3333333333333335
5,0,0,4,6,0,False,630630,251.99999999999997,3.5714285714285716
5,0,0,4,5,1,False,3153150,302.4,2.857142857142857
5,0,0,4,4,2,False,6306300,315.84000000000003,2.857142857142857
5,0,0,4,3,3,False,6306300,309.12,2.857142857142857
5,0,0,4,2,4,False,3153150,282.24,2.857142857142857
5,0,0,4,1,5,False,630630,235.2,3.5714285714285716
5,0,0,3,7,0,False,360360,234.0,3.846153846153846
5,0,0,3,6,1,False,2162160,280.8,3.0769230769230766
5,0,0,3,5,2,False,5405400,327.6,2.3076923076923075
5,0,0,3,4,3,False,7207200,330.72,2.3076923076923075
5,0,0,3,3,4,False,5405400,315.1200000000001,3.0769230769230766
5,0,0,3,2,5,False,2162160,280.8,3.0769230769230766
5,0,0,3,1,6,False,360360,227.76000000000002,3.846153846153846
5,0,0,2,8,0,False,135135,216.0,4.166666666666667
5,0,0,2,7,1,False,945945,259.2,3.3333333333333335
5,0,0,2,6,2,False,2837835,302.4,2.5
5,0,0,2,5,3,False,4729725,345.59999999999997,2.5
5,0,0,2,4,4,False,4729725,339.84000000000003,2.5
5,0,0,2,3,5,False,2837835,316.8,2.5
5,0,0,2,2,6,False,945945,276.48,3.3333333333333335
5,0,0,2,1,7,False,135135,218.88,4.166666666666667
5,0,0,1,9,0,False,30030,198.00000000000003,4.545454545454545
5,0,0,1,8,1,False,240240,237.60000000000002,3.6363636363636362
5,0,0,1,7,2,False,840840,277.20000000000005,2.727272727272727
5,0,0,1,6,3,False,1681680,316.8,2.727272727272727
5,0,0,1,5,4,False,2102100,356.40000000000003,2.727272727272727
5,0,0,1,4,5,False,1681680,343.20000000000005,2.727272727272727
5,0,0,1,3,6,False,840840,314.16,2.727272727272727
5,0,0,1,2,7,False,240240,269.28000000000003,3.6363636363636362
5,0,0,1,1,8,False,30030,208.56000000000003,3.6363636363636362
5,0,0,0,10,0,False,3003,180.0,5.0
5,0,0,0,9,1,False,27027,216.0,4.0
5,0,0,0,8,2,False,108108,252.0,3.0
5,0,0,0,7,3,False,252252,288.0,3.0
5,0,0,0,6,4,False,378378,324.0,3.0
5,0,0,0,5,5,False,378378,360.0,3.0
5,0,0,0,4,6,False,252252,340.8,3.0
5,0,0,0,3,7,False,108108,307.20000000000005,3.0
5,0,0,0,2,8,False,27027,259.2,3.0
5,0,0,0,1,9,False,3003,196.79999999999998,4.0
4,11,0,0,0,0,False,1365,141.70000000000002,6.0
4,10,1,0,0,0,False,15015,152.90000000000003,5.0
4,10,0,1,0,0,False,15015,152.9,5.454545454545454
4,10,0,0,1,0,False,15015,152.90000000000003,5.0
4,9,2,0,0,0,False,75075,163.56,5.0
4,9,1,1,0,0,False,150150,164.92300000000006,4.545454545454545
4,9,1,0,1,0,False,150150,164.92300000000003,5.0
4,9,0,2,0,0,False,75075,163.56,5.0
4,9,0,1,1,0,False,150150,164.92300000000006,4.545454545454545
4,9,0,0,2,0,False,75075,163.56,5.0
4,9,0,0,1,1,False,75075,158.10800000000003,5.0
4,8,3,0,0,0,False,225225,173.68,5.0
4,8,2,1,0,0,False,675675,176.35200000000003,4.545454545454545
4,8,2,0,1,0,False,675675,176.35200000000003,5.0
4,8,1,2,0,0,False,675675,176.352,5.0
4,8,1,1,1,0,False,1351350,177.82160000000005,4.545454545454545
4,8,1,0,2,0,False,675675,176.35200000000003,5.0
4,8,1,0,1,1,False,675675,170.47360000000003,5.0
4,8,0,3,0,0,False,225225,173.68,4.615384615384615
4,8,0,2,1,0,False,675675,176.352,5.0
4,8,0,1,2,0,False,675675,176.35200000000003,4.545454545454545
4,8,0,1,1,1,False,675675,170.47360000000003,4.545454545454545
4,8,0,0,3,0,False,225225,173.68,5.0
4,8,0,0,2,1,False,450450,176.352,5.0
4,8,0,0,1,2,False,225225,162.99200000000002,5.0
4,7,4,0,0,0,False,450450,183.26,5.0
4,7,3,1,0,0,False,1801800,187.18700000000004,4.545454545454545
4,7,3,0,1,0,False,1801800,187.187,4.0
4,7,2,2,0,0,False,2702700,188.496,4.166666666666667
4,7,2,1,1,0,False,5405400,190.06680000000003,4.545454545454545
4,7,2,0,2,0,False,2702700,188.49599999999998,4.0
4,7,2,0,1,1,False,2702700,182.21280000000002,5.0
4,7,1,3,0,0,False,1801800,187.187,4.615384615384615
4,7,1,2,1,0,False,5405400,190.06680000000003,4.166666666666667
4,7,1,1,2,0,False,5405400,190.06680000000003,4.545454545454545
4,7,1,1,1,1,True,5405400,183.73124000000004,4.545454545454545
4,7,1,0,3,0,False,1801800,187.187,4.0
4,7,1,0,2,1,False,3603600,190.06680000000003,4.0
4,7,1,0,1,2,False,1801800,175.66780000000003,5.0
4,7,0,4,0,0,False,450450,183.26,4.285714285714286
4,7,0,3,1,0,False,1801800,187.187,4.615384615384615
4,7,0,2,2,0,False,2702700,188.496,4.166666666666667
4,7,0,2,1,1,False,2702700,182.21280000000002,4.166666666666667
4,7,0,1,3,0,False,1801800,187.18700000000004,4.545454545454545
4,7,0,1,2,1,False,3603600,190.06680000000003,4.545454545454545
4,7,0,1,1,2,False,1801800,175.66780000000003,4.545454545454545
4,7,0,0,4,0,False,450450,183.26,5.0
4,7,0,0,3,1,False,1351350,193.732,4.0
4,7,0,0,2,2,False,1351350,188.496,4.0
4,7,0,0,1,3,False,450450,167.55200000000002,5.0
4,6,5,0,0,0,False,630630,192.3,4.0
4,6,4,1,0,0,False,3153150,197.42800000000003,4.545454545454545
4,6,4,0,1,0,False,3153150,197.42800000000003,4.0
4,6,3,2,0,0,False,6306300,199.99200000000002,4.166666666666667
4,6,3,1,1,0,False,12612600,201.65860000000004,4.545454545454545
4,6,3,0,2,0,False,6306300,199.99200000000002,4.0
4,6,3,0,1,1,False,6306300,193.32560000000004,4.0
4,6,2,3,0,0,False,6306300,199.99200000000002,3.846153846153846
4,6,2,2,1,0,False,18918900,203.0688,4.166666666666667
4,6,2,1,2,0,False,18918900,203.06879999999998,3.6363636363636362
4,6,2,1,1,1,True,18918900,196.29984000000005,4.545454545454545
4,6,2,0,3,0,False,6306300,199.992,4.0
4,6,2,0,2,1,False,12612600,203.0688,4.0
4,6,2,0,1,2,False,6306300,187.6848,4.0
4,6,1,4,0,0,False,3153150,197.428,4.285714285714286
4,6,1,3,1,0,False,12612600,201.65860000000006,3.846153846153846
4,6,1,2,2,0,False,18918900,203.0688,4.166666666666667
4,6,1,2,1,1,True,18918900,196.29984000000005,4.166666666666667
4,6,1,1,3,0,False,12612600,201.65860000000004,4.545454545454545
4,6,1,1,2,1,True,25225200,204.76104000000004,3.6363636363636362
4,6,1,1,1,2,True,12612600,189.24884,4.545454545454545
4,6,1,0,4,0,False,3153150,197.428,4.0
4,6,1,0,3,1,False,9459450,208.70960000000002,4.0
4,6,1,0,2,2,False,9459450,203.0688,4.0
4,6,1,0,1,3,False,3153150,180.50560000000002,5.0
4,6,0,5,0,0,False,630630,192.3,4.0
4,6,0,4,1,0,False,3153150,197.428,4.285714285714286
4,6,0,3,2,0,False,6306300,199.99200000000002,3.846153846153846
4,6,0,3,1,1,False,6306300,193.32560000000004,3.846153846153846
4,6,0,2,3,0,False,6306300,199.99200000000002,4.166666666666667
4,6,0,2,2,1,False,12612600,203.0688,4.166666666666667
4,6,0,2,1,2,False,6306300,187.6848,4.166666666666667
4,6,0,1,4,0,False,3153150,197.42800000000003,4.545454545454545
4,6,0,1,3,1,False,9459450,208.7096,3.6363636363636362
4,6,0,1,2,2,False,9459450,203.0688,3.6363636363636362
4,6,0,1,1,3,False,3153150,180.50560000000002,4.545454545454545
4,6,0,0,5,0,False,630630,192.3,4.0
4,6,0,0,4,1,False,2522520,210.24800000000002,4.0
4,6,0,0,3,2,False,3783780,212.81200000000004,4.0
4,6,0,0,2,3,False,2522520,199.99200000000002,4.0
4,6,0,0,1,4,False,630630,171.788,5.0
4,5,6,0,0,0,False,630630,200.8,4.0
4,5,5,1,0,0,False,3783780,207.07500000000002,3.6363636363636362
4,5,5,0,1,0,False,3783780,207.07500000000002,4.0
4,5,4,2,0,0,False,9459450,210.84,4.166666666666667
4,5,4,1,1,0,False,18918900,212.59700000000004,3.6363636363636362
4,5,4,0,2,0,False,9459450,210.84000000000003,4.0
4,5,4,0,1,1,False,9459450,203.81200000000004,4.0
4,5,3,3,0,0,False,12612600,212.09500000000003,3.846153846153846
4,5,3,2,1,0,False,37837800,215.35800000000003,4.166666666666667
4,5,3,1,2,0,False,37837800,215.35800000000003,3.6363636363636362
4,5,3,1,1,1,True,37837800,208.17940000000004,3.6363636363636362
4,5,3,0,3,0,False,12612600,212.09500000000003,4.0
4,5,3,0,2,1,False,25225200,215.358,4.0
4,5,3,0,1,2,False,12612600,199.043,4.0
4,5,2,4,0,0,False,9459450,210.83999999999997,3.5714285714285716
4,5,2,3,1,0,False,37837800,215.35800000000003,3.846153846153846
4,5,2,2,2,0,False,56756700,216.86400000000003,4.166666666666667
4,5,2,2,1,1,True,56756700,209.63520000000003,4.166666666666667
4,5,2,1,3,0,False,37837800,215.35800000000003,3.6363636363636362
4,5,2,1,2,1,True,75675600,218.67120000000006,3.6363636363636362
4,5,2,1,1,2,True,37837800,202.10520000000002,4.545454545454545
4,5,2,0,4,0,False,9459450,210.84000000000003,4.0
4,5,2,0,3,1,False,28378350,222.88800000000003,4.0
4,5,2,0,2,2,False,28378350,216.864,4.0
4,5,2,0,1,3,False,9459450,192.76800000000003,4.0
4,5,1,5,0,0,False,3783780,207.07500000000002,4.0
4,5,1,4,1,0,False,18918900,212.597,3.5714285714285716
4,5,1,3,2,0,False,37837800,215.358,3.846153846153846
4,5,1,3,1,1,True,37837800,208.17940000000004,3.846153846153846
4,5,1,2,3,0,False,37837800,215.35800000000003,4.166666666666667
4,5,1,2,2,1,True,75675600,218.6712,4.166666666666667
4,5,1,2,1,2,True,37837800,202.10520000000002,4.166666666666667
4,5,1,1,4,0,False,18918900,212.597,3.6363636363636362
4,5,1,1,3,1,True,56756700,224.74540000000002,3.6363636363636362
4,5,1,1,2,2,True,56756700,218.67120000000003,3.6363636363636362
4,5,1,1,1,3,True,18918900,194.37440000000004,4.545454545454545
4,5,1,0,5,0,False,3783780,207.07500000000002,4.0
4,5,1,0,4,1,False,15135120,226.40200000000002,4.0
4,5,1,0,3,2,False,22702680,229.163,4.0
4,5,1,0,2,3,False,15135120,215.358,4.0
4,5,1,0,1,4,False,3783780,184.98700000000002,4.0
4,5,0,6,0,0,False,630630,200.8,3.75
4,5,0,5,1,0,False,3783780,207.07500000000002,4.0
4,5,0,4,2,0,False,9459450,210.83999999999997,3.5714285714285716
4,5,0,4,1,1,False,9459450,203.812,4.285714285714286
4,5,0,3,3,0,False,12612600,212.09500000000003,3.846153846153846
4,5,0,3,2,1,False,25225200,215.35800000000003,3.846153846153846
4,5,0,3,1,2,False,12612600,199.04299999999998,3.846153846153846
4,5,0,2,4,0,False,9459450,210.84,4.166666666666667
4,5,0,2,3,1,False,28378350,222.888,3.3333333333333335
4,5,0,2,2,2,False,28378350,216.86400000000003,4.166666666666667
4,5,0,2,1,3,False,9459450,192.768,4.166666666666667
4,5,0,1,5,0,False,3783780,207.07500000000002,3.6363636363636362
4,5,0,1,4,1,False,15135120,226.40200000000007,3.6363636363636362
4,5,0,1,3,2,False,22702680,229.16300000000007,3.6363636363636362
4,5,0,1,2,3,False,15135120,215.35800000000003,3.6363636363636362
4,5,0,1,1,4,False,3783780,184.98700000000002,4.545454545454545
4,5,0,0,6,0,False,630630,188.25,4.0
4,5,0,0,5,1,False,3153150,225.9,4.0
4,5,0,0,4,2,False,6306300,235.94000000000003,4.0
4,5,0,0,3,3,False,6306300,230.92000000000004,4.0
4,5,0,0,2,4,False,3153150,210.84000000000003,4.0
4,5,0,0,1,5,False,630630,175.70000000000002,5.0
4,4,7,0,0,0,False,450450,208.76000000000005,4.0
4,4,6,1,0,0,False,3153150,216.12800000000004,3.6363636363636362
4,4,6,0,1,0,False,3153150,216.12800000000004,4.0
4,4,5,2,0,0,False,9459450,221.04000000000002,4.166666666666667
4,4,5,1,1,0,False,18918900,222.88200000000006,3.6363636363636362
4,4,5,0,2,0,False,9459450,221.04000000000002,4.0
4,4,5,0,1,1,False,9459450,213.67200000000003,4.0
4,4,4,3,0,0,False,15765750,223.49599999999998,3.846153846153846
4,4,4,2,1,0,False,47297250,226.93439999999998,3.3333333333333335
4,4,4,1,2,0,False,47297250,226.93439999999998,3.6363636363636362
4,4,4,1,1,1,True,47297250,219.36992,3.6363636363636362
4,4,4,0,3,0,False,15765750,223.496,4.0
4,4,4,0,2,1,False,31531500,226.9344,4.0
4,4,4,0,1,2,False,15765750,209.74239999999998,4.0
4,4,3,4,0,0,False,15765750,223.496,3.5714285714285716
4,4,3,3,1,0,False,63063000,228.28520000000006,3.846153846153846
4,4,3,2,2,0,False,94594500,229.88160000000002,3.3333333333333335
4,4,3,2,1,1,True,94594500,222.21888000000004,3.3333333333333335
4,4,3,1,3,0,False,63063000,228.28520000000006,3.6363636363636362
4,4,3,1,2,1,True,126126000,231.79728000000003,3.6363636363636362
4,4,3,1,1,2,True,63063000,214.23688000000004,3.6363636363636362
4,4,3,0,4,0,False,15765750,223.496,4.0
4,4,3,0,3,1,False,47297250,236.2672,4.0
4,4,3,0,2,2,False,47297250,229.88160000000005,4.0
4,4,3,0,1,3,False,15765750,204.3392,4.0
4,4,2,5,0,0,False,9459450,221.03999999999996,4.0
4,4,2,4,1,0,False,47297250,226.93439999999998,3.5714285714285716
4,4,2,3,2,0,False,94594500,229.8816,3.846153846153846
4,4,2,3,1,1,True,94594500,222.21888000000004,3.846153846153846
4,4,2,2,3,0,False,94594500,229.88159999999996,3.3333333333333335
4,4,2,2,2,1,True,189189000,233.41824000000003,3.3333333333333335
4,4,2,2,1,2,True,94594500,215.73504,4.166666666666667
4,4,2,1,4,0,False,47297250,226.9344,3.6363636363636362
4,4,2,1,3,1,True,141891750,239.90208000000004,3.6363636363636362
4,4,2,1,2,2,True,141891750,233.41824,3.6363636363636362
4,4,2,1,1,3,True,47297250,207.48288000000002,3.6363636363636362
4,4,2,0,5,0,False,9459450,221.03999999999996,4.0
4,4,2,0,4,1,False,37837800,241.67040000000003,4.0
4,4,2,0,3,2,False,56756700,244.6176,4.0
4,4,2,0,2,3,False,37837800,229.8816,4.0
4,4,2,0,1,4,False,9459450,197.4624,4.0
4,4,1,6,0,0,False,3153150,216.12800000000004,3.75
4,4,1,5,1,0,False,18918900,222.88200000000006,3.3333333333333335
4,4,1,4,2,0,False,47297250,226.93440000000004,3.5714285714285716
4,4,1,4,1,1,True,47297250,219.36992000000004,3.5714285714285716
4,4,1,3,3,0,False,63063000,228.28520000000006,3.846153846153846
4,4,1,3,2,1,True,126126000,231.79728000000003,3.846153846153846
4,4,1,3,1,2,True,63063000,214.23688000000004,3.846153846153846
4,4,1,2,4,0,False,47297250,226.9344,3.3333333333333335
4,4,1,2,3,1,True,141891750,239.90208,3.3333333333333335
4,4,1,2,2,2,True,141891750,233.41824000000005,3.3333333333333335
4,4,1,2,1,3,True,47297250,207.48288000000005,4.166666666666667
4,4,1,1,5,0,False,18918900,222.88200000000006,3.6363636363636362
4,4,1,1,4,1,True,75675600,243.68432000000007,3.6363636363636362
4,4,1,1,3,2,True,113513400,246.6560800000001,3.6363636363636362
4,4,1,1,2,3,True,75675600,231.7972800000001,3.6363636363636362
4,4,1,1,1,4,True,18918900,199.10792000000006,4.545454545454545
4,4,1,0,6,0,False,3153150,202.62000000000003,4.0
4,4,1,0,5,1,False,15765750,243.14400000000006,4.0
4,4,1,0,4,2,False,31531500,253.95040000000006,3.0
4,4,1,0,3,3,False,31531500,248.5472000000001,3.0
4,4,1,0,2,4,False,15765750,226.93440000000007,4.0
4,4,1,0,1,5,False,3153150,189.11200000000002,4.0
4,4,0,7,0,0,False,450450,208.76000000000005,4.117647058823529
4,4,0,6,1,0,False,3153150,216.12800000000004,3.75
4,4,0,5,2,0,False,9459450,221.03999999999996,4.0
4,4,0,5,1,1,False,9459450,213.67200000000005,4.0
4,4,0,4,3,0,False,15765750,223.496,3.5714285714285716
4,4,0,4,2,1,False,31531500,226.93439999999998,3.5714285714285716
4,4,0,4,1,2,False,15765750,209.7424,3.5714285714285716
4,4,0,3,4,0,False,15765750,223.49599999999998,3.846153846153846
4,4,0,3,3,1,False,47297250,236.26720000000003,3.846153846153846
4,4,0,3,2,2,False,47297250,229.8816,3.846153846153846
4,4,0,3,1,3,False,15765750,204.33920000000003,3.846153846153846
4,4,0,2,5,0,False,9459450,221.04000000000002,4.166666666666667
4,4,0,2,4,1,False,37837800,241.67040000000003,3.3333333333333335
4,4,0,2,3,2,False,56756700,244.61760000000004,3.3333333333333335
4,4,0,2,2,3,False,37837800,229.88160000000002,3.3333333333333335
4,4,0,2,1,4,False,9459450,197.46240000000003,4.166666666666667
4,4,0,1,6,0,False,3153150,202.62000000000003,4.545454545454545
4,4,0,1,5,1,False,15765750,243.14400000000003,3.6363636363636362
4,4,0,1,4,2,False,31531500,253.95040000000006,3.6363636363636362
4,4,0,1,3,3,False,31531500,248.54720000000003,3.6363636363636362
4,4,0,1,2,4,False,15765750,226.9344000000001,3.6363636363636362
4,4,0,1,1,5,False,3153150,189.112,4.545454545454545
4,4,0,0,7,0,False,450450,184.20000000000002,5.0
4,4,0,0,6,1,False,2702700,221.04000000000002,4.0
4,4,0,0,5,2,False,6756750,257.88000000000005,3.0
4,4,0,0,4,3,False,9009000,260.336,3.0
4,4,0,0,3,4,False,6756750,248.05600000000004,3.0
4,4,0,0,2,5,False,2702700,221.04000000000002,4.0
4,4,0,0,1,6,False,450450,179.288,5.0
4,3,8,0,0,0,False,225225,216.18000000000004,4.0
4,3,7,1,0,0,False,1801800,224.58700000000007,3.6363636363636362
4,3,7,0,1,0,False,1801800,224.58700000000005,4.0
4,3,6,2,0,0,False,6306300,230.592,3.3333333333333335
4,3,6,1,1,0,False,12612600,232.51360000000005,3.6363636363636362
4,3,6,0,2,0,False,6306300,230.592,4.0
4,3,6,0,1,1,False,6306300,222.90560000000005,4.0
4,3,5,3,0,0,False,12612600,234.19500000000002,3.846153846153846
4,3,5,2,1,0,False,37837800,237.798,3.3333333333333335
4,3,5,1,2,0,False,37837800,237.798,3.6363636363636362
4,3,5,1,1,1,True,37837800,229.87140000000008,3.6363636363636362
4,3,5,0,3,0,False,12612600,234.19500000000005,4.0
4,3,5,0,2,1,False,25225200,237.798,4.0
4,3,5,0,1,2,False,12612600,219.78300000000002,4.0
4,3,4,4,0,0,False,15765750,235.39599999999996,3.5714285714285716
4,3,4,3,1,0,False,63063000,240.4402,3.0769230769230766
4,3,4,2,2,0,False,94594500,242.1216,3.3333333333333335
4,3,4,2,1,1,True,94594500,234.05088,3.3333333333333335
4,3,4,1,3,0,False,63063000,240.4402,3.6363636363636362
4,3,4,1,2,1,True,126126000,244.13928,3.6363636363636362
4,3,4,1,1,2,True,63063000,225.64388000000005,3.6363636363636362
4,3,4,0,4,0,False,15765750,235.39599999999996,4.0
4,3,4,0,3,1,False,47297250,248.8472,3.0
4,3,4,0,2,2,False,47297250,242.1216,4.0
4,3,4,0,1,3,False,15765750,215.2192,4.0
4,3,3,5,0,0,False,12612600,234.195,3.3333333333333335
4,3,3,4,1,0,False,63063000,240.4402,3.5714285714285716
4,3,3,3,2,0,False,126126000,243.5628,3.0769230769230766
4,3,3,3,1,1,True,126126000,235.44404000000006,3.846153846153846
4,3,3,2,3,0,False,126126000,243.5628,3.3333333333333335
4,3,3,2,2,1,True,252252000,247.30992000000003,3.3333333333333335
4,3,3,2,1,2,True,126126000,228.57432,3.3333333333333335
4,3,3,1,4,0,False,63063000,240.4402,3.6363636363636362
4,3,3,1,3,1,True,189189000,254.17964,3.6363636363636362
4,3,3,1,2,2,True,189189000,247.30992000000003,3.6363636363636362
4,3,3,1,1,3,True,63063000,219.83104000000003,3.6363636363636362
4,3,3,0,5,0,False,12612600,234.195,4.0
4,3,3,0,4,1,False,50450400,256.0532,3.0
4,3,3,0,3,2,False,75675600,259.17580000000004,3.0
4,3,3,0,2,3,False,50450400,243.56280000000004,4.0
4,3,3,0,1,4,False,12612600,209.21420000000003,4.0
4,3,2,6,0,0,False,6306300,230.592,3.75
4,3,2,5,1,0,False,37837800,237.79800000000006,3.3333333333333335
4,3,2,4,2,0,False,94594500,242.1216,3.5714285714285716
4,3,2,4,1,1,True,94594500,234.05088000000003,3.5714285714285716
4,3,2,3,3,0,False,126126000,243.56280000000004,3.0769230769230766
4,3,2,3,2,1,True,252252000,247.30992000000006,3.0769230769230766
4,3,2,3,1,2,True,126126000,228.57432000000006,3.846153846153846
4,3,2,2,4,0,False,94594500,242.1216,3.3333333333333335
4,3,2,2,3,1,True,283783500,255.95712,3.3333333333333335
4,3,2,2,2,2,True,283783500,249.03936,3.3333333333333335
4,3,2,2,1,3,True,94594500,221.36832000000004,3.3333333333333335
4,3,2,1,5,0,False,37837800,237.79800000000006,3.6363636363636362
4,3,2,1,4,1,True,151351200,259.99248000000006,3.6363636363636362
4,3,2,1,3,2,True,227026800,263.16312000000005,3.6363636363636362
4,3,2,1,2,3,True,151351200,247.30992000000003,3.6363636363636362
4,3,2,1,1,4,True,37837800,212.43288000000004,3.6363636363636362
4,3,2,0,6,0,False,6306300,216.18000000000004,4.0
4,3,2,0,5,1,False,31531500,259.41600000000005,3.0
4,3,2,0,4,2,False,63063000,270.9456,3.0
4,3,2,0,3,3,False,63063000,265.18080000000003,3.0
4,3,2,0,2,4,False,31531500,242.12160000000006,4.0
4,3,2,0,1,5,False,6306300,201.768,4.0
4,3,1,7,0,0,False,1801800,224.58700000000005,3.529411764705882
4,3,1,6,1,0,False,12612600,232.51360000000005,3.75
4,3,1,5,2,0,False,37837800,237.79800000000006,3.3333333333333335
4,3,1,5,1,1,True,37837800,229.87140000000005,3.3333333333333335
4,3,1,4,3,0,False,63063000,240.44020000000006,3.5714285714285716
4,3,1,4,2,1,True,126126000,244.13928000000007,3.5714285714285716
4,3,1,4,1,2,True,63063000,225.64388000000005,3.5714285714285716
4,3,1,3,4,0,False,63063000,240.4402,3.0769230769230766
4,3,1,3,3,1,True,189189000,254.17964000000003,3.0769230769230766
4,3,1,3,2,2,True,189189000,247.30992000000003,3.0769230769230766
4,3,1,3,1,3,True,63063000,219.83104000000006,3.846153846153846
4,3,1,2,5,0,False,37837800,237.798,3.3333333333333335
4,3,1,2,4,1,True,151351200,259.99248000000006,3.3333333333333335
4,3,1,2,3,2,True,227026800,263.16312000000005,3.3333333333333335
4,3,1,2,2,3,True,151351200,247.30992000000003,3.3333333333333335
4,3,1,2,1,4,True,37837800,212.43288000000007,4.166666666666667
4,3,1,1,6,0,False,12612600,217.98150000000004,3.6363636363636362
4,3,1,1,5,1,True,63063000,261.5778000000001,3.6363636363636362
4,3,1,1,4,2,True,126126000,273.20348000000007,2.727272727272727
4,3,1,1,3,3,True,126126000,267.3906400000001,3.6363636363636362
4,3,1,1,2,4,True,63063000,244.13928000000007,3.6363636363636362
4,3,1,1,1,5,True,12612600,203.44940000000003,3.6363636363636362
4,3,1,0,7,0,False,1801800,198.16500000000002,4.0
4,3,1,0,6,1,False,10810800,237.79800000000006,4.0
4,3,1,0,5,2,False,27027000,277.43100000000004,3.0
4,3,1,0,4,3,False,36036000,280.07320000000004,3.0
4,3,1,0,3,4,False,27027000,266.8622000000001,3.0
4,3,1,0,2,5,False,10810800,237.79800000000006,4.0
4,3,1,0,1,6,False,1801800,192.88060000000002,4.0
4,3,0,8,0,0,False,225225,216.18,3.888888888888889
4,3,0,7,1,0,False,1801800,224.58700000000005,3.529411764705882
4,3,0,6,2,0,False,6306300,230.592,3.75
4,3,0,6,1,1,False,6306300,222.90560000000002,3.75
4,3,0,5,3,0,False,12612600,234.195,3.3333333333333335
4,3,0,5,2,1,False,25225200,237.79800000000006,3.3333333333333335
4,3,0,5,1,2,False,12612600,219.78300000000002,4.0
4,3,0,4,4,0,False,15765750,235.39599999999996,3.5714285714285716
4,3,0,4,3,1,False,47297250,248.84720000000002,3.5714285714285716
4,3,0,4,2,2,False,47297250,242.12159999999997,3.5714285714285716
4,3,0,4,1,3,False,15765750,215.2192,3.5714285714285716
4,3,0,3,5,0,False,12612600,234.19500000000002,3.846153846153846
4,3,0,3,4,1,False,50450400,256.05320000000006,3.0769230769230766
4,3,0,3,3,2,False,75675600,259.17580000000004,3.0769230769230766
4,3,0,3,2,3,False,50450400,243.56280000000004,3.0769230769230766
4,3,0,3,1,4,False,12612600,209.21420000000003,3.846153846153846
4,3,0,2,6,0,False,6306300,216.18,4.166666666666667
4,3,0,2,5,1,False,31531500,259.41600000000005,3.3333333333333335
4,3,0,2,4,2,False,63063000,270.9456,3.3333333333333335
4,3,0,2,3,3,False,63063000,265.18080000000003,3.3333333333333335
4,3,0,2,2,4,False,31531500,242.12160000000003,3.3333333333333335
4,3,0,2,1,5,False,6306300,201.76799999999997,4.166666666666667
4,3,0,1,7,0,False,1801800,198.16500000000002,4.545454545454545
4,3,0,1,6,1,False,10810800,237.79800000000006,3.6363636363636362
4,3,0,1,5,2,False,27027000,277.43100000000004,2.727272727272727
4,3,0,1,4,3,False,36036000,280.0732000000001,2.727272727272727
4,3,0,1,3,4,False,27027000,266.8622000000001,3.6363636363636362
4,3,0,1,2,5,False,10810800,237.79800000000006,3.6363636363636362
4,3,0,1,1,6,False,1801800,192.88060000000002,4.545454545454545
4,3,0,0,8,0,False,225225,180.15,5.0
4,3,0,0,7,1,False,1576575,216.18000000000004,4.0
4,3,0,0,6,2,False,4729725,252.21,3.0
4,3,0,0,5,3,False,7882875,288.24,3.0
4,3,0,0,4,4,False,7882875,283.4360000000001,3.0
4,3,0,0,3,5,False,4729725,264.22,3.0
4,3,0,0,2,6,False,1576575,230.592,4.0
4,3,0,0,1,7,False,225225,182.55200000000002,5.0
4,2,9,0,0,0,False,75075,223.06,4.0
4,2,8,1,0,0,False,675675,232.45200000000008,3.6363636363636362
4,2,8,0,1,0,False,675675,232.45200000000006,4.0
4,2,7,2,0,0,False,2702700,239.49600000000004,3.3333333333333335
4,2,7,1,1,0,False,5405400,241.4918000000001,3.6363636363636362
4,2,7,0,2,0,False,2702700,239.496,4.0
4,2,7,0,1,1,False,2702700,231.51280000000008,4.0
4,2,6,3,0,0,False,6306300,244.19200000000004,3.0769230769230766
4,2,6,2,1,0,False,18918900,247.9488,3.3333333333333335
4,2,6,1,2,0,False,18918900,247.94880000000003,3.6363636363636362
4,2,6,1,1,1,True,18918900,239.68384000000006,3.6363636363636362
4,2,6,0,3,0,False,6306300,244.192,4.0
4,2,6,0,2,1,False,12612600,247.94880000000003,3.0
4,2,6,0,1,2,False,6306300,229.1648,4.0
4,2,5,4,0,0,False,9459450,246.54000000000002,3.5714285714285716
4,2,5,3,1,0,False,37837800,251.82300000000006,3.0769230769230766
4,2,5,2,2,0,False,56756700,253.58399999999997,3.3333333333333335
4,2,5,2,1,1,True,56756700,245.13120000000004,3.3333333333333335
4,2,5,1,3,0,False,37837800,251.82300000000006,3.6363636363636362
4,2,5,1,2,1,True,75675600,255.6972,3.6363636363636362
4,2,5,1,1,2,True,37837800,236.32620000000003,3.6363636363636362
4,2,5,0,4,0,False,9459450,246.53999999999996,3.0
4,2,5,0,3,1,False,28378350,260.628,3.0
4,2,5,0,2,2,False,28378350,253.58399999999997,3.0
4,2,5,0,1,3,False,9459450,225.40800000000002,4.0
4,2,4,5,0,0,False,9459450,246.54000000000002,3.3333333333333335
4,2,4,4,1,0,False,47297250,253.11440000000002,3.5714285714285716
4,2,4,3,2,0,False,94594500,256.4016,3.0769230769230766
4,2,4,3,1,1,True,94594500,247.85488,3.0769230769230766
4,2,4,2,3,0,False,94594500,256.4016,3.3333333333333335
4,2,4,2,2,1,True,189189000,260.34624,3.3333333333333335
4,2,4,2,1,2,True,94594500,240.62303999999997,3.3333333333333335
4,2,4,1,4,0,False,47297250,253.11439999999996,3.6363636363636362
4,2,4,1,3,1,True,141891750,267.57808,3.6363636363636362
4,2,4,1,2,2,True,141891750,260.34624,3.6363636363636362
4,2,4,1,1,3,True,47297250,231.41888000000003,3.6363636363636362
4,2,4,0,5,0,False,9459450,246.53999999999996,3.0
4,2,4,0,4,1,False,37837800,269.5504,3.0
4,2,4,0,3,2,False,56756700,272.8376,3.0
4,2,4,0,2,3,False,37837800,256.40160000000003,3.0
4,2,4,0,1,4,False,9459450,220.2424,4.0
4,2,3,6,0,0,False,6306300,244.192,3.125
4,2,3,5,1,0,False,37837800,251.82300000000004,3.3333333333333335
4,2,3,4,2,0,False,94594500,256.4016,3.5714285714285716
4,2,3,4,1,1,True,94594500,247.85488000000007,3.5714285714285716
4,2,3,3,3,0,False,126126000,257.92780000000005,3.0769230769230766
4,2,3,3,2,1,True,252252000,261.89592000000005,3.0769230769230766
4,2,3,3,1,2,True,126126000,242.05532000000002,3.0769230769230766
4,2,3,2,4,0,False,94594500,256.4016,3.3333333333333335
4,2,3,2,3,1,True,283783500,271.05312,3.3333333333333335
4,2,3,2,2,2,True,283783500,263.72736000000003,3.3333333333333335
4,2,3,2,1,3,True,94594500,234.42432000000002,3.3333333333333335
4,2,3,1,5,0,False,37837800,251.82300000000006,3.6363636363636362
4,2,3,1,4,1,True,151351200,275.32648000000006,2.727272727272727
4,2,3,1,3,2,True,227026800,278.68412000000006,2.727272727272727
4,2,3,1,2,3,True,151351200,261.8959200000001,3.6363636363636362
4,2,3,1,1,4,True,37837800,224.96188000000004,3.6363636363636362
4,2,3,0,6,0,False,6306300,228.93000000000004,4.0
4,2,3,0,5,1,False,31531500,274.71600000000007,3.0
4,2,3,0,4,2,False,63063000,286.92560000000003,3.0
4,2,3,0,3,3,False,63063000,280.8208,3.0
4,2,3,0,2,4,False,31531500,256.4016000000001,3.0
4,2,3,0,1,5,False,6306300,213.668,4.0
4,2,2,7,0,0,False,2702700,239.496,3.529411764705882
4,2,2,6,1,0,False,18918900,247.94880000000003,3.125
4,2,2,5,2,0,False,56756700,253.584,3.3333333333333335
4,2,2,5,1,1,True,56756700,245.13120000000004,3.3333333333333335
4,2,2,4,3,0,False,94594500,256.4016,3.5714285714285716
4,2,2,4,2,1,True,189189000,260.34623999999997,2.857142857142857
4,2,2,4,1,2,True,94594500,240.62304,3.5714285714285716
4,2,2,3,4,0,False,94594500,256.4016,3.0769230769230766
4,2,2,3,3,1,True,283783500,271.05312,3.0769230769230766
4,2,2,3,2,2,True,283783500,263.72736000000003,3.0769230769230766
4,2,2,3,1,3,True,94594500,234.42432000000002,3.846153846153846
4,2,2,2,5,0,False,56756700,253.58399999999997,3.3333333333333335
4,2,2,2,4,1,True,227026800,277.25184,3.3333333333333335
4,2,2,2,3,2,True,340540200,280.63296,3.3333333333333335
4,2,2,2,2,3,True,227026800,263.72736000000003,3.3333333333333335
4,2,2,2,1,4,True,56756700,226.53504000000004,3.3333333333333335
4,2,2,1,6,0,False,18918900,232.452,3.6363636363636362
4,2,2,1,5,1,True,94594500,278.9424000000001,2.727272727272727
4,2,2,1,4,2,True,189189000,291.33984000000004,2.727272727272727
4,2,2,1,3,3,True,189189000,285.14112,2.727272727272727
4,2,2,1,2,4,True,94594500,260.34624,3.6363636363636362
4,2,2,1,1,5,True,18918900,216.9552,3.6363636363636362
4,2,2,0,7,0,False,2702700,211.32,4.0
4,2,2,0,6,1,False,16216200,253.58400000000003,3.0
4,2,2,0,5,2,False,40540500,295.848,3.0
4,2,2,0,4,3,False,54054000,298.6656,3.0
4,2,2,0,3,4,False,40540500,284.5776000000001,3.0
4,2,2,0,2,5,False,16216200,253.58400000000003,3.0
4,2,2,0,1,6,False,2702700,205.6848,4.0
4,2,1,8,0,0,False,675675,232.45200000000003,3.333333333333333
4,2,1,7,1,0,False,5405400,241.49180000000007,3.529411764705882
4,2,1,6,2,0,False,18918900,247.94880000000003,3.125
4,2,1,6,1,1,True,18918900,239.68384000000006,3.125
4,2,1,5,3,0,False,37837800,251.82300000000004,3.3333333333333335
4,2,1,5,2,1,True,75675600,255.69720000000004,3.3333333333333335
4,2,1,5,1,2,True,37837800,236.32620000000003,3.3333333333333335
4,2,1,4,4,0,False,47297250,253.11440000000002,3.5714285714285716
4,2,1,4,3,1,True,141891750,267.57808,2.857142857142857
4,2,1,4,2,2,True,141891750,260.34623999999997,2.857142857142857
4,2,1,4,1,3,True,47297250,231.41888000000003,3.5714285714285716
4,2,1,3,5,0,False,37837800,251.82300000000006,3.0769230769230766
4,2,1,3,4,1,True,151351200,275.32648000000006,3.0769230769230766
4,2,1,3,3,2,True,227026800,278.68412000000006,3.0769230769230766
4,2,1,3,2,3,True,151351200,261.89592000000005,3.0769230769230766
4,2,1,3,1,4,True,37837800,224.96188000000004,3.846153846153846
4,2,1,2,6,0,False,18918900,232.45200000000003,3.3333333333333335
4,2,1,2,5,1,True,94594500,278.9424000000001,3.3333333333333335
4,2,1,2,4,2,True,189189000,291.33984000000004,3.3333333333333335
4,2,1,2,3,3,True,189189000,285.14112000000006,3.3333333333333335
4,2,1,2,2,4,True,94594500,260.34624,3.3333333333333335
4,2,1,2,1,5,True,18918900,216.95520000000002,4.166666666666667
4,2,1,1,7,0,False,5405400,213.08100000000005,3.6363636363636362
4,2,1,1,6,1,True,32432400,255.6972000000001,3.6363636363636362
4,2,1,1,5,2,True,81081000,298.3134000000001,2.727272727272727
4,2,1,1,4,3,True,108108000,301.1544800000001,2.727272727272727
4,2,1,1,3,4,True,81081000,286.9490800000001,2.727272727272727
4,2,1,1,2,5,True,32432400,255.6972000000001,3.6363636363636362
4,2,1,1,1,6,True,5405400,207.39884000000004,3.6363636363636362
4,2,1,0,8,0,False,675675,193.71000000000004,4.0
4,2,1,0,7,1,False,4729725,232.45200000000006,4.0
4,2,1,0,6,2,False,14189175,271.1940000000001,3.0
4,2,1,0,5,3,False,23648625,309.93600000000004,3.0
4,2,1,0,4,4,False,23648625,304.77040000000005,3.0
4,2,1,0,3,5,False,14189175,284.10800000000006,3.0
4,2,1,0,2,6,False,4729725,247.94880000000003,3.0
4,2,1,0,1,7,False,675675,196.29280000000003,4.0
4,2,0,9,0,0,False,75075,223.06,3.68421052631579
4,2,0,8,1,0,False,675675,232.45200000000003,3.333333333333333
4,2,0,7,2,0,False,2702700,239.496,3.529411764705882
4,2,0,7,1,1,False,2702700,231.51280000000006,3.529411764705882
4,2,0,6,3,0,False,6306300,244.192,3.125
4,2,0,6,2,1,False,12612600,247.94880000000003,3.125
4,2,0,6,1,2,False,6306300,229.1648,3.75
4,2,0,5,4,0,False,9459450,246.54000000000002,3.3333333333333335
4,2,0,5,3,1,False,28378350,260.62800000000004,3.3333333333333335
4,2,0,5,2,2,False,28378350,253.584,3.3333333333333335
4,2,0,5,1,3,False,9459450,225.40800000000002,3.3333333333333335
4,2,0,4,5,0,False,9459450,246.54000000000002,3.5714285714285716
4,2,0,4,4,1,False,37837800,269.5504,2.857142857142857
4,2,0,4,3,2,False,56756700,272.8376,2.857142857142857
4,2,0,4,2,3,False,37837800,256.4016,3.5714285714285716
4,2,0,4,1,4,False,9459450,220.24240000000003,3.5714285714285716
4,2,0,3,6,0,False,6306300,228.93000000000004,3.846153846153846
4,2,0,3,5,1,False,31531500,274.71600000000007,3.0769230769230766
4,2,0,3,4,2,False,63063000,286.9256000000001,3.0769230769230766
4,2,0,3,3,3,False,63063000,280.8208000000001,3.0769230769230766
4,2,0,3,2,4,False,31531500,256.40160000000003,3.0769230769230766
4,2,0,3,1,5,False,6306300,213.66800000000003,3.846153846153846
4,2,0,2,7,0,False,2702700,211.32000000000002,4.166666666666667
4,2,0,2,6,1,False,16216200,253.58400000000006,3.3333333333333335
4,2,0,2,5,2,False,40540500,295.848,2.5
4,2,0,2,4,3,False,54054000,298.66560000000004,2.5
4,2,0,2,3,4,False,40540500,284.5776000000001,3.3333333333333335
4,2,0,2,2,5,False,16216200,253.58400000000006,3.3333333333333335
4,2,0,2,1,6,False,2702700,205.6848,4.166666666666667
4,2,0,1,8,0,False,675675,193.71000000000004,4.545454545454545
4,2,0,1,7,1,False,4729725,232.45200000000008,3.6363636363636362
4,2,0,1,6,2,False,14189175,271.194,2.727272727272727
4,2,0,1,5,3,False,23648625,309.93600000000004,2.727272727272727
4,2,0,1,4,4,False,23648625,304.77040000000005,2.727272727272727
4,2,0,1,3,5,False,14189175,284.10800000000006,2.727272727272727
4,2,0,1,2,6,False,4729725,247.94880000000003,3.6363636363636362
4,2,0,1,1,7,False,675675,196.29280000000003,4.545454545454545
4,2,0,0,9,0,False,75075,176.10000000000002,5.0
4,2,0,0,8,1,False,600600,211.32000000000005,4.0
4,2,0,0,7,2,False,2102100,246.54000000000002,3.0
4,2,0,0,6,3,False,4204200,281.76,3.0
4,2,0,0,5,4,False,5255250,316.98,3.0
4,2,0,0,4,5,False,4204200,305.24,3.0
4,2,0,0,3,6,False,2102100,279.412,3.0
4,2,0,0,2,7,False,600600,239.496,4.0
4,2,0,0,1,8,False,75075,185.49200000000002,4.0
4,1,10,0,0,0,False,15015,229.4,4.0
4,1,9,1,0,0,False,150150,239.72299999999998,3.6363636363636362
4,1,9,0,1,0,False,150150,239.723,4.0
4,1,8,2,0,0,False,675675,247.752,3.3333333333333335
4,1,8,1,1,0,False,1351350,249.81660000000002,3.6363636363636362
4,1,8,0,2,0,False,675675,247.752,3.0
4,1,8,0,1,1,False,675675,239.49360000000001,4.0
4,1,7,3,0,0,False,1801800,253.48700000000002,3.0769230769230766
4,1,7,2,1,0,False,5405400,257.38680000000005,3.3333333333333335
4,1,7,1,2,0,False,5405400,257.38680000000005,3.6363636363636362
4,1,7,1,1,1,True,5405400,248.8072400000001,3.6363636363636362
4,1,7,0,3,0,False,1801800,253.48700000000005,3.0
4,1,7,0,2,1,False,3603600,257.38680000000005,3.0
4,1,7,0,1,2,False,1801800,237.88780000000003,4.0
4,1,6,4,0,0,False,3153150,256.928,3.5714285714285716
4,1,6,3,1,0,False,12612600,262.43360000000007,3.0769230769230766
4,1,6,2,2,0,False,18918900,264.2688,3.3333333333333335
4,1,6,2,1,1,True,18918900,255.45984000000004,3.3333333333333335
4,1,6,1,3,0,False,12612600,262.43360000000007,3.6363636363636362
4,1,6,1,2,1,True,25225200,266.4710400000001,3.6363636363636362
4,1,6,1,1,2,True,12612600,246.28384000000003,3.6363636363636362
4,1,6,0,4,0,False,3153150,256.928,3.0
4,1,6,0,3,1,False,9459450,271.6096,3.0
4,1,6,0,2,2,False,9459450,264.2688,3.0
4,1,6,0,1,3,False,3153150,234.90560000000002,4.0
4,1,5,5,0,0,False,3783780,258.07500000000005,3.3333333333333335
4,1,5,4,1,0,False,18918900,264.957,2.857142857142857
4,1,5,3,2,0,False,37837800,268.398,3.0769230769230766
4,1,5,3,1,1,True,37837800,259.45140000000004,3.0769230769230766
4,1,5,2,3,0,False,37837800,268.398,3.3333333333333335
4,1,5,2,2,1,True,75675600,272.5272,3.3333333333333335
4,1,5,2,1,2,True,37837800,251.88119999999998,3.3333333333333335
4,1,5,1,4,0,False,18918900,264.95700000000005,3.6363636363636362
4,1,5,1,3,1,True,56756700,280.09740000000005,2.727272727272727
4,1,5,1,2,2,True,56756700,272.52720000000005,2.727272727272727
4,1,5,1,1,3,True,18918900,242.24640000000008,3.6363636363636362
4,1,5,0,5,0,False,3783780,258.075,3.0
4,1,5,0,4,1,False,15135120,282.16200000000003,3.0
4,1,5,0,3,2,False,22702680,285.603,3.0
4,1,5,0,2,3,False,15135120,268.398,3.0
4,1,5,0,1,4,False,3783780,230.54700000000003,4.0
4,1,4,6,0,0,False,3153150,256.92800000000005,3.125
4,1,4,5,1,0,False,18918900,264.95700000000005,3.3333333333333335
4,1,4,4,2,0,False,47297250,269.77439999999996,2.857142857142857
4,1,4,4,1,1,True,47297250,260.78192,2.857142857142857
4,1,4,3,3,0,False,63063000,271.38020000000006,3.0769230769230766
4,1,4,3,2,1,True,126126000,275.55528,3.0769230769230766
4,1,4,3,1,2,True,63063000,254.67988000000003,3.0769230769230766
4,1,4,2,4,0,False,47297250,269.7744,3.3333333333333335
4,1,4,2,3,1,True,141891750,285.19007999999997,3.3333333333333335
4,1,4,2,2,2,True,141891750,277.48224,3.3333333333333335
4,1,4,2,1,3,True,47297250,246.65088,3.3333333333333335
4,1,4,1,5,0,False,18918900,264.95700000000005,3.6363636363636362
4,1,4,1,4,1,True,75675600,289.68632,2.727272727272727
4,1,4,1,3,2,True,113513400,293.2190800000001,2.727272727272727
4,1,4,1,2,3,True,75675600,275.5552800000001,2.727272727272727
4,1,4,1,1,4,True,18918900,236.69492000000002,3.6363636363636362
4,1,4,0,6,0,False,3153150,240.87,4.0
4,1,4,0,5,1,False,15765750,289.04400000000004,3.0
4,1,4,0,4,2,False,31531500,301.8904,3.0
4,1,4,0,3,3,False,31531500,295.4672,3.0
4,1,4,0,2,4,False,15765750,269.7744,3.0
4,1,4,0,1,5,False,3153150,224.812,4.0
4,1,3,7,0,0,False,1801800,253.48700000000005,2.941176470588235
4,1,3,6,1,0,False,12612600,262.43360000000007,3.125
4,1,3,5,2,0,False,37837800,268.398,3.3333333333333335
4,1,3,5,1,1,True,37837800,259.4514000000001,3.3333333333333335
4,1,3,4,3,0,False,63063000,271.38020000000006,2.857142857142857
4,1,3,4,2,1,True,126126000,275.55528000000004,2.857142857142857
4,1,3,4,1,2,True,63063000,254.67988000000003,3.5714285714285716
4,1,3,3,4,0,False,63063000,271.38020000000006,3.0769230769230766
4,1,3,3,3,1,True,189189000,286.88764000000003,3.0769230769230766
4,1,3,3,2,2,True,189189000,279.13392000000005,3.0769230769230766
4,1,3,3,1,3,True,63063000,248.11904000000007,3.0769230769230766
4,1,3,2,5,0,False,37837800,268.398,3.3333333333333335
4,1,3,2,4,1,True,151351200,293.4484800000001,3.3333333333333335
4,1,3,2,3,2,True,227026800,297.0271200000001,2.5
4,1,3,2,2,3,True,151351200,279.13392000000005,3.3333333333333335
4,1,3,2,1,4,True,37837800,239.76888000000002,3.3333333333333335
4,1,3,1,6,0,False,12612600,246.03150000000005,3.6363636363636362
4,1,3,1,5,1,True,63063000,295.2378000000001,2.727272727272727
4,1,3,1,4,2,True,126126000,308.3594800000001,2.727272727272727
4,1,3,1,3,3,True,126126000,301.7986400000001,2.727272727272727
4,1,3,1,2,4,True,63063000,275.5552800000001,2.727272727272727
4,1,3,1,1,5,True,12612600,229.62940000000003,3.6363636363636362
4,1,3,0,7,0,False,1801800,223.66500000000002,4.0
4,1,3,0,6,1,False,10810800,268.3980000000001,3.0
4,1,3,0,5,2,False,27027000,313.1310000000001,3.0
4,1,3,0,4,3,False,36036000,316.11320000000006,3.0
4,1,3,0,3,4,False,27027000,301.2022000000001,3.0
4,1,3,0,2,5,False,10810800,268.3980000000001,3.0
4,1,3,0,1,6,False,1801800,217.70060000000004,4.0
4,1,2,8,0,0,False,675675,247.75199999999998,3.333333333333333
4,1,2,7,1,0,False,5405400,257.3868,2.941176470588235
4,1,2,6,2,0,False,18918900,264.2688,3.125
4,1,2,6,1,1,True,18918900,255.45984000000004,3.125
4,1,2,5,3,0,False,37837800,268.398,3.3333333333333335
4,1,2,5,2,1,True,75675600,272.5272,3.3333333333333335
4,1,2,5,1,2,True,37837800,251.88119999999998,3.3333333333333335
4,1,2,4,4,0,False,47297250,269.77439999999996,2.857142857142857
4,1,2,4,3,1,True,141891750,285.19007999999997,2.857142857142857
4,1,2,4,2,2,True,141891750,277.48223999999993,2.857142857142857
4,1,2,4,1,3,True,47297250,246.65088,3.5714285714285716
4,1,2,3,5,0,False,37837800,268.398,3.0769230769230766
4,1,2,3,4,1,True,151351200,293.44848,3.0769230769230766
4,1,2,3,3,2,True,227026800,297.02712,3.0769230769230766
4,1,2,3,2,3,True,151351200,279.13392,3.0769230769230766
4,1,2,3,1,4,True,37837800,239.76888000000002,3.0769230769230766
4,1,2,2,6,0,False,18918900,247.752,3.3333333333333335
4,1,2,2,5,1,True,94594500,297.3024,2.5
4,1,2,2,4,2,True,189189000,310.51584,2.5
4,1,2,2,3,3,True,189189000,303.90912000000003,2.5
4,1,2,2,2,4,True,94594500,277.48224,3.3333333333333335
4,1,2,2,1,5,True,18918900,231.23519999999996,3.3333333333333335
4,1,2,1,7,0,False,5405400,227.10600000000002,3.6363636363636362
4,1,2,1,6,1,True,32432400,272.52720000000005,2.727272727272727
4,1,2,1,5,2,True,81081000,317.94840000000005,2.727272727272727
4,1,2,1,4,3,True,108108000,320.97648000000004,2.727272727272727
4,1,2,1,3,4,True,81081000,305.8360800000001,2.727272727272727
4,1,2,1,2,5,True,32432400,272.52720000000005,2.727272727272727
4,1,2,1,1,6,True,5405400,221.04984,3.6363636363636362
4,1,2,0,8,0,False,675675,206.46,4.0
4,1,2,0,7,1,False,4729725,247.752,3.0
4,1,2,0,6,2,False,14189175,289.04400000000004,3.0
4,1,2,0,5,3,False,23648625,330.336,3.0
4,1,2,0,4,4,False,23648625,324.83040000000005,3.0
4,1,2,0,3,5,False,14189175,302.808,3.0
4,1,2,0,2,6,False,4729725,264.2688,3.0
4,1,2,0,1,7,False,675675,209.2128,4.0
4,1,1,9,0,0,False,150150,239.723,3.1578947368421053
4,1,1,8,1,0,False,1351350,249.81660000000002,3.333333333333333
4,1,1,7,2,0,False,5405400,257.3868,2.941176470588235
4,1,1,7,1,1,True,5405400,248.8072400000001,3.529411764705882
4,1,1,6,3,0,False,12612600,262.4336,3.125
4,1,1,6,2,1,True,25225200,266.4710400000001,3.125
4,1,1,6,1,2,True,12612600,246.28384000000005,3.125
4,1,1,5,4,0,False,18918900,264.957,3.3333333333333335
4,1,1,5,3,1,True,56756700,280.0974,2.6666666666666665
4,1,1,5,2,2,True,56756700,272.5272,3.3333333333333335
4,1,1,5,1,3,True,18918900,242.24640000000005,3.3333333333333335
4,1,1,4,5,0,False,18918900,264.957,2.857142857142857
4,1,1,4,4,1,True,75675600,289.68632,2.857142857142857
4,1,1,4,3,2,True,113513400,293.2190800000001,2.857142857142857
4,1,1,4,2,3,True,75675600,275.55528000000004,2.857142857142857
4,1,1,4,1,4,True,18918900,236.69492000000002,3.5714285714285716
4,1,1,3,6,0,False,12612600,246.03150000000005,3.0769230769230766
4,1,1,3,5,1,True,63063000,295.2378,3.0769230769230766
4,1,1,3,4,2,True,126126000,308.3594800000001,3.0769230769230766
4,1,1,3,3,3,True,126126000,301.7986400000001,3.0769230769230766
4,1,1,3,2,4,True,63063000,275.5552800000001,3.0769230769230766
4,1,1,3,1,5,True,12612600,229.6294,3.846153846153846
4,1,1,2,7,0,False,5405400,227.10600000000002,3.3333333333333335
4,1,1,2,6,1,True,32432400,272.5272,3.3333333333333335
4,1,1,2,5,2,True,81081000,317.94840000000005,2.5
4,1,1,2,4,3,True,108108000,320.97648000000004,2.5
4,1,1,2,3,4,True,81081000,305.8360800000001,2.5
4,1,1,2,2,5,True,32432400,272.5272,3.3333333333333335
4,1,1,2,1,6,True,5405400,221.04984000000005,4.166666666666667
4,1,1,1,8,0,False,1351350,208.18050000000005,3.6363636363636362
4,1,1,1,7,1,True,9459450,249.81660000000002,3.6363636363636362
4,1,1,1,6,2,True,28378350,291.4527000000001,2.727272727272727
4,1,1,1,5,3,True,47297250,333.0888,2.727272727272727
4,1,1,1,4,4,True,47297250,327.53732000000014,2.727272727272727
4,1,1,1,3,5,True,28378350,305.33140000000003,2.727272727272727
4,1,1,1,2,6,True,9459450,266.47104,3.6363636363636362
4,1,1,1,1,7,True,1351350,210.95624000000007,3.6363636363636362
4,1,1,0,9,0,False,150150,189.25500000000002,4.0
4,1,1,0,8,1,False,1201200,227.106,4.0
4,1,1,0,7,2,False,4204200,264.95700000000005,3.0
4,1,1,0,6,3,False,8408400,302.808,3.0
4,1,1,0,5,4,False,10510500,340.65900000000005,3.0
4,1,1,0,4,5,False,8408400,328.04200000000003,3.0
4,1,1,0,3,6,False,4204200,300.2846,3.0
4,1,1,0,2,7,False,1201200,257.3868,3.0
4,1,1,0,1,8,False,150150,199.34860000000003,4.0
4,1,0,10,0,0,False,15015,229.4,3.5
4,1,0,9,1,0,False,150150,239.723,3.1578947368421053
4,1,0,8,2,0,False,675675,247.75199999999998,3.333333333333333
4,1,0,8,1,1,False,675675,239.49360000000004,3.333333333333333
4,1,0,7,3,0,False,1801800,253.48700000000005,2.941176470588235
4,1,0,7,2,1,False,3603600,257.3868,2.941176470588235
4,1,0,7,1,2,False,1801800,237.88780000000003,3.529411764705882
4,1,0,6,4,0,False,3153150,256.92800000000005,3.125
4,1,0,6,3,1,False,9459450,271.6096,3.125
4,1,0,6,2,2,False,9459450,264.2688,3.125
4,1,0,6,1,3,False,3153150,234.90560000000002,3.75
4,1,0,5,5,0,False,3783780,258.07500000000005,3.3333333333333335
4,1,0,5,4,1,False,15135120,282.16200000000003,2.6666666666666665
4,1,0,5,3,2,False,22702680,285.60300000000007,2.6666666666666665
4,1,0,5,2,3,False,15135120,268.398,3.3333333333333335
4,1,0,5,1,4,False,3783780,230.54700000000003,3.3333333333333335
4,1,0,4,6,0,False,3153150,240.87,3.5714285714285716
4,1,0,4,5,1,False,15765750,289.044,2.857142857142857
4,1,0,4,4,2,False,31531500,301.8904,2.857142857142857
4,1,0,4,3,3,False,31531500,295.4672,2.857142857142857
4,1,0,4,2,4,False,15765750,269.7744,2.857142857142857
4,1,0,4,1,5,False,3153150,224.812,3.5714285714285716
4,1,0,3,7,0,False,1801800,223.66500000000002,3.846153846153846
4,1,0,3,6,1,False,10810800,268.398,3.0769230769230766
4,1,0,3,5,2,False,27027000,313.13100000000003,3.0769230769230766
4,1,0,3,4,3,False,36036000,316.11320000000006,3.0769230769230766
4,1,0,3,3,4,False,27027000,301.2022000000001,3.0769230769230766
4,1,0,3,2,5,False,10810800,268.398,3.0769230769230766
4,1,0,3,1,6,False,1801800,217.70059999999998,3.846153846153846
4,1,0,2,8,0,False,675675,206.46,4.166666666666667
4,1,0,2,7,1,False,4729725,247.752,3.3333333333333335
4,1,0,2,6,2,False,14189175,289.04400000000004,3.3333333333333335
4,1,0,2,5,3,False,23648625,330.33599999999996,2.5
4,1,0,2,4,4,False,23648625,324.83040000000005,2.5
4,1,0,2,3,5,False,14189175,302.80800000000005,2.5
4,1,0,2,2,6,False,4729725,264.2688,3.3333333333333335
4,1,0,2,1,7,False,675675,209.21280000000002,4.166666666666667
4,1,0,1,9,0,False,150150,189.25500000000002,4.545454545454545
4,1,0,1,8,1,False,1201200,227.10600000000002,3.6363636363636362
4,1,0,1,7,2,False,4204200,264.95700000000005,3.6363636363636362
4,1,0,1,6,3,False,8408400,302.808,2.727272727272727
4,1,0,1,5,4,False,10510500,340.6590000000001,2.727272727272727
4,1,0,1,4,5,False,8408400,328.04200000000003,2.727272727272727
4,1,0,1,3,6,False,4204200,300.2846,2.727272727272727
4,1,0,1,2,7,False,1201200,257.38680000000005,3.6363636363636362
4,1,0,1,1,8,False,150150,199.3486,4.545454545454545
4,1,0,0,10,0,False,15015,172.05,5.0
4,1,0,0,9,1,False,135135,206.46,4.0
4,1,0,0,8,2,False,540540,240.87000000000003,4.0
4,1,0,0,7,3,False,1261260,275.28,3.0
4,1,0,0,6,4,False,1891890,309.69000000000005,3.0
4,1,0,0,5,5,False,1891890,344.1,3.0
4,1,0,0,4,6,False,1261260,325.74800000000005,3.0
4,1,0,0,3,7,False,540540,293.63200000000006,3.0
4,1,0,0,2,8,False,135135,247.752,3.0
4,1,0,0,1,9,False,15015,188.108,4.0
4,0,11,0,0,0,False,1365,235.20000000000002,4.0
4,0,10,1,0,0,False,15015,246.40000000000003,3.6363636363636362
4,0,10,0,1,0,False,15015,246.4,3.0
4,0,9,2,0,0,False,75075,255.36,3.3333333333333335
4,0,9,1,1,0,False,150150,257.48800000000006,3.6363636363636362
4,0,9,0,2,0,False,75075,255.36,3.0
4,0,9,0,1,1,False,75075,246.84800000000007,3.0
4,0,8,3,0,0,False,225225,262.08000000000004,3.0769230769230766
4,0,8,2,1,0,False,675675,266.112,3.3333333333333335
4,0,8,1,2,0,False,675675,266.112,3.6363636363636362
4,0,8,1,1,1,False,675675,257.24160000000006,3.6363636363636362
4,0,8,0,3,0,False,225225,262.08000000000004,3.0
4,0,8,0,2,1,False,450450,266.112,3.0
4,0,8,0,1,2,False,225225,245.952,3.0
4,0,7,4,0,0,False,450450,266.56000000000006,2.857142857142857
4,0,7,3,1,0,False,1801800,272.2720000000001,3.0769230769230766
4,0,7,2,2,0,False,2702700,274.176,3.3333333333333335
4,0,7,2,1,1,False,2702700,265.0368,3.3333333333333335
4,0,7,1,3,0,False,1801800,272.27200000000005,2.727272727272727
4,0,7,1,2,1,False,3603600,276.46080000000006,2.727272727272727
4,0,7,1,1,2,False,1801800,255.51680000000005,3.6363636363636362
4,0,7,0,4,0,False,450450,266.56000000000006,3.0
4,0,7,0,3,1,False,1351350,281.7920000000001,3.0
4,0,7,0,2,2,False,1351350,274.17600000000004,3.0
4,0,7,0,1,3,False,450450,243.71200000000005,4.0
4,0,6,5,0,0,False,630630,268.8,3.3333333333333335
4,0,6,4,1,0,False,3153150,275.968,2.857142857142857
4,0,6,3,2,0,False,6306300,279.552,3.0769230769230766
4,0,6,3,1,1,False,6306300,270.2336000000001,3.0769230769230766
4,0,6,2,3,0,False,6306300,279.552,3.3333333333333335
4,0,6,2,2,1,False,12612600,283.8528,3.3333333333333335
4,0,6,2,1,2,False,6306300,262.3488,3.3333333333333335
4,0,6,1,4,0,False,3153150,275.968,2.727272727272727
4,0,6,1,3,1,False,9459450,291.73760000000004,2.727272727272727
4,0,6,1,2,2,False,9459450,283.8528,2.727272727272727
4,0,6,1,1,3,False,3153150,252.31360000000006,3.6363636363636362
4,0,6,0,5,0,False,630630,268.8,3.0
4,0,6,0,4,1,False,2522520,293.88800000000003,3.0
4,0,6,0,3,2,False,3783780,297.47200000000004,3.0
4,0,6,0,2,3,False,2522520,279.552,3.0
4,0,6,0,1,4,False,630630,240.12800000000004,4.0
4,0,5,6,0,0,False,630630,268.8,3.125
4,0,5,5,1,0,False,3783780,277.20000000000005,2.6666666666666665
4,0,5,4,2,0,False,9459450,282.24,2.857142857142857
4,0,5,4,1,1,False,9459450,272.832,2.857142857142857
4,0,5,3,3,0,False,12612600,283.92,3.0769230769230766
4,0,5,3,2,1,False,25225200,288.288,3.0769230769230766
4,0,5,3,1,2,False,12612600,266.44800000000004,3.0769230769230766
4,0,5,2,4,0,False,9459450,282.24,3.3333333333333335
4,0,5,2,3,1,False,28378350,298.368,2.5
4,0,5,2,2,2,False,28378350,290.304,3.3333333333333335
4,0,5,2,1,3,False,9459450,258.048,3.3333333333333335
4,0,5,1,5,0,False,3783780,277.20000000000005,2.727272727272727
4,0,5,1,4,1,False,15135120,303.07200000000006,2.727272727272727
4,0,5,1,3,2,False,22702680,306.7680000000001,2.727272727272727
4,0,5,1,2,3,False,15135120,288.28800000000007,2.727272727272727
4,0,5,1,1,4,False,3783780,247.63200000000006,3.6363636363636362
4,0,5,0,6,0,False,630630,252.0,3.0
4,0,5,0,5,1,False,3153150,302.40000000000003,3.0
4,0,5,0,4,2,False,6306300,315.84000000000003,3.0
4,0,5,0,3,3,False,6306300,309.12000000000006,3.0
4,0,5,0,2,4,False,3153150,282.24,3.0
4,0,5,0,1,5,False,630630,235.20000000000002,4.0
4,0,4,7,0,0,False,450450,266.56000000000006,2.941176470588235
4,0,4,6,1,0,False,3153150,275.968,3.125
4,0,4,5,2,0,False,9459450,282.24,2.6666666666666665
4,0,4,5,1,1,False,9459450,272.83200000000005,3.3333333333333335
4,0,4,4,3,0,False,15765750,285.37600000000003,2.857142857142857
4,0,4,4,2,1,False,31531500,289.76640000000003,2.857142857142857
4,0,4,4,1,2,False,15765750,267.81440000000003,2.857142857142857
4,0,4,3,4,0,False,15765750,285.376,3.0769230769230766
4,0,4,3,3,1,False,47297250,301.6832,3.0769230769230766
4,0,4,3,2,2,False,47297250,293.5296000000001,3.0769230769230766
4,0,4,3,1,3,False,15765750,260.9152,3.0769230769230766
4,0,4,2,5,0,False,9459450,282.24,3.3333333333333335
4,0,4,2,4,1,False,37837800,308.58239999999995,2.5
4,0,4,2,3,2,False,56756700,312.3456,2.5
4,0,4,2,2,3,False,37837800,293.5296,3.3333333333333335
4,0,4,2,1,4,False,9459450,252.13440000000006,3.3333333333333335
4,0,4,1,6,0,False,3153150,258.72,3.6363636363636362
4,0,4,1,5,1,False,15765750,310.46400000000006,2.727272727272727
4,0,4,1,4,2,False,31531500,324.26240000000007,2.727272727272727
4,0,4,1,3,3,False,31531500,317.36320000000006,2.727272727272727
4,0,4,1,2,4,False,15765750,289.7664000000001,2.727272727272727
4,0,4,1,1,5,False,3153150,241.472,3.6363636363636362
4,0,4,0,7,0,False,450450,235.20000000000002,4.0
4,0,4,0,6,1,False,2702700,282.24,3.0
4,0,4,0,5,2,False,6756750,329.28000000000003,3.0
4,0,4,0,4,3,False,9009000,332.41600000000005,3.0
4,0,4,0,3,4,False,6756750,316.7360000000001,3.0
4,0,4,0,2,5,False,2702700,282.24,3.0
4,0,4,0,1,6,False,450450,228.928,4.0
4,0,3,8,0,0,False,225225,262.08,3.333333333333333
4,0,3,7,1,0,False,1801800,272.27200000000005,2.941176470588235
4,0,3,6,2,0,False,6306300,279.5520000000001,3.125
4,0,3,6,1,1,False,6306300,270.2336000000001,3.125
4,0,3,5,3,0,False,12612600,283.92,2.6666666666666665
4,0,3,5,2,1,False,25225200,288.288,2.6666666666666665
4,0,3,5,1,2,False,12612600,266.448,3.3333333333333335
4,0,3,4,4,0,False,15765750,285.376,2.857142857142857
4,0,3,4,3,1,False,47297250,301.6832,2.857142857142857
4,0,3,4,2,2,False,47297250,293.52959999999996,2.857142857142857
4,0,3,4,1,3,False,15765750,260.9152,2.857142857142857
4,0,3,3,5,0,False,12612600,283.92,3.0769230769230766
4,0,3,3,4,1,False,50450400,310.41920000000005,3.0769230769230766
4,0,3,3,3,2,False,75675600,314.20480000000003,3.0769230769230766
4,0,3,3,2,3,False,50450400,295.27680000000004,3.0769230769230766
4,0,3,3,1,4,False,12612600,253.63520000000005,3.0769230769230766
4,0,3,2,6,0,False,6306300,262.08,3.3333333333333335
4,0,3,2,5,1,False,31531500,314.49600000000004,2.5
4,0,3,2,4,2,False,63063000,328.4736,2.5
4,0,3,2,3,3,False,63063000,321.4848,2.5
4,0,3,2,2,4,False,31531500,293.5296000000001,3.3333333333333335
4,0,3,2,1,5,False,6306300,244.608,3.3333333333333335
4,0,3,1,7,0,False,1801800,240.24000000000004,3.6363636363636362
4,0,3,1,6,1,False,10810800,288.28800000000007,2.727272727272727
4,0,3,1,5,2,False,27027000,336.336,2.727272727272727
4,0,3,1,4,3,False,36036000,339.53920000000005,2.727272727272727
4,0,3,1,3,4,False,27027000,323.5232000000001,2.727272727272727
4,0,3,1,2,5,False,10810800,288.28800000000007,2.727272727272727
4,0,3,1,1,6,False,1801800,233.83360000000002,3.6363636363636362
4,0,3,0,8,0,False,225225,218.4,4.0
4,0,3,0,7,1,False,1576575,262.08000000000004,3.0
4,0,3,0,6,2,False,4729725,305.76,3.0
4,0,3,0,5,3,False,7882875,349.44000000000005,3.0
4,0,3,0,4,4,False,7882875,343.61600000000004,3.0
4,0,3,0,3,5,False,4729725,320.32000000000005,3.0
4,0,3,0,2,6,False,1576575,279.552,3.0
4,0,3,0,1,7,False,225225,221.312,4.0
4,0,2,9,0,0,False,75075,255.35999999999999,3.1578947368421053
4,0,2,8,1,0,False,675675,266.112,2.7777777777777777
4,0,2,7,2,0,False,2702700,274.17600000000004,2.941176470588235
4,0,2,7,1,1,False,2702700,265.0368000000001,2.941176470588235
4,0,2,6,3,0,False,6306300,279.5520000000001,3.125
4,0,2,6,2,1,False,12612600,283.85280000000006,3.125
4,0,2,6,1,2,False,6306300,262.34880000000004,3.125
4,0,2,5,4,0,False,9459450,282.24,2.6666666666666665
4,0,2,5,3,1,False,28378350,298.368,2.6666666666666665
4,0,2,5,2,2,False,28378350,290.304,2.6666666666666665
4,0,2,5,1,3,False,9459450,258.048,3.3333333333333335
4,0,2,4,5,0,False,9459450,282.24,2.857142857142857
4,0,2,4,4,1,False,37837800,308.58240000000006,2.857142857142857
4,0,2,4,3,2,False,56756700,312.3456,2.857142857142857
4,0,2,4,2,3,False,37837800,293.52959999999996,2.857142857142857
4,0,2,4,1,4,False,9459450,252.1344,3.5714285714285716
4,0,2,3,6,0,False,6306300,262.08000000000004,3.0769230769230766
4,0,2,3,5,1,False,31531500,314.4960000000001,3.0769230769230766
4,0,2,3,4,2,False,63063000,328.47360000000003,2.3076923076923075
4,0,2,3,3,3,False,63063000,321.48480000000006,2.3076923076923075
4,0,2,3,2,4,False,31531500,293.5296000000001,3.0769230769230766
4,0,2,3,1,5,False,6306300,244.608,3.0769230769230766
4,0,2,2,7,0,False,2702700,241.92000000000002,3.3333333333333335
4,0,2,2,6,1,False,16216200,290.30400000000003,3.3333333333333335
4,0,2,2,5,2,False,40540500,338.688,2.5
4,0,2,2,4,3,False,54054000,341.91360000000003,2.5
4,0,2,2,3,4,False,40540500,325.78560000000004,2.5
4,0,2,2,2,5,False,16216200,290.30400000000003,3.3333333333333335
4,0,2,2,1,6,False,2702700,235.46880000000002,3.3333333333333335
4,0,2,1,8,0,False,675675,221.76000000000005,3.6363636363636362
4,0,2,1,7,1,False,4729725,266.1120000000001,3.6363636363636362
4,0,2,1,6,2,False,14189175,310.46400000000006,2.727272727272727
4,0,2,1,5,3,False,23648625,354.81600000000003,2.727272727272727
4,0,2,1,4,4,False,23648625,348.9024000000001,2.727272727272727
4,0,2,1,3,5,False,14189175,325.24800000000005,2.727272727272727
4,0,2,1,2,6,False,4729725,283.8528,2.727272727272727
4,0,2,1,1,7,False,675675,224.71680000000003,3.6363636363636362
4,0,2,0,9,0,False,75075,201.60000000000002,4.0
4,0,2,0,8,1,False,600600,241.92000000000004,4.0
4,0,2,0,7,2,False,2102100,282.24,3.0
4,0,2,0,6,3,False,4204200,322.56,3.0
4,0,2,0,5,4,False,5255250,362.88000000000005,3.0
4,0,2,0,4,5,False,4204200,349.44000000000005,3.0
4,0,2,0,3,6,False,2102100,319.872,3.0
4,0,2,0,2,7,False,600600,274.17600000000004,3.0
4,0,2,0,1,8,False,75075,212.352,4.0
4,0,1,10,0,0,False,15015,246.4,3.0
4,0,1,9,1,0,False,150150,257.488,3.1578947368421053
4,0,1,8,2,0,False,675675,266.112,2.7777777777777777
4,0,1,8,1,1,False,675675,257.2416,3.333333333333333
4,0,1,7,3,0,False,1801800,272.27200000000005,2.941176470588235
4,0,1,7,2,1,False,3603600,276.46080000000006,2.941176470588235
4,0,1,7,1,2,False,1801800,255.51680000000002,2.941176470588235
4,0,1,6,4,0,False,3153150,275.968,3.125
4,0,1,6,3,1,False,9459450,291.73760000000004,3.125
4,0,1,6,2,2,False,9459450,283.85280000000006,3.125
4,0,1,6,1,3,False,3153150,252.31360000000006,3.125
4,0,1,5,5,0,False,3783780,277.20000000000005,2.6666666666666665
4,0,1,5,4,1,False,15135120,303.07200000000006,2.6666666666666665
4,0,1,5,3,2,False,22702680,306.76800000000003,2.6666666666666665
4,0,1,5,2,3,False,15135120,288.288,2.6666666666666665
4,0,1,5,1,4,False,3783780,247.63200000000003,3.3333333333333335
4,0,1,4,6,0,False,3153150,258.72,2.857142857142857
4,0,1,4,5,1,False,15765750,310.46399999999994,2.857142857142857
4,0,1,4,4,2,False,31531500,324.2624,2.857142857142857
4,0,1,4,3,3,False,31531500,317.3632,2.857142857142857
4,0,1,4,2,4,False,15765750,289.76640000000003,2.857142857142857
4,0,1,4,1,5,False,3153150,241.472,3.5714285714285716
4,0,1,3,7,0,False,1801800,240.24,3.0769230769230766
4,0,1,3,6,1,False,10810800,288.288,3.0769230769230766
4,0,1,3,5,2,False,27027000,336.33600000000007,2.3076923076923075
4,0,1,3,4,3,False,36036000,339.53920000000005,2.3076923076923075
4,0,1,3,3,4,False,27027000,323.52320000000014,2.3076923076923075
4,0,1,3,2,5,False,10810800,288.288,3.0769230769230766
4,0,1,3,1,6,False,1801800,233.83360000000002,3.846153846153846
4,0,1,2,8,0,False,675675,221.76000000000002,3.3333333333333335
4,0,1,2,7,1,False,4729725,266.11199999999997,3.3333333333333335
4,0,1,2,6,2,False,14189175,310.464,2.5
4,0,1,2,5,3,False,23648625,354.816,2.5
4,0,1,2,4,4,False,23648625,348.90240000000006,2.5
4,0,1,2,3,5,False,14189175,325.248,2.5
4,0,1,2,2,6,False,4729725,283.8528,3.3333333333333335
4,0,1,2,1,7,False,675675,224.7168,3.3333333333333335
4,0,1,1,9,0,False,150150,203.28000000000003,3.6363636363636362
4,0,1,1,8,1,False,1201200,243.936,3.6363636363636362
4,0,1,1,7,2,False,4204200,284.59200000000004,2.727272727272727
4,0,1,1,6,3,False,8408400,325.24800000000005,2.727272727272727
4,0,1,1,5,4,False,10510500,365.90400000000005,2.727272727272727
4,0,1,1,4,5,False,8408400,352.3520000000001,2.727272727272727
4,0,1,1,3,6,False,4204200,322.53760000000005,2.727272727272727
4,0,1,1,2,7,False,1201200,276.46080000000006,2.727272727272727
4,0,1,1,1,8,False,150150,214.12160000000006,3.6363636363636362
4,0,1,0,10,0,False,15015,184.8,4.0
4,0,1,0,9,1,False,135135,221.76,4.0
4,0,1,0,8,2,False,540540,258.72,3.0
4,0,1,0,7,3,False,1261260,295.68,3.0
4,0,1,0,6,4,False,1891890,332.64000000000004,3.0
4,0,1,0,5,5,False,1891890,369.6,2.0
4,0,1,0,4,6,False,1261260,349.888,3.0
4,0,1,0,3,7,False,540540,315.39200000000005,3.0
4,0,1,0,2,8,False,135135,266.112,3.0
4,0,1,0,1,9,False,15015,202.048,4.0
4,0,0,11,0,0,False,1365,235.20000000000002,3.333333333333333
4,0,0,10,1,0,False,15015,246.4,3.0
4,0,0,9,2,0,False,75075,255.35999999999999,3.1578947368421053
4,0,0,9,1,1,False,75075,246.84800000000007,3.1578947368421053
4,0,0,8,3,0,False,225225,262.08,3.333333333333333
4,0,0,8,2,1,False,450450,266.112,2.7777777777777777
4,0,0,8,1,2,False,225225,245.95199999999997,3.333333333333333
4,0,0,7,4,0,False,450450,266.56000000000006,2.941176470588235
4,0,0,7,3,1,False,1351350,281.79200000000003,2.941176470588235
4,0,0,7,2,2,False,1351350,274.17600000000004,2.941176470588235
4,0,0,7,1,3,False,450450,243.71200000000005,3.529411764705882
4,0,0,6,5,0,False,630630,268.8,3.125
4,0,0,6,4,1,False,2522520,293.8880000000001,3.125
4,0,0,6,3,2,False,3783780,297.4720000000001,2.5
4,0,0,6,2,3,False,2522520,279.5520000000001,3.125
4,0,0,6,1,4,False,630630,240.12800000000004,3.125
4,0,0,5,6,0,False,630630,252.0,3.3333333333333335
4,0,0,5,5,1,False,3153150,302.40000000000003,2.6666666666666665
4,0,0,5,4,2,False,6306300,315.84000000000003,2.6666666666666665
4,0,0,5,3,3,False,6306300,309.12000000000006,2.6666666666666665
4,0,0,5,2,4,False,3153150,282.24,2.6666666666666665
4,0,0,5,1,5,False,630630,235.20000000000002,3.3333333333333335
4,0,0,4,7,0,False,450450,235.2,3.5714285714285716
4,0,0,4,6,1,False,2702700,282.24,2.857142857142857
4,0,0,4,5,2,False,6756750,329.28000000000003,2.857142857142857
4,0,0,4,4,3,False,9009000,332.416,2.857142857142857
4,0,0,4,3,4,False,6756750,316.73600000000005,2.857142857142857
4,0,0,4,2,5,False,2702700,282.24,2.857142857142857
4,0,0,4,1,6,False,450450,228.928,3.5714285714285716
4,0,0,3,8,0,False,225225,218.4,3.846153846153846
4,0,0,3,7,1,False,1576575,262.08000000000004,3.0769230769230766
4,0,0,3,6,2,False,4729725,305.76000000000005,3.0769230769230766
4,0,0,3,5,3,False,7882875,349.44000000000005,2.3076923076923075
4,0,0,3,4,4,False,7882875,343.6160000000001,2.3076923076923075
4,0,0,3,3,5,False,4729725,320.32,2.3076923076923075
4,0,0,3,2,6,False,1576575,279.552,3.0769230769230766
4,0,0,3,1,7,False,225225,221.312,3.846153846153846
4,0,0,2,9,0,False,75075,201.6,4.166666666666667
4,0,0,2,8,1,False,600600,241.92000000000002,3.3333333333333335
4,0,0,2,7,2,False,2102100,282.24,3.3333333333333335
4,0,0,2,6,3,False,4204200,322.56,2.5
4,0,0,2,5,4,False,5255250,362.88000000000005,2.5
4,0,0,2,4,5,False,4204200,349.44,2.5
4,0,0,2,3,6,False,2102100,319.872,2.5
4,0,0,2,2,7,False,600600,274.176,3.3333333333333335
4,0,0,2,1,8,False,75075,212.35200000000003,4.166666666666667
4,0,0,1,10,0,False,15015,184.8,4.545454545454545
4,0,0,1,9,1,False,135135,221.76000000000005,3.6363636363636362
4,0,0,1,8,2,False,540540,258.72,3.6363636363636362
4,0,0,1,7,3,False,1261260,295.68000000000006,2.727272727272727
4,0,0,1,6,4,False,1891890,332.64000000000004,2.727272727272727
4,0,0,1,5,5,False,1891890,369.6,2.727272727272727
4,0,0,1,4,6,False,1261260,349.88800000000003,2.727272727272727
4,0,0,1,3,7,False,540540,315.3920000000001,2.727272727272727
4,0,0,1,2,8,False,135135,266.1120000000001,3.6363636363636362
4,0,0,1,1,9,False,15015,202.04800000000003,4.545454545454545
4,0,0,0,11,0,False,1365,168.0,5.0
4,0,0,0,10,1,False,13650,201.60000000000002,4.0
4,0,0,0,9,2,False,61425,235.20000000000002,4.0
4,0,0,0,8,3,False,163800,268.8,3.0
4,0,0,0,7,4,False,286650,302.40000000000003,3.0
4,0,0,0,6,5,False,343980,336.0,3.0
4,0,0,0,5,6,False,286650,369.6,2.0
4,0,0,0,4,7,False,163800,344.96000000000004,3.0
4,0,0,0,3,8,False,61425,306.88000000000005,3.0
4,0,0,0,2,9,False,13650,255.36,3.0
4,0,0,0,1,10,False,1365,190.40000000000003,4.0
3,12,0,0,0,0,False,455,136.4,6.0
3,11,1,0,0,0,False,5460,147.07000000000002,6.0
3,11,0,1,0,0,False,5460,147.07000000000002,5.454545454545454
3,11,0,0,1,0,False,5460,147.07000000000002,6.0
3,10,2,0,0,0,False,30030,157.20000000000002,5.0
3,10,1,1,0,0,False,60060,158.51000000000005,5.454545454545454
3,10,1,0,1,0,False,60060,158.51000000000005,5.0
3,10,0,2,0,0,False,30030,157.2,5.0
3,10,0,1,1,0,False,60060,158.51000000000005,5.454545454545454
3,10,0,0,2,0,False,30030,157.20000000000002,5.0
3,10,0,0,1,1,False,30030,151.96,5.0
3,9,3,0,0,0,False,100100,166.79000000000002,5.0
3,9,2,1,0,0,False,300300,169.35600000000002,4.545454545454545
3,9,2,0,1,0,False,300300,169.356,5.0
3,9,1,2,0,0,False,300300,169.35600000000002,5.0
3,9,1,1,1,0,False,600600,170.76730000000006,4.545454545454545
3,9,1,0,2,0,False,300300,169.35600000000002,5.0
3,9,1,0,1,1,False,300300,163.71080000000006,5.0
3,9,0,3,0,0,False,100100,166.79000000000002,4.615384615384615
3,9,0,2,1,0,False,300300,169.35600000000002,5.0
3,9,0,1,2,0,False,300300,169.35600000000002,4.545454545454545
3,9,0,1,1,1,False,300300,163.71080000000003,4.545454545454545
3,9,0,0,3,0,False,100100,166.79000000000002,5.0
3,9,0,0,2,1,False,200200,169.35600000000002,5.0
3,9,0,0,1,2,False,100100,156.526,5.0
3,8,4,0,0,0,False,225225,175.84,5.0
3,8,3,1,0,0,False,900900,179.608,4.545454545454545
3,8,3,0,1,0,False,900900,179.60800000000003,5.0
3,8,2,2,0,0,False,1351350,180.864,4.166666666666667
3,8,2,1,1,0,False,2702700,182.37120000000004,4.545454545454545
3,8,2,0,2,0,False,1351350,180.86400000000003,5.0
3,8,2,0,1,1,False,1351350,174.83520000000004,5.0
3,8,1,3,0,0,False,900900,179.60800000000003,4.615384615384615
3,8,1,2,1,0,False,2702700,182.37120000000002,4.166666666666667
3,8,1,1,2,0,False,2702700,182.37120000000004,4.545454545454545
3,8,1,1,1,1,True,2702700,176.29216000000008,4.545454545454545
3,8,1,0,3,0,False,900900,179.60800000000003,5.0
3,8,1,0,2,1,False,1801800,182.37120000000004,5.0
3,8,1,0,1,2,False,900900,168.5552,5.0
3,8,0,4,0,0,False,225225,175.84,4.285714285714286
3,8,0,3,1,0,False,900900,179.60800000000003,4.615384615384615
3,8,0,2,2,0,False,1351350,180.864,4.166666666666667
3,8,0,2,1,1,False,1351350,174.83520000000001,5.0
3,8,0,1,3,0,False,900900,179.608,4.545454545454545
3,8,0,1,2,1,False,1801800,182.37120000000004,4.545454545454545
3,8,0,1,1,2,False,900900,168.5552,4.545454545454545
3,8,0,0,4,0,False,225225,175.84,5.0
3,8,0,0,3,1,False,675675,185.888,4.0
3,8,0,0,2,2,False,675675,180.864,5.0
3,8,0,0,1,3,False,225225,160.76800000000003,5.0
3,7,5,0,0,0,False,360360,184.35000000000002,5.0
3,7,4,1,0,0,False,1801800,189.26600000000002,4.545454545454545
3,7,4,0,1,0,False,1801800,189.26600000000002,4.0
3,7,3,2,0,0,False,3603600,191.72400000000002,4.166666666666667
3,7,3,1,1,0,False,7207200,193.32170000000005,4.545454545454545
3,7,3,0,2,0,False,3603600,191.72400000000002,4.0
3,7,3,0,1,1,False,3603600,185.33320000000003,4.0
3,7,2,3,0,0,False,3603600,191.724,4.615384615384615
3,7,2,2,1,0,False,10810800,194.6736,4.166666666666667
3,7,2,1,2,0,False,10810800,194.67360000000002,4.545454545454545
3,7,2,1,1,1,True,10810800,188.18448000000006,4.545454545454545
3,7,2,0,3,0,False,3603600,191.72400000000002,4.0
3,7,2,0,2,1,False,7207200,194.67360000000002,4.0
3,7,2,0,1,2,False,3603600,179.9256,5.0
3,7,1,4,0,0,False,1801800,189.26600000000002,4.285714285714286
3,7,1,3,1,0,False,7207200,193.32170000000005,3.846153846153846
3,7,1,2,2,0,False,10810800,194.6736,4.166666666666667
3,7,1,2,1,1,True,10810800,188.18448000000006,4.166666666666667
3,7,1,1,3,0,False,7207200,193.32170000000005,4.545454545454545
3,7,1,1,2,1,True,14414400,196.29588000000007,4.545454545454545
3,7,1,1,1,2,True,7207200,181.42498000000003,4.545454545454545
3,7,1,0,4,0,False,1801800,189.26600000000002,4.0
3,7,1,0,3,1,False,5405400,200.08120000000002,4.0
3,7,1,0,2,2,False,5405400,194.67360000000002,4.0
3,7,1,0,1,3,False,1801800,173.04320000000004,5.0
3,7,0,5,0,0,False,360360,184.35000000000002,4.666666666666667
3,7,0,4,1,0,False,1801800,189.26600000000002,4.285714285714286
3,7,0,3,2,0,False,3603600,191.724,4.615384615384615
3,7,0,3,1,1,False,3603600,185.33320000000003,4.615384615384615
3,7,0,2,3,0,False,3603600,191.72400000000002,4.166666666666667
3,7,0,2,2,1,False,7207200,194.6736,4.166666666666667
3,7,0,2,1,2,False,3603600,179.92559999999997,4.166666666666667
3,7,0,1,4,0,False,1801800,189.26600000000002,4.545454545454545
3,7,0,1,3,1,False,5405400,200.08120000000005,4.545454545454545
3,7,0,1,2,2,False,5405400,194.67360000000002,4.545454545454545
3,7,0,1,1,3,False,1801800,173.0432,4.545454545454545
3,7,0,0,5,0,False,360360,184.35000000000002,5.0
3,7,0,0,4,1,False,1441440,201.55600000000004,4.0
3,7,0,0,3,2,False,2162160,204.014,4.0
3,7,0,0,2,3,False,1441440,191.72400000000002,4.0
3,7,0,0,1,4,False,360360,164.68600000000004,5.0
3,6,6,0,0,0,False,420420,192.32000000000002,4.0
3,6,5,1,0,0,False,2522520,198.33000000000004,4.545454545454545
3,6,5,0,1,0,False,2522520,198.33000000000004,4.0
3,6,4,2,0,0,False,6306300,201.936,4.166666666666667
3,6,4,1,1,0,False,12612600,203.61880000000005,3.6363636363636362
3,6,4,0,2,0,False,6306300,201.936,4.0
3,6,4,0,1,1,False,6306300,195.20480000000003,4.0
3,6,3,3,0,0,False,8408400,203.13800000000003,3.846153846153846
3,6,3,2,1,0,False,25225200,206.26320000000007,4.166666666666667
3,6,3,1,2,0,False,25225200,206.26320000000004,3.6363636363636362
3,6,3,1,1,1,True,25225200,199.38776000000007,4.545454545454545
3,6,3,0,3,0,False,8408400,203.13800000000003,4.0
3,6,3,0,2,1,False,16816800,206.2632,4.0
3,6,3,0,1,2,False,8408400,190.6372,4.0
3,6,2,4,0,0,False,6306300,201.93599999999995,4.285714285714286
3,6,2,3,1,0,False,25225200,206.26319999999998,3.846153846153846
3,6,2,2,2,0,False,37837800,207.70559999999998,4.166666666666667
3,6,2,2,1,1,True,37837800,200.78207999999998,4.166666666666667
3,6,2,1,3,0,False,25225200,206.2632,3.6363636363636362
3,6,2,1,2,1,True,50450400,209.43648,3.6363636363636362
3,6,2,1,1,2,True,25225200,193.57008000000002,4.545454545454545
3,6,2,0,4,0,False,6306300,201.93599999999998,4.0
3,6,2,0,3,1,False,18918900,213.4752,4.0
3,6,2,0,2,2,False,18918900,207.70559999999998,4.0
3,6,2,0,1,3,False,6306300,184.62720000000002,4.0
3,6,1,5,0,0,False,2522520,198.32999999999998,4.0
3,6,1,4,1,0,False,12612600,203.6188,4.285714285714286
3,6,1,3,2,0,False,25225200,206.26320000000004,3.846153846153846
3,6,1,3,1,1,True,25225200,199.38776000000004,3.846153846153846
3,6,1,2,3,0,False,25225200,206.2632,4.166666666666667
3,6,1,2,2,1,True,50450400,209.43648000000002,4.166666666666667
3,6,1,2,1,2,True,25225200,193.57008,4.166666666666667
3,6,1,1,4,0,False,12612600,203.61880000000002,3.6363636363636362
3,6,1,1,3,1,True,37837800,215.25416000000004,3.6363636363636362
3,6,1,1,2,2,True,37837800,209.43648000000002,3.6363636363636362
3,6,1,1,1,3,True,12612600,186.16576000000006,4.545454545454545
3,6,1,0,5,0,False,2522520,198.33000000000004,4.0
3,6,1,0,4,1,False,10090080,216.84080000000006,4.0
3,6,1,0,3,2,False,15135120,219.48520000000005,4.0
3,6,1,0,2,3,False,10090080,206.2632,4.0
3,6,1,0,1,4,False,2522520,177.17480000000003,5.0
3,6,0,6,0,0,False,420420,192.32000000000002,4.375
3,6,0,5,1,0,False,2522520,198.32999999999998,4.0
3,6,0,4,2,0,False,6306300,201.93599999999995,4.285714285714286
3,6,0,4,1,1,False,6306300,195.2048,4.285714285714286
3,6,0,3,3,0,False,8408400,203.13800000000003,3.846153846153846
3,6,0,3,2,1,False,16816800,206.26320000000004,3.846153846153846
3,6,0,3,1,2,False,8408400,190.6372,4.615384615384615
3,6,0,2,4,0,False,6306300,201.936,4.166666666666667
3,6,0,2,3,1,False,18918900,213.4752,4.166666666666667
3,6,0,2,2,2,False,18918900,207.70559999999998,4.166666666666667
3,6,0,2,1,3,False,6306300,184.6272,4.166666666666667
3,6,0,1,5,0,False,2522520,198.33000000000004,4.545454545454545
3,6,0,1,4,1,False,10090080,216.84080000000006,3.6363636363636362
3,6,0,1,3,2,False,15135120,219.48520000000005,3.6363636363636362
3,6,0,1,2,3,False,10090080,206.26320000000004,3.6363636363636362
3,6,0,1,1,4,False,2522520,177.17480000000003,4.545454545454545
3,6,0,0,6,0,False,420420,180.3,5.0
3,6,0,0,5,1,False,2102100,216.36,4.0
3,6,0,0,4,2,False,4204200,225.97600000000003,4.0
3,6,0,0,3,3,False,4204200,221.16800000000003,4.0
3,6,0,0,2,4,False,2102100,201.93600000000004,4.0
3,6,0,0,1,5,False,420420,168.28,5.0
3,5,7,0,0,0,False,360360,199.75000000000003,4.0
3,5,6,1,0,0,False,2522520,206.8,3.6363636363636362
3,5,6,0,1,0,False,2522520,206.8,4.0
3,5,5,2,0,0,False,7567560,211.5,4.166666666666667
3,5,5,1,1,0,False,15135120,213.26250000000005,3.6363636363636362
3,5,5,0,2,0,False,7567560,211.5,4.0
3,5,5,0,1,1,False,7567560,204.45000000000005,4.0
3,5,4,3,0,0,False,12612600,213.85,3.846153846153846
3,5,4,2,1,0,False,37837800,217.14000000000004,4.166666666666667
3,5,4,1,2,0,False,37837800,217.14000000000001,3.6363636363636362
3,5,4,1,1,1,True,37837800,209.90200000000007,3.6363636363636362
3,5,4,0,3,0,False,12612600,213.85000000000002,4.0
3,5,4,0,2,1,False,25225200,217.14000000000001,4.0
3,5,4,0,1,2,False,12612600,200.69,4.0
3,5,3,4,0,0,False,12612600,213.85,3.5714285714285716
3,5,3,3,1,0,False,50450400,218.43250000000006,3.846153846153846
3,5,3,2,2,0,False,75675600,219.96,4.166666666666667
3,5,3,2,1,1,True,75675600,212.62800000000007,4.166666666666667
3,5,3,1,3,0,False,50450400,218.43250000000003,3.6363636363636362
3,5,3,1,2,1,True,100900800,221.79300000000003,3.6363636363636362
3,5,3,1,1,2,True,50450400,204.99050000000003,3.6363636363636362
3,5,3,0,4,0,False,12612600,213.85000000000002,4.0
3,5,3,0,3,1,False,37837800,226.07,4.0
3,5,3,0,2,2,False,37837800,219.96,4.0
3,5,3,0,1,3,False,12612600,195.52,4.0
3,5,2,5,0,0,False,7567560,211.5,4.0
3,5,2,4,1,0,False,37837800,217.14000000000001,3.5714285714285716
3,5,2,3,2,0,False,75675600,219.96000000000004,3.846153846153846
3,5,2,3,1,1,True,75675600,212.62800000000004,3.846153846153846
3,5,2,2,3,0,False,75675600,219.96,4.166666666666667
3,5,2,2,2,1,True,151351200,223.344,3.3333333333333335
3,5,2,2,1,2,True,75675600,206.424,4.166666666666667
3,5,2,1,4,0,False,37837800,217.14,3.6363636363636362
3,5,2,1,3,1,True,113513400,229.54800000000006,3.6363636363636362
3,5,2,1,2,2,True,113513400,223.34400000000002,3.6363636363636362
3,5,2,1,1,3,True,37837800,198.52800000000005,4.545454545454545
3,5,2,0,5,0,False,7567560,211.5,4.0
3,5,2,0,4,1,False,30270240,231.24,4.0
3,5,2,0,3,2,False,45405360,234.06000000000006,4.0
3,5,2,0,2,3,False,30270240,219.96,4.0
3,5,2,0,1,4,False,7567560,188.94000000000003,4.0
3,5,1,6,0,0,False,2522520,206.8,3.75
3,5,1,5,1,0,False,15135120,213.26250000000005,4.0
3,5,1,4,2,0,False,37837800,217.14000000000001,3.5714285714285716
3,5,1,4,1,1,True,37837800,209.90200000000004,3.5714285714285716
3,5,1,3,3,0,False,50450400,218.4325,3.846153846153846
3,5,1,3,2,1,True,100900800,221.79300000000003,3.846153846153846
3,5,1,3,1,2,True,50450400,204.9905,3.846153846153846
3,5,1,2,4,0,False,37837800,217.14,4.166666666666667
3,5,1,2,3,1,True,113513400,229.54799999999997,3.3333333333333335
3,5,1,2,2,2,True,113513400,223.344,3.3333333333333335
3,5,1,2,1,3,True,37837800,198.52800000000002,4.166666666666667
3,5,1,1,5,0,False,15135120,213.26250000000002,3.6363636363636362
3,5,1,1,4,1,True,60540480,233.16700000000006,3.6363636363636362
3,5,1,1,3,2,True,90810720,236.01050000000006,3.6363636363636362
3,5,1,1,2,3,True,60540480,221.79300000000003,3.6363636363636362
3,5,1,1,1,4,True,15135120,190.51450000000003,4.545454545454545
3,5,1,0,6,0,False,2522520,193.875,4.0
3,5,1,0,5,1,False,12612600,232.65,4.0
3,5,1,0,4,2,False,25225200,242.99,4.0
3,5,1,0,3,3,False,25225200,237.82000000000005,4.0
3,5,1,0,2,4,False,12612600,217.14000000000001,4.0
3,5,1,0,1,5,False,2522520,180.95,5.0
3,5,0,7,0,0,False,360360,199.75000000000003,4.117647058823529
3,5,0,6,1,0,False,2522520,206.8,3.75
3,5,0,5,2,0,False,7567560,211.5,4.0
3,5,0,5,1,1,False,7567560,204.45000000000005,4.0
3,5,0,4,3,0,False,12612600,213.85,3.5714285714285716
3,5,0,4,2,1,False,25225200,217.14000000000001,3.5714285714285716
3,5,0,4,1,2,False,12612600,200.68999999999997,4.285714285714286
3,5,0,3,4,0,False,12612600,213.85,3.846153846153846
3,5,0,3,3,1,False,37837800,226.07000000000002,3.846153846153846
3,5,0,3,2,2,False,37837800,219.96000000000004,3.846153846153846
3,5,0,3,1,3,False,12612600,195.52,3.846153846153846
3,5,0,2,5,0,False,7567560,211.5,4.166666666666667
3,5,0,2,4,1,False,30270240,231.24000000000004,3.3333333333333335
3,5,0,2,3,2,False,45405360,234.06000000000003,3.3333333333333335
3,5,0,2,2,3,False,30270240,219.96,4.166666666666667
3,5,0,2,1,4,False,7567560,188.94000000000003,4.166666666666667
3,5,0,1,6,0,False,2522520,193.87500000000003,4.545454545454545
3,5,0,1,5,1,False,12612600,232.65,3.6363636363636362
3,5,0,1,4,2,False,25225200,242.99000000000004,3.6363636363636362
3,5,0,1,3,3,False,25225200,237.82000000000005,3.6363636363636362
3,5,0,1,2,4,False,12612600,217.14000000000004,3.6363636363636362
3,5,0,1,1,5,False,2522520,180.95000000000002,4.545454545454545
3,5,0,0,7,0,False,360360,176.25,5.0
3,5,0,0,6,1,False,2162160,211.5,4.0
3,5,0,0,5,2,False,5405400,246.75,3.0
3,5,0,0,4,3,False,7207200,249.10000000000002,3.0
3,5,0,0,3,4,False,5405400,237.35000000000005,4.0
3,5,0,0,2,5,False,2162160,211.5,4.0
3,5,0,0,1,6,False,360360,171.55,5.0
3,4,8,0,0,0,False,225225,206.64000000000001,4.0
3,4,7,1,0,0,False,1801800,214.67600000000004,3.6363636363636362
3,4,7,0,1,0,False,1801800,214.67600000000004,4.0
3,4,6,2,0,0,False,6306300,220.41600000000003,4.166666666666667
3,4,6,1,1,0,False,12612600,222.2528000000001,3.6363636363636362
3,4,6,0,2,0,False,6306300,220.41600000000005,4.0
3,4,6,0,1,1,False,6306300,213.06880000000007,4.0
3,4,5,3,0,0,False,12612600,223.86000000000004,3.846153846153846
3,4,5,2,1,0,False,37837800,227.304,3.3333333333333335
3,4,5,1,2,0,False,37837800,227.30400000000003,3.6363636363636362
3,4,5,1,1,1,True,37837800,219.72720000000007,3.6363636363636362
3,4,5,0,3,0,False,12612600,223.86,4.0
3,4,5,0,2,1,False,25225200,227.304,4.0
3,4,5,0,1,2,False,12612600,210.08400000000003,4.0
3,4,4,4,0,0,False,15765750,225.00799999999998,3.5714285714285716
3,4,4,3,1,0,False,63063000,229.8296,3.846153846153846
3,4,4,2,2,0,False,94594500,231.43679999999995,3.3333333333333335
3,4,4,2,1,1,True,94594500,223.72224,3.3333333333333335
3,4,4,1,3,0,False,63063000,229.8296,3.6363636363636362
3,4,4,1,2,1,True,126126000,233.36544,3.6363636363636362
3,4,4,1,1,2,True,63063000,215.68624,3.6363636363636362
3,4,4,0,4,0,False,15765750,225.00799999999995,4.0
3,4,4,0,3,1,False,47297250,237.86559999999997,4.0
3,4,4,0,2,2,False,47297250,231.43679999999995,4.0
3,4,4,0,1,3,False,15765750,205.7216,4.0
3,4,3,5,0,0,False,12612600,223.86,3.3333333333333335
3,4,3,4,1,0,False,63063000,229.82960000000006,3.5714285714285716
3,4,3,3,2,0,False,126126000,232.81440000000003,3.846153846153846
3,4,3,3,1,1,True,126126000,225.0539200000001,3.846153846153846
3,4,3,2,3,0,False,126126000,232.81440000000003,3.3333333333333335
3,4,3,2,2,1,True,252252000,236.39616000000004,3.3333333333333335
3,4,3,2,1,2,True,126126000,218.48736000000002,4.166666666666667
3,4,3,1,4,0,False,63063000,229.82960000000006,3.6363636363636362
3,4,3,1,3,1,True,189189000,242.96272000000002,3.6363636363636362
3,4,3,1,2,2,True,189189000,236.39616000000004,3.6363636363636362
3,4,3,1,1,3,True,63063000,210.12992000000003,3.6363636363636362
3,4,3,0,5,0,False,12612600,223.86000000000004,4.0
3,4,3,0,4,1,False,50450400,244.75360000000006,4.0
3,4,3,0,3,2,False,75675600,247.73840000000007,3.0
3,4,3,0,2,3,False,50450400,232.81440000000003,4.0
3,4,3,0,1,4,False,12612600,199.98160000000004,4.0
3,4,2,6,0,0,False,6306300,220.416,3.75
3,4,2,5,1,0,False,37837800,227.30400000000003,3.3333333333333335
3,4,2,4,2,0,False,94594500,231.4368,3.5714285714285716
3,4,2,4,1,1,True,94594500,223.72224,3.5714285714285716
3,4,2,3,3,0,False,126126000,232.8144,3.846153846153846
3,4,2,3,2,1,True,252252000,236.39616000000004,3.846153846153846
3,4,2,3,1,2,True,126126000,218.48736,3.846153846153846
3,4,2,2,4,0,False,94594500,231.43679999999995,3.3333333333333335
3,4,2,2,3,1,True,283783500,244.66175999999996,3.3333333333333335
3,4,2,2,2,2,True,283783500,238.04927999999995,3.3333333333333335
3,4,2,2,1,3,True,94594500,211.59936000000002,4.166666666666667
3,4,2,1,5,0,False,37837800,227.304,3.6363636363636362
3,4,2,1,4,1,True,151351200,248.51904000000005,3.6363636363636362
3,4,2,1,3,2,True,227026800,251.54976000000005,3.6363636363636362
3,4,2,1,2,3,True,151351200,236.39616000000004,3.6363636363636362
3,4,2,1,1,4,True,37837800,203.05824,3.6363636363636362
3,4,2,0,6,0,False,6306300,206.64,4.0
3,4,2,0,5,1,False,31531500,247.968,3.0
3,4,2,0,4,2,False,63063000,258.9888,3.0
3,4,2,0,3,3,False,63063000,253.47840000000002,3.0
3,4,2,0,2,4,False,31531500,231.4368,4.0
3,4,2,0,1,5,False,6306300,192.86399999999998,4.0
3,4,1,7,0,0,False,1801800,214.67600000000007,3.529411764705882
3,4,1,6,1,0,False,12612600,222.2528000000001,3.75
3,4,1,5,2,0,False,37837800,227.30400000000003,3.3333333333333335
3,4,1,5,1,1,True,37837800,219.72720000000004,4.0
3,4,1,4,3,0,False,63063000,229.82960000000006,3.5714285714285716
3,4,1,4,2,1,True,126126000,233.36544000000004,3.5714285714285716
3,4,1,4,1,2,True,63063000,215.68624000000003,3.5714285714285716
3,4,1,3,4,0,False,63063000,229.82960000000006,3.846153846153846
3,4,1,3,3,1,True,189189000,242.96272000000002,3.0769230769230766
3,4,1,3,2,2,True,189189000,236.39616000000004,3.846153846153846
3,4,1,3,1,3,True,63063000,210.12992000000006,3.846153846153846
3,4,1,2,5,0,False,37837800,227.30400000000006,3.3333333333333335
3,4,1,2,4,1,True,151351200,248.51904000000007,3.3333333333333335
3,4,1,2,3,2,True,227026800,251.54976000000005,3.3333333333333335
3,4,1,2,2,3,True,151351200,236.39616000000004,3.3333333333333335
3,4,1,2,1,4,True,37837800,203.05824000000004,4.166666666666667
3,4,1,1,6,0,False,12612600,208.36200000000005,3.6363636363636362
3,4,1,1,5,1,True,63063000,250.0344000000001,3.6363636363636362
3,4,1,1,4,2,True,126126000,261.14704000000006,3.6363636363636362
3,4,1,1,3,3,True,126126000,255.59072000000012,3.6363636363636362
3,4,1,1,2,4,True,63063000,233.36544000000006,3.6363636363636362
3,4,1,1,1,5,True,12612600,194.47120000000004,4.545454545454545
3,4,1,0,7,0,False,1801800,189.42000000000004,4.0
3,4,1,0,6,1,False,10810800,227.30400000000006,4.0
3,4,1,0,5,2,False,27027000,265.18800000000005,3.0
3,4,1,0,4,3,False,36036000,267.71360000000004,3.0
3,4,1,0,3,4,False,27027000,255.0856000000001,3.0
3,4,1,0,2,5,False,10810800,227.30400000000006,4.0
3,4,1,0,1,6,False,1801800,184.36880000000005,5.0
3,4,0,8,0,0,False,225225,206.64000000000001,3.888888888888889
3,4,0,7,1,0,False,1801800,214.67600000000007,3.529411764705882
3,4,0,6,2,0,False,6306300,220.416,3.75
3,4,0,6,1,1,False,6306300,213.0688,3.75
3,4,0,5,3,0,False,12612600,223.86,3.3333333333333335
3,4,0,5,2,1,False,25225200,227.30400000000003,3.3333333333333335
3,4,0,5,1,2,False,12612600,210.084,4.0
3,4,0,4,4,0,False,15765750,225.00799999999998,3.5714285714285716
3,4,0,4,3,1,False,47297250,237.86559999999997,3.5714285714285716
3,4,0,4,2,2,False,47297250,231.4368,3.5714285714285716
3,4,0,4,1,3,False,15765750,205.72160000000002,4.285714285714286
3,4,0,3,5,0,False,12612600,223.86000000000004,3.846153846153846
3,4,0,3,4,1,False,50450400,244.75360000000006,3.0769230769230766
3,4,0,3,3,2,False,75675600,247.7384,3.0769230769230766
3,4,0,3,2,3,False,50450400,232.81440000000003,3.846153846153846
3,4,0,3,1,4,False,12612600,199.98160000000004,3.846153846153846
3,4,0,2,6,0,False,6306300,206.64000000000001,4.166666666666667
3,4,0,2,5,1,False,31531500,247.96800000000002,3.3333333333333335
3,4,0,2,4,2,False,63063000,258.9888,3.3333333333333335
3,4,0,2,3,3,False,63063000,253.47840000000002,3.3333333333333335
3,4,0,2,2,4,False,31531500,231.43680000000003,3.3333333333333335
3,4,0,2,1,5,False,6306300,192.864,4.166666666666667
3,4,0,1,7,0,False,1801800,189.42000000000004,4.545454545454545
3,4,0,1,6,1,False,10810800,227.30400000000003,3.6363636363636362
3,4,0,1,5,2,False,27027000,265.18800000000005,3.6363636363636362
3,4,0,1,4,3,False,36036000,267.71360000000004,3.6363636363636362
3,4,0,1,3,4,False,27027000,255.0856000000001,3.6363636363636362
3,4,0,1,2,5,False,10810800,227.30400000000003,3.6363636363636362
3,4,0,1,1,6,False,1801800,184.36880000000002,4.545454545454545
3,4,0,0,8,0,False,225225,172.20000000000002,5.0
3,4,0,0,7,1,False,1576575,206.64000000000001,4.0
3,4,0,0,6,2,False,4729725,241.08000000000004,4.0
3,4,0,0,5,3,False,7882875,275.52,3.0
3,4,0,0,4,4,False,7882875,270.92800000000005,3.0
3,4,0,0,3,5,False,4729725,252.56000000000006,3.0
3,4,0,0,2,6,False,1576575,220.416,4.0
3,4,0,0,1,7,False,225225,174.496,5.0
3,3,9,0,0,0,False,100100,212.99,4.0
3,3,8,1,0,0,False,900900,221.95800000000003,3.6363636363636362
3,3,8,0,1,0,False,900900,221.958,4.0
3,3,7,2,0,0,False,3603600,228.68400000000005,3.3333333333333335
3,3,7,1,1,0,False,7207200,230.58970000000008,3.6363636363636362
3,3,7,0,2,0,False,3603600,228.68400000000003,4.0
3,3,7,0,1,1,False,3603600,221.06120000000007,4.0
3,3,6,3,0,0,False,8408400,233.16800000000003,3.846153846153846
3,3,6,2,1,0,False,25225200,236.75520000000006,3.3333333333333335
3,3,6,1,2,0,False,25225200,236.75520000000006,3.6363636363636362
3,3,6,1,1,1,True,25225200,228.86336000000009,3.6363636363636362
3,3,6,0,3,0,False,8408400,233.16800000000003,4.0
3,3,6,0,2,1,False,16816800,236.75520000000003,4.0
3,3,6,0,1,2,False,8408400,218.81920000000002,4.0
3,3,5,4,0,0,False,12612600,235.41,3.5714285714285716
3,3,5,3,1,0,False,50450400,240.45450000000005,3.0769230769230766
3,3,5,2,2,0,False,75675600,242.136,3.3333333333333335
3,3,5,2,1,1,True,75675600,234.06480000000002,3.3333333333333335
3,3,5,1,3,0,False,50450400,240.45450000000005,3.6363636363636362
3,3,5,1,2,1,True,100900800,244.15380000000002,3.6363636363636362
3,3,5,1,1,2,True,50450400,225.65730000000002,3.6363636363636362
3,3,5,0,4,0,False,12612600,235.41,4.0
3,3,5,0,3,1,False,37837800,248.862,3.0
3,3,5,0,2,2,False,37837800,242.13600000000002,4.0
3,3,5,0,1,3,False,12612600,215.23200000000003,4.0
3,3,4,5,0,0,False,12612600,235.41,3.3333333333333335
3,3,4,4,1,0,False,63063000,241.6876,3.5714285714285716
3,3,4,3,2,0,False,126126000,244.82639999999998,3.0769230769230766
3,3,4,3,1,1,True,126126000,236.66552000000004,3.846153846153846
3,3,4,2,3,0,False,126126000,244.82639999999998,3.3333333333333335
3,3,4,2,2,1,True,252252000,248.59295999999998,3.3333333333333335
3,3,4,2,1,2,True,126126000,229.76016,3.3333333333333335
3,3,4,1,4,0,False,63063000,241.68760000000003,3.6363636363636362
3,3,4,1,3,1,True,189189000,255.49832000000004,3.6363636363636362
3,3,4,1,2,2,True,189189000,248.59296,3.6363636363636362
3,3,4,1,1,3,True,63063000,220.97152,3.6363636363636362
3,3,4,0,5,0,False,12612600,235.41,4.0
3,3,4,0,4,1,False,50450400,257.3816,3.0
3,3,4,0,3,2,False,75675600,260.52040000000005,3.0
3,3,4,0,2,3,False,50450400,244.82639999999998,4.0
3,3,4,0,1,4,False,12612600,210.29960000000003,4.0
3,3,3,6,0,0,False,8408400,233.168,3.75
3,3,3,5,1,0,False,50450400,240.4545,3.3333333333333335
3,3,3,4,2,0,False,126126000,244.82639999999998,3.5714285714285716
3,3,3,4,1,1,True,126126000,236.66552000000001,3.5714285714285716
3,3,3,3,3,0,False,168168000,246.2837,3.0769230769230766
3,3,3,3,2,1,True,336336000,250.07268000000005,3.0769230769230766
3,3,3,3,1,2,True,168168000,231.12778000000003,3.846153846153846
3,3,3,2,4,0,False,126126000,244.82639999999998,3.3333333333333335
3,3,3,2,3,1,True,378378000,258.81648,3.3333333333333335
3,3,3,2,2,2,True,378378000,251.82143999999997,3.3333333333333335
3,3,3,2,1,3,True,126126000,223.84128,3.3333333333333335
3,3,3,1,5,0,False,50450400,240.45450000000002,3.6363636363636362
3,3,3,1,4,1,True,201801600,262.89692,3.6363636363636362
3,3,3,1,3,2,True,302702400,266.10298,3.6363636363636362
3,3,3,1,2,3,True,201801600,250.07268000000002,3.6363636363636362
3,3,3,1,1,4,True,50450400,214.80602000000005,3.6363636363636362
3,3,3,0,6,0,False,8408400,218.595,4.0
3,3,3,0,5,1,False,42042000,262.314,3.0
3,3,3,0,4,2,False,84084000,273.97240000000005,3.0
3,3,3,0,3,3,False,84084000,268.14320000000004,3.0
3,3,3,0,2,4,False,42042000,244.82640000000004,4.0
3,3,3,0,1,5,False,8408400,204.022,4.0
3,3,2,7,0,0,False,3603600,228.68400000000005,3.529411764705882
3,3,2,6,1,0,False,25225200,236.75520000000006,3.125
3,3,2,5,2,0,False,75675600,242.13600000000002,3.3333333333333335
3,3,2,5,1,1,True,75675600,234.06480000000005,3.3333333333333335
3,3,2,4,3,0,False,126126000,244.82640000000004,3.5714285714285716
3,3,2,4,2,1,True,252252000,248.59296000000003,3.5714285714285716
3,3,2,4,1,2,True,126126000,229.76016,3.5714285714285716
3,3,2,3,4,0,False,126126000,244.8264,3.0769230769230766
3,3,2,3,3,1,True,378378000,258.81648,3.0769230769230766
3,3,2,3,2,2,True,378378000,251.82144,3.0769230769230766
3,3,2,3,1,3,True,126126000,223.84128000000004,3.846153846153846
3,3,2,2,5,0,False,75675600,242.13600000000002,3.3333333333333335
3,3,2,2,4,1,True,302702400,264.73536,3.3333333333333335
3,3,2,2,3,2,True,454053600,267.96384,3.3333333333333335
3,3,2,2,2,3,True,302702400,251.82144000000002,3.3333333333333335
3,3,2,2,1,4,True,75675600,216.30816000000002,4.166666666666667
3,3,2,1,6,0,False,25225200,221.95800000000006,3.6363636363636362
3,3,2,1,5,1,True,126126000,266.34960000000007,3.6363636363636362
3,3,2,1,4,2,True,252252000,278.18736,2.727272727272727
3,3,2,1,3,3,True,252252000,272.26848000000007,2.727272727272727
3,3,2,1,2,4,True,126126000,248.59296000000003,3.6363636363636362
3,3,2,1,1,5,True,25225200,207.16080000000002,3.6363636363636362
3,3,2,0,7,0,False,3603600,201.78000000000003,4.0
3,3,2,0,6,1,False,21621600,242.13600000000002,4.0
3,3,2,0,5,2,False,54054000,282.492,3.0
3,3,2,0,4,3,False,72072000,285.18240000000003,3.0
3,3,2,0,3,4,False,54054000,271.7304000000001,3.0
3,3,2,0,2,5,False,21621600,242.13600000000002,4.0
3,3,2,0,1,6,False,3603600,196.3992,4.0
3,3,1,8,0,0,False,900900,221.95800000000003,3.333333333333333
3,3,1,7,1,0,False,7207200,230.5897000000001,3.529411764705882
3,3,1,6,2,0,False,25225200,236.75520000000003,3.125
3,3,1,6,1,1,True,25225200,228.86336000000006,3.75
3,3,1,5,3,0,False,50450400,240.45450000000005,3.3333333333333335
3,3,1,5,2,1,True,100900800,244.15380000000005,3.3333333333333335
3,3,1,5,1,2,True,50450400,225.65730000000002,3.3333333333333335
3,3,1,4,4,0,False,63063000,241.6876,3.5714285714285716
3,3,1,4,3,1,True,189189000,255.49832000000004,3.5714285714285716
3,3,1,4,2,2,True,189189000,248.59296000000003,3.5714285714285716
3,3,1,4,1,3,True,63063000,220.97152000000006,3.5714285714285716
3,3,1,3,5,0,False,50450400,240.45450000000005,3.0769230769230766
3,3,1,3,4,1,True,201801600,262.8969200000001,3.0769230769230766
3,3,1,3,3,2,True,302702400,266.10298000000006,3.0769230769230766
3,3,1,3,2,3,True,201801600,250.07268000000005,3.0769230769230766
3,3,1,3,1,4,True,50450400,214.80602000000005,3.846153846153846
3,3,1,2,6,0,False,25225200,221.95800000000003,3.3333333333333335
3,3,1,2,5,1,True,126126000,266.34960000000007,3.3333333333333335
3,3,1,2,4,2,True,252252000,278.18736000000007,3.3333333333333335
3,3,1,2,3,3,True,252252000,272.26848000000007,3.3333333333333335
3,3,1,2,2,4,True,126126000,248.5929600000001,3.3333333333333335
3,3,1,2,1,5,True,25225200,207.16080000000002,4.166666666666667
3,3,1,1,7,0,False,7207200,203.46150000000006,3.6363636363636362
3,3,1,1,6,1,True,43243200,244.15380000000007,3.6363636363636362
3,3,1,1,5,2,True,108108000,284.84610000000004,2.727272727272727
3,3,1,1,4,3,True,144144000,287.55892000000006,2.727272727272727
3,3,1,1,3,4,True,108108000,273.9948200000001,2.727272727272727
3,3,1,1,2,5,True,43243200,244.15380000000007,3.6363636363636362
3,3,1,1,1,6,True,7207200,198.03586000000004,4.545454545454545
3,3,1,0,8,0,False,900900,184.96500000000003,4.0
3,3,1,0,7,1,False,6306300,221.95800000000006,4.0
3,3,1,0,6,2,False,18918900,258.951,3.0
3,3,1,0,5,3,False,31531500,295.944,3.0
3,3,1,0,4,4,False,31531500,291.0116000000001,3.0
3,3,1,0,3,5,False,18918900,271.2820000000001,3.0
3,3,1,0,2,6,False,6306300,236.75520000000003,4.0
3,3,1,0,1,7,False,900900,187.43120000000002,4.0
3,3,0,9,0,0,False,100100,212.99,3.68421052631579
3,3,0,8,1,0,False,900900,221.95800000000003,3.333333333333333
3,3,0,7,2,0,False,3603600,228.68400000000005,3.529411764705882
3,3,0,7,1,1,False,3603600,221.06120000000007,3.529411764705882
3,3,0,6,3,0,False,8408400,233.168,3.75
3,3,0,6,2,1,False,16816800,236.75520000000003,3.125
3,3,0,6,1,2,False,8408400,218.81920000000002,3.75
3,3,0,5,4,0,False,12612600,235.41,3.3333333333333335
3,3,0,5,3,1,False,37837800,248.86200000000002,3.3333333333333335
3,3,0,5,2,2,False,37837800,242.13600000000002,3.3333333333333335
3,3,0,5,1,3,False,12612600,215.23200000000003,4.0
3,3,0,4,5,0,False,12612600,235.41,3.5714285714285716
3,3,0,4,4,1,False,50450400,257.3816,3.5714285714285716
3,3,0,4,3,2,False,75675600,260.5204,2.857142857142857
3,3,0,4,2,3,False,50450400,244.82639999999998,3.5714285714285716
3,3,0,4,1,4,False,12612600,210.29960000000003,3.5714285714285716
3,3,0,3,6,0,False,8408400,218.59500000000003,3.846153846153846
3,3,0,3,5,1,False,42042000,262.314,3.0769230769230766
3,3,0,3,4,2,False,84084000,273.97240000000005,3.0769230769230766
3,3,0,3,3,3,False,84084000,268.14320000000004,3.0769230769230766
3,3,0,3,2,4,False,42042000,244.82640000000004,3.0769230769230766
3,3,0,3,1,5,False,8408400,204.022,3.846153846153846
3,3,0,2,7,0,False,3603600,201.78,4.166666666666667
3,3,0,2,6,1,False,21621600,242.136,3.3333333333333335
3,3,0,2,5,2,False,54054000,282.49199999999996,3.3333333333333335
3,3,0,2,4,3,False,72072000,285.18240000000003,3.3333333333333335
3,3,0,2,3,4,False,54054000,271.7304000000001,3.3333333333333335
3,3,0,2,2,5,False,21621600,242.136,3.3333333333333335
3,3,0,2,1,6,False,3603600,196.39919999999998,4.166666666666667
3,3,0,1,8,0,False,900900,184.96500000000003,4.545454545454545
3,3,0,1,7,1,False,6306300,221.95800000000003,3.6363636363636362
3,3,0,1,6,2,False,18918900,258.951,3.6363636363636362
3,3,0,1,5,3,False,31531500,295.9440000000001,2.727272727272727
3,3,0,1,4,4,False,31531500,291.01160000000004,2.727272727272727
3,3,0,1,3,5,False,18918900,271.28200000000004,2.727272727272727
3,3,0,1,2,6,False,6306300,236.75519999999997,3.6363636363636362
3,3,0,1,1,7,False,900900,187.43120000000005,4.545454545454545
3,3,0,0,9,0,False,100100,168.15,5.0
3,3,0,0,8,1,False,800800,201.78,4.0
3,3,0,0,7,2,False,2802800,235.41,4.0
3,3,0,0,6,3,False,5605600,269.04,3.0
3,3,0,0,5,4,False,7007000,302.67,3.0
3,3,0,0,4,5,False,5605600,291.46,3.0
3,3,0,0,3,6,False,2802800,266.798,3.0
3,3,0,0,2,7,False,800800,228.68400000000003,4.0
3,3,0,0,1,8,False,100100,177.11800000000002,5.0
3,2,10,0,0,0,False,30030,218.8,4.0
3,2,9,1,0,0,False,300300,228.64600000000004,3.6363636363636362
3,2,9,0,1,0,False,300300,228.64600000000002,4.0
3,2,8,2,0,0,False,1351350,236.304,3.3333333333333335
3,2,8,1,1,0,False,2702700,238.2732000000001,3.6363636363636362
3,2,8,0,2,0,False,1351350,236.304,4.0
3,2,8,0,1,1,False,1351350,228.42720000000006,4.0
3,2,7,3,0,0,False,3603600,241.77400000000003,3.0769230769230766
3,2,7,2,1,0,False,10810800,245.49360000000007,3.3333333333333335
3,2,7,1,2,0,False,10810800,245.49360000000007,3.6363636363636362
3,2,7,1,1,1,True,10810800,237.31048000000007,3.6363636363636362
3,2,7,0,3,0,False,3603600,241.77400000000003,4.0
3,2,7,0,2,1,False,7207200,245.49360000000001,4.0
3,2,7,0,1,2,False,3603600,226.89560000000003,4.0
3,2,6,4,0,0,False,6306300,245.056,3.5714285714285716
3,2,6,3,1,0,False,25225200,250.30720000000005,3.0769230769230766
3,2,6,2,2,0,False,37837800,252.05759999999998,3.3333333333333335
3,2,6,2,1,1,True,37837800,243.65568000000007,3.3333333333333335
3,2,6,1,3,0,False,25225200,250.30720000000005,3.6363636363636362
3,2,6,1,2,1,True,50450400,254.15808000000007,3.6363636363636362
3,2,6,1,1,2,True,25225200,234.90368000000004,3.6363636363636362
3,2,6,0,4,0,False,6306300,245.056,4.0
3,2,6,0,3,1,False,18918900,259.05920000000003,3.0
3,2,6,0,2,2,False,18918900,252.0576,3.0
3,2,6,0,1,3,False,6306300,224.05120000000002,4.0
3,2,5,5,0,0,False,7567560,246.15000000000003,3.3333333333333335
3,2,5,4,1,0,False,37837800,252.714,3.5714285714285716
3,2,5,3,2,0,False,75675600,255.99599999999998,3.0769230769230766
3,2,5,3,1,1,True,75675600,247.46280000000004,3.0769230769230766
3,2,5,2,3,0,False,75675600,255.99600000000004,3.3333333333333335
3,2,5,2,2,1,True,151351200,259.9344,3.3333333333333335
3,2,5,2,1,2,True,75675600,240.24239999999998,3.3333333333333335
3,2,5,1,4,0,False,37837800,252.714,3.6363636363636362
3,2,5,1,3,1,True,113513400,267.1548,3.6363636363636362
3,2,5,1,2,2,True,113513400,259.93440000000004,3.6363636363636362
3,2,5,1,1,3,True,37837800,231.05280000000002,3.6363636363636362
3,2,5,0,5,0,False,7567560,246.15,3.0
3,2,5,0,4,1,False,30270240,269.124,3.0
3,2,5,0,3,2,False,45405360,272.40600000000006,3.0
3,2,5,0,2,3,False,30270240,255.996,3.0
3,2,5,0,1,4,False,7567560,219.894,4.0
3,2,4,6,0,0,False,6306300,245.056,3.125
3,2,4,5,1,0,False,37837800,252.714,3.3333333333333335
3,2,4,4,2,0,False,94594500,257.30879999999996,3.5714285714285716
3,2,4,4,1,1,True,94594500,248.73184000000003,3.5714285714285716
3,2,4,3,3,0,False,126126000,258.8404,3.0769230769230766
3,2,4,3,2,1,True,252252000,262.82256,3.0769230769230766
3,2,4,3,1,2,True,126126000,242.91176000000002,3.0769230769230766
3,2,4,2,4,0,False,94594500,257.30879999999996,3.3333333333333335
3,2,4,2,3,1,True,283783500,272.01216,3.3333333333333335
3,2,4,2,2,2,True,283783500,264.66048,3.3333333333333335
3,2,4,2,1,3,True,94594500,235.25376,3.3333333333333335
3,2,4,1,5,0,False,37837800,252.714,3.6363636363636362
3,2,4,1,4,1,True,151351200,276.30064000000004,2.727272727272727
3,2,4,1,3,2,True,227026800,279.67016000000007,2.727272727272727
3,2,4,1,2,3,True,151351200,262.82256,3.6363636363636362
3,2,4,1,1,4,True,37837800,225.75784000000004,3.6363636363636362
3,2,4,0,6,0,False,6306300,229.73999999999998,4.0
3,2,4,0,5,1,False,31531500,275.68800000000005,3.0
3,2,4,0,4,2,False,63063000,287.9408,3.0
3,2,4,0,3,3,False,63063000,281.8144,3.0
3,2,4,0,2,4,False,31531500,257.3088,3.0
3,2,4,0,1,5,False,6306300,214.42399999999998,4.0
3,2,3,7,0,0,False,3603600,241.77400000000003,3.529411764705882
3,2,3,6,1,0,False,25225200,250.30720000000002,3.125
3,2,3,5,2,0,False,75675600,255.99600000000004,3.3333333333333335
3,2,3,5,1,1,True,75675600,247.46280000000004,3.3333333333333335
3,2,3,4,3,0,False,126126000,258.84040000000005,2.857142857142857
3,2,3,4,2,1,True,252252000,262.82256,2.857142857142857
3,2,3,4,1,2,True,126126000,242.91176000000002,3.5714285714285716
3,2,3,3,4,0,False,126126000,258.8404,3.0769230769230766
3,2,3,3,3,1,True,378378000,273.63128000000006,3.0769230769230766
3,2,3,3,2,2,True,378378000,266.23584000000005,3.0769230769230766
3,2,3,3,1,3,True,126126000,236.65408000000002,3.846153846153846
3,2,3,2,5,0,False,75675600,255.99600000000004,3.3333333333333335
3,2,3,2,4,1,True,302702400,279.88896000000005,3.3333333333333335
3,2,3,2,3,2,True,454053600,283.30224000000004,3.3333333333333335
3,2,3,2,2,3,True,302702400,266.23584,3.3333333333333335
3,2,3,2,1,4,True,75675600,228.68976000000004,3.3333333333333335
3,2,3,1,6,0,False,25225200,234.66300000000007,3.6363636363636362
3,2,3,1,5,1,True,126126000,281.59560000000005,2.727272727272727
3,2,3,1,4,2,True,252252000,294.1109600000001,2.727272727272727
3,2,3,1,3,3,True,252252000,287.8532800000001,2.727272727272727
3,2,3,1,2,4,True,126126000,262.82256000000007,3.6363636363636362
3,2,3,1,1,5,True,25225200,219.01880000000003,3.6363636363636362
3,2,3,0,7,0,False,3603600,213.33000000000004,4.0
3,2,3,0,6,1,False,21621600,255.996,3.0
3,2,3,0,5,2,False,54054000,298.66200000000003,3.0
3,2,3,0,4,3,False,72072000,301.50640000000004,3.0
3,2,3,0,3,4,False,54054000,287.2844000000001,3.0
3,2,3,0,2,5,False,21621600,255.996,3.0
3,2,3,0,1,6,False,3603600,207.6412,4.0
3,2,2,8,0,0,False,1351350,236.304,3.333333333333333
3,2,2,7,1,0,False,10810800,245.49360000000004,3.529411764705882
3,2,2,6,2,0,False,37837800,252.0576,3.125
3,2,2,6,1,1,True,37837800,243.65568000000005,3.125
3,2,2,5,3,0,False,75675600,255.99600000000004,3.3333333333333335
3,2,2,5,2,1,True,151351200,259.9344,3.3333333333333335
3,2,2,5,1,2,True,75675600,240.24240000000003,3.3333333333333335
3,2,2,4,4,0,False,94594500,257.30879999999996,3.5714285714285716
3,2,2,4,3,1,True,283783500,272.01216,2.857142857142857
3,2,2,4,2,2,True,283783500,264.66047999999995,2.857142857142857
3,2,2,4,1,3,True,94594500,235.25376000000003,3.5714285714285716
3,2,2,3,5,0,False,75675600,255.99599999999998,3.0769230769230766
3,2,2,3,4,1,True,302702400,279.88896000000005,3.0769230769230766
3,2,2,3,3,2,True,454053600,283.30224000000004,3.0769230769230766
3,2,2,3,2,3,True,302702400,266.23584000000005,3.0769230769230766
3,2,2,3,1,4,True,75675600,228.68976000000004,3.846153846153846
3,2,2,2,6,0,False,37837800,236.30399999999997,3.3333333333333335
3,2,2,2,5,1,True,189189000,283.5648,3.3333333333333335
3,2,2,2,4,2,True,378378000,296.16767999999996,2.5
3,2,2,2,3,3,True,378378000,289.86624,3.3333333333333335
3,2,2,2,2,4,True,189189000,264.66048000000006,3.3333333333333335
3,2,2,2,1,5,True,37837800,220.5504,4.166666666666667
3,2,2,1,7,0,False,10810800,216.612,3.6363636363636362
3,2,2,1,6,1,True,64864800,259.93440000000004,3.6363636363636362
3,2,2,1,5,2,True,162162000,303.25680000000006,2.727272727272727
3,2,2,1,4,3,True,216216000,306.14496,2.727272727272727
3,2,2,1,3,4,True,162162000,291.7041600000001,2.727272727272727
3,2,2,1,2,5,True,64864800,259.93440000000004,3.6363636363636362
3,2,2,1,1,6,True,10810800,210.83568000000002,3.6363636363636362
3,2,2,0,8,0,False,1351350,196.92,4.0
3,2,2,0,7,1,False,9459450,236.304,4.0
3,2,2,0,6,2,False,28378350,275.68800000000005,3.0
3,2,2,0,5,3,False,47297250,315.072,3.0
3,2,2,0,4,4,False,47297250,309.8208000000001,3.0
3,2,2,0,3,5,False,28378350,288.81600000000003,3.0
3,2,2,0,2,6,False,9459450,252.0576,3.0
3,2,2,0,1,7,False,1351350,199.5456,4.0
3,2,1,9,0,0,False,300300,228.64600000000002,3.68421052631579
3,2,1,8,1,0,False,2702700,238.27320000000006,3.333333333333333
3,2,1,7,2,0,False,10810800,245.49360000000004,3.529411764705882
3,2,1,7,1,1,True,10810800,237.3104800000001,3.529411764705882
3,2,1,6,3,0,False,25225200,250.30720000000002,3.125
3,2,1,6,2,1,True,50450400,254.15808000000007,3.125
3,2,1,6,1,2,True,25225200,234.90368000000004,3.75
3,2,1,5,4,0,False,37837800,252.714,3.3333333333333335
3,2,1,5,3,1,True,113513400,267.1548,3.3333333333333335
3,2,1,5,2,2,True,113513400,259.9344,3.3333333333333335
3,2,1,5,1,3,True,37837800,231.05280000000005,3.3333333333333335
3,2,1,4,5,0,False,37837800,252.714,3.5714285714285716
3,2,1,4,4,1,True,151351200,276.30064000000004,2.857142857142857
3,2,1,4,3,2,True,227026800,279.67016,2.857142857142857
3,2,1,4,2,3,True,151351200,262.82256,2.857142857142857
3,2,1,4,1,4,True,37837800,225.75784000000004,3.5714285714285716
3,2,1,3,6,0,False,25225200,234.66300000000004,3.846153846153846
3,2,1,3,5,1,True,126126000,281.5956000000001,3.0769230769230766
3,2,1,3,4,2,True,252252000,294.11096000000003,3.0769230769230766
3,2,1,3,3,3,True,252252000,287.85328000000004,3.0769230769230766
3,2,1,3,2,4,True,126126000,262.82256000000007,3.0769230769230766
3,2,1,3,1,5,True,25225200,219.0188,3.846153846153846
3,2,1,2,7,0,False,10810800,216.61200000000002,4.166666666666667
3,2,1,2,6,1,True,64864800,259.93440000000004,3.3333333333333335
3,2,1,2,5,2,True,162162000,303.25680000000006,2.5
3,2,1,2,4,3,True,216216000,306.1449600000001,2.5
3,2,1,2,3,4,True,162162000,291.7041600000001,3.3333333333333335
3,2,1,2,2,5,True,64864800,259.93440000000004,3.3333333333333335
3,2,1,2,1,6,True,10810800,210.83568000000005,4.166666666666667
3,2,1,1,8,0,False,2702700,198.56100000000004,4.545454545454545
3,2,1,1,7,1,True,18918900,238.2732000000001,3.6363636363636362
3,2,1,1,6,2,True,56756700,277.9854000000001,2.727272727272727
3,2,1,1,5,3,True,94594500,317.6976000000001,2.727272727272727
3,2,1,1,4,4,True,94594500,312.40264000000013,2.727272727272727
3,2,1,1,3,5,True,56756700,291.22280000000006,2.727272727272727
3,2,1,1,2,6,True,18918900,254.15808000000007,3.6363636363636362
3,2,1,1,1,7,True,2702700,201.20848000000004,4.545454545454545
3,2,1,0,9,0,False,300300,180.51000000000002,5.0
3,2,1,0,8,1,False,2402400,216.61200000000005,4.0
3,2,1,0,7,2,False,8408400,252.71400000000006,3.0
3,2,1,0,6,3,False,16816800,288.81600000000003,3.0
3,2,1,0,5,4,False,21021000,324.91800000000006,3.0
3,2,1,0,4,5,False,16816800,312.884,3.0
3,2,1,0,3,6,False,8408400,286.4092,3.0
3,2,1,0,2,7,False,2402400,245.49360000000001,4.0
3,2,1,0,1,8,False,300300,190.13720000000004,4.0
3,2,0,10,0,0,False,30030,218.8,3.5
3,2,0,9,1,0,False,300300,228.64600000000002,3.68421052631579
3,2,0,8,2,0,False,1351350,236.304,3.333333333333333
3,2,0,8,1,1,False,1351350,228.42720000000006,3.333333333333333
3,2,0,7,3,0,False,3603600,241.77400000000003,3.529411764705882
3,2,0,7,2,1,False,7207200,245.49360000000004,3.529411764705882
3,2,0,7,1,2,False,3603600,226.89560000000006,3.529411764705882
3,2,0,6,4,0,False,6306300,245.056,3.125
3,2,0,6,3,1,False,18918900,259.05920000000003,3.125
3,2,0,6,2,2,False,18918900,252.0576,3.125
3,2,0,6,1,3,False,6306300,224.05120000000002,3.75
3,2,0,5,5,0,False,7567560,246.15000000000003,3.3333333333333335
3,2,0,5,4,1,False,30270240,269.124,3.3333333333333335
3,2,0,5,3,2,False,45405360,272.40600000000006,3.3333333333333335
3,2,0,5,2,3,False,30270240,255.99600000000004,3.3333333333333335
3,2,0,5,1,4,False,7567560,219.894,4.0
3,2,0,4,6,0,False,6306300,229.74,3.5714285714285716
3,2,0,4,5,1,False,31531500,275.688,2.857142857142857
3,2,0,4,4,2,False,63063000,287.9408,2.857142857142857
3,2,0,4,3,3,False,63063000,281.81440000000003,2.857142857142857
3,2,0,4,2,4,False,31531500,257.3088,3.5714285714285716
3,2,0,4,1,5,False,6306300,214.42399999999998,3.5714285714285716
3,2,0,3,7,0,False,3603600,213.33000000000004,3.846153846153846
3,2,0,3,6,1,False,21621600,255.99600000000004,3.0769230769230766
3,2,0,3,5,2,False,54054000,298.66200000000003,3.0769230769230766
3,2,0,3,4,3,False,72072000,301.50640000000004,3.0769230769230766
3,2,0,3,3,4,False,54054000,287.28440000000006,3.0769230769230766
3,2,0,3,2,5,False,21621600,255.99600000000004,3.0769230769230766
3,2,0,3,1,6,False,3603600,207.64120000000003,3.846153846153846
3,2,0,2,8,0,False,1351350,196.92000000000002,4.166666666666667
3,2,0,2,7,1,False,9459450,236.304,3.3333333333333335
3,2,0,2,6,2,False,28378350,275.688,3.3333333333333335
3,2,0,2,5,3,False,47297250,315.072,2.5
3,2,0,2,4,4,False,47297250,309.8208,2.5
3,2,0,2,3,5,False,28378350,288.81600000000003,3.3333333333333335
3,2,0,2,2,6,False,9459450,252.05759999999998,3.3333333333333335
3,2,0,2,1,7,False,1351350,199.5456,4.166666666666667
3,2,0,1,9,0,False,300300,180.51000000000005,4.545454545454545
3,2,0,1,8,1,False,2402400,216.61200000000002,3.6363636363636362
3,2,0,1,7,2,False,8408400,252.71400000000003,3.6363636363636362
3,2,0,1,6,3,False,16816800,288.81600000000003,2.727272727272727
3,2,0,1,5,4,False,21021000,324.91800000000006,2.727272727272727
3,2,0,1,4,5,False,16816800,312.884,2.727272727272727
3,2,0,1,3,6,False,8408400,286.40920000000006,2.727272727272727
3,2,0,1,2,7,False,2402400,245.49360000000007,3.6363636363636362
3,2,0,1,1,8,False,300300,190.1372,4.545454545454545
3,2,0,0,10,0,False,30030,164.10000000000002,5.0
3,2,0,0,9,1,False,270270,196.92000000000002,4.0
3,2,0,0,8,2,False,1081080,229.74,4.0
3,2,0,0,7,3,False,2522520,262.56,3.0
3,2,0,0,6,4,False,3783780,295.38000000000005,3.0
3,2,0,0,5,5,False,3783780,328.20000000000005,3.0
3,2,0,0,4,6,False,2522520,310.696,3.0
3,2,0,0,3,7,False,1081080,280.064,3.0
3,2,0,0,2,8,False,270270,236.304,4.0
3,2,0,0,1,9,False,30030,179.416,5.0
3,1,11,0,0,0,False,5460,224.07000000000005,4.0
3,1,10,1,0,0,False,60060,234.74000000000004,3.6363636363636362
3,1,10,0,1,0,False,60060,234.74,4.0
3,1,9,2,0,0,False,300300,243.276,3.3333333333333335
3,1,9,1,1,0,False,600600,245.30330000000006,3.6363636363636362
3,1,9,0,2,0,False,300300,243.27599999999998,4.0
3,1,9,0,1,1,False,300300,235.16680000000002,4.0
3,1,8,3,0,0,False,900900,249.67800000000005,3.0769230769230766
3,1,8,2,1,0,False,2702700,253.51920000000004,3.3333333333333335
3,1,8,1,2,0,False,2702700,253.51920000000007,3.6363636363636362
3,1,8,1,1,1,True,2702700,245.06856000000008,3.6363636363636362
3,1,8,0,3,0,False,900900,249.67800000000003,3.0
3,1,8,0,2,1,False,1801800,253.51920000000007,3.0
3,1,8,0,1,2,False,900900,234.31320000000002,4.0
3,1,7,4,0,0,False,1801800,253.946,3.5714285714285716
3,1,7,3,1,0,False,7207200,259.38770000000005,3.0769230769230766
3,1,7,2,2,0,False,10810800,261.2016,3.3333333333333335
3,1,7,2,1,1,True,10810800,252.49488000000005,3.3333333333333335
3,1,7,1,3,0,False,7207200,259.38770000000005,3.6363636363636362
3,1,7,1,2,1,True,14414400,263.3782800000001,3.6363636363636362
3,1,7,1,1,2,True,7207200,243.42538000000005,3.6363636363636362
3,1,7,0,4,0,False,1801800,253.94600000000003,3.0
3,1,7,0,3,1,False,5405400,268.4572,3.0
3,1,7,0,2,2,False,5405400,261.20160000000004,3.0
3,1,7,0,1,3,False,1801800,232.17920000000004,4.0
3,1,6,5,0,0,False,2522520,256.08000000000004,3.3333333333333335
3,1,6,4,1,0,False,12612600,262.90880000000004,2.857142857142857
3,1,6,3,2,0,False,25225200,266.32320000000004,3.0769230769230766
3,1,6,3,1,1,True,25225200,257.44576000000006,3.0769230769230766
3,1,6,2,3,0,False,25225200,266.32320000000004,3.3333333333333335
3,1,6,2,2,1,True,50450400,270.42048000000005,3.3333333333333335
3,1,6,2,1,2,True,25225200,249.93408000000002,3.3333333333333335
3,1,6,1,4,0,False,12612600,262.90880000000004,3.6363636363636362
3,1,6,1,3,1,True,37837800,277.93216,2.727272727272727
3,1,6,1,2,2,True,37837800,270.42048000000005,2.727272727272727
3,1,6,1,1,3,True,12612600,240.37376000000003,3.6363636363636362
3,1,6,0,5,0,False,2522520,256.08000000000004,3.0
3,1,6,0,4,1,False,10090080,279.98080000000004,3.0
3,1,6,0,3,2,False,15135120,283.39520000000005,3.0
3,1,6,0,2,3,False,10090080,266.3232,3.0
3,1,6,0,1,4,False,2522520,228.76480000000004,4.0
3,1,5,6,0,0,False,2522520,256.08000000000004,3.125
3,1,5,5,1,0,False,15135120,264.08250000000004,3.3333333333333335
3,1,5,4,2,0,False,37837800,268.88399999999996,2.857142857142857
3,1,5,4,1,1,True,37837800,259.9212,2.857142857142857
3,1,5,3,3,0,False,50450400,270.4845,3.0769230769230766
3,1,5,3,2,1,True,100900800,274.64580000000007,3.0769230769230766
3,1,5,3,1,2,True,50450400,253.8393,3.0769230769230766
3,1,5,2,4,0,False,37837800,268.88399999999996,3.3333333333333335
3,1,5,2,3,1,True,113513400,284.24879999999996,3.3333333333333335
3,1,5,2,2,2,True,113513400,276.5664,3.3333333333333335
3,1,5,2,1,3,True,37837800,245.83679999999998,3.3333333333333335
3,1,5,1,5,0,False,15135120,264.08250000000004,3.6363636363636362
3,1,5,1,4,1,True,60540480,288.7302000000001,2.727272727272727
3,1,5,1,3,2,True,90810720,292.25130000000007,2.727272727272727
3,1,5,1,2,3,True,60540480,274.64580000000007,2.727272727272727
3,1,5,1,1,4,True,15135120,235.91370000000003,3.6363636363636362
3,1,5,0,6,0,False,2522520,240.07500000000002,4.0
3,1,5,0,5,1,False,12612600,288.09000000000003,3.0
3,1,5,0,4,2,False,25225200,300.894,3.0
3,1,5,0,3,3,False,25225200,294.492,3.0
3,1,5,0,2,4,False,12612600,268.884,3.0
3,1,5,0,1,5,False,2522520,224.07,4.0
3,1,4,7,0,0,False,1801800,253.94600000000003,2.941176470588235
3,1,4,6,1,0,False,12612600,262.90880000000004,3.125
3,1,4,5,2,0,False,37837800,268.884,3.3333333333333335
3,1,4,5,1,1,True,37837800,259.92120000000006,3.3333333333333335
3,1,4,4,3,0,False,63063000,271.8716,2.857142857142857
3,1,4,4,2,1,True,126126000,276.05424,2.857142857142857
3,1,4,4,1,2,True,63063000,255.14104,3.5714285714285716
3,1,4,3,4,0,False,63063000,271.8716,3.0769230769230766
3,1,4,3,3,1,True,189189000,287.40712,3.0769230769230766
3,1,4,3,2,2,True,189189000,279.63935999999995,3.0769230769230766
3,1,4,3,1,3,True,63063000,248.56832000000006,3.0769230769230766
3,1,4,2,5,0,False,37837800,268.88399999999996,3.3333333333333335
3,1,4,2,4,1,True,151351200,293.97984,3.3333333333333335
3,1,4,2,3,2,True,227026800,297.56496000000004,2.5
3,1,4,2,2,3,True,151351200,279.63936,3.3333333333333335
3,1,4,2,1,4,True,37837800,240.20304000000002,3.3333333333333335
3,1,4,1,6,0,False,12612600,246.477,3.6363636363636362
3,1,4,1,5,1,True,63063000,295.77240000000006,2.727272727272727
3,1,4,1,4,2,True,126126000,308.91784000000007,2.727272727272727
3,1,4,1,3,3,True,126126000,302.34512000000007,2.727272727272727
3,1,4,1,2,4,True,63063000,276.05424000000005,2.727272727272727
3,1,4,1,1,5,True,12612600,230.0452,3.6363636363636362
3,1,4,0,7,0,False,1801800,224.07,4.0
3,1,4,0,6,1,False,10810800,268.884,3.0
3,1,4,0,5,2,False,27027000,313.69800000000004,3.0
3,1,4,0,4,3,False,36036000,316.6856,3.0
3,1,4,0,3,4,False,27027000,301.7476000000001,3.0
3,1,4,0,2,5,False,10810800,268.884,3.0
3,1,4,0,1,6,False,1801800,218.0948,4.0
3,1,3,8,0,0,False,900900,249.67800000000003,3.333333333333333
3,1,3,7,1,0,False,7207200,259.38770000000005,2.941176470588235
3,1,3,6,2,0,False,25225200,266.32320000000004,3.125
3,1,3,6,1,1,True,25225200,257.44576000000006,3.125
3,1,3,5,3,0,False,50450400,270.4845,3.3333333333333335
3,1,3,5,2,1,True,100900800,274.64580000000007,3.3333333333333335
3,1,3,5,1,2,True,50450400,253.83930000000004,3.3333333333333335
3,1,3,4,4,0,False,63063000,271.8716,2.857142857142857
3,1,3,4,3,1,True,189189000,287.40712,2.857142857142857
3,1,3,4,2,2,True,189189000,279.63936,2.857142857142857
3,1,3,4,1,3,True,63063000,248.56832000000003,3.5714285714285716
3,1,3,3,5,0,False,50450400,270.4845,3.0769230769230766
3,1,3,3,4,1,True,201801600,295.7297200000001,3.0769230769230766
3,1,3,3,3,2,True,302702400,299.33618000000007,3.0769230769230766
3,1,3,3,2,3,True,201801600,281.30388000000005,3.0769230769230766
3,1,3,3,1,4,True,50450400,241.63282000000007,3.0769230769230766
3,1,3,2,6,0,False,25225200,249.67800000000003,3.3333333333333335
3,1,3,2,5,1,True,126126000,299.6136,2.5
3,1,3,2,4,2,True,252252000,312.9297600000001,2.5
3,1,3,2,3,3,True,252252000,306.27168000000006,2.5
3,1,3,2,2,4,True,126126000,279.63936000000007,3.3333333333333335
3,1,3,2,1,5,True,25225200,233.0328,3.3333333333333335
3,1,3,1,7,0,False,7207200,228.87150000000005,3.6363636363636362
3,1,3,1,6,1,True,43243200,274.64580000000007,2.727272727272727
3,1,3,1,5,2,True,108108000,320.4201000000001,2.727272727272727
3,1,3,1,4,3,True,144144000,323.4717200000001,2.727272727272727
3,1,3,1,3,4,True,108108000,308.2136200000001,2.727272727272727
3,1,3,1,2,5,True,43243200,274.64580000000007,2.727272727272727
3,1,3,1,1,6,True,7207200,222.76826000000005,3.6363636363636362
3,1,3,0,8,0,False,900900,208.06500000000003,4.0
3,1,3,0,7,1,False,6306300,249.67800000000003,3.0
3,1,3,0,6,2,False,18918900,291.29100000000005,3.0
3,1,3,0,5,3,False,31531500,332.90400000000005,3.0
3,1,3,0,4,4,False,31531500,327.3556000000001,3.0
3,1,3,0,3,5,False,18918900,305.16200000000003,3.0
3,1,3,0,2,6,False,6306300,266.3232,3.0
3,1,3,0,1,7,False,900900,210.83920000000003,4.0
3,1,2,9,0,0,False,300300,243.27599999999998,3.1578947368421053
3,1,2,8,1,0,False,2702700,253.51920000000004,3.333333333333333
3,1,2,7,2,0,False,10810800,261.20160000000004,2.941176470588235
3,1,2,7,1,1,True,10810800,252.49488000000008,2.941176470588235
3,1,2,6,3,0,False,25225200,266.3232,3.125
3,1,2,6,2,1,True,50450400,270.42048,3.125
3,1,2,6,1,2,True,25225200,249.93408,3.125
3,1,2,5,4,0,False,37837800,268.88399999999996,3.3333333333333335
3,1,2,5,3,1,True,113513400,284.24879999999996,2.6666666666666665
3,1,2,5,2,2,True,113513400,276.5664,2.6666666666666665
3,1,2,5,1,3,True,37837800,245.83679999999998,3.3333333333333335
3,1,2,4,5,0,False,37837800,268.88399999999996,2.857142857142857
3,1,2,4,4,1,True,151351200,293.97983999999997,2.857142857142857
3,1,2,4,3,2,True,227026800,297.56496,2.857142857142857
3,1,2,4,2,3,True,151351200,279.63935999999995,2.857142857142857
3,1,2,4,1,4,True,37837800,240.20304,3.5714285714285716
3,1,2,3,6,0,False,25225200,249.67800000000003,3.0769230769230766
3,1,2,3,5,1,True,126126000,299.61359999999996,3.0769230769230766
3,1,2,3,4,2,True,252252000,312.92976000000004,3.0769230769230766
3,1,2,3,3,3,True,252252000,306.27168,3.0769230769230766
3,1,2,3,2,4,True,126126000,279.63936000000007,3.0769230769230766
3,1,2,3,1,5,True,25225200,233.03279999999998,3.846153846153846
3,1,2,2,7,0,False,10810800,230.47199999999998,3.3333333333333335
3,1,2,2,6,1,True,64864800,276.5664,3.3333333333333335
3,1,2,2,5,2,True,162162000,322.66079999999994,2.5
3,1,2,2,4,3,True,216216000,325.73375999999996,2.5
3,1,2,2,3,4,True,162162000,310.3689600000001,2.5
3,1,2,2,2,5,True,64864800,276.5664,3.3333333333333335
3,1,2,2,1,6,True,10810800,224.32608,3.3333333333333335
3,1,2,1,8,0,False,2702700,211.26600000000002,3.6363636363636362
3,1,2,1,7,1,True,18918900,253.5192,3.6363636363636362
3,1,2,1,6,2,True,56756700,295.7724,2.727272727272727
3,1,2,1,5,3,True,94594500,338.0256,2.727272727272727
3,1,2,1,4,4,True,94594500,332.39184000000006,2.727272727272727
3,1,2,1,3,5,True,56756700,309.8568000000001,2.727272727272727
3,1,2,1,2,6,True,18918900,270.42048,2.727272727272727
3,1,2,1,1,7,True,2702700,214.08288000000002,3.6363636363636362
3,1,2,0,9,0,False,300300,192.06,4.0
3,1,2,0,8,1,False,2402400,230.47199999999998,4.0
3,1,2,0,7,2,False,8408400,268.88399999999996,3.0
3,1,2,0,6,3,False,16816800,307.296,3.0
3,1,2,0,5,4,False,21021000,345.708,3.0
3,1,2,0,4,5,False,16816800,332.904,3.0
3,1,2,0,3,6,False,8408400,304.73519999999996,3.0
3,1,2,0,2,7,False,2402400,261.2016,3.0
3,1,2,0,1,8,False,300300,202.3032,4.0
3,1,1,10,0,0,False,60060,234.74,3.5
3,1,1,9,1,0,False,600600,245.30330000000004,3.1578947368421053
3,1,1,8,2,0,False,2702700,253.51920000000004,3.333333333333333
3,1,1,8,1,1,True,2702700,245.06856000000008,3.333333333333333
3,1,1,7,3,0,False,7207200,259.38770000000005,2.941176470588235
3,1,1,7,2,1,True,14414400,263.37828,2.941176470588235
3,1,1,7,1,2,True,7207200,243.42538000000005,3.529411764705882
3,1,1,6,4,0,False,12612600,262.90880000000004,3.125
3,1,1,6,3,1,True,37837800,277.93216,3.125
3,1,1,6,2,2,True,37837800,270.42048,3.125
3,1,1,6,1,3,True,12612600,240.37376,3.125
3,1,1,5,5,0,False,15135120,264.08250000000004,3.3333333333333335
3,1,1,5,4,1,True,60540480,288.7302,2.6666666666666665
3,1,1,5,3,2,True,90810720,292.25130000000007,2.6666666666666665
3,1,1,5,2,3,True,60540480,274.64580000000007,3.3333333333333335
3,1,1,5,1,4,True,15135120,235.91370000000006,3.3333333333333335
3,1,1,4,6,0,False,12612600,246.47700000000003,3.5714285714285716
3,1,1,4,5,1,True,63063000,295.77240000000006,2.857142857142857
3,1,1,4,4,2,True,126126000,308.91784,2.857142857142857
3,1,1,4,3,3,True,126126000,302.34512,2.857142857142857
3,1,1,4,2,4,True,63063000,276.05424000000005,2.857142857142857
3,1,1,4,1,5,True,12612600,230.0452,3.5714285714285716
3,1,1,3,7,0,False,7207200,228.87150000000005,3.846153846153846
3,1,1,3,6,1,True,43243200,274.64580000000007,3.0769230769230766
3,1,1,3,5,2,True,108108000,320.4201,2.3076923076923075
3,1,1,3,4,3,True,144144000,323.47172000000006,2.3076923076923075
3,1,1,3,3,4,True,108108000,308.2136200000001,3.0769230769230766
3,1,1,3,2,5,True,43243200,274.64580000000007,3.0769230769230766
3,1,1,3,1,6,True,7207200,222.76826000000003,3.846153846153846
3,1,1,2,8,0,False,2702700,211.26600000000005,4.166666666666667
3,1,1,2,7,1,True,18918900,253.51920000000004,3.3333333333333335
3,1,1,2,6,2,True,56756700,295.7724,2.5
3,1,1,2,5,3,True,94594500,338.02560000000005,2.5
3,1,1,2,4,4,True,94594500,332.39184000000006,2.5
3,1,1,2,3,5,True,56756700,309.8568000000001,2.5
3,1,1,2,2,6,True,18918900,270.42048,3.3333333333333335
3,1,1,2,1,7,True,2702700,214.08288000000002,4.166666666666667
3,1,1,1,9,0,False,600600,193.66050000000004,4.545454545454545
3,1,1,1,8,1,True,4804800,232.39260000000007,3.6363636363636362
3,1,1,1,7,2,True,16816800,271.1247,2.727272727272727
3,1,1,1,6,3,True,33633600,309.8568000000001,2.727272727272727
3,1,1,1,5,4,True,42042000,348.5889000000001,2.727272727272727
3,1,1,1,4,5,True,33633600,335.67820000000006,2.727272727272727
3,1,1,1,3,6,True,16816800,307.27466000000004,2.727272727272727
3,1,1,1,2,7,True,4804800,263.37828,3.6363636363636362
3,1,1,1,1,8,True,600600,203.98906000000005,3.6363636363636362
3,1,1,0,10,0,False,60060,176.05500000000004,5.0
3,1,1,0,9,1,False,540540,211.26600000000005,4.0
3,1,1,0,8,2,False,2162160,246.477,3.0
3,1,1,0,7,3,False,5045040,281.68800000000005,3.0
3,1,1,0,6,4,False,7567560,316.89900000000006,3.0
3,1,1,0,5,5,False,7567560,352.11000000000007,3.0
3,1,1,0,4,6,False,5045040,333.3308,3.0
3,1,1,0,3,7,False,2162160,300.46720000000005,3.0
3,1,1,0,2,8,False,540540,253.51920000000007,3.0
3,1,1,0,1,9,False,60060,192.48680000000002,4.0
3,1,0,11,0,0,False,5460,224.07000000000002,3.333333333333333
3,1,0,10,1,0,False,60060,234.74,3.5
3,1,0,9,2,0,False,300300,243.27599999999998,3.1578947368421053
3,1,0,9,1,1,False,300300,235.16680000000005,3.1578947368421053
3,1,0,8,3,0,False,900900,249.67800000000003,3.333333333333333
3,1,0,8,2,1,False,1801800,253.51920000000004,3.333333333333333
3,1,0,8,1,2,False,900900,234.31320000000002,3.333333333333333
3,1,0,7,4,0,False,1801800,253.94600000000003,2.941176470588235
3,1,0,7,3,1,False,5405400,268.45720000000006,2.941176470588235
3,1,0,7,2,2,False,5405400,261.20160000000004,2.941176470588235
3,1,0,7,1,3,False,1801800,232.1792,3.529411764705882
3,1,0,6,5,0,False,2522520,256.08000000000004,3.125
3,1,0,6,4,1,False,10090080,279.98080000000004,3.125
3,1,0,6,3,2,False,15135120,283.3952000000001,3.125
3,1,0,6,2,3,False,10090080,266.3232,3.125
3,1,0,6,1,4,False,2522520,228.76480000000004,3.75
3,1,0,5,6,0,False,2522520,240.07500000000002,3.3333333333333335
3,1,0,5,5,1,False,12612600,288.09000000000003,2.6666666666666665
3,1,0,5,4,2,False,25225200,300.894,2.6666666666666665
3,1,0,5,3,3,False,25225200,294.492,2.6666666666666665
3,1,0,5,2,4,False,12612600,268.884,3.3333333333333335
3,1,0,5,1,5,False,2522520,224.07,3.3333333333333335
3,1,0,4,7,0,False,1801800,224.07,3.5714285714285716
3,1,0,4,6,1,False,10810800,268.884,2.857142857142857
3,1,0,4,5,2,False,27027000,313.69800000000004,2.857142857142857
3,1,0,4,4,3,False,36036000,316.68559999999997,2.857142857142857
3,1,0,4,3,4,False,27027000,301.7476000000001,2.857142857142857
3,1,0,4,2,5,False,10810800,268.884,2.857142857142857
3,1,0,4,1,6,False,1801800,218.0948,3.5714285714285716
3,1,0,3,8,0,False,900900,208.06500000000003,3.846153846153846
3,1,0,3,7,1,False,6306300,249.67800000000005,3.0769230769230766
3,1,0,3,6,2,False,18918900,291.29100000000005,3.0769230769230766
3,1,0,3,5,3,False,31531500,332.904,2.3076923076923075
3,1,0,3,4,4,False,31531500,327.35560000000004,2.3076923076923075
3,1,0,3,3,5,False,18918900,305.16200000000003,3.0769230769230766
3,1,0,3,2,6,False,6306300,266.32320000000004,3.0769230769230766
3,1,0,3,1,7,False,900900,210.8392,3.846153846153846
3,1,0,2,9,0,False,300300,192.06,4.166666666666667
3,1,0,2,8,1,False,2402400,230.47200000000004,3.3333333333333335
3,1,0,2,7,2,False,8408400,268.88400000000007,3.3333333333333335
3,1,0,2,6,3,False,16816800,307.296,2.5
3,1,0,2,5,4,False,21021000,345.708,2.5
3,1,0,2,4,5,False,16816800,332.904,2.5
3,1,0,2,3,6,False,8408400,304.7352,2.5
3,1,0,2,2,7,False,2402400,261.2016,3.3333333333333335
3,1,0,2,1,8,False,300300,202.3032,4.166666666666667
3,1,0,1,10,0,False,60060,176.05500000000004,4.545454545454545
3,1,0,1,9,1,False,540540,211.26600000000005,3.6363636363636362
3,1,0,1,8,2,False,2162160,246.4770000000001,3.6363636363636362
3,1,0,1,7,3,False,5045040,281.688,2.727272727272727
3,1,0,1,6,4,False,7567560,316.89900000000006,2.727272727272727
3,1,0,1,5,5,False,7567560,352.11000000000007,2.727272727272727
3,1,0,1,4,6,False,5045040,333.3308,2.727272727272727
3,1,0,1,3,7,False,2162160,300.46720000000005,2.727272727272727
3,1,0,1,2,8,False,540540,253.51920000000007,3.6363636363636362
3,1,0,1,1,9,False,60060,192.48680000000002,4.545454545454545
3,1,0,0,11,0,False,5460,160.05,5.0
3,1,0,0,10,1,False,54600,192.06000000000003,4.0
3,1,0,0,9,2,False,245700,224.07000000000005,4.0
3,1,0,0,8,3,False,655200,256.08,3.0
3,1,0,0,7,4,False,1146600,288.09000000000003,3.0
3,1,0,0,6,5,False,1375920,320.1,3.0
3,1,0,0,5,6,False,1146600,352.11,3.0
3,1,0,0,4,7,False,655200,328.636,3.0
3,1,0,0,3,8,False,245700,292.35800000000006,3.0
3,1,0,0,2,9,False,54600,243.27599999999998,4.0
3,1,0,0,1,10,False,5460,181.39000000000001,5.0
3,0,12,0,0,0,False,455,228.8,4.0
3,0,11,1,0,0,False,5460,240.24000000000004,3.6363636363636362
3,0,11,0,1,0,False,5460,240.24,4.0
3,0,10,2,0,0,False,30030,249.6,3.3333333333333335
3,0,10,1,1,0,False,60060,251.68000000000004,3.6363636363636362
3,0,10,0,2,0,False,30030,249.60000000000002,3.0
3,0,10,0,1,1,False,30030,241.28000000000003,4.0
3,0,9,3,0,0,False,100100,256.88000000000005,3.0769230769230766
3,0,9,2,1,0,False,300300,260.83200000000005,3.3333333333333335
3,0,9,1,2,0,False,300300,260.83200000000005,3.6363636363636362
3,0,9,1,1,1,False,300300,252.13760000000005,3.6363636363636362
3,0,9,0,3,0,False,100100,256.88000000000005,3.0
3,0,9,0,2,1,False,200200,260.83200000000005,3.0
3,0,9,0,1,2,False,100100,241.072,4.0
3,0,8,4,0,0,False,225225,262.08,2.857142857142857
3,0,8,3,1,0,False,900900,267.6960000000001,3.0769230769230766
3,0,8,2,2,0,False,1351350,269.568,3.3333333333333335
3,0,8,2,1,1,False,1351350,260.58240000000006,3.3333333333333335
3,0,8,1,3,0,False,900900,267.696,3.6363636363636362
3,0,8,1,2,1,False,1801800,271.81440000000003,2.727272727272727
3,0,8,1,1,2,False,900900,251.22240000000005,3.6363636363636362
3,0,8,0,4,0,False,225225,262.08,3.0
3,0,8,0,3,1,False,675675,277.056,3.0
3,0,8,0,2,2,False,675675,269.568,3.0
3,0,8,0,1,3,False,225225,239.61599999999999,4.0
3,0,7,5,0,0,False,360360,265.20000000000005,3.3333333333333335
3,0,7,4,1,0,False,1801800,272.27200000000005,2.857142857142857
3,0,7,3,2,0,False,3603600,275.8080000000001,3.0769230769230766
3,0,7,3,1,1,False,3603600,266.6144000000001,3.0769230769230766
3,0,7,2,3,0,False,3603600,275.80800000000005,3.3333333333333335
3,0,7,2,2,1,False,7207200,280.05120000000005,3.3333333333333335
3,0,7,2,1,2,False,3603600,258.83520000000004,3.3333333333333335
3,0,7,1,4,0,False,1801800,272.27200000000005,2.727272727272727
3,0,7,1,3,1,False,5405400,287.83040000000005,2.727272727272727
3,0,7,1,2,2,False,5405400,280.05120000000005,2.727272727272727
3,0,7,1,1,3,False,1801800,248.9344000000001,3.6363636363636362
3,0,7,0,5,0,False,360360,265.20000000000005,3.0
3,0,7,0,4,1,False,1441440,289.95200000000006,3.0
3,0,7,0,3,2,False,2162160,293.48800000000006,3.0
3,0,7,0,2,3,False,1441440,275.80800000000005,3.0
3,0,7,0,1,4,False,360360,236.91200000000003,4.0
3,0,6,6,0,0,False,420420,266.24,3.125
3,0,6,5,1,0,False,2522520,274.56000000000006,3.3333333333333335
3,0,6,4,2,0,False,6306300,279.55199999999996,2.857142857142857
3,0,6,4,1,1,False,6306300,270.2336,2.857142857142857
3,0,6,3,3,0,False,8408400,281.21600000000007,3.0769230769230766
3,0,6,3,2,1,False,16816800,285.54240000000004,3.0769230769230766
3,0,6,3,1,2,False,8408400,263.91040000000004,3.0769230769230766
3,0,6,2,4,0,False,6306300,279.552,3.3333333333333335
3,0,6,2,3,1,False,18918900,295.52639999999997,2.5
3,0,6,2,2,2,False,18918900,287.5392,3.3333333333333335
3,0,6,2,1,3,False,6306300,255.59040000000002,3.3333333333333335
3,0,6,1,5,0,False,2522520,274.56000000000006,2.727272727272727
3,0,6,1,4,1,False,10090080,300.1856,2.727272727272727
3,0,6,1,3,2,False,15135120,303.8464000000001,2.727272727272727
3,0,6,1,2,3,False,10090080,285.54240000000004,2.727272727272727
3,0,6,1,1,4,False,2522520,245.27360000000004,3.6363636363636362
3,0,6,0,6,0,False,420420,249.60000000000002,3.0
3,0,6,0,5,1,False,2102100,299.52000000000004,3.0
3,0,6,0,4,2,False,4204200,312.83200000000005,3.0
3,0,6,0,3,3,False,4204200,306.17600000000004,3.0
3,0,6,0,2,4,False,2102100,279.5520000000001,3.0
3,0,6,0,1,5,False,420420,232.96,4.0
3,0,5,7,0,0,False,360360,265.20000000000005,2.941176470588235
3,0,5,6,1,0,False,2522520,274.56000000000006,3.125
3,0,5,5,2,0,False,7567560,280.8,2.6666666666666665
3,0,5,5,1,1,False,7567560,271.44000000000005,3.3333333333333335
3,0,5,4,3,0,False,12612600,283.92,2.857142857142857
3,0,5,4,2,1,False,25225200,288.28800000000007,2.857142857142857
3,0,5,4,1,2,False,12612600,266.44800000000004,2.857142857142857
3,0,5,3,4,0,False,12612600,283.92,3.0769230769230766
3,0,5,3,3,1,False,37837800,300.14400000000006,3.0769230769230766
3,0,5,3,2,2,False,37837800,292.03200000000004,3.0769230769230766
3,0,5,3,1,3,False,12612600,259.584,3.0769230769230766
3,0,5,2,5,0,False,7567560,280.8,3.3333333333333335
3,0,5,2,4,1,False,30270240,307.00800000000004,2.5
3,0,5,2,3,2,False,45405360,310.752,2.5
3,0,5,2,2,3,False,30270240,292.032,3.3333333333333335
3,0,5,2,1,4,False,7567560,250.848,3.3333333333333335
3,0,5,1,6,0,False,2522520,257.40000000000003,3.6363636363636362
3,0,5,1,5,1,False,12612600,308.88000000000005,2.727272727272727
3,0,5,1,4,2,False,25225200,322.60800000000006,2.727272727272727
3,0,5,1,3,3,False,25225200,315.744,2.727272727272727
3,0,5,1,2,4,False,12612600,288.28800000000007,2.727272727272727
3,0,5,1,1,5,False,2522520,240.24000000000004,3.6363636363636362
3,0,5,0,7,0,False,360360,234.0,4.0
3,0,5,0,6,1,False,2162160,280.8,3.0
3,0,5,0,5,2,False,5405400,327.6,3.0
3,0,5,0,4,3,False,7207200,330.72,3.0
3,0,5,0,3,4,False,5405400,315.1200000000001,3.0
3,0,5,0,2,5,False,2162160,280.8,3.0
3,0,5,0,1,6,False,360360,227.76,4.0
3,0,4,8,0,0,False,225225,262.08,3.333333333333333
3,0,4,7,1,0,False,1801800,272.27200000000005,2.941176470588235
3,0,4,6,2,0,False,6306300,279.5520000000001,3.125
3,0,4,6,1,1,False,6306300,270.2336000000001,3.125
3,0,4,5,3,0,False,12612600,283.92,2.6666666666666665
3,0,4,5,2,1,False,25225200,288.288,2.6666666666666665
3,0,4,5,1,2,False,12612600,266.448,3.3333333333333335
3,0,4,4,4,0,False,15765750,285.376,2.857142857142857
3,0,4,4,3,1,False,47297250,301.6832,2.857142857142857
3,0,4,4,2,2,False,47297250,293.52959999999996,2.857142857142857
3,0,4,4,1,3,False,15765750,260.9152,2.857142857142857
3,0,4,3,5,0,False,12612600,283.92,3.0769230769230766
3,0,4,3,4,1,False,50450400,310.41920000000005,3.0769230769230766
3,0,4,3,3,2,False,75675600,314.20480000000003,3.0769230769230766
3,0,4,3,2,3,False,50450400,295.27680000000004,3.0769230769230766
3,0,4,3,1,4,False,12612600,253.63520000000005,3.0769230769230766
3,0,4,2,6,0,False,6306300,262.08,3.3333333333333335
3,0,4,2,5,1,False,31531500,314.49600000000004,2.5
3,0,4,2,4,2,False,63063000,328.4736,2.5
3,0,4,2,3,3,False,63063000,321.4848,2.5
3,0,4,2,2,4,False,31531500,293.5296000000001,3.3333333333333335
3,0,4,2,1,5,False,6306300,244.608,3.3333333333333335
3,0,4,1,7,0,False,1801800,240.24000000000004,3.6363636363636362
3,0,4,1,6,1,False,10810800,288.28800000000007,2.727272727272727
3,0,4,1,5,2,False,27027000,336.336,2.727272727272727
3,0,4,1,4,3,False,36036000,339.53920000000005,2.727272727272727
3,0,4,1,3,4,False,27027000,323.5232000000001,2.727272727272727
3,0,4,1,2,5,False,10810800,288.28800000000007,2.727272727272727
3,0,4,1,1,6,False,1801800,233.83360000000002,3.6363636363636362
3,0,4,0,8,0,False,225225,218.4,4.0
3,0,4,0,7,1,False,1576575,262.08000000000004,3.0
3,0,4,0,6,2,False,4729725,305.76,3.0
3,0,4,0,5,3,False,7882875,349.44000000000005,3.0
3,0,4,0,4,4,False,7882875,343.61600000000004,3.0
3,0,4,0,3,5,False,4729725,320.32000000000005,3.0
3,0,4,0,2,6,False,1576575,279.552,3.0
3,0,4,0,1,7,False,225225,221.312,4.0
3,0,3,9,0,0,False,100100,256.88,3.1578947368421053
3,0,3,8,1,0,False,900900,267.696,2.7777777777777777
3,0,3,7,2,0,False,3603600,275.80800000000005,2.941176470588235
3,0,3,7,1,1,False,3603600,266.61440000000005,2.941176470588235
3,0,3,6,3,0,False,8408400,281.21600000000007,3.125
3,0,3,6,2,1,False,16816800,285.54240000000004,3.125
3,0,3,6,1,2,False,8408400,263.91040000000004,3.125
3,0,3,5,4,0,False,12612600,283.92,2.6666666666666665
3,0,3,5,3,1,False,37837800,300.144,2.6666666666666665
3,0,3,5,2,2,False,37837800,292.032,2.6666666666666665
3,0,3,5,1,3,False,12612600,259.584,3.3333333333333335
3,0,3,4,5,0,False,12612600,283.92,2.857142857142857
3,0,3,4,4,1,False,50450400,310.41920000000005,2.857142857142857
3,0,3,4,3,2,False,75675600,314.2048,2.857142857142857
3,0,3,4,2,3,False,50450400,295.2768,2.857142857142857
3,0,3,4,1,4,False,12612600,253.6352,3.5714285714285716
3,0,3,3,6,0,False,8408400,263.64000000000004,3.0769230769230766
3,0,3,3,5,1,False,42042000,316.36800000000005,3.0769230769230766
3,0,3,3,4,2,False,84084000,330.4288000000001,2.3076923076923075
3,0,3,3,3,3,False,84084000,323.39840000000004,2.3076923076923075
3,0,3,3,2,4,False,42042000,295.27680000000004,3.0769230769230766
3,0,3,3,1,5,False,8408400,246.06400000000002,3.0769230769230766
3,0,3,2,7,0,False,3603600,243.36,3.3333333333333335
3,0,3,2,6,1,False,21621600,292.032,3.3333333333333335
3,0,3,2,5,2,False,54054000,340.704,2.5
3,0,3,2,4,3,False,72072000,343.9488,2.5
3,0,3,2,3,4,False,54054000,327.7248,2.5
3,0,3,2,2,5,False,21621600,292.032,3.3333333333333335
3,0,3,2,1,6,False,3603600,236.8704,3.3333333333333335
3,0,3,1,8,0,False,900900,223.08000000000004,3.6363636363636362
3,0,3,1,7,1,False,6306300,267.696,3.6363636363636362
3,0,3,1,6,2,False,18918900,312.31200000000007,2.727272727272727
3,0,3,1,5,3,False,31531500,356.92800000000005,2.727272727272727
3,0,3,1,4,4,False,31531500,350.9792000000001,2.727272727272727
3,0,3,1,3,5,False,18918900,327.184,2.727272727272727
3,0,3,1,2,6,False,6306300,285.54240000000004,2.727272727272727
3,0,3,1,1,7,False,900900,226.05440000000004,3.6363636363636362
3,0,3,0,9,0,False,100100,202.8,4.0
3,0,3,0,8,1,False,800800,243.36,4.0
3,0,3,0,7,2,False,2802800,283.92,3.0
3,0,3,0,6,3,False,5605600,324.48,3.0
3,0,3,0,5,4,False,7007000,365.04,3.0
3,0,3,0,4,5,False,5605600,351.52000000000004,3.0
3,0,3,0,3,6,False,2802800,321.776,3.0
3,0,3,0,2,7,False,800800,275.808,3.0
3,0,3,0,1,8,False,100100,213.61600000000004,4.0
3,0,2,10,0,0,False,30030,249.60000000000002,3.0
3,0,2,9,1,0,False,300300,260.83200000000005,3.1578947368421053
3,0,2,8,2,0,False,1351350,269.568,2.7777777777777777
3,0,2,8,1,1,False,1351350,260.58240000000006,3.333333333333333
3,0,2,7,3,0,False,3603600,275.80800000000005,2.941176470588235
3,0,2,7,2,1,False,7207200,280.05120000000005,2.941176470588235
3,0,2,7,1,2,False,3603600,258.83520000000004,2.941176470588235
3,0,2,6,4,0,False,6306300,279.552,3.125
3,0,2,6,3,1,False,18918900,295.5264,2.5
3,0,2,6,2,2,False,18918900,287.5392,3.125
3,0,2,6,1,3,False,6306300,255.59040000000005,3.125
3,0,2,5,5,0,False,7567560,280.8,2.6666666666666665
3,0,2,5,4,1,False,30270240,307.00800000000004,2.6666666666666665
3,0,2,5,3,2,False,45405360,310.75200000000007,2.6666666666666665
3,0,2,5,2,3,False,30270240,292.03200000000004,2.6666666666666665
3,0,2,5,1,4,False,7567560,250.84800000000004,3.3333333333333335
3,0,2,4,6,0,False,6306300,262.08,2.857142857142857
3,0,2,4,5,1,False,31531500,314.496,2.857142857142857
3,0,2,4,4,2,False,63063000,328.47360000000003,2.857142857142857
3,0,2,4,3,3,False,63063000,321.4848,2.857142857142857
3,0,2,4,2,4,False,31531500,293.5296,2.857142857142857
3,0,2,4,1,5,False,6306300,244.60799999999998,3.5714285714285716
3,0,2,3,7,0,False,3603600,243.36000000000004,3.0769230769230766
3,0,2,3,6,1,False,21621600,292.03200000000004,3.0769230769230766
3,0,2,3,5,2,False,54054000,340.70400000000006,2.3076923076923075
3,0,2,3,4,3,False,72072000,343.94880000000006,2.3076923076923075
3,0,2,3,3,4,False,54054000,327.7248000000001,2.3076923076923075
3,0,2,3,2,5,False,21621600,292.03200000000004,3.0769230769230766
3,0,2,3,1,6,False,3603600,236.87040000000002,3.846153846153846
3,0,2,2,8,0,False,1351350,224.64000000000001,3.3333333333333335
3,0,2,2,7,1,False,9459450,269.568,3.3333333333333335
3,0,2,2,6,2,False,28378350,314.49600000000004,2.5
3,0,2,2,5,3,False,47297250,359.424,2.5
3,0,2,2,4,4,False,47297250,353.4336,2.5
3,0,2,2,3,5,False,28378350,329.47200000000004,2.5
3,0,2,2,2,6,False,9459450,287.5392,3.3333333333333335
3,0,2,2,1,7,False,1351350,227.63520000000003,3.3333333333333335
3,0,2,1,9,0,False,300300,205.92000000000004,3.6363636363636362
3,0,2,1,8,1,False,2402400,247.10400000000004,3.6363636363636362
3,0,2,1,7,2,False,8408400,288.28800000000007,2.727272727272727
3,0,2,1,6,3,False,16816800,329.472,2.727272727272727
3,0,2,1,5,4,False,21021000,370.65600000000006,2.727272727272727
3,0,2,1,4,5,False,16816800,356.92800000000005,2.727272727272727
3,0,2,1,3,6,False,8408400,326.7264,2.727272727272727
3,0,2,1,2,7,False,2402400,280.05120000000005,2.727272727272727
3,0,2,1,1,8,False,300300,216.90240000000006,3.6363636363636362
3,0,2,0,10,0,False,30030,187.20000000000002,4.0
3,0,2,0,9,1,False,270270,224.64000000000001,4.0
3,0,2,0,8,2,False,1081080,262.08000000000004,3.0
3,0,2,0,7,3,False,2522520,299.52,3.0
3,0,2,0,6,4,False,3783780,336.96000000000004,3.0
3,0,2,0,5,5,False,3783780,374.40000000000003,2.0
3,0,2,0,4,6,False,2522520,354.432,3.0
3,0,2,0,3,7,False,1081080,319.48800000000006,3.0
3,0,2,0,2,8,False,270270,269.56800000000004,3.0
3,0,2,0,1,9,False,30030,204.672,4.0
3,0,1,11,0,0,False,5460,240.24,3.333333333333333
3,0,1,10,1,0,False,60060,251.68000000000004,3.0
3,0,1,9,2,0,False,300300,260.832,3.1578947368421053
3,0,1,9,1,1,False,300300,252.13760000000005,3.1578947368421053
3,0,1,8,3,0,False,900900,267.696,2.7777777777777777
3,0,1,8,2,1,False,1801800,271.81440000000003,2.7777777777777777
3,0,1,8,1,2,False,900900,251.22240000000002,3.333333333333333
3,0,1,7,4,0,False,1801800,272.27200000000005,2.941176470588235
3,0,1,7,3,1,False,5405400,287.83040000000005,2.941176470588235
3,0,1,7,2,2,False,5405400,280.0512,2.941176470588235
3,0,1,7,1,3,False,1801800,248.9344,3.529411764705882
3,0,1,6,5,0,False,2522520,274.56000000000006,3.125
3,0,1,6,4,1,False,10090080,300.1856,2.5
3,0,1,6,3,2,False,15135120,303.8464000000001,2.5
3,0,1,6,2,3,False,10090080,285.54240000000004,3.125
3,0,1,6,1,4,False,2522520,245.27360000000004,3.125
3,0,1,5,6,0,False,2522520,257.40000000000003,3.3333333333333335
3,0,1,5,5,1,False,12612600,308.88000000000005,2.6666666666666665
3,0,1,5,4,2,False,25225200,322.60800000000006,2.6666666666666665
3,0,1,5,3,3,False,25225200,315.744,2.6666666666666665
3,0,1,5,2,4,False,12612600,288.288,2.6666666666666665
3,0,1,5,1,5,False,2522520,240.24,3.3333333333333335
3,0,1,4,7,0,False,1801800,240.24,3.5714285714285716
3,0,1,4,6,1,False,10810800,288.28800000000007,2.857142857142857
3,0,1,4,5,2,False,27027000,336.336,2.857142857142857
3,0,1,4,4,3,False,36036000,339.5392,2.857142857142857
3,0,1,4,3,4,False,27027000,323.5232000000001,2.857142857142857
3,0,1,4,2,5,False,10810800,288.28800000000007,2.857142857142857
3,0,1,4,1,6,False,1801800,233.8336,3.5714285714285716
3,0,1,3,8,0,False,900900,223.08000000000004,3.846153846153846
3,0,1,3,7,1,False,6306300,267.6960000000001,3.0769230769230766
3,0,1,3,6,2,False,18918900,312.312,3.0769230769230766
3,0,1,3,5,3,False,31531500,356.928,2.3076923076923075
3,0,1,3,4,4,False,31531500,350.97920000000005,2.3076923076923075
3,0,1,3,3,5,False,18918900,327.1840000000001,2.3076923076923075
3,0,1,3,2,6,False,6306300,285.54240000000004,3.0769230769230766
3,0,1,3,1,7,False,900900,226.05440000000004,3.846153846153846
3,0,1,2,9,0,False,300300,205.92000000000002,4.166666666666667
3,0,1,2,8,1,False,2402400,247.10400000000004,3.3333333333333335
3,0,1,2,7,2,False,8408400,288.288,3.3333333333333335
3,0,1,2,6,3,False,16816800,329.472,2.5
3,0,1,2,5,4,False,21021000,370.65600000000006,2.5
3,0,1,2,4,5,False,16816800,356.928,2.5
3,0,1,2,3,6,False,8408400,326.72639999999996,2.5
3,0,1,2,2,7,False,2402400,280.05120000000005,3.3333333333333335
3,0,1,2,1,8,False,300300,216.9024,4.166666666666667
3,0,1,1,10,0,False,60060,188.76000000000005,4.545454545454545
3,0,1,1,9,1,False,540540,226.51200000000006,3.6363636363636362
3,0,1,1,8,2,False,2162160,264.264,3.6363636363636362
3,0,1,1,7,3,False,5045040,302.016,2.727272727272727
3,0,1,1,6,4,False,7567560,339.7680000000001,2.727272727272727
3,0,1,1,5,5,False,7567560,377.5200000000001,2.727272727272727
3,0,1,1,4,6,False,5045040,357.38560000000007,2.727272727272727
3,0,1,1,3,7,False,2162160,322.1504000000001,2.727272727272727
3,0,1,1,2,8,False,540540,271.81440000000003,2.727272727272727
3,0,1,1,1,9,False,60060,206.3776,3.6363636363636362
3,0,1,0,11,0,False,5460,171.60000000000002,5.0
3,0,1,0,10,1,False,54600,205.92000000000004,4.0
3,0,1,0,9,2,False,245700,240.24,4.0
3,0,1,0,8,3,False,655200,274.56,3.0
3,0,1,0,7,4,False,1146600,308.88000000000005,3.0
3,0,1,0,6,5,False,1375920,343.20000000000005,3.0
3,0,1,0,5,6,False,1146600,377.52,2.0
3,0,1,0,4,7,False,655200,352.35200000000003,3.0
3,0,1,0,3,8,False,245700,313.4560000000001,3.0
3,0,1,0,2,9,False,54600,260.832,3.0
3,0,1,0,1,10,False,5460,194.48000000000002,4.0
3,0,0,12,0,0,False,455,228.8,3.6363636363636362
3,0,0,11,1,0,False,5460,240.24,3.333333333333333
3,0,0,10,2,0,False,30030,249.60000000000002,3.0
3,0,0,10,1,1,False,30030,241.28000000000003,3.5
3,0,0,9,3,0,False,100100,256.88,3.1578947368421053
3,0,0,9,2,1,False,200200,260.832,3.1578947368421053
3,0,0,9,1,2,False,100100,241.07199999999997,3.1578947368421053
3,0,0,8,4,0,False,225225,262.08,3.333333333333333
3,0,0,8,3,1,False,675675,277.05600000000004,2.7777777777777777
3,0,0,8,2,2,False,675675,269.568,2.7777777777777777
3,0,0,8,1,3,False,225225,239.616,3.333333333333333
3,0,0,7,5,0,False,360360,265.20000000000005,2.941176470588235
3,0,0,7,4,1,False,1441440,289.95200000000006,2.941176470588235
3,0,0,7,3,2,False,2162160,293.48800000000006,2.941176470588235
3,0,0,7,2,3,False,1441440,275.80800000000005,2.941176470588235
3,0,0,7,1,4,False,360360,236.91200000000003,3.529411764705882
3,0,0,6,6,0,False,420420,249.60000000000002,3.125
3,0,0,6,5,1,False,2102100,299.52000000000004,2.5
3,0,0,6,4,2,False,4204200,312.83200000000005,2.5
3,0,0,6,3,3,False,4204200,306.17600000000004,2.5
3,0,0,6,2,4,False,2102100,279.5520000000001,3.125
3,0,0,6,1,5,False,420420,232.96,3.75
3,0,0,5,7,0,False,360360,234.0,3.3333333333333335
3,0,0,5,6,1,False,2162160,280.8,2.6666666666666665
3,0,0,5,5,2,False,5405400,327.6,2.6666666666666665
3,0,0,5,4,3,False,7207200,330.72,2.6666666666666665
3,0,0,5,3,4,False,5405400,315.1200000000001,2.6666666666666665
3,0,0,5,2,5,False,2162160,280.8,2.6666666666666665
3,0,0,5,1,6,False,360360,227.76,3.3333333333333335
3,0,0,4,8,0,False,225225,218.39999999999998,3.5714285714285716
3,0,0,4,7,1,False,1576575,262.08,2.857142857142857
3,0,0,4,6,2,False,4729725,305.76,2.857142857142857
3,0,0,4,5,3,False,7882875,349.44,2.142857142857143
3,0,0,4,4,4,False,7882875,343.61600000000004,2.857142857142857
3,0,0,4,3,5,False,4729725,320.32,2.857142857142857
3,0,0,4,2,6,False,1576575,279.55199999999996,2.857142857142857
3,0,0,4,1,7,False,225225,221.312,3.5714285714285716
3,0,0,3,9,0,False,100100,202.8,3.846153846153846
3,0,0,3,8,1,False,800800,243.36000000000004,3.0769230769230766
3,0,0,3,7,2,False,2802800,283.92,3.0769230769230766
3,0,0,3,6,3,False,5605600,324.48,2.3076923076923075
3,0,0,3,5,4,False,7007000,365.04,2.3076923076923075
3,0,0,3,4,5,False,5605600,351.52000000000004,2.3076923076923075
3,0,0,3,3,6,False,2802800,321.776,2.3076923076923075
3,0,0,3,2,7,False,800800,275.808,3.0769230769230766
3,0,0,3,1,8,False,100100,213.61600000000004,3.846153846153846
3,0,0,2,10,0,False,30030,187.2,4.166666666666667
3,0,0,2,9,1,False,270270,224.64000000000001,3.3333333333333335
3,0,0,2,8,2,False,1081080,262.08,3.3333333333333335
3,0,0,2,7,3,False,2522520,299.52000000000004,2.5
3,0,0,2,6,4,False,3783780,336.96,2.5
3,0,0,2,5,5,False,3783780,374.4,2.5
3,0,0,2,4,6,False,2522520,354.432,2.5
3,0,0,2,3,7,False,1081080,319.48800000000006,2.5
3,0,0,2,2,8,False,270270,269.568,3.3333333333333335
3,0,0,2,1,9,False,30030,204.672,4.166666666666667
3,0,0,1,11,0,False,5460,171.60000000000002,4.545454545454545
3,0,0,1,10,1,False,54600,205.92000000000004,3.6363636363636362
3,0,0,1,9,2,False,245700,240.24000000000004,3.6363636363636362
3,0,0,1,8,3,False,655200,274.56000000000006,2.727272727272727
3,0,0,1,7,4,False,1146600,308.88000000000005,2.727272727272727
3,0,0,1,6,5,False,1375920,343.20000000000005,2.727272727272727
3,0,0,1,5,6,False,1146600,377.5200000000001,2.727272727272727
3,0,0,1,4,7,False,655200,352.3520000000001,2.727272727272727
3,0,0,1,3,8,False,245700,313.4560000000001,2.727272727272727
3,0,0,1,2,9,False,54600,260.83200000000005,3.6363636363636362
3,0,0,1,1,10,False,5460,194.48000000000005,4.545454545454545
3,0,0,0,12,0,False,455,156.0,5.0
3,0,0,0,11,1,False,5005,187.20000000000002,4.0
3,0,0,0,10,2,False,25025,218.4,4.0
3,0,0,0,9,3,False,75075,249.60000000000002,3.0
3,0,0,0,8,4,False,150150,280.8,3.0
3,0,0,0,7,5,False,210210,312.0,3.0
3,0,0,0,6,6,False,210210,343.20000000000005,3.0
3,0,0,0,5,7,False,150150,374.40000000000003,2.0
3,0,0,0,4,8,False,75075,345.28,3.0
3,0,0,0,3,9,False,25025,303.68,3.0
3,0,0,0,2,10,False,5005,249.60000000000005,3.0
3,0,0,0,1,11,False,455,183.04000000000002,5.0
2,13,0,0,0,0,False,105,131.1,6.0
2,12,1,0,0,0,False,1365,141.24,6.0
2,12,0,1,0,0,False,1365,141.24,5.454545454545454
2,12,0,0,1,0,False,1365,141.24,6.0
2,11,2,0,0,0,False,8190,150.84,5.0
2,11,1,1,0,0,False,16380,152.09700000000004,5.454545454545454
2,11,1,0,1,0,False,16380,152.09700000000004,5.0
2,11,0,2,0,0,False,8190,150.84,5.0
2,11,0,1,1,0,False,16380,152.09700000000004,5.454545454545454
2,11,0,0,2,0,False,8190,150.84,5.0
2,11,0,0,1,1,False,8190,145.812,6.0
2,10,3,0,0,0,False,30030,159.9,5.0
2,10,2,1,0,0,False,90090,162.36,4.545454545454545
2,10,2,0,1,0,False,90090,162.36,5.0
2,10,1,2,0,0,False,90090,162.36,5.0
2,10,1,1,1,0,False,180180,163.71300000000002,4.545454545454545
2,10,1,0,2,0,False,90090,162.36,5.0
2,10,1,0,1,1,False,90090,156.94800000000004,5.0
2,10,0,3,0,0,False,30030,159.9,4.615384615384615
2,10,0,2,1,0,False,90090,162.36,5.0
2,10,0,1,2,0,False,90090,162.36,4.545454545454545
2,10,0,1,1,1,False,90090,156.94800000000006,5.454545454545454
2,10,0,0,3,0,False,30030,159.9,5.0
2,10,0,0,2,1,False,60060,162.36,5.0
2,10,0,0,1,2,False,30030,150.06,5.0
2,9,4,0,0,0,False,75075,168.42,5.0
2,9,3,1,0,0,False,300300,172.02900000000002,4.545454545454545
2,9,3,0,1,0,False,300300,172.02900000000002,5.0
2,9,2,2,0,0,False,450450,173.23199999999997,5.0
2,9,2,1,1,0,False,900900,174.67560000000003,4.545454545454545
2,9,2,0,2,0,False,450450,173.232,5.0
2,9,2,0,1,1,False,450450,167.4576,5.0
2,9,1,3,0,0,False,300300,172.02900000000002,4.615384615384615
2,9,1,2,1,0,False,900900,174.67560000000006,5.0
2,9,1,1,2,0,False,900900,174.67560000000006,4.545454545454545
2,9,1,1,1,1,True,900900,168.8530800000001,4.545454545454545
2,9,1,0,3,0,False,300300,172.02900000000002,5.0
2,9,1,0,2,1,False,600600,174.67560000000003,5.0
2,9,1,0,1,2,False,300300,161.44260000000003,5.0
2,9,0,4,0,0,False,75075,168.42000000000002,5.0
2,9,0,3,1,0,False,300300,172.02900000000002,4.615384615384615
2,9,0,2,2,0,False,450450,173.23199999999997,5.0
2,9,0,2,1,1,False,450450,167.45760000000004,5.0
2,9,0,1,3,0,False,300300,172.02900000000002,4.545454545454545
2,9,0,1,2,1,False,600600,174.67560000000003,4.545454545454545
2,9,0,1,1,2,False,300300,161.4426,5.454545454545454
2,9,0,0,4,0,False,75075,168.42,5.0
2,9,0,0,3,1,False,225225,178.044,5.0
2,9,0,0,2,2,False,225225,173.232,5.0
2,9,0,0,1,3,False,75075,153.98400000000004,5.0
2,8,5,0,0,0,False,135135,176.4,5.0
2,8,4,1,0,0,False,675675,181.104,4.545454545454545
2,8,4,0,1,0,False,675675,181.104,5.0
2,8,3,2,0,0,False,1351350,183.456,4.166666666666667
2,8,3,1,1,0,False,2702700,184.98480000000004,4.545454545454545
2,8,3,0,2,0,False,1351350,183.45600000000002,5.0
2,8,3,0,1,1,False,1351350,177.34080000000003,5.0
2,8,2,3,0,0,False,1351350,183.45600000000002,4.615384615384615
2,8,2,2,1,0,False,4054050,186.27840000000003,4.166666666666667
2,8,2,1,2,0,False,4054050,186.27840000000003,4.545454545454545
2,8,2,1,1,1,True,4054050,180.06912000000003,4.545454545454545
2,8,2,0,3,0,False,1351350,183.45600000000002,5.0
2,8,2,0,2,1,False,2702700,186.27840000000003,4.0
2,8,2,0,1,2,False,1351350,172.1664,5.0
2,8,1,4,0,0,False,675675,181.104,4.285714285714286
2,8,1,3,1,0,False,2702700,184.98480000000004,4.615384615384615
2,8,1,2,2,0,False,4054050,186.27840000000003,4.166666666666667
2,8,1,2,1,1,True,4054050,180.06912000000003,4.166666666666667
2,8,1,1,3,0,False,2702700,184.98480000000006,4.545454545454545
2,8,1,1,2,1,True,5405400,187.83072000000007,4.545454545454545
2,8,1,1,1,2,True,2702700,173.60112000000004,4.545454545454545
2,8,1,0,4,0,False,675675,181.104,5.0
2,8,1,0,3,1,False,2027025,191.45280000000002,4.0
2,8,1,0,2,2,False,2027025,186.27840000000003,4.0
2,8,1,0,1,3,False,675675,165.58080000000004,5.0
2,8,0,5,0,0,False,135135,176.4,4.666666666666667
2,8,0,4,1,0,False,675675,181.104,4.285714285714286
2,8,0,3,2,0,False,1351350,183.45600000000002,4.615384615384615
2,8,0,3,1,1,False,1351350,177.34080000000003,4.615384615384615
2,8,0,2,3,0,False,1351350,183.456,4.166666666666667
2,8,0,2,2,1,False,2702700,186.27840000000003,4.166666666666667
2,8,0,2,1,2,False,1351350,172.1664,5.0
2,8,0,1,4,0,False,675675,181.104,4.545454545454545
2,8,0,1,3,1,False,2027025,191.45280000000002,4.545454545454545
2,8,0,1,2,2,False,2027025,186.2784,4.545454545454545
2,8,0,1,1,3,False,675675,165.5808,4.545454545454545
2,8,0,0,5,0,False,135135,176.4,5.0
2,8,0,0,4,1,False,540540,192.86400000000003,4.0
2,8,0,0,3,2,False,810810,195.216,4.0
2,8,0,0,2,3,False,540540,183.45600000000002,5.0
2,8,0,0,1,4,False,135135,157.58400000000003,5.0
2,7,6,0,0,0,False,180180,183.84000000000003,5.0
2,7,5,1,0,0,False,1081080,189.58500000000004,4.545454545454545
2,7,5,0,1,0,False,1081080,189.58500000000004,4.0
2,7,4,2,0,0,False,2702700,193.032,4.166666666666667
2,7,4,1,1,0,False,5405400,194.64060000000003,4.545454545454545
2,7,4,0,2,0,False,2702700,193.03199999999998,4.0
2,7,4,0,1,1,False,2702700,186.59760000000003,4.0
2,7,3,3,0,0,False,3603600,194.181,3.846153846153846
2,7,3,2,1,0,False,10810800,197.16840000000002,4.166666666666667
2,7,3,1,2,0,False,10810800,197.16840000000005,4.545454545454545
2,7,3,1,1,1,True,10810800,190.59612000000007,4.545454545454545
2,7,3,0,3,0,False,3603600,194.18100000000004,4.0
2,7,3,0,2,1,False,7207200,197.16840000000002,4.0
2,7,3,0,1,2,False,3603600,182.2314,5.0
2,7,2,4,0,0,False,2702700,193.03199999999998,4.285714285714286
2,7,2,3,1,0,False,10810800,197.16840000000002,3.846153846153846
2,7,2,2,2,0,False,16216200,198.5472,4.166666666666667
2,7,2,2,1,1,True,16216200,191.92896000000002,4.166666666666667
2,7,2,1,3,0,False,10810800,197.16840000000005,4.545454545454545
2,7,2,1,2,1,True,21621600,200.20176000000004,4.545454545454545
2,7,2,1,1,2,True,10810800,185.03496000000004,4.545454545454545
2,7,2,0,4,0,False,2702700,193.03199999999998,4.0
2,7,2,0,3,1,False,8108100,204.0624,4.0
2,7,2,0,2,2,False,8108100,198.54719999999998,4.0
2,7,2,0,1,3,False,2702700,176.4864,5.0
2,7,1,5,0,0,False,1081080,189.58500000000004,4.0
2,7,1,4,1,0,False,5405400,194.64060000000003,4.285714285714286
2,7,1,3,2,0,False,10810800,197.16840000000002,3.846153846153846
2,7,1,3,1,1,True,10810800,190.59612000000004,4.615384615384615
2,7,1,2,3,0,False,10810800,197.16840000000002,4.166666666666667
2,7,1,2,2,1,True,21621600,200.20176000000004,4.166666666666667
2,7,1,2,1,2,True,10810800,185.03496,4.166666666666667
2,7,1,1,4,0,False,5405400,194.64060000000003,4.545454545454545
2,7,1,1,3,1,True,16216200,205.76292000000004,3.6363636363636362
2,7,1,1,2,2,True,16216200,200.20176000000004,4.545454545454545
2,7,1,1,1,3,True,5405400,177.95712000000006,4.545454545454545
2,7,1,0,5,0,False,1081080,189.58500000000004,4.0
2,7,1,0,4,1,False,4324320,207.27960000000004,4.0
2,7,1,0,3,2,False,6486480,209.80740000000006,4.0
2,7,1,0,2,3,False,4324320,197.16840000000002,4.0
2,7,1,0,1,4,False,1081080,169.36260000000004,5.0
2,7,0,6,0,0,False,180180,183.84000000000003,4.375
2,7,0,5,1,0,False,1081080,189.58500000000004,4.0
2,7,0,4,2,0,False,2702700,193.03199999999998,4.285714285714286
2,7,0,4,1,1,False,2702700,186.59760000000003,4.285714285714286
2,7,0,3,3,0,False,3603600,194.181,3.846153846153846
2,7,0,3,2,1,False,7207200,197.16840000000002,3.846153846153846
2,7,0,3,1,2,False,3603600,182.2314,4.615384615384615
2,7,0,2,4,0,False,2702700,193.032,4.166666666666667
2,7,0,2,3,1,False,8108100,204.06240000000003,4.166666666666667
2,7,0,2,2,2,False,8108100,198.5472,4.166666666666667
2,7,0,2,1,3,False,2702700,176.4864,5.0
2,7,0,1,5,0,False,1081080,189.58500000000004,4.545454545454545
2,7,0,1,4,1,False,4324320,207.27960000000004,3.6363636363636362
2,7,0,1,3,2,False,6486480,209.80740000000006,3.6363636363636362
2,7,0,1,2,3,False,4324320,197.16840000000005,4.545454545454545
2,7,0,1,1,4,False,1081080,169.36260000000001,4.545454545454545
2,7,0,0,6,0,False,180180,172.35000000000002,5.0
2,7,0,0,5,1,False,900900,206.82000000000005,4.0
2,7,0,0,4,2,False,1801800,216.01200000000006,4.0
2,7,0,0,3,3,False,1801800,211.41600000000005,4.0
2,7,0,0,2,4,False,900900,193.03200000000004,4.0
2,7,0,0,1,5,False,180180,160.86,5.0
2,6,7,0,0,0,False,180180,190.74,4.0
2,6,6,1,0,0,False,1261260,197.47200000000004,4.545454545454545
2,6,6,0,1,0,False,1261260,197.47200000000004,4.0
2,6,5,2,0,0,False,3783780,201.96,4.166666666666667
2,6,5,1,1,0,False,7567560,203.64300000000003,3.6363636363636362
2,6,5,0,2,0,False,3783780,201.96,4.0
2,6,5,0,1,1,False,3783780,195.22800000000004,4.0
2,6,4,3,0,0,False,6306300,204.20400000000004,3.846153846153846
2,6,4,2,1,0,False,18918900,207.34560000000002,4.166666666666667
2,6,4,1,2,0,False,18918900,207.3456,3.6363636363636362
2,6,4,1,1,1,True,18918900,200.43408000000002,4.545454545454545
2,6,4,0,3,0,False,6306300,204.204,4.0
2,6,4,0,2,1,False,12612600,207.34560000000002,4.0
2,6,4,0,1,2,False,6306300,191.63760000000002,4.0
2,6,3,4,0,0,False,6306300,204.204,4.285714285714286
2,6,3,3,1,0,False,25225200,208.57980000000003,3.846153846153846
2,6,3,2,2,0,False,37837800,210.03840000000005,4.166666666666667
2,6,3,2,1,1,True,37837800,203.03712000000004,4.166666666666667
2,6,3,1,3,0,False,25225200,208.57980000000006,3.6363636363636362
2,6,3,1,2,1,True,50450400,211.78872000000004,3.6363636363636362
2,6,3,1,1,2,True,25225200,195.74412000000004,4.545454545454545
2,6,3,0,4,0,False,6306300,204.204,4.0
2,6,3,0,3,1,False,18918900,215.8728,4.0
2,6,3,0,2,2,False,18918900,210.03840000000002,4.0
2,6,3,0,1,3,False,6306300,186.70080000000004,4.0
2,6,2,5,0,0,False,3783780,201.95999999999998,4.0
2,6,2,4,1,0,False,18918900,207.34560000000002,3.5714285714285716
2,6,2,3,2,0,False,37837800,210.0384,3.846153846153846
2,6,2,3,1,1,True,37837800,203.03712000000004,3.846153846153846
2,6,2,2,3,0,False,37837800,210.0384,4.166666666666667
2,6,2,2,2,1,True,75675600,213.26976,4.166666666666667
2,6,2,2,1,2,True,37837800,197.11296,4.166666666666667
2,6,2,1,4,0,False,18918900,207.3456,3.6363636363636362
2,6,2,1,3,1,True,56756700,219.19392000000002,3.6363636363636362
2,6,2,1,2,2,True,56756700,213.26976000000002,3.6363636363636362
2,6,2,1,1,3,True,18918900,189.57312000000002,4.545454545454545
2,6,2,0,5,0,False,3783780,201.96,4.0
2,6,2,0,4,1,False,15135120,220.80960000000002,4.0
2,6,2,0,3,2,False,22702680,223.5024,4.0
2,6,2,0,2,3,False,15135120,210.03840000000002,4.0
2,6,2,0,1,4,False,3783780,180.4176,5.0
2,6,1,6,0,0,False,1261260,197.47200000000004,3.75
2,6,1,5,1,0,False,7567560,203.64300000000003,4.0
2,6,1,4,2,0,False,18918900,207.34560000000002,3.5714285714285716
2,6,1,4,1,1,True,18918900,200.43408000000005,4.285714285714286
2,6,1,3,3,0,False,25225200,208.57980000000003,3.846153846153846
2,6,1,3,2,1,True,50450400,211.78872000000004,3.846153846153846
2,6,1,3,1,2,True,25225200,195.74411999999998,3.846153846153846
2,6,1,2,4,0,False,18918900,207.34560000000002,4.166666666666667
2,6,1,2,3,1,True,56756700,219.19392000000002,4.166666666666667
2,6,1,2,2,2,True,56756700,213.26976000000002,4.166666666666667
2,6,1,2,1,3,True,18918900,189.57312000000002,4.166666666666667
2,6,1,1,5,0,False,7567560,203.64300000000003,3.6363636363636362
2,6,1,1,4,1,True,30270240,222.64968000000007,3.6363636363636362
2,6,1,1,3,2,True,45405360,225.36492000000007,3.6363636363636362
2,6,1,1,2,3,True,30270240,211.78872000000004,3.6363636363636362
2,6,1,1,1,4,True,7567560,181.92108000000005,4.545454545454545
2,6,1,0,6,0,False,1261260,185.13000000000002,4.0
2,6,1,0,5,1,False,6306300,222.156,4.0
2,6,1,0,4,2,False,12612600,232.02960000000004,4.0
2,6,1,0,3,3,False,12612600,227.09280000000004,4.0
2,6,1,0,2,4,False,6306300,207.34560000000002,4.0
2,6,1,0,1,5,False,1261260,172.788,5.0
2,6,0,7,0,0,False,180180,190.74000000000004,4.117647058823529
2,6,0,6,1,0,False,1261260,197.47200000000004,3.75
2,6,0,5,2,0,False,3783780,201.95999999999998,4.0
2,6,0,5,1,1,False,3783780,195.228,4.0
2,6,0,4,3,0,False,6306300,204.204,4.285714285714286
2,6,0,4,2,1,False,12612600,207.34560000000002,3.5714285714285716
2,6,0,4,1,2,False,6306300,191.63759999999996,4.285714285714286
2,6,0,3,4,0,False,6306300,204.20400000000004,3.846153846153846
2,6,0,3,3,1,False,18918900,215.8728,3.846153846153846
2,6,0,3,2,2,False,18918900,210.0384,3.846153846153846
2,6,0,3,1,3,False,6306300,186.70080000000002,4.615384615384615
2,6,0,2,5,0,False,3783780,201.96,4.166666666666667
2,6,0,2,4,1,False,15135120,220.80960000000005,4.166666666666667
2,6,0,2,3,2,False,22702680,223.50240000000005,3.3333333333333335
2,6,0,2,2,3,False,15135120,210.03840000000005,4.166666666666667
2,6,0,2,1,4,False,3783780,180.41760000000002,4.166666666666667
2,6,0,1,6,0,False,1261260,185.13000000000002,4.545454545454545
2,6,0,1,5,1,False,6306300,222.15600000000006,3.6363636363636362
2,6,0,1,4,2,False,12612600,232.02960000000004,3.6363636363636362
2,6,0,1,3,3,False,12612600,227.09280000000004,3.6363636363636362
2,6,0,1,2,4,False,6306300,207.34560000000005,3.6363636363636362
2,6,0,1,1,5,False,1261260,172.78800000000004,4.545454545454545
2,6,0,0,7,0,False,180180,168.3,5.0
2,6,0,0,6,1,False,1081080,201.96000000000004,4.0
2,6,0,0,5,2,False,2702700,235.62000000000003,4.0
2,6,0,0,4,3,False,3603600,237.86400000000003,4.0
2,6,0,0,3,4,False,2702700,226.64400000000006,4.0
2,6,0,0,2,5,False,1081080,201.96000000000004,4.0
2,6,0,0,1,6,False,180180,163.812,5.0
2,5,8,0,0,0,False,135135,197.10000000000002,4.0
2,5,7,1,0,0,False,1081080,204.76500000000004,3.6363636363636362
2,5,7,0,1,0,False,1081080,204.76500000000004,4.0
2,5,6,2,0,0,False,3783780,210.24,4.166666666666667
2,5,6,1,1,0,False,7567560,211.99200000000005,3.6363636363636362
2,5,6,0,2,0,False,3783780,210.24,4.0
2,5,6,0,1,1,False,3783780,203.23200000000003,4.0
2,5,5,3,0,0,False,7567560,213.525,3.846153846153846
2,5,5,2,1,0,False,22702680,216.81000000000003,4.166666666666667
2,5,5,1,2,0,False,22702680,216.81000000000003,3.6363636363636362
2,5,5,1,1,1,True,22702680,209.58300000000006,3.6363636363636362
2,5,5,0,3,0,False,7567560,213.525,4.0
2,5,5,0,2,1,False,15135120,216.81,4.0
2,5,5,0,1,2,False,7567560,200.385,4.0
2,5,4,4,0,0,False,9459450,214.62,3.5714285714285716
2,5,4,3,1,0,False,37837800,219.21900000000005,3.846153846153846
2,5,4,2,2,0,False,56756700,220.752,4.166666666666667
2,5,4,2,1,1,True,56756700,213.39360000000002,4.166666666666667
2,5,4,1,3,0,False,37837800,219.21900000000005,3.6363636363636362
2,5,4,1,2,1,True,75675600,222.59160000000006,3.6363636363636362
2,5,4,1,1,2,True,37837800,205.72860000000003,3.6363636363636362
2,5,4,0,4,0,False,9459450,214.62,4.0
2,5,4,0,3,1,False,28378350,226.88400000000001,4.0
2,5,4,0,2,2,False,28378350,220.752,4.0
2,5,4,0,1,3,False,9459450,196.22400000000002,4.0
2,5,3,5,0,0,False,7567560,213.52499999999998,4.0
2,5,3,4,1,0,False,37837800,219.21900000000005,3.5714285714285716
2,5,3,3,2,0,False,75675600,222.06600000000003,3.846153846153846
2,5,3,3,1,1,True,75675600,214.66380000000004,3.846153846153846
2,5,3,2,3,0,False,75675600,222.066,3.3333333333333335
2,5,3,2,2,1,True,151351200,225.4824,3.3333333333333335
2,5,3,2,1,2,True,75675600,208.40040000000002,4.166666666666667
2,5,3,1,4,0,False,37837800,219.21900000000002,3.6363636363636362
2,5,3,1,3,1,True,113513400,231.74580000000006,3.6363636363636362
2,5,3,1,2,2,True,113513400,225.48240000000007,3.6363636363636362
2,5,3,1,1,3,True,37837800,200.42880000000002,4.545454545454545
2,5,3,0,5,0,False,7567560,213.525,4.0
2,5,3,0,4,1,False,30270240,233.454,4.0
2,5,3,0,3,2,False,45405360,236.30100000000004,4.0
2,5,3,0,2,3,False,30270240,222.066,4.0
2,5,3,0,1,4,False,7567560,190.74900000000002,4.0
2,5,2,6,0,0,False,3783780,210.24,3.75
2,5,2,5,1,0,False,22702680,216.81000000000003,4.0
2,5,2,4,2,0,False,56756700,220.752,3.5714285714285716
2,5,2,4,1,1,True,56756700,213.39360000000005,3.5714285714285716
2,5,2,3,3,0,False,75675600,222.06600000000003,3.846153846153846
2,5,2,3,2,1,True,151351200,225.4824,3.846153846153846
2,5,2,3,1,2,True,75675600,208.4004,3.846153846153846
2,5,2,2,4,0,False,56756700,220.752,4.166666666666667
2,5,2,2,3,1,True,170270100,233.3664,3.3333333333333335
2,5,2,2,2,2,True,170270100,227.0592,3.3333333333333335
2,5,2,2,1,3,True,56756700,201.8304,4.166666666666667
2,5,2,1,5,0,False,22702680,216.81000000000003,3.6363636363636362
2,5,2,1,4,1,True,90810720,237.04560000000004,3.6363636363636362
2,5,2,1,3,2,True,136216080,239.93640000000005,3.6363636363636362
2,5,2,1,2,3,True,90810720,225.48240000000007,3.6363636363636362
2,5,2,1,1,4,True,22702680,193.68360000000004,4.545454545454545
2,5,2,0,6,0,False,3783780,197.10000000000002,4.0
2,5,2,0,5,1,False,18918900,236.52000000000004,4.0
2,5,2,0,4,2,False,37837800,247.03200000000004,3.0
2,5,2,0,3,3,False,37837800,241.77600000000004,4.0
2,5,2,0,2,4,False,18918900,220.75200000000007,4.0
2,5,2,0,1,5,False,3783780,183.96,5.0
2,5,1,7,0,0,False,1081080,204.76500000000001,4.117647058823529
2,5,1,6,1,0,False,7567560,211.99200000000002,3.75
2,5,1,5,2,0,False,22702680,216.81,4.0
2,5,1,5,1,1,True,22702680,209.58300000000006,4.0
2,5,1,4,3,0,False,37837800,219.21900000000005,3.5714285714285716
2,5,1,4,2,1,True,75675600,222.59160000000003,3.5714285714285716
2,5,1,4,1,2,True,37837800,205.7286,4.285714285714286
2,5,1,3,4,0,False,37837800,219.219,3.846153846153846
2,5,1,3,3,1,True,113513400,231.74580000000003,3.846153846153846
2,5,1,3,2,2,True,113513400,225.4824,3.846153846153846
2,5,1,3,1,3,True,37837800,200.42880000000002,3.846153846153846
2,5,1,2,5,0,False,22702680,216.81,4.166666666666667
2,5,1,2,4,1,True,90810720,237.0456,3.3333333333333335
2,5,1,2,3,2,True,136216080,239.93640000000002,3.3333333333333335
2,5,1,2,2,3,True,90810720,225.4824,3.3333333333333335
2,5,1,2,1,4,True,22702680,193.6836,4.166666666666667
2,5,1,1,6,0,False,7567560,198.74250000000004,4.545454545454545
2,5,1,1,5,1,True,37837800,238.491,3.6363636363636362
2,5,1,1,4,2,True,75675600,249.09060000000005,3.6363636363636362
2,5,1,1,3,3,True,75675600,243.79080000000008,3.6363636363636362
2,5,1,1,2,4,True,37837800,222.59160000000006,3.6363636363636362
2,5,1,1,1,5,True,7567560,185.49300000000002,4.545454545454545
2,5,1,0,7,0,False,1081080,180.675,5.0
2,5,1,0,6,1,False,6486480,216.81,4.0
2,5,1,0,5,2,False,16216200,252.94500000000005,3.0
2,5,1,0,4,3,False,21621600,255.354,3.0
2,5,1,0,3,4,False,16216200,243.30900000000008,4.0
2,5,1,0,2,5,False,6486480,216.81,4.0
2,5,1,0,1,6,False,1081080,175.857,5.0
2,5,0,8,0,0,False,135135,197.1,3.888888888888889
2,5,0,7,1,0,False,1081080,204.76500000000001,4.117647058823529
2,5,0,6,2,0,False,3783780,210.24,3.75
2,5,0,6,1,1,False,3783780,203.23200000000003,3.75
2,5,0,5,3,0,False,7567560,213.52499999999998,4.0
2,5,0,5,2,1,False,15135120,216.81000000000003,4.0
2,5,0,5,1,2,False,7567560,200.385,4.0
2,5,0,4,4,0,False,9459450,214.62,3.5714285714285716
2,5,0,4,3,1,False,28378350,226.884,3.5714285714285716
2,5,0,4,2,2,False,28378350,220.752,3.5714285714285716
2,5,0,4,1,3,False,9459450,196.22400000000002,4.285714285714286
2,5,0,3,5,0,False,7567560,213.525,3.846153846153846
2,5,0,3,4,1,False,30270240,233.45400000000006,3.846153846153846
2,5,0,3,3,2,False,45405360,236.30100000000002,3.846153846153846
2,5,0,3,2,3,False,30270240,222.06600000000003,3.846153846153846
2,5,0,3,1,4,False,7567560,190.74900000000002,4.615384615384615
2,5,0,2,6,0,False,3783780,197.1,4.166666666666667
2,5,0,2,5,1,False,18918900,236.52,3.3333333333333335
2,5,0,2,4,2,False,37837800,247.032,3.3333333333333335
2,5,0,2,3,3,False,37837800,241.776,3.3333333333333335
2,5,0,2,2,4,False,18918900,220.75200000000004,4.166666666666667
2,5,0,2,1,5,False,3783780,183.96,4.166666666666667
2,5,0,1,7,0,False,1081080,180.675,4.545454545454545
2,5,0,1,6,1,False,6486480,216.81000000000003,3.6363636363636362
2,5,0,1,5,2,False,16216200,252.94500000000005,3.6363636363636362
2,5,0,1,4,3,False,21621600,255.35400000000004,3.6363636363636362
2,5,0,1,3,4,False,16216200,243.30900000000008,3.6363636363636362
2,5,0,1,2,5,False,6486480,216.81000000000003,3.6363636363636362
2,5,0,1,1,6,False,1081080,175.85700000000003,4.545454545454545
2,5,0,0,8,0,False,135135,164.25,5.0
2,5,0,0,7,1,False,945945,197.10000000000002,4.0
2,5,0,0,6,2,False,2837835,229.95000000000002,4.0
2,5,0,0,5,3,False,4729725,262.8,3.0
2,5,0,0,4,4,False,4729725,258.42,3.0
2,5,0,0,3,5,False,2837835,240.9,4.0
2,5,0,0,2,6,False,945945,210.24,4.0
2,5,0,0,1,7,False,135135,166.44000000000003,5.0
2,4,9,0,0,0,False,75075,202.92,4.0
2,4,8,1,0,0,False,675675,211.46400000000003,3.6363636363636362
2,4,8,0,1,0,False,675675,211.46400000000006,4.0
2,4,7,2,0,0,False,2702700,217.87200000000004,4.166666666666667
2,4,7,1,1,0,False,5405400,219.68760000000006,3.6363636363636362
2,4,7,0,2,0,False,2702700,217.87200000000004,4.0
2,4,7,0,1,1,False,2702700,210.60960000000006,4.0
2,4,6,3,0,0,False,6306300,222.14400000000003,3.846153846153846
2,4,6,2,1,0,False,18918900,225.56160000000006,3.3333333333333335
2,4,6,1,2,0,False,18918900,225.56160000000003,3.6363636363636362
2,4,6,1,1,1,True,18918900,218.04288000000008,3.6363636363636362
2,4,6,0,3,0,False,6306300,222.14400000000006,4.0
2,4,6,0,2,1,False,12612600,225.56160000000006,4.0
2,4,6,0,1,2,False,6306300,208.47360000000003,4.0
2,4,5,4,0,0,False,9459450,224.28,3.5714285714285716
2,4,5,3,1,0,False,37837800,229.08600000000004,3.846153846153846
2,4,5,2,2,0,False,56756700,230.688,3.3333333333333335
2,4,5,2,1,1,True,56756700,222.99840000000003,3.3333333333333335
2,4,5,1,3,0,False,37837800,229.086,3.6363636363636362
2,4,5,1,2,1,True,75675600,232.61040000000003,3.6363636363636362
2,4,5,1,1,2,True,37837800,214.98840000000004,3.6363636363636362
2,4,5,0,4,0,False,9459450,224.27999999999997,4.0
2,4,5,0,3,1,False,28378350,237.096,4.0
2,4,5,0,2,2,False,28378350,230.68800000000002,4.0
2,4,5,0,1,3,False,9459450,205.056,4.0
2,4,4,5,0,0,False,9459450,224.27999999999997,3.3333333333333335
2,4,4,4,1,0,False,47297250,230.2608,3.5714285714285716
2,4,4,3,2,0,False,94594500,233.25119999999998,3.846153846153846
2,4,4,3,1,1,True,94594500,225.47616000000002,3.846153846153846
2,4,4,2,3,0,False,94594500,233.25119999999995,3.3333333333333335
2,4,4,2,2,1,True,189189000,236.83968,3.3333333333333335
2,4,4,2,1,2,True,94594500,218.89728,4.166666666666667
2,4,4,1,4,0,False,47297250,230.2608,3.6363636363636362
2,4,4,1,3,1,True,141891750,243.41855999999999,3.6363636363636362
2,4,4,1,2,2,True,141891750,236.83968000000002,3.6363636363636362
2,4,4,1,1,3,True,47297250,210.52416,3.6363636363636362
2,4,4,0,5,0,False,9459450,224.27999999999997,4.0
2,4,4,0,4,1,False,37837800,245.2128,4.0
2,4,4,0,3,2,False,56756700,248.20319999999998,3.0
2,4,4,0,2,3,False,37837800,233.25119999999998,4.0
2,4,4,0,1,4,False,9459450,200.35680000000002,4.0
2,4,3,6,0,0,False,6306300,222.144,3.75
2,4,3,5,1,0,False,37837800,229.086,3.3333333333333335
2,4,3,4,2,0,False,94594500,233.25120000000004,3.5714285714285716
2,4,3,4,1,1,True,94594500,225.47616000000005,3.5714285714285716
2,4,3,3,3,0,False,126126000,234.63960000000003,3.846153846153846
2,4,3,3,2,1,True,252252000,238.24944000000005,3.846153846153846
2,4,3,3,1,2,True,126126000,220.20024000000006,3.846153846153846
2,4,3,2,4,0,False,94594500,233.25119999999998,3.3333333333333335
2,4,3,2,3,1,True,283783500,246.57984000000005,3.3333333333333335
2,4,3,2,2,2,True,283783500,239.91552000000001,3.3333333333333335
2,4,3,2,1,3,True,94594500,213.25824,4.166666666666667
2,4,3,1,5,0,False,37837800,229.08600000000007,3.6363636363636362
2,4,3,1,4,1,True,151351200,250.46736000000004,3.6363636363636362
2,4,3,1,3,2,True,227026800,253.52184000000005,3.6363636363636362
2,4,3,1,2,3,True,151351200,238.24944000000005,3.6363636363636362
2,4,3,1,1,4,True,37837800,204.65016000000006,3.6363636363636362
2,4,3,0,6,0,False,6306300,208.26000000000005,4.0
2,4,3,0,5,1,False,31531500,249.91200000000003,3.0
2,4,3,0,4,2,False,63063000,261.01920000000007,3.0
2,4,3,0,3,3,False,63063000,255.46560000000005,3.0
2,4,3,0,2,4,False,31531500,233.25120000000004,4.0
2,4,3,0,1,5,False,6306300,194.376,4.0
2,4,2,7,0,0,False,2702700,217.872,3.529411764705882
2,4,2,6,1,0,False,18918900,225.5616,3.75
2,4,2,5,2,0,False,56756700,230.688,3.3333333333333335
2,4,2,5,1,1,True,56756700,222.9984,3.3333333333333335
2,4,2,4,3,0,False,94594500,233.25119999999998,3.5714285714285716
2,4,2,4,2,1,True,189189000,236.83968,3.5714285714285716
2,4,2,4,1,2,True,94594500,218.89728,3.5714285714285716
2,4,2,3,4,0,False,94594500,233.25119999999998,3.846153846153846
2,4,2,3,3,1,True,283783500,246.57984,3.0769230769230766
2,4,2,3,2,2,True,283783500,239.91552000000001,3.0769230769230766
2,4,2,3,1,3,True,94594500,213.25824000000003,3.846153846153846
2,4,2,2,5,0,False,56756700,230.688,3.3333333333333335
2,4,2,2,4,1,True,227026800,252.21888,3.3333333333333335
2,4,2,2,3,2,True,340540200,255.29472,3.3333333333333335
2,4,2,2,2,3,True,227026800,239.91552,3.3333333333333335
2,4,2,2,1,4,True,56756700,206.08128000000002,4.166666666666667
2,4,2,1,6,0,False,18918900,211.46400000000003,3.6363636363636362
2,4,2,1,5,1,True,94594500,253.75680000000003,3.6363636363636362
2,4,2,1,4,2,True,189189000,265.03488000000004,3.6363636363636362
2,4,2,1,3,3,True,189189000,259.39584,3.6363636363636362
2,4,2,1,2,4,True,94594500,236.83968000000004,3.6363636363636362
2,4,2,1,1,5,True,18918900,197.3664,4.545454545454545
2,4,2,0,7,0,False,2702700,192.24,4.0
2,4,2,0,6,1,False,16216200,230.68800000000002,4.0
2,4,2,0,5,2,False,40540500,269.136,3.0
2,4,2,0,4,3,False,54054000,271.69919999999996,3.0
2,4,2,0,3,4,False,40540500,258.88320000000004,3.0
2,4,2,0,2,5,False,16216200,230.68800000000002,4.0
2,4,2,0,1,6,False,2702700,187.1136,4.0
2,4,1,8,0,0,False,675675,211.46400000000003,3.888888888888889
2,4,1,7,1,0,False,5405400,219.6876000000001,3.529411764705882
2,4,1,6,2,0,False,18918900,225.56160000000006,3.75
2,4,1,6,1,1,True,18918900,218.0428800000001,3.75
2,4,1,5,3,0,False,37837800,229.086,3.3333333333333335
2,4,1,5,2,1,True,75675600,232.61040000000008,3.3333333333333335
2,4,1,5,1,2,True,37837800,214.9884,4.0
2,4,1,4,4,0,False,47297250,230.26080000000005,3.5714285714285716
2,4,1,4,3,1,True,141891750,243.41856,3.5714285714285716
2,4,1,4,2,2,True,141891750,236.83968000000002,3.5714285714285716
2,4,1,4,1,3,True,47297250,210.52416000000005,3.5714285714285716
2,4,1,3,5,0,False,37837800,229.08600000000004,3.846153846153846
2,4,1,3,4,1,True,151351200,250.4673600000001,3.0769230769230766
2,4,1,3,3,2,True,227026800,253.5218400000001,3.0769230769230766
2,4,1,3,2,3,True,151351200,238.24944000000008,3.846153846153846
2,4,1,3,1,4,True,37837800,204.65016000000008,3.846153846153846
2,4,1,2,6,0,False,18918900,211.46400000000003,4.166666666666667
2,4,1,2,5,1,True,94594500,253.75680000000006,3.3333333333333335
2,4,1,2,4,2,True,189189000,265.03488000000004,3.3333333333333335
2,4,1,2,3,3,True,189189000,259.3958400000001,3.3333333333333335
2,4,1,2,2,4,True,94594500,236.83968000000004,3.3333333333333335
2,4,1,2,1,5,True,18918900,197.36640000000003,4.166666666666667
2,4,1,1,7,0,False,5405400,193.84200000000004,4.545454545454545
2,4,1,1,6,1,True,32432400,232.61040000000008,3.6363636363636362
2,4,1,1,5,2,True,81081000,271.37880000000007,2.727272727272727
2,4,1,1,4,3,True,108108000,273.9633600000001,2.727272727272727
2,4,1,1,3,4,True,81081000,261.04056000000014,3.6363636363636362
2,4,1,1,2,5,True,32432400,232.61040000000008,3.6363636363636362
2,4,1,1,1,6,True,5405400,188.67288000000005,4.545454545454545
2,4,1,0,8,0,False,675675,176.22000000000003,5.0
2,4,1,0,7,1,False,4729725,211.46400000000006,4.0
2,4,1,0,6,2,False,14189175,246.70800000000006,3.0
2,4,1,0,5,3,False,23648625,281.95200000000006,3.0
2,4,1,0,4,4,False,23648625,277.2528000000001,3.0
2,4,1,0,3,5,False,14189175,258.4560000000001,3.0
2,4,1,0,2,6,False,4729725,225.56160000000006,4.0
2,4,1,0,1,7,False,675675,178.56960000000004,5.0
2,4,0,9,0,0,False,75075,202.92000000000002,3.68421052631579
2,4,0,8,1,0,False,675675,211.46400000000003,3.888888888888889
2,4,0,7,2,0,False,2702700,217.872,3.529411764705882
2,4,0,7,1,1,False,2702700,210.60960000000006,3.529411764705882
2,4,0,6,3,0,False,6306300,222.144,3.75
2,4,0,6,2,1,False,12612600,225.5616,3.75
2,4,0,6,1,2,False,6306300,208.47360000000003,3.75
2,4,0,5,4,0,False,9459450,224.27999999999997,3.3333333333333335
2,4,0,5,3,1,False,28378350,237.096,3.3333333333333335
2,4,0,5,2,2,False,28378350,230.688,3.3333333333333335
2,4,0,5,1,3,False,9459450,205.056,4.0
2,4,0,4,5,0,False,9459450,224.28,3.5714285714285716
2,4,0,4,4,1,False,37837800,245.21280000000004,3.5714285714285716
2,4,0,4,3,2,False,56756700,248.2032,3.5714285714285716
2,4,0,4,2,3,False,37837800,233.25120000000004,3.5714285714285716
2,4,0,4,1,4,False,9459450,200.35680000000002,4.285714285714286
2,4,0,3,6,0,False,6306300,208.26000000000002,3.846153846153846
2,4,0,3,5,1,False,31531500,249.91200000000003,3.0769230769230766
2,4,0,3,4,2,False,63063000,261.0192,3.0769230769230766
2,4,0,3,3,3,False,63063000,255.46560000000005,3.0769230769230766
2,4,0,3,2,4,False,31531500,233.25120000000004,3.846153846153846
2,4,0,3,1,5,False,6306300,194.37599999999998,3.846153846153846
2,4,0,2,7,0,False,2702700,192.24,4.166666666666667
2,4,0,2,6,1,False,16216200,230.688,3.3333333333333335
2,4,0,2,5,2,False,40540500,269.136,3.3333333333333335
2,4,0,2,4,3,False,54054000,271.6992000000001,3.3333333333333335
2,4,0,2,3,4,False,40540500,258.8832000000001,3.3333333333333335
2,4,0,2,2,5,False,16216200,230.688,3.3333333333333335
2,4,0,2,1,6,False,2702700,187.1136,4.166666666666667
2,4,0,1,8,0,False,675675,176.22000000000003,4.545454545454545
2,4,0,1,7,1,False,4729725,211.46400000000003,3.6363636363636362
2,4,0,1,6,2,False,14189175,246.70800000000006,3.6363636363636362
2,4,0,1,5,3,False,23648625,281.952,2.727272727272727
2,4,0,1,4,4,False,23648625,277.2528000000001,2.727272727272727
2,4,0,1,3,5,False,14189175,258.4560000000001,3.6363636363636362
2,4,0,1,2,6,False,4729725,225.56160000000003,3.6363636363636362
2,4,0,1,1,7,False,675675,178.56960000000004,4.545454545454545
2,4,0,0,9,0,False,75075,160.20000000000002,5.0
2,4,0,0,8,1,False,600600,192.24,4.0
2,4,0,0,7,2,False,2102100,224.28000000000003,4.0
2,4,0,0,6,3,False,4204200,256.32,3.0
2,4,0,0,5,4,False,5255250,288.36000000000007,3.0
2,4,0,0,4,5,False,4204200,277.68,3.0
2,4,0,0,3,6,False,2102100,254.18399999999997,3.0
2,4,0,0,2,7,False,600600,217.87200000000004,4.0
2,4,0,0,1,8,False,75075,168.74400000000003,5.0
2,3,10,0,0,0,False,30030,208.20000000000002,4.0
2,3,9,1,0,0,False,300300,217.56900000000002,3.6363636363636362
2,3,9,0,1,0,False,300300,217.56900000000002,4.0
2,3,8,2,0,0,False,1351350,224.856,3.3333333333333335
2,3,8,1,1,0,False,2702700,226.72980000000007,3.6363636363636362
2,3,8,0,2,0,False,1351350,224.856,4.0
2,3,8,0,1,1,False,1351350,217.36080000000004,4.0
2,3,7,3,0,0,False,3603600,230.06100000000004,3.846153846153846
2,3,7,2,1,0,False,10810800,233.60040000000006,3.3333333333333335
2,3,7,1,2,0,False,10810800,233.60040000000006,3.6363636363636362
2,3,7,1,1,1,True,10810800,225.8137200000001,3.6363636363636362
2,3,7,0,3,0,False,3603600,230.06100000000006,4.0
2,3,7,0,2,1,False,7207200,233.60040000000004,4.0
2,3,7,0,1,2,False,3603600,215.90340000000003,4.0
2,3,6,4,0,0,False,6306300,233.18400000000003,3.5714285714285716
2,3,6,3,1,0,False,25225200,238.18080000000006,3.846153846153846
2,3,6,2,2,0,False,37837800,239.84640000000002,3.3333333333333335
2,3,6,2,1,1,True,37837800,231.85152000000005,3.3333333333333335
2,3,6,1,3,0,False,25225200,238.18080000000003,3.6363636363636362
2,3,6,1,2,1,True,50450400,241.84512000000004,3.6363636363636362
2,3,6,1,1,2,True,25225200,223.52352000000005,3.6363636363636362
2,3,6,0,4,0,False,6306300,233.18400000000003,4.0
2,3,6,0,3,1,False,18918900,246.50880000000004,3.0
2,3,6,0,2,2,False,18918900,239.84640000000002,4.0
2,3,6,0,1,3,False,6306300,213.19680000000005,4.0
2,3,5,5,0,0,False,7567560,234.22500000000002,3.3333333333333335
2,3,5,4,1,0,False,37837800,240.471,3.5714285714285716
2,3,5,3,2,0,False,75675600,243.594,3.0769230769230766
2,3,5,3,1,1,True,75675600,235.47420000000002,3.846153846153846
2,3,5,2,3,0,False,75675600,243.594,3.3333333333333335
2,3,5,2,2,1,True,151351200,247.34160000000006,3.3333333333333335
2,3,5,2,1,2,True,75675600,228.6036,3.3333333333333335
2,3,5,1,4,0,False,37837800,240.47100000000003,3.6363636363636362
2,3,5,1,3,1,True,113513400,254.21220000000002,3.6363636363636362
2,3,5,1,2,2,True,113513400,247.34160000000003,3.6363636363636362
2,3,5,1,1,3,True,37837800,219.85920000000004,3.6363636363636362
2,3,5,0,5,0,False,7567560,234.22500000000002,4.0
2,3,5,0,4,1,False,30270240,256.086,3.0
2,3,5,0,3,2,False,45405360,259.209,3.0
2,3,5,0,2,3,False,30270240,243.59400000000002,4.0
2,3,5,0,1,4,False,7567560,209.24100000000004,4.0
2,3,4,6,0,0,False,6306300,233.18399999999997,3.75
2,3,4,5,1,0,False,37837800,240.471,3.3333333333333335
2,3,4,4,2,0,False,94594500,244.8432,3.5714285714285716
2,3,4,4,1,1,True,94594500,236.68176,3.5714285714285716
2,3,4,3,3,0,False,126126000,246.3006,3.0769230769230766
2,3,4,3,2,1,True,252252000,250.08984,3.0769230769230766
2,3,4,3,1,2,True,126126000,231.14364,3.846153846153846
2,3,4,2,4,0,False,94594500,244.84319999999997,3.3333333333333335
2,3,4,2,3,1,True,283783500,258.83423999999997,3.3333333333333335
2,3,4,2,2,2,True,283783500,251.83872,3.3333333333333335
2,3,4,2,1,3,True,94594500,223.85663999999997,3.3333333333333335
2,3,4,1,5,0,False,37837800,240.47100000000003,3.6363636363636362
2,3,4,1,4,1,True,151351200,262.91496,3.6363636363636362
2,3,4,1,3,2,True,227026800,266.12124000000006,3.6363636363636362
2,3,4,1,2,3,True,151351200,250.08984,3.6363636363636362
2,3,4,1,1,4,True,37837800,214.82076000000004,3.6363636363636362
2,3,4,0,6,0,False,6306300,218.61,4.0
2,3,4,0,5,1,False,31531500,262.332,3.0
2,3,4,0,4,2,False,63063000,273.9912,3.0
2,3,4,0,3,3,False,63063000,268.1616,3.0
2,3,4,0,2,4,False,31531500,244.8432,4.0
2,3,4,0,1,5,False,6306300,204.03599999999997,4.0
2,3,3,7,0,0,False,3603600,230.06100000000004,3.529411764705882
2,3,3,6,1,0,False,25225200,238.18080000000006,3.125
2,3,3,5,2,0,False,75675600,243.594,3.3333333333333335
2,3,3,5,1,1,True,75675600,235.47420000000005,3.3333333333333335
2,3,3,4,3,0,False,126126000,246.30059999999997,3.5714285714285716
2,3,3,4,2,1,True,252252000,250.08984,3.5714285714285716
2,3,3,4,1,2,True,126126000,231.14363999999998,3.5714285714285716
2,3,3,3,4,0,False,126126000,246.3006,3.0769230769230766
2,3,3,3,3,1,True,378378000,260.37492000000003,3.0769230769230766
2,3,3,3,2,2,True,378378000,253.33776000000003,3.0769230769230766
2,3,3,3,1,3,True,126126000,225.18912,3.846153846153846
2,3,3,2,5,0,False,75675600,243.594,3.3333333333333335
2,3,3,2,4,1,True,302702400,266.32944000000003,3.3333333333333335
2,3,3,2,3,2,True,454053600,269.57736,3.3333333333333335
2,3,3,2,2,3,True,302702400,253.33776000000003,3.3333333333333335
2,3,3,2,1,4,True,75675600,217.61064000000002,4.166666666666667
2,3,3,1,6,0,False,25225200,223.29450000000003,3.6363636363636362
2,3,3,1,5,1,True,126126000,267.95340000000004,3.6363636363636362
2,3,3,1,4,2,True,252252000,279.86244000000005,2.727272727272727
2,3,3,1,3,3,True,252252000,273.90792000000005,2.727272727272727
2,3,3,1,2,4,True,126126000,250.0898400000001,3.6363636363636362
2,3,3,1,1,5,True,25225200,208.4082,3.6363636363636362
2,3,3,0,7,0,False,3603600,202.995,4.0
2,3,3,0,6,1,False,21621600,243.59400000000002,4.0
2,3,3,0,5,2,False,54054000,284.193,3.0
2,3,3,0,4,3,False,72072000,286.8996,3.0
2,3,3,0,3,4,False,54054000,273.36660000000006,3.0
2,3,3,0,2,5,False,21621600,243.59400000000002,4.0
2,3,3,0,1,6,False,3603600,197.58180000000002,4.0
2,3,2,8,0,0,False,1351350,224.85600000000002,3.333333333333333
2,3,2,7,1,0,False,10810800,233.60040000000004,3.529411764705882
2,3,2,6,2,0,False,37837800,239.84640000000002,3.125
2,3,2,6,1,1,True,37837800,231.85152000000008,3.75
2,3,2,5,3,0,False,75675600,243.59400000000002,3.3333333333333335
2,3,2,5,2,1,True,151351200,247.34160000000003,3.3333333333333335
2,3,2,5,1,2,True,75675600,228.60360000000003,3.3333333333333335
2,3,2,4,4,0,False,94594500,244.8432,3.5714285714285716
2,3,2,4,3,1,True,283783500,258.83424,2.857142857142857
2,3,2,4,2,2,True,283783500,251.83872,3.5714285714285716
2,3,2,4,1,3,True,94594500,223.85664,3.5714285714285716
2,3,2,3,5,0,False,75675600,243.59400000000005,3.0769230769230766
2,3,2,3,4,1,True,302702400,266.32944000000003,3.0769230769230766
2,3,2,3,3,2,True,454053600,269.57736000000006,3.0769230769230766
2,3,2,3,2,3,True,302702400,253.33776000000006,3.0769230769230766
2,3,2,3,1,4,True,75675600,217.61064000000005,3.846153846153846
2,3,2,2,6,0,False,37837800,224.85600000000002,3.3333333333333335
2,3,2,2,5,1,True,189189000,269.8272,3.3333333333333335
2,3,2,2,4,2,True,378378000,281.81952,3.3333333333333335
2,3,2,2,3,3,True,378378000,275.82336000000004,3.3333333333333335
2,3,2,2,2,4,True,189189000,251.83872000000005,3.3333333333333335
2,3,2,2,1,5,True,37837800,209.8656,4.166666666666667
2,3,2,1,7,0,False,10810800,206.11800000000005,3.6363636363636362
2,3,2,1,6,1,True,64864800,247.34160000000003,3.6363636363636362
2,3,2,1,5,2,True,162162000,288.56520000000006,2.727272727272727
2,3,2,1,4,3,True,216216000,291.31344,2.727272727272727
2,3,2,1,3,4,True,162162000,277.5722400000001,2.727272727272727
2,3,2,1,2,5,True,64864800,247.34160000000003,3.6363636363636362
2,3,2,1,1,6,True,10810800,200.62152000000003,4.545454545454545
2,3,2,0,8,0,False,1351350,187.38000000000002,4.0
2,3,2,0,7,1,False,9459450,224.856,4.0
2,3,2,0,6,2,False,28378350,262.33200000000005,3.0
2,3,2,0,5,3,False,47297250,299.808,3.0
2,3,2,0,4,4,False,47297250,294.81120000000004,3.0
2,3,2,0,3,5,False,28378350,274.824,3.0
2,3,2,0,2,6,False,9459450,239.84640000000002,4.0
2,3,2,0,1,7,False,1351350,189.87840000000003,4.0
2,3,1,9,0,0,False,300300,217.56900000000002,3.68421052631579
2,3,1,8,1,0,False,2702700,226.72980000000007,3.333333333333333
2,3,1,7,2,0,False,10810800,233.60040000000004,3.529411764705882
2,3,1,7,1,1,True,10810800,225.81372000000007,3.529411764705882
2,3,1,6,3,0,False,25225200,238.18080000000006,3.125
2,3,1,6,2,1,True,50450400,241.84512000000007,3.125
2,3,1,6,1,2,True,25225200,223.52352000000008,3.75
2,3,1,5,4,0,False,37837800,240.47100000000003,3.3333333333333335
2,3,1,5,3,1,True,113513400,254.21220000000005,3.3333333333333335
2,3,1,5,2,2,True,113513400,247.34160000000003,3.3333333333333335
2,3,1,5,1,3,True,37837800,219.85920000000004,4.0
2,3,1,4,5,0,False,37837800,240.471,3.5714285714285716
2,3,1,4,4,1,True,151351200,262.91496000000006,2.857142857142857
2,3,1,4,3,2,True,227026800,266.12124000000006,2.857142857142857
2,3,1,4,2,3,True,151351200,250.08984000000004,3.5714285714285716
2,3,1,4,1,4,True,37837800,214.82076000000004,3.5714285714285716
2,3,1,3,6,0,False,25225200,223.29450000000003,3.846153846153846
2,3,1,3,5,1,True,126126000,267.9534000000001,3.0769230769230766
2,3,1,3,4,2,True,252252000,279.86244000000005,3.0769230769230766
2,3,1,3,3,3,True,252252000,273.90792000000005,3.0769230769230766
2,3,1,3,2,4,True,126126000,250.0898400000001,3.0769230769230766
2,3,1,3,1,5,True,25225200,208.40820000000002,3.846153846153846
2,3,1,2,7,0,False,10810800,206.11800000000002,4.166666666666667
2,3,1,2,6,1,True,64864800,247.34160000000006,3.3333333333333335
2,3,1,2,5,2,True,162162000,288.56520000000006,3.3333333333333335
2,3,1,2,4,3,True,216216000,291.31344000000007,3.3333333333333335
2,3,1,2,3,4,True,162162000,277.5722400000001,3.3333333333333335
2,3,1,2,2,5,True,64864800,247.34160000000006,3.3333333333333335
2,3,1,2,1,6,True,10810800,200.62152000000006,4.166666666666667
2,3,1,1,8,0,False,2702700,188.94150000000002,4.545454545454545
2,3,1,1,7,1,True,18918900,226.72980000000007,3.6363636363636362
2,3,1,1,6,2,True,56756700,264.51810000000006,3.6363636363636362
2,3,1,1,5,3,True,94594500,302.30640000000005,2.727272727272727
2,3,1,1,4,4,True,94594500,297.26796000000013,2.727272727272727
2,3,1,1,3,5,True,56756700,277.1142000000001,2.727272727272727
2,3,1,1,2,6,True,18918900,241.84512000000004,3.6363636363636362
2,3,1,1,1,7,True,2702700,191.46072000000004,4.545454545454545
2,3,1,0,9,0,False,300300,171.76500000000001,5.0
2,3,1,0,8,1,False,2402400,206.11800000000005,4.0
2,3,1,0,7,2,False,8408400,240.47100000000006,4.0
2,3,1,0,6,3,False,16816800,274.824,3.0
2,3,1,0,5,4,False,21021000,309.1770000000001,3.0
2,3,1,0,4,5,False,16816800,297.72600000000006,3.0
2,3,1,0,3,6,False,8408400,272.53380000000004,3.0
2,3,1,0,2,7,False,2402400,233.60040000000004,4.0
2,3,1,0,1,8,False,300300,180.92580000000004,5.0
2,3,0,10,0,0,False,30030,208.20000000000002,4.0
2,3,0,9,1,0,False,300300,217.56900000000002,3.68421052631579
2,3,0,8,2,0,False,1351350,224.85600000000002,3.333333333333333
2,3,0,8,1,1,False,1351350,217.36080000000007,3.888888888888889
2,3,0,7,3,0,False,3603600,230.06100000000004,3.529411764705882
2,3,0,7,2,1,False,7207200,233.60040000000004,3.529411764705882
2,3,0,7,1,2,False,3603600,215.90340000000003,3.529411764705882
2,3,0,6,4,0,False,6306300,233.18399999999997,3.75
2,3,0,6,3,1,False,18918900,246.50880000000004,3.125
2,3,0,6,2,2,False,18918900,239.84640000000002,3.125
2,3,0,6,1,3,False,6306300,213.19680000000005,3.75
2,3,0,5,5,0,False,7567560,234.22500000000002,3.3333333333333335
2,3,0,5,4,1,False,30270240,256.08600000000007,3.3333333333333335
2,3,0,5,3,2,False,45405360,259.20900000000006,3.3333333333333335
2,3,0,5,2,3,False,30270240,243.59400000000002,3.3333333333333335
2,3,0,5,1,4,False,7567560,209.24099999999999,4.0
2,3,0,4,6,0,False,6306300,218.60999999999999,3.5714285714285716
2,3,0,4,5,1,False,31531500,262.332,2.857142857142857
2,3,0,4,4,2,False,63063000,273.9912,2.857142857142857
2,3,0,4,3,3,False,63063000,268.1616,2.857142857142857
2,3,0,4,2,4,False,31531500,244.84320000000002,3.5714285714285716
2,3,0,4,1,5,False,6306300,204.03599999999997,4.285714285714286
2,3,0,3,7,0,False,3603600,202.995,3.846153846153846
2,3,0,3,6,1,False,21621600,243.594,3.0769230769230766
2,3,0,3,5,2,False,54054000,284.19300000000004,3.0769230769230766
2,3,0,3,4,3,False,72072000,286.8996,3.0769230769230766
2,3,0,3,3,4,False,54054000,273.3666000000001,3.0769230769230766
2,3,0,3,2,5,False,21621600,243.594,3.0769230769230766
2,3,0,3,1,6,False,3603600,197.5818,3.846153846153846
2,3,0,2,8,0,False,1351350,187.38,4.166666666666667
2,3,0,2,7,1,False,9459450,224.856,3.3333333333333335
2,3,0,2,6,2,False,28378350,262.332,3.3333333333333335
2,3,0,2,5,3,False,47297250,299.80800000000005,2.5
2,3,0,2,4,4,False,47297250,294.81120000000004,3.3333333333333335
2,3,0,2,3,5,False,28378350,274.824,3.3333333333333335
2,3,0,2,2,6,False,9459450,239.84640000000002,3.3333333333333335
2,3,0,2,1,7,False,1351350,189.8784,4.166666666666667
2,3,0,1,9,0,False,300300,171.76500000000001,4.545454545454545
2,3,0,1,8,1,False,2402400,206.11800000000002,3.6363636363636362
2,3,0,1,7,2,False,8408400,240.47100000000003,3.6363636363636362
2,3,0,1,6,3,False,16816800,274.82400000000007,2.727272727272727
2,3,0,1,5,4,False,21021000,309.1770000000001,2.727272727272727
2,3,0,1,4,5,False,16816800,297.72600000000006,2.727272727272727
2,3,0,1,3,6,False,8408400,272.53380000000004,2.727272727272727
2,3,0,1,2,7,False,2402400,233.60040000000004,3.6363636363636362
2,3,0,1,1,8,False,300300,180.92580000000004,4.545454545454545
2,3,0,0,10,0,False,30030,156.15,5.0
2,3,0,0,9,1,False,270270,187.38,4.0
2,3,0,0,8,2,False,1081080,218.61,4.0
2,3,0,0,7,3,False,2522520,249.84000000000003,3.0
2,3,0,0,6,4,False,3783780,281.07000000000005,3.0
2,3,0,0,5,5,False,3783780,312.3,3.0
2,3,0,0,4,6,False,2522520,295.644,3.0
2,3,0,0,3,7,False,1081080,266.49600000000004,3.0
2,3,0,0,2,8,False,270270,224.856,4.0
2,3,0,0,1,9,False,30030,170.72400000000002,5.0
2,2,11,0,0,0,False,8190,212.94000000000003,4.0
2,2,10,1,0,0,False,90090,223.08000000000004,3.6363636363636362
2,2,10,0,1,0,False,90090,223.08000000000004,4.0
2,2,9,2,0,0,False,450450,231.19199999999998,3.3333333333333335
2,2,9,1,1,0,False,900900,233.11860000000007,3.6363636363636362
2,2,9,0,2,0,False,450450,231.19199999999998,4.0
2,2,9,0,1,1,False,450450,223.48560000000003,4.0
2,2,8,3,0,0,False,1351350,237.276,3.846153846153846
2,2,8,2,1,0,False,4054050,240.92640000000006,3.3333333333333335
2,2,8,1,2,0,False,4054050,240.92640000000003,3.6363636363636362
2,2,8,1,1,1,True,4054050,232.89552000000006,3.6363636363636362
2,2,8,0,3,0,False,1351350,237.27600000000004,4.0
2,2,8,0,2,1,False,2702700,240.92640000000003,4.0
2,2,8,0,1,2,False,1351350,222.67440000000002,4.0
2,2,7,4,0,0,False,2702700,241.33200000000002,3.5714285714285716
2,2,7,3,1,0,False,10810800,246.50340000000008,3.0769230769230766
2,2,7,2,2,0,False,16216200,248.22719999999998,3.3333333333333335
2,2,7,2,1,1,True,16216200,239.95296000000008,3.3333333333333335
2,2,7,1,3,0,False,10810800,246.50340000000008,3.6363636363636362
2,2,7,1,2,1,True,21621600,250.29576000000003,3.6363636363636362
2,2,7,1,1,2,True,10810800,231.33396000000005,3.6363636363636362
2,2,7,0,4,0,False,2702700,241.33200000000002,4.0
2,2,7,0,3,1,False,8108100,255.12240000000003,3.0
2,2,7,0,2,2,False,8108100,248.22720000000004,3.0
2,2,7,0,1,3,False,2702700,220.64640000000006,4.0
2,2,6,5,0,0,False,3783780,243.36,3.3333333333333335
2,2,6,4,1,0,False,18918900,249.84960000000007,3.5714285714285716
2,2,6,3,2,0,False,37837800,253.09440000000004,3.0769230769230766
2,2,6,3,1,1,True,37837800,244.65792000000008,3.0769230769230766
2,2,6,2,3,0,False,37837800,253.09440000000004,3.3333333333333335
2,2,6,2,2,1,True,75675600,256.98816000000005,3.3333333333333335
2,2,6,2,1,2,True,37837800,237.51936,3.3333333333333335
2,2,6,1,4,0,False,18918900,249.84960000000004,3.6363636363636362
2,2,6,1,3,1,True,56756700,264.12672000000003,3.6363636363636362
2,2,6,1,2,2,True,56756700,256.98816,3.6363636363636362
2,2,6,1,1,3,True,18918900,228.43392000000003,3.6363636363636362
2,2,6,0,5,0,False,3783780,243.36000000000004,4.0
2,2,6,0,4,1,False,15135120,266.07360000000006,3.0
2,2,6,0,3,2,False,22702680,269.31840000000005,3.0
2,2,6,0,2,3,False,15135120,253.09440000000006,3.0
2,2,6,0,1,4,False,3783780,217.40160000000003,4.0
2,2,5,6,0,0,False,3783780,243.36,3.125
2,2,5,5,1,0,False,22702680,250.96500000000003,3.3333333333333335
2,2,5,4,2,0,False,56756700,255.528,3.5714285714285716
2,2,5,4,1,1,True,56756700,247.01040000000003,3.5714285714285716
2,2,5,3,3,0,False,75675600,257.04900000000004,3.0769230769230766
2,2,5,3,2,1,True,151351200,261.00360000000006,3.0769230769230766
2,2,5,3,1,2,True,75675600,241.2306,3.0769230769230766
2,2,5,2,4,0,False,56756700,255.52800000000002,3.3333333333333335
2,2,5,2,3,1,True,170270100,270.1296,3.3333333333333335
2,2,5,2,2,2,True,170270100,262.8288,3.3333333333333335
2,2,5,2,1,3,True,56756700,233.62560000000002,3.3333333333333335
2,2,5,1,5,0,False,22702680,250.96500000000003,3.6363636363636362
2,2,5,1,4,1,True,90810720,274.38840000000005,2.727272727272727
2,2,5,1,3,2,True,136216080,277.73460000000006,2.727272727272727
2,2,5,1,2,3,True,90810720,261.00360000000006,3.6363636363636362
2,2,5,1,1,4,True,22702680,224.19540000000003,3.6363636363636362
2,2,5,0,6,0,False,3783780,228.15,4.0
2,2,5,0,5,1,False,18918900,273.78000000000003,3.0
2,2,5,0,4,2,False,37837800,285.94800000000004,3.0
2,2,5,0,3,3,False,37837800,279.86400000000003,3.0
2,2,5,0,2,4,False,18918900,255.52800000000002,3.0
2,2,5,0,1,5,False,3783780,212.94000000000003,4.0
2,2,4,7,0,0,False,2702700,241.33200000000005,3.529411764705882
2,2,4,6,1,0,False,18918900,249.8496,3.125
2,2,4,5,2,0,False,56756700,255.52799999999996,3.3333333333333335
2,2,4,5,1,1,True,56756700,247.01040000000003,3.3333333333333335
2,2,4,4,3,0,False,94594500,258.36719999999997,2.857142857142857
2,2,4,4,2,1,True,189189000,262.34208,2.857142857142857
2,2,4,4,1,2,True,94594500,242.46767999999994,3.5714285714285716
2,2,4,3,4,0,False,94594500,258.3672,3.0769230769230766
2,2,4,3,3,1,True,283783500,273.13104,3.0769230769230766
2,2,4,3,2,2,True,283783500,265.74912,3.0769230769230766
2,2,4,3,1,3,True,94594500,236.22144,3.846153846153846
2,2,4,2,5,0,False,56756700,255.52799999999996,3.3333333333333335
2,2,4,2,4,1,True,227026800,279.37728000000004,3.3333333333333335
2,2,4,2,3,2,True,340540200,282.78432,3.3333333333333335
2,2,4,2,2,3,True,227026800,265.74912,3.3333333333333335
2,2,4,2,1,4,True,56756700,228.27168,3.3333333333333335
2,2,4,1,6,0,False,18918900,234.23399999999998,3.6363636363636362
2,2,4,1,5,1,True,94594500,281.0808,2.727272727272727
2,2,4,1,4,2,True,189189000,293.57328,2.727272727272727
2,2,4,1,3,3,True,189189000,287.32704,2.727272727272727
2,2,4,1,2,4,True,94594500,262.34208,3.6363636363636362
2,2,4,1,1,5,True,18918900,218.6184,3.6363636363636362
2,2,4,0,7,0,False,2702700,212.93999999999997,4.0
2,2,4,0,6,1,False,16216200,255.528,3.0
2,2,4,0,5,2,False,40540500,298.116,3.0
2,2,4,0,4,3,False,54054000,300.95520000000005,3.0
2,2,4,0,3,4,False,40540500,286.7592000000001,3.0
2,2,4,0,2,5,False,16216200,255.528,3.0
2,2,4,0,1,6,False,2702700,207.26160000000002,4.0
2,2,3,8,0,0,False,1351350,237.27600000000004,3.333333333333333
2,2,3,7,1,0,False,10810800,246.50340000000008,3.529411764705882
2,2,3,6,2,0,False,37837800,253.0944,3.125
2,2,3,6,1,1,True,37837800,244.65792000000008,3.125
2,2,3,5,3,0,False,75675600,257.04900000000004,3.3333333333333335
2,2,3,5,2,1,True,151351200,261.0036,3.3333333333333335
2,2,3,5,1,2,True,75675600,241.2306,3.3333333333333335
2,2,3,4,4,0,False,94594500,258.36719999999997,2.857142857142857
2,2,3,4,3,1,True,283783500,273.13104000000004,2.857142857142857
2,2,3,4,2,2,True,283783500,265.74912,2.857142857142857
2,2,3,4,1,3,True,94594500,236.22144,3.5714285714285716
2,2,3,3,5,0,False,75675600,257.04900000000004,3.0769230769230766
2,2,3,3,4,1,True,302702400,281.0402400000001,3.0769230769230766
2,2,3,3,3,2,True,454053600,284.4675600000001,3.0769230769230766
2,2,3,3,2,3,True,302702400,267.33096000000006,3.0769230769230766
2,2,3,3,1,4,True,75675600,229.63044000000005,3.846153846153846
2,2,3,2,6,0,False,37837800,237.276,3.3333333333333335
2,2,3,2,5,1,True,189189000,284.73120000000006,3.3333333333333335
2,2,3,2,4,2,True,378378000,297.38592000000006,2.5
2,2,3,2,3,3,True,378378000,291.05856,3.3333333333333335
2,2,3,2,2,4,True,189189000,265.74912000000006,3.3333333333333335
2,2,3,2,1,5,True,37837800,221.45759999999999,3.3333333333333335
2,2,3,1,7,0,False,10810800,217.50300000000004,3.6363636363636362
2,2,3,1,6,1,True,64864800,261.00360000000006,3.6363636363636362
2,2,3,1,5,2,True,162162000,304.5042000000001,2.727272727272727
2,2,3,1,4,3,True,216216000,307.4042400000001,2.727272727272727
2,2,3,1,3,4,True,162162000,292.9040400000001,2.727272727272727
2,2,3,1,2,5,True,64864800,261.00360000000006,3.6363636363636362
2,2,3,1,1,6,True,10810800,211.70292000000006,3.6363636363636362
2,2,3,0,8,0,False,1351350,197.73000000000002,4.0
2,2,3,0,7,1,False,9459450,237.27600000000004,4.0
2,2,3,0,6,2,False,28378350,276.82200000000006,3.0
2,2,3,0,5,3,False,47297250,316.368,3.0
2,2,3,0,4,4,False,47297250,311.0952000000001,3.0
2,2,3,0,3,5,False,28378350,290.0040000000001,3.0
2,2,3,0,2,6,False,9459450,253.0944,3.0
2,2,3,0,1,7,False,1351350,200.3664,4.0
2,2,2,9,0,0,False,450450,231.192,3.68421052631579
2,2,2,8,1,0,False,4054050,240.92640000000003,3.333333333333333
2,2,2,7,2,0,False,16216200,248.2272,3.529411764705882
2,2,2,7,1,1,True,16216200,239.95296000000008,3.529411764705882
2,2,2,6,3,0,False,37837800,253.0944,3.125
2,2,2,6,2,1,True,75675600,256.98816000000005,3.125
2,2,2,6,1,2,True,37837800,237.51936,3.125
2,2,2,5,4,0,False,56756700,255.52799999999996,3.3333333333333335
2,2,2,5,3,1,True,170270100,270.1296,3.3333333333333335
2,2,2,5,2,2,True,170270100,262.8288,3.3333333333333335
2,2,2,5,1,3,True,56756700,233.62560000000002,3.3333333333333335
2,2,2,4,5,0,False,56756700,255.52799999999996,3.5714285714285716
2,2,2,4,4,1,True,227026800,279.37728,2.857142857142857
2,2,2,4,3,2,True,340540200,282.78432000000004,2.857142857142857
2,2,2,4,2,3,True,227026800,265.74912,2.857142857142857
2,2,2,4,1,4,True,56756700,228.27167999999998,3.5714285714285716
2,2,2,3,6,0,False,37837800,237.27599999999998,3.846153846153846
2,2,2,3,5,1,True,189189000,284.7312,3.0769230769230766
2,2,2,3,4,2,True,378378000,297.38592,3.0769230769230766
2,2,2,3,3,3,True,378378000,291.05856,3.0769230769230766
2,2,2,3,2,4,True,189189000,265.74912000000006,3.0769230769230766
2,2,2,3,1,5,True,37837800,221.45759999999999,3.846153846153846
2,2,2,2,7,0,False,16216200,219.02399999999997,4.166666666666667
2,2,2,2,6,1,True,97297200,262.8288,3.3333333333333335
2,2,2,2,5,2,True,243243000,306.6336,2.5
2,2,2,2,4,3,True,324324000,309.55392,2.5
2,2,2,2,3,4,True,243243000,294.9523200000001,3.3333333333333335
2,2,2,2,2,5,True,97297200,262.8288,3.3333333333333335
2,2,2,2,1,6,True,16216200,213.18335999999996,4.166666666666667
2,2,2,1,8,0,False,4054050,200.772,4.545454545454545
2,2,2,1,7,1,True,28378350,240.92640000000003,3.6363636363636362
2,2,2,1,6,2,True,85135050,281.08080000000007,2.727272727272727
2,2,2,1,5,3,True,141891750,321.2352,2.727272727272727
2,2,2,1,4,4,True,141891750,315.88128000000006,2.727272727272727
2,2,2,1,3,5,True,85135050,294.46560000000005,2.727272727272727
2,2,2,1,2,6,True,28378350,256.98816,3.6363636363636362
2,2,2,1,1,7,True,4054050,203.44896000000003,3.6363636363636362
2,2,2,0,9,0,False,450450,182.51999999999998,5.0
2,2,2,0,8,1,False,3603600,219.024,4.0
2,2,2,0,7,2,False,12612600,255.52800000000002,3.0
2,2,2,0,6,3,False,25225200,292.032,3.0
2,2,2,0,5,4,False,31531500,328.53600000000006,3.0
2,2,2,0,4,5,False,25225200,316.368,3.0
2,2,2,0,3,6,False,12612600,289.5984,3.0
2,2,2,0,2,7,False,3603600,248.2272,3.0
2,2,2,0,1,8,False,450450,192.25440000000003,4.0
2,2,1,10,0,0,False,90090,223.08000000000004,3.5
2,2,1,9,1,0,False,900900,233.11860000000004,3.68421052631579
2,2,1,8,2,0,False,4054050,240.92640000000003,3.333333333333333
2,2,1,8,1,1,True,4054050,232.89552000000006,3.333333333333333
2,2,1,7,3,0,False,10810800,246.50340000000008,3.529411764705882
2,2,1,7,2,1,True,21621600,250.29576000000006,3.529411764705882
2,2,1,7,1,2,True,10810800,231.33396000000002,3.529411764705882
2,2,1,6,4,0,False,18918900,249.8496,3.125
2,2,1,6,3,1,True,56756700,264.12672000000003,3.125
2,2,1,6,2,2,True,56756700,256.98816000000005,3.125
2,2,1,6,1,3,True,18918900,228.43392000000006,3.75
2,2,1,5,5,0,False,22702680,250.96500000000003,3.3333333333333335
2,2,1,5,4,1,True,90810720,274.38840000000005,3.3333333333333335
2,2,1,5,3,2,True,136216080,277.73460000000006,2.6666666666666665
2,2,1,5,2,3,True,90810720,261.0036,3.3333333333333335
2,2,1,5,1,4,True,22702680,224.1954,3.3333333333333335
2,2,1,4,6,0,False,18918900,234.23400000000004,3.5714285714285716
2,2,1,4,5,1,True,94594500,281.08080000000007,2.857142857142857
2,2,1,4,4,2,True,189189000,293.57328,2.857142857142857
2,2,1,4,3,3,True,189189000,287.32704,2.857142857142857
2,2,1,4,2,4,True,94594500,262.34208,2.857142857142857
2,2,1,4,1,5,True,18918900,218.6184,3.5714285714285716
2,2,1,3,7,0,False,10810800,217.50300000000004,3.846153846153846
2,2,1,3,6,1,True,64864800,261.00360000000006,3.0769230769230766
2,2,1,3,5,2,True,162162000,304.5042000000001,3.0769230769230766
2,2,1,3,4,3,True,216216000,307.40424,3.0769230769230766
2,2,1,3,3,4,True,162162000,292.9040400000001,3.0769230769230766
2,2,1,3,2,5,True,64864800,261.00360000000006,3.0769230769230766
2,2,1,3,1,6,True,10810800,211.70292000000003,3.846153846153846
2,2,1,2,8,0,False,4054050,200.77200000000002,4.166666666666667
2,2,1,2,7,1,True,28378350,240.92640000000006,3.3333333333333335
2,2,1,2,6,2,True,85135050,281.0808,3.3333333333333335
2,2,1,2,5,3,True,141891750,321.2352,2.5
2,2,1,2,4,4,True,141891750,315.88128000000006,2.5
2,2,1,2,3,5,True,85135050,294.46560000000005,3.3333333333333335
2,2,1,2,2,6,True,28378350,256.98816000000005,3.3333333333333335
2,2,1,2,1,7,True,4054050,203.44896000000003,4.166666666666667
2,2,1,1,9,0,False,900900,184.04100000000005,4.545454545454545
2,2,1,1,8,1,True,7207200,220.84920000000008,3.6363636363636362
2,2,1,1,7,2,True,25225200,257.65740000000005,3.6363636363636362
2,2,1,1,6,3,True,50450400,294.46560000000005,2.727272727272727
2,2,1,1,5,4,True,63063000,331.2738000000001,2.727272727272727
2,2,1,1,4,5,True,50450400,319.0044000000001,2.727272727272727
2,2,1,1,3,6,True,25225200,292.0117200000001,2.727272727272727
2,2,1,1,2,7,True,7207200,250.29576000000003,3.6363636363636362
2,2,1,1,1,8,True,900900,193.85652000000005,4.545454545454545
2,2,1,0,10,0,False,90090,167.31000000000003,5.0
2,2,1,0,9,1,False,810810,200.77200000000005,4.0
2,2,1,0,8,2,False,3243240,234.23400000000004,4.0
2,2,1,0,7,3,False,7567560,267.696,3.0
2,2,1,0,6,4,False,11351340,301.1580000000001,3.0
2,2,1,0,5,5,False,11351340,334.62000000000006,3.0
2,2,1,0,4,6,False,7567560,316.7736,3.0
2,2,1,0,3,7,False,3243240,285.5424000000001,3.0
2,2,1,0,2,8,False,810810,240.92640000000006,4.0
2,2,1,0,1,9,False,90090,182.92560000000003,5.0
2,2,0,11,0,0,False,8190,212.94000000000003,3.8095238095238093
2,2,0,10,1,0,False,90090,223.08000000000004,3.5
2,2,0,9,2,0,False,450450,231.192,3.68421052631579
2,2,0,9,1,1,False,450450,223.48560000000003,3.68421052631579
2,2,0,8,3,0,False,1351350,237.27600000000004,3.333333333333333
2,2,0,8,2,1,False,2702700,240.92640000000003,3.333333333333333
2,2,0,8,1,2,False,1351350,222.6744,3.333333333333333
2,2,0,7,4,0,False,2702700,241.33200000000005,3.529411764705882
2,2,0,7,3,1,False,8108100,255.12240000000003,2.941176470588235
2,2,0,7,2,2,False,8108100,248.2272,3.529411764705882
2,2,0,7,1,3,False,2702700,220.64640000000003,3.529411764705882
2,2,0,6,5,0,False,3783780,243.36,3.125
2,2,0,6,4,1,False,15135120,266.07360000000006,3.125
2,2,0,6,3,2,False,22702680,269.31840000000005,3.125
2,2,0,6,2,3,False,15135120,253.09440000000006,3.125
2,2,0,6,1,4,False,3783780,217.40160000000003,3.75
2,2,0,5,6,0,False,3783780,228.14999999999998,3.3333333333333335
2,2,0,5,5,1,False,18918900,273.78000000000003,3.3333333333333335
2,2,0,5,4,2,False,37837800,285.94800000000004,2.6666666666666665
2,2,0,5,3,3,False,37837800,279.86400000000003,2.6666666666666665
2,2,0,5,2,4,False,18918900,255.52800000000005,3.3333333333333335
2,2,0,5,1,5,False,3783780,212.94,4.0
2,2,0,4,7,0,False,2702700,212.93999999999997,3.5714285714285716
2,2,0,4,6,1,False,16216200,255.528,3.5714285714285716
2,2,0,4,5,2,False,40540500,298.11600000000004,2.857142857142857
2,2,0,4,4,3,False,54054000,300.95520000000005,2.857142857142857
2,2,0,4,3,4,False,40540500,286.7592000000001,2.857142857142857
2,2,0,4,2,5,False,16216200,255.528,3.5714285714285716
2,2,0,4,1,6,False,2702700,207.26160000000002,3.5714285714285716
2,2,0,3,8,0,False,1351350,197.73,3.846153846153846
2,2,0,3,7,1,False,9459450,237.276,3.846153846153846
2,2,0,3,6,2,False,28378350,276.82200000000006,3.0769230769230766
2,2,0,3,5,3,False,47297250,316.36800000000005,3.0769230769230766
2,2,0,3,4,4,False,47297250,311.0952000000001,3.0769230769230766
2,2,0,3,3,5,False,28378350,290.0040000000001,3.0769230769230766
2,2,0,3,2,6,False,9459450,253.0944,3.0769230769230766
2,2,0,3,1,7,False,1351350,200.36640000000003,3.846153846153846
2,2,0,2,9,0,False,450450,182.51999999999998,4.166666666666667
2,2,0,2,8,1,False,3603600,219.024,4.166666666666667
2,2,0,2,7,2,False,12612600,255.52800000000002,3.3333333333333335
2,2,0,2,6,3,False,25225200,292.032,3.3333333333333335
2,2,0,2,5,4,False,31531500,328.536,2.5
2,2,0,2,4,5,False,25225200,316.36800000000005,2.5
2,2,0,2,3,6,False,12612600,289.59839999999997,3.3333333333333335
2,2,0,2,2,7,False,3603600,248.22719999999998,3.3333333333333335
2,2,0,2,1,8,False,450450,192.2544,4.166666666666667
2,2,0,1,10,0,False,90090,167.31,4.545454545454545
2,2,0,1,9,1,False,810810,200.77200000000002,4.545454545454545
2,2,0,1,8,2,False,3243240,234.23400000000004,3.6363636363636362
2,2,0,1,7,3,False,7567560,267.696,3.6363636363636362
2,2,0,1,6,4,False,11351340,301.1580000000001,2.727272727272727
2,2,0,1,5,5,False,11351340,334.62,2.727272727272727
2,2,0,1,4,6,False,7567560,316.77360000000004,2.727272727272727
2,2,0,1,3,7,False,3243240,285.5424000000001,2.727272727272727
2,2,0,1,2,8,False,810810,240.92640000000006,3.6363636363636362
2,2,0,1,1,9,False,90090,182.9256,4.545454545454545
2,2,0,0,11,0,False,8190,152.1,5.0
2,2,0,0,10,1,False,81900,182.52,5.0
2,2,0,0,9,2,False,368550,212.94000000000003,4.0
2,2,0,0,8,3,False,982800,243.36,4.0
2,2,0,0,7,4,False,1719900,273.78000000000003,3.0
2,2,0,0,6,5,False,2063880,304.2,3.0
2,2,0,0,5,6,False,1719900,334.62,3.0
2,2,0,0,4,7,False,982800,312.312,3.0
2,2,0,0,3,8,False,368550,277.836,3.0
2,2,0,0,2,9,False,81900,231.19199999999998,4.0
2,2,0,0,1,10,False,8190,172.38000000000002,5.0
2,1,12,0,0,0,False,1365,217.14000000000001,4.0
2,1,11,1,0,0,False,16380,227.99700000000007,3.6363636363636362
2,1,11,0,1,0,False,16380,227.99700000000007,4.0
2,1,10,2,0,0,False,90090,236.88,3.3333333333333335
2,1,10,1,1,0,False,180180,238.85400000000004,3.6363636363636362
2,1,10,0,2,0,False,90090,236.88,4.0
2,1,10,0,1,1,False,90090,228.98400000000004,4.0
2,1,9,3,0,0,False,300300,243.78900000000002,3.0769230769230766
2,1,9,2,1,0,False,900900,247.5396,3.3333333333333335
2,1,9,1,2,0,False,900900,247.53959999999998,3.6363636363636362
2,1,9,1,1,1,True,900900,239.28828000000007,3.6363636363636362
2,1,9,0,3,0,False,300300,243.789,4.0
2,1,9,0,2,1,False,600600,247.53960000000004,3.0
2,1,9,0,1,2,False,300300,228.78660000000002,4.0
2,1,8,4,0,0,False,675675,248.72400000000002,3.5714285714285716
2,1,8,3,1,0,False,2702700,254.05380000000008,3.0769230769230766
2,1,8,2,2,0,False,4054050,255.8304,3.3333333333333335
2,1,8,2,1,1,True,4054050,247.30272000000002,3.3333333333333335
2,1,8,1,3,0,False,2702700,254.05380000000008,3.6363636363636362
2,1,8,1,2,1,True,5405400,257.96232000000003,3.6363636363636362
2,1,8,1,1,2,True,2702700,238.41972000000007,3.6363636363636362
2,1,8,0,4,0,False,675675,248.72400000000005,3.0
2,1,8,0,3,1,False,2027025,262.93680000000006,3.0
2,1,8,0,2,2,False,2027025,255.83040000000003,3.0
2,1,8,0,1,3,False,675675,227.40480000000002,4.0
2,1,7,5,0,0,False,1081080,251.68500000000003,3.3333333333333335
2,1,7,4,1,0,False,5405400,258.39660000000003,2.857142857142857
2,1,7,3,2,0,False,10810800,261.7524,3.0769230769230766
2,1,7,3,1,1,True,10810800,253.02732000000006,3.0769230769230766
2,1,7,2,3,0,False,10810800,261.7524,3.3333333333333335
2,1,7,2,2,1,True,21621600,265.77936000000005,3.3333333333333335
2,1,7,2,1,2,True,10810800,245.64455999999998,3.3333333333333335
2,1,7,1,4,0,False,5405400,258.39660000000003,3.6363636363636362
2,1,7,1,3,1,True,16216200,273.16212,2.727272727272727
2,1,7,1,2,2,True,16216200,265.77936000000005,3.6363636363636362
2,1,7,1,1,3,True,5405400,236.24832000000004,3.6363636363636362
2,1,7,0,5,0,False,1081080,251.68500000000006,3.0
2,1,7,0,4,1,False,4324320,275.17560000000003,3.0
2,1,7,0,3,2,False,6486480,278.5314,3.0
2,1,7,0,2,3,False,4324320,261.7524,3.0
2,1,7,0,1,4,False,1081080,224.83860000000004,4.0
2,1,6,6,0,0,False,1261260,252.67200000000003,3.125
2,1,6,5,1,0,False,7567560,260.56800000000004,3.3333333333333335
2,1,6,4,2,0,False,18918900,265.3056,2.857142857142857
2,1,6,4,1,1,True,18918900,256.46208000000007,3.5714285714285716
2,1,6,3,3,0,False,25225200,266.88480000000004,3.0769230769230766
2,1,6,3,2,1,True,50450400,270.99072000000007,3.0769230769230766
2,1,6,3,1,2,True,25225200,250.46112000000002,3.0769230769230766
2,1,6,2,4,0,False,18918900,265.3056,3.3333333333333335
2,1,6,2,3,1,True,56756700,280.46592,3.3333333333333335
2,1,6,2,2,2,True,56756700,272.88576,3.3333333333333335
2,1,6,2,1,3,True,18918900,242.56512,3.3333333333333335
2,1,6,1,5,0,False,7567560,260.56800000000004,3.6363636363636362
2,1,6,1,4,1,True,30270240,284.88768000000005,2.727272727272727
2,1,6,1,3,2,True,45405360,288.3619200000001,2.727272727272727
2,1,6,1,2,3,True,30270240,270.99072000000007,2.727272727272727
2,1,6,1,1,4,True,7567560,232.77408000000005,3.6363636363636362
2,1,6,0,6,0,False,1261260,236.88000000000002,4.0
2,1,6,0,5,1,False,6306300,284.25600000000003,3.0
2,1,6,0,4,2,False,12612600,296.88960000000003,3.0
2,1,6,0,3,3,False,12612600,290.57280000000003,3.0
2,1,6,0,2,4,False,6306300,265.3056000000001,3.0
2,1,6,0,1,5,False,1261260,221.08800000000002,4.0
2,1,5,7,0,0,False,1081080,251.68500000000006,2.941176470588235
2,1,5,6,1,0,False,7567560,260.56800000000004,3.125
2,1,5,5,2,0,False,22702680,266.49,3.3333333333333335
2,1,5,5,1,1,True,22702680,257.607,3.3333333333333335
2,1,5,4,3,0,False,37837800,269.451,2.857142857142857
2,1,5,4,2,1,True,75675600,273.5964,2.857142857142857
2,1,5,4,1,2,True,37837800,252.86939999999998,3.5714285714285716
2,1,5,3,4,0,False,37837800,269.45099999999996,3.0769230769230766
2,1,5,3,3,1,True,113513400,284.8482,3.0769230769230766
2,1,5,3,2,2,True,113513400,277.1496,3.0769230769230766
2,1,5,3,1,3,True,37837800,246.35520000000002,3.0769230769230766
2,1,5,2,5,0,False,22702680,266.49,3.3333333333333335
2,1,5,2,4,1,True,90810720,291.36240000000004,3.3333333333333335
2,1,5,2,3,2,True,136216080,294.91560000000004,3.3333333333333335
2,1,5,2,2,3,True,90810720,277.14959999999996,3.3333333333333335
2,1,5,2,1,4,True,22702680,238.06440000000003,3.3333333333333335
2,1,5,1,6,0,False,7567560,244.28250000000003,3.6363636363636362
2,1,5,1,5,1,True,37837800,293.139,2.727272727272727
2,1,5,1,4,2,True,75675600,306.16740000000004,2.727272727272727
2,1,5,1,3,3,True,75675600,299.6532000000001,2.727272727272727
2,1,5,1,2,4,True,37837800,273.5964000000001,2.727272727272727
2,1,5,1,1,5,True,7567560,227.99699999999999,3.6363636363636362
2,1,5,0,7,0,False,1081080,222.07500000000002,4.0
2,1,5,0,6,1,False,6486480,266.49,3.0
2,1,5,0,5,2,False,16216200,310.90500000000003,3.0
2,1,5,0,4,3,False,21621600,313.86600000000004,3.0
2,1,5,0,3,4,False,16216200,299.0610000000001,3.0
2,1,5,0,2,5,False,6486480,266.49,3.0
2,1,5,0,1,6,False,1081080,216.153,4.0
2,1,4,8,0,0,False,675675,248.72400000000002,3.333333333333333
2,1,4,7,1,0,False,5405400,258.39660000000003,2.941176470588235
2,1,4,6,2,0,False,18918900,265.3056,3.125
2,1,4,6,1,1,True,18918900,256.46208000000007,3.125
2,1,4,5,3,0,False,37837800,269.451,3.3333333333333335
2,1,4,5,2,1,True,75675600,273.5964,3.3333333333333335
2,1,4,5,1,2,True,37837800,252.86939999999998,3.3333333333333335
2,1,4,4,4,0,False,47297250,270.83279999999996,2.857142857142857
2,1,4,4,3,1,True,141891750,286.30895999999996,2.857142857142857
2,1,4,4,2,2,True,141891750,278.57088,2.857142857142857
2,1,4,4,1,3,True,47297250,247.61856,3.5714285714285716
2,1,4,3,5,0,False,37837800,269.45099999999996,3.0769230769230766
2,1,4,3,4,1,True,151351200,294.59976,3.0769230769230766
2,1,4,3,3,2,True,227026800,298.19244000000003,3.0769230769230766
2,1,4,3,2,3,True,151351200,280.22904000000005,3.0769230769230766
2,1,4,3,1,4,True,37837800,240.70956,3.0769230769230766
2,1,4,2,6,0,False,18918900,248.72399999999996,3.3333333333333335
2,1,4,2,5,1,True,94594500,298.4688,2.5
2,1,4,2,4,2,True,189189000,311.73408,2.5
2,1,4,2,3,3,True,189189000,305.10144,2.5
2,1,4,2,2,4,True,94594500,278.57088,3.3333333333333335
2,1,4,2,1,5,True,18918900,232.14239999999998,3.3333333333333335
2,1,4,1,7,0,False,5405400,227.99699999999999,3.6363636363636362
2,1,4,1,6,1,True,32432400,273.5964,2.727272727272727
2,1,4,1,5,2,True,81081000,319.1958000000001,2.727272727272727
2,1,4,1,4,3,True,108108000,322.2357600000001,2.727272727272727
2,1,4,1,3,4,True,81081000,307.0359600000001,2.727272727272727
2,1,4,1,2,5,True,32432400,273.5964,2.727272727272727
2,1,4,1,1,6,True,5405400,221.91708,3.6363636363636362
2,1,4,0,8,0,False,675675,207.26999999999998,4.0
2,1,4,0,7,1,False,4729725,248.724,3.0
2,1,4,0,6,2,False,14189175,290.17800000000005,3.0
2,1,4,0,5,3,False,23648625,331.632,3.0
2,1,4,0,4,4,False,23648625,326.10480000000007,3.0
2,1,4,0,3,5,False,14189175,303.99600000000004,3.0
2,1,4,0,2,6,False,4729725,265.3056,3.0
2,1,4,0,1,7,False,675675,210.03359999999998,4.0
2,1,3,9,0,0,False,300300,243.78900000000004,3.1578947368421053
2,1,3,8,1,0,False,2702700,254.05380000000008,3.333333333333333
2,1,3,7,2,0,False,10810800,261.7524,2.941176470588235
2,1,3,7,1,1,True,10810800,253.02732000000012,2.941176470588235
2,1,3,6,3,0,False,25225200,266.88480000000004,3.125
2,1,3,6,2,1,True,50450400,270.99072000000007,3.125
2,1,3,6,1,2,True,25225200,250.46112000000005,3.125
2,1,3,5,4,0,False,37837800,269.451,3.3333333333333335
2,1,3,5,3,1,True,113513400,284.8482000000001,2.6666666666666665
2,1,3,5,2,2,True,113513400,277.1496000000001,2.6666666666666665
2,1,3,5,1,3,True,37837800,246.35520000000002,3.3333333333333335
2,1,3,4,5,0,False,37837800,269.451,2.857142857142857
2,1,3,4,4,1,True,151351200,294.59976000000006,2.857142857142857
2,1,3,4,3,2,True,227026800,298.19244000000003,2.857142857142857
2,1,3,4,2,3,True,151351200,280.22904,2.857142857142857
2,1,3,4,1,4,True,37837800,240.70956000000004,3.5714285714285716
2,1,3,3,6,0,False,25225200,250.20450000000005,3.0769230769230766
2,1,3,3,5,1,True,126126000,300.2454000000001,3.0769230769230766
2,1,3,3,4,2,True,252252000,313.5896400000001,3.0769230769230766
2,1,3,3,3,3,True,252252000,306.9175200000001,3.0769230769230766
2,1,3,3,2,4,True,126126000,280.2290400000001,3.0769230769230766
2,1,3,3,1,5,True,25225200,233.52420000000004,3.846153846153846
2,1,3,2,7,0,False,10810800,230.95800000000003,3.3333333333333335
2,1,3,2,6,1,True,64864800,277.1496000000001,3.3333333333333335
2,1,3,2,5,2,True,162162000,323.3412,2.5
2,1,3,2,4,3,True,216216000,326.42064000000005,2.5
2,1,3,2,3,4,True,162162000,311.0234400000001,2.5
2,1,3,2,2,5,True,64864800,277.1496000000001,3.3333333333333335
2,1,3,2,1,6,True,10810800,224.79912000000004,3.3333333333333335
2,1,3,1,8,0,False,2702700,211.71150000000006,3.6363636363636362
2,1,3,1,7,1,True,18918900,254.05380000000008,3.6363636363636362
2,1,3,1,6,2,True,56756700,296.39610000000005,2.727272727272727
2,1,3,1,5,3,True,94594500,338.73840000000007,2.727272727272727
2,1,3,1,4,4,True,94594500,333.09276000000017,2.727272727272727
2,1,3,1,3,5,True,56756700,310.5102000000001,2.727272727272727
2,1,3,1,2,6,True,18918900,270.99072000000007,2.727272727272727
2,1,3,1,1,7,True,2702700,214.53432000000004,3.6363636363636362
2,1,3,0,9,0,False,300300,192.46500000000003,4.0
2,1,3,0,8,1,False,2402400,230.95800000000006,4.0
2,1,3,0,7,2,False,8408400,269.451,3.0
2,1,3,0,6,3,False,16816800,307.944,3.0
2,1,3,0,5,4,False,21021000,346.4370000000001,3.0
2,1,3,0,4,5,False,16816800,333.60600000000005,3.0
2,1,3,0,3,6,False,8408400,305.37780000000004,3.0
2,1,3,0,2,7,False,2402400,261.7524,3.0
2,1,3,0,1,8,False,300300,202.72980000000004,4.0
2,1,2,10,0,0,False,90090,236.88,3.5
2,1,2,9,1,0,False,900900,247.53959999999998,3.1578947368421053
2,1,2,8,2,0,False,4054050,255.83039999999997,3.333333333333333
2,1,2,8,1,1,True,4054050,247.30272,3.333333333333333
2,1,2,7,3,0,False,10810800,261.75239999999997,2.941176470588235
2,1,2,7,2,1,True,21621600,265.77936000000005,2.941176470588235
2,1,2,7,1,2,True,10810800,245.64455999999998,3.529411764705882
2,1,2,6,4,0,False,18918900,265.30559999999997,3.125
2,1,2,6,3,1,True,56756700,280.46592000000004,3.125
2,1,2,6,2,2,True,56756700,272.88576,3.125
2,1,2,6,1,3,True,18918900,242.56511999999998,3.125
2,1,2,5,5,0,False,22702680,266.49,3.3333333333333335
2,1,2,5,4,1,True,90810720,291.3624,2.6666666666666665
2,1,2,5,3,2,True,136216080,294.91560000000004,2.6666666666666665
2,1,2,5,2,3,True,90810720,277.14959999999996,2.6666666666666665
2,1,2,5,1,4,True,22702680,238.06440000000003,3.3333333333333335
2,1,2,4,6,0,False,18918900,248.724,3.5714285714285716
2,1,2,4,5,1,True,94594500,298.46879999999993,2.857142857142857
2,1,2,4,4,2,True,189189000,311.73408,2.857142857142857
2,1,2,4,3,3,True,189189000,305.10143999999997,2.857142857142857
2,1,2,4,2,4,True,94594500,278.57088,2.857142857142857
2,1,2,4,1,5,True,18918900,232.14239999999995,3.5714285714285716
2,1,2,3,7,0,False,10810800,230.958,3.846153846153846
2,1,2,3,6,1,True,64864800,277.14959999999996,3.0769230769230766
2,1,2,3,5,2,True,162162000,323.3412,2.3076923076923075
2,1,2,3,4,3,True,216216000,326.42064000000005,2.3076923076923075
2,1,2,3,3,4,True,162162000,311.02344000000005,3.0769230769230766
2,1,2,3,2,5,True,64864800,277.14959999999996,3.0769230769230766
2,1,2,3,1,6,True,10810800,224.79912,3.846153846153846
2,1,2,2,8,0,False,4054050,213.19199999999998,4.166666666666667
2,1,2,2,7,1,True,28378350,255.83039999999997,3.3333333333333335
2,1,2,2,6,2,True,85135050,298.4688,2.5
2,1,2,2,5,3,True,141891750,341.1072,2.5
2,1,2,2,4,4,True,141891750,335.42208000000005,2.5
2,1,2,2,3,5,True,85135050,312.68159999999995,2.5
2,1,2,2,2,6,True,28378350,272.88576,3.3333333333333335
2,1,2,2,1,7,True,4054050,216.03455999999997,4.166666666666667
2,1,2,1,9,0,False,900900,195.42600000000002,4.545454545454545
2,1,2,1,8,1,True,7207200,234.5112,3.6363636363636362
2,1,2,1,7,2,True,25225200,273.5964,2.727272727272727
2,1,2,1,6,3,True,50450400,312.6816,2.727272727272727
2,1,2,1,5,4,True,63063000,351.76680000000005,2.727272727272727
2,1,2,1,4,5,True,50450400,338.73839999999996,2.727272727272727
2,1,2,1,3,6,True,25225200,310.07592,2.727272727272727
2,1,2,1,2,7,True,7207200,265.77936000000005,3.6363636363636362
2,1,2,1,1,8,True,900900,205.84872000000001,3.6363636363636362
2,1,2,0,10,0,False,90090,177.66,5.0
2,1,2,0,9,1,False,810810,213.19199999999998,4.0
2,1,2,0,8,2,False,3243240,248.724,3.0
2,1,2,0,7,3,False,7567560,284.256,3.0
2,1,2,0,6,4,False,11351340,319.788,3.0
2,1,2,0,5,5,False,11351340,355.32,3.0
2,1,2,0,4,6,False,7567560,336.3696,3.0
2,1,2,0,3,7,False,3243240,303.20640000000003,3.0
2,1,2,0,2,8,False,810810,255.83040000000003,3.0
2,1,2,0,1,9,False,90090,194.24159999999998,4.0
2,1,1,11,0,0,False,16380,227.997,3.333333333333333
2,1,1,10,1,0,False,180180,238.85400000000004,3.5
2,1,1,9,2,0,False,900900,247.53959999999998,3.1578947368421053
2,1,1,9,1,1,True,900900,239.28828000000007,3.1578947368421053
2,1,1,8,3,0,False,2702700,254.05380000000005,3.333333333333333
2,1,1,8,2,1,True,5405400,257.96232,3.333333333333333
2,1,1,8,1,2,True,2702700,238.41972000000004,3.333333333333333
2,1,1,7,4,0,False,5405400,258.39660000000003,2.941176470588235
2,1,1,7,3,1,True,16216200,273.1621200000001,2.941176470588235
2,1,1,7,2,2,True,16216200,265.77936000000005,2.941176470588235
2,1,1,7,1,3,True,5405400,236.24832000000004,3.529411764705882
2,1,1,6,5,0,False,7567560,260.56800000000004,3.125
2,1,1,6,4,1,True,30270240,284.88768000000005,3.125
2,1,1,6,3,2,True,45405360,288.36192000000005,3.125
2,1,1,6,2,3,True,30270240,270.99072000000007,3.125
2,1,1,6,1,4,True,7567560,232.77408000000005,3.75
2,1,1,5,6,0,False,7567560,244.28250000000003,3.3333333333333335
2,1,1,5,5,1,True,37837800,293.13900000000007,2.6666666666666665
2,1,1,5,4,2,True,75675600,306.16740000000004,2.6666666666666665
2,1,1,5,3,3,True,75675600,299.6532,2.6666666666666665
2,1,1,5,2,4,True,37837800,273.5964000000001,3.3333333333333335
2,1,1,5,1,5,True,7567560,227.997,3.3333333333333335
2,1,1,4,7,0,False,5405400,227.997,3.5714285714285716
2,1,1,4,6,1,True,32432400,273.5964,2.857142857142857
2,1,1,4,5,2,True,81081000,319.1958,2.857142857142857
2,1,1,4,4,3,True,108108000,322.23576,2.857142857142857
2,1,1,4,3,4,True,81081000,307.03596000000005,2.857142857142857
2,1,1,4,2,5,True,32432400,273.5964,2.857142857142857
2,1,1,4,1,6,True,5405400,221.91708,3.5714285714285716
2,1,1,3,8,0,False,2702700,211.71150000000003,3.846153846153846
2,1,1,3,7,1,True,18918900,254.05380000000008,3.0769230769230766
2,1,1,3,6,2,True,56756700,296.39610000000005,3.0769230769230766
2,1,1,3,5,3,True,94594500,338.7384,2.3076923076923075
2,1,1,3,4,4,True,94594500,333.09276000000006,2.3076923076923075
2,1,1,3,3,5,True,56756700,310.51020000000005,3.0769230769230766
2,1,1,3,2,6,True,18918900,270.99072,3.0769230769230766
2,1,1,3,1,7,True,2702700,214.53432000000004,3.846153846153846
2,1,1,2,9,0,False,900900,195.42600000000002,4.166666666666667
2,1,1,2,8,1,True,7207200,234.51120000000003,3.3333333333333335
2,1,1,2,7,2,True,25225200,273.5964,3.3333333333333335
2,1,1,2,6,3,True,50450400,312.68159999999995,2.5
2,1,1,2,5,4,True,63063000,351.76680000000005,2.5
2,1,1,2,4,5,True,50450400,338.7384,2.5
2,1,1,2,3,6,True,25225200,310.07591999999994,2.5
2,1,1,2,2,7,True,7207200,265.77936,3.3333333333333335
2,1,1,2,1,8,True,900900,205.84872000000004,4.166666666666667
2,1,1,1,10,0,False,180180,179.14050000000003,4.545454545454545
2,1,1,1,9,1,True,1621620,214.96860000000007,3.6363636363636362
2,1,1,1,8,2,True,6486480,250.79670000000007,3.6363636363636362
2,1,1,1,7,3,True,15135120,286.6248,2.727272727272727
2,1,1,1,6,4,True,22702680,322.4529000000001,2.727272727272727
2,1,1,1,5,5,True,22702680,358.28100000000006,2.727272727272727
2,1,1,1,4,6,True,15135120,339.17268,2.727272727272727
2,1,1,1,3,7,True,6486480,305.7331200000001,2.727272727272727
2,1,1,1,2,8,True,1621620,257.96232000000003,3.6363636363636362
2,1,1,1,1,9,True,180180,195.86028000000002,4.545454545454545
2,1,1,0,11,0,False,16380,162.85500000000002,5.0
2,1,1,0,10,1,False,163800,195.42600000000004,4.0
2,1,1,0,9,2,False,737100,227.99700000000004,4.0
2,1,1,0,8,3,False,1965600,260.568,3.0
2,1,1,0,7,4,False,3439800,293.13900000000007,3.0
2,1,1,0,6,5,False,4127760,325.71000000000004,3.0
2,1,1,0,5,6,False,3439800,358.281,3.0
2,1,1,0,4,7,False,1965600,334.39560000000006,3.0
2,1,1,0,3,8,False,737100,297.4818,3.0
2,1,1,0,2,9,False,163800,247.53959999999998,3.0
2,1,1,0,1,10,False,16380,184.56900000000005,4.0
2,1,0,12,0,0,False,1365,217.14000000000001,3.6363636363636362
2,1,0,11,1,0,False,16380,227.997,3.333333333333333
2,1,0,10,2,0,False,90090,236.88,3.5
2,1,0,10,1,1,False,90090,228.98400000000004,3.5
2,1,0,9,3,0,False,300300,243.78900000000004,3.1578947368421053
2,1,0,9,2,1,False,600600,247.53960000000004,3.1578947368421053
2,1,0,9,1,2,False,300300,228.78659999999996,3.68421052631579
2,1,0,8,4,0,False,675675,248.72400000000002,3.333333333333333
2,1,0,8,3,1,False,2027025,262.9368,3.333333333333333
2,1,0,8,2,2,False,2027025,255.83040000000003,3.333333333333333
2,1,0,8,1,3,False,675675,227.40480000000002,3.333333333333333
2,1,0,7,5,0,False,1081080,251.68500000000006,2.941176470588235
2,1,0,7,4,1,False,4324320,275.1756000000001,2.941176470588235
2,1,0,7,3,2,False,6486480,278.5314000000001,2.941176470588235
2,1,0,7,2,3,False,4324320,261.7524,2.941176470588235
2,1,0,7,1,4,False,1081080,224.83860000000004,3.529411764705882
2,1,0,6,6,0,False,1261260,236.88000000000002,3.125
2,1,0,6,5,1,False,6306300,284.25600000000003,3.125
2,1,0,6,4,2,False,12612600,296.8896000000001,2.5
2,1,0,6,3,3,False,12612600,290.5728000000001,3.125
2,1,0,6,2,4,False,6306300,265.3056000000001,3.125
2,1,0,6,1,5,False,1261260,221.08800000000002,3.75
2,1,0,5,7,0,False,1081080,222.07500000000002,3.3333333333333335
2,1,0,5,6,1,False,6486480,266.49,3.3333333333333335
2,1,0,5,5,2,False,16216200,310.9050000000001,2.6666666666666665
2,1,0,5,4,3,False,21621600,313.86600000000004,2.6666666666666665
2,1,0,5,3,4,False,16216200,299.0610000000001,2.6666666666666665
2,1,0,5,2,5,False,6486480,266.49,3.3333333333333335
2,1,0,5,1,6,False,1081080,216.15300000000002,4.0
2,1,0,4,8,0,False,675675,207.27,3.5714285714285716
2,1,0,4,7,1,False,4729725,248.72400000000002,3.5714285714285716
2,1,0,4,6,2,False,14189175,290.17800000000005,2.857142857142857
2,1,0,4,5,3,False,23648625,331.63199999999995,2.857142857142857
2,1,0,4,4,4,False,23648625,326.1048,2.857142857142857
2,1,0,4,3,5,False,14189175,303.996,2.857142857142857
2,1,0,4,2,6,False,4729725,265.3056,2.857142857142857
2,1,0,4,1,7,False,675675,210.03359999999998,3.5714285714285716
2,1,0,3,9,0,False,300300,192.46500000000003,3.846153846153846
2,1,0,3,8,1,False,2402400,230.95800000000003,3.846153846153846
2,1,0,3,7,2,False,8408400,269.4510000000001,3.0769230769230766
2,1,0,3,6,3,False,16816800,307.944,3.0769230769230766
2,1,0,3,5,4,False,21021000,346.437,2.3076923076923075
2,1,0,3,4,5,False,16816800,333.6060000000001,2.3076923076923075
2,1,0,3,3,6,False,8408400,305.37780000000004,3.0769230769230766
2,1,0,3,2,7,False,2402400,261.7524,3.0769230769230766
2,1,0,3,1,8,False,300300,202.72980000000004,3.846153846153846
2,1,0,2,10,0,False,90090,177.66,4.166666666666667
2,1,0,2,9,1,False,810810,213.19200000000004,4.166666666666667
2,1,0,2,8,2,False,3243240,248.72400000000005,3.3333333333333335
2,1,0,2,7,3,False,7567560,284.256,3.3333333333333335
2,1,0,2,6,4,False,11351340,319.788,2.5
2,1,0,2,5,5,False,11351340,355.32,2.5
2,1,0,2,4,6,False,7567560,336.3696,2.5
2,1,0,2,3,7,False,3243240,303.2064000000001,2.5
2,1,0,2,2,8,False,810810,255.8304,3.3333333333333335
2,1,0,2,1,9,False,90090,194.24159999999998,4.166666666666667
2,1,0,1,11,0,False,16380,162.85500000000002,4.545454545454545
2,1,0,1,10,1,False,163800,195.42600000000004,4.545454545454545
2,1,0,1,9,2,False,737100,227.99700000000007,3.6363636363636362
2,1,0,1,8,3,False,1965600,260.56800000000004,3.6363636363636362
2,1,0,1,7,4,False,3439800,293.139,2.727272727272727
2,1,0,1,6,5,False,4127760,325.71000000000004,2.727272727272727
2,1,0,1,5,6,False,3439800,358.28100000000006,2.727272727272727
2,1,0,1,4,7,False,1965600,334.39560000000006,2.727272727272727
2,1,0,1,3,8,False,737100,297.4818000000001,2.727272727272727
2,1,0,1,2,9,False,163800,247.53959999999998,3.6363636363636362
2,1,0,1,1,10,False,16380,184.56900000000005,4.545454545454545
2,1,0,0,12,0,False,1365,148.05,5.0
2,1,0,0,11,1,False,15015,177.66000000000003,5.0
2,1,0,0,10,2,False,75075,207.27000000000004,4.0
2,1,0,0,9,3,False,225225,236.88,4.0
2,1,0,0,8,4,False,450450,266.49,3.0
2,1,0,0,7,5,False,630630,296.1,3.0
2,1,0,0,6,6,False,630630,325.71000000000004,3.0
2,1,0,0,5,7,False,450450,355.32000000000005,3.0
2,1,0,0,4,8,False,225225,327.68399999999997,3.0
2,1,0,0,3,9,False,75075,288.204,3.0
2,1,0,0,2,10,False,15015,236.88000000000002,4.0
2,1,0,0,1,11,False,1365,173.71200000000002,5.0
2,0,13,0,0,0,False,105,220.8,4.0
2,0,12,1,0,0,False,1365,232.32000000000005,3.6363636363636362
2,0,12,0,1,0,False,1365,232.32000000000005,4.0
2,0,11,2,0,0,False,8190,241.92000000000002,3.3333333333333335
2,0,11,1,1,0,False,16380,243.93600000000006,3.6363636363636362
2,0,11,0,2,0,False,8190,241.92,4.0
2,0,11,0,1,1,False,8190,233.85600000000005,4.0
2,0,10,3,0,0,False,30030,249.60000000000002,3.0769230769230766
2,0,10,2,1,0,False,90090,253.44,3.3333333333333335
2,0,10,1,2,0,False,90090,253.44000000000003,3.6363636363636362
2,0,10,1,1,1,False,90090,244.99200000000005,3.6363636363636362
2,0,10,0,3,0,False,30030,249.60000000000002,3.0
2,0,10,0,2,1,False,60060,253.44000000000003,3.0
2,0,10,0,1,2,False,30030,234.24,4.0
2,0,9,4,0,0,False,75075,255.35999999999999,3.5714285714285716
2,0,9,3,1,0,False,300300,260.83200000000005,3.0769230769230766
2,0,9,2,2,0,False,450450,262.656,3.3333333333333335
2,0,9,2,1,1,False,450450,253.90080000000003,3.3333333333333335
2,0,9,1,3,0,False,300300,260.83200000000005,3.6363636363636362
2,0,9,1,2,1,False,600600,264.8448000000001,3.6363636363636362
2,0,9,1,1,2,False,300300,244.7808,3.6363636363636362
2,0,9,0,4,0,False,75075,255.36,3.0
2,0,9,0,3,1,False,225225,269.952,3.0
2,0,9,0,2,2,False,225225,262.656,3.0
2,0,9,0,1,3,False,75075,233.47200000000004,4.0
2,0,8,5,0,0,False,135135,259.20000000000005,3.3333333333333335
2,0,8,4,1,0,False,675675,266.112,2.857142857142857
2,0,8,3,2,0,False,1351350,269.56800000000004,3.0769230769230766
2,0,8,3,1,1,False,1351350,260.58240000000006,3.0769230769230766
2,0,8,2,3,0,False,1351350,269.568,3.3333333333333335
2,0,8,2,2,1,False,2702700,273.7152,3.3333333333333335
2,0,8,2,1,2,False,1351350,252.9792,3.3333333333333335
2,0,8,1,4,0,False,675675,266.112,3.6363636363636362
2,0,8,1,3,1,False,2027025,281.31840000000005,2.727272727272727
2,0,8,1,2,2,False,2027025,273.71520000000004,2.727272727272727
2,0,8,1,1,3,False,675675,243.30240000000003,3.6363636363636362
2,0,8,0,5,0,False,135135,259.2,3.0
2,0,8,0,4,1,False,540540,283.392,3.0
2,0,8,0,3,2,False,810810,286.84800000000007,3.0
2,0,8,0,2,3,False,540540,269.56800000000004,3.0
2,0,8,0,1,4,False,135135,231.55200000000002,4.0
2,0,7,6,0,0,False,180180,261.12000000000006,3.125
2,0,7,5,1,0,False,1081080,269.2800000000001,3.3333333333333335
2,0,7,4,2,0,False,2702700,274.17600000000004,2.857142857142857
2,0,7,4,1,1,False,2702700,265.0368000000001,2.857142857142857
2,0,7,3,3,0,False,3603600,275.8080000000001,3.0769230769230766
2,0,7,3,2,1,False,7207200,280.05120000000005,3.0769230769230766
2,0,7,3,1,2,False,3603600,258.83520000000004,3.0769230769230766
2,0,7,2,4,0,False,2702700,274.176,3.3333333333333335
2,0,7,2,3,1,False,8108100,289.8432,3.3333333333333335
2,0,7,2,2,2,False,8108100,282.00960000000003,3.3333333333333335
2,0,7,2,1,3,False,2702700,250.67520000000007,3.3333333333333335
2,0,7,1,5,0,False,1081080,269.2800000000001,3.6363636363636362
2,0,7,1,4,1,False,4324320,294.4128000000001,2.727272727272727
2,0,7,1,3,2,False,6486480,298.0032000000001,2.727272727272727
2,0,7,1,2,3,False,4324320,280.0512000000001,2.727272727272727
2,0,7,1,1,4,False,1081080,240.5568000000001,3.6363636363636362
2,0,7,0,6,0,False,180180,244.80000000000007,4.0
2,0,7,0,5,1,False,900900,293.76000000000005,3.0
2,0,7,0,4,2,False,1801800,306.8160000000001,3.0
2,0,7,0,3,3,False,1801800,300.28800000000007,3.0
2,0,7,0,2,4,False,900900,274.1760000000001,3.0
2,0,7,0,1,5,False,180180,228.48000000000002,4.0
2,0,6,7,0,0,False,180180,261.12000000000006,2.941176470588235
2,0,6,6,1,0,False,1261260,270.33600000000007,3.125
2,0,6,5,2,0,False,3783780,276.48,3.3333333333333335
2,0,6,5,1,1,False,3783780,267.26400000000007,3.3333333333333335
2,0,6,4,3,0,False,6306300,279.552,2.857142857142857
2,0,6,4,2,1,False,12612600,283.8528,2.857142857142857
2,0,6,4,1,2,False,6306300,262.34880000000004,2.857142857142857
2,0,6,3,4,0,False,6306300,279.55199999999996,3.0769230769230766
2,0,6,3,3,1,False,18918900,295.52639999999997,3.0769230769230766
2,0,6,3,2,2,False,18918900,287.53920000000005,3.0769230769230766
2,0,6,3,1,3,False,6306300,255.59040000000002,3.0769230769230766
2,0,6,2,5,0,False,3783780,276.48,3.3333333333333335
2,0,6,2,4,1,False,15135120,302.28479999999996,2.5
2,0,6,2,3,2,False,22702680,305.9712,2.5
2,0,6,2,2,3,False,15135120,287.5392,3.3333333333333335
2,0,6,2,1,4,False,3783780,246.98880000000003,3.3333333333333335
2,0,6,1,6,0,False,1261260,253.44000000000003,3.6363636363636362
2,0,6,1,5,1,False,6306300,304.12800000000004,2.727272727272727
2,0,6,1,4,2,False,12612600,317.64480000000003,2.727272727272727
2,0,6,1,3,3,False,12612600,310.88640000000004,2.727272727272727
2,0,6,1,2,4,False,6306300,283.8528000000001,2.727272727272727
2,0,6,1,1,5,False,1261260,236.54399999999998,3.6363636363636362
2,0,6,0,7,0,False,180180,230.4,4.0
2,0,6,0,6,1,False,1081080,276.48,3.0
2,0,6,0,5,2,False,2702700,322.56000000000006,3.0
2,0,6,0,4,3,False,3603600,325.63200000000006,3.0
2,0,6,0,3,4,False,2702700,310.2720000000001,3.0
2,0,6,0,2,5,False,1081080,276.48,3.0
2,0,6,0,1,6,False,180180,224.256,4.0
2,0,5,8,0,0,False,135135,259.2,3.333333333333333
2,0,5,7,1,0,False,1081080,269.2800000000001,2.941176470588235
2,0,5,6,2,0,False,3783780,276.48,3.125
2,0,5,6,1,1,False,3783780,267.26400000000007,3.125
2,0,5,5,3,0,False,7567560,280.8,2.6666666666666665
2,0,5,5,2,1,False,15135120,285.12000000000006,2.6666666666666665
2,0,5,5,1,2,False,7567560,263.52,3.3333333333333335
2,0,5,4,4,0,False,9459450,282.23999999999995,2.857142857142857
2,0,5,4,3,1,False,28378350,298.368,2.857142857142857
2,0,5,4,2,2,False,28378350,290.304,2.857142857142857
2,0,5,4,1,3,False,9459450,258.048,3.5714285714285716
2,0,5,3,5,0,False,7567560,280.8,3.0769230769230766
2,0,5,3,4,1,False,30270240,307.0080000000001,3.0769230769230766
2,0,5,3,3,2,False,45405360,310.752,3.0769230769230766
2,0,5,3,2,3,False,30270240,292.03200000000004,3.0769230769230766
2,0,5,3,1,4,False,7567560,250.84800000000007,3.0769230769230766
2,0,5,2,6,0,False,3783780,259.2,3.3333333333333335
2,0,5,2,5,1,False,18918900,311.03999999999996,2.5
2,0,5,2,4,2,False,37837800,324.86400000000003,2.5
2,0,5,2,3,3,False,37837800,317.95199999999994,2.5
2,0,5,2,2,4,False,18918900,290.30400000000003,3.3333333333333335
2,0,5,2,1,5,False,3783780,241.92,3.3333333333333335
2,0,5,1,7,0,False,1081080,237.60000000000002,3.6363636363636362
2,0,5,1,6,1,False,6486480,285.12,2.727272727272727
2,0,5,1,5,2,False,16216200,332.64000000000004,2.727272727272727
2,0,5,1,4,3,False,21621600,335.80800000000005,2.727272727272727
2,0,5,1,3,4,False,16216200,319.9680000000001,2.727272727272727
2,0,5,1,2,5,False,6486480,285.12,2.727272727272727
2,0,5,1,1,6,False,1081080,231.26400000000004,3.6363636363636362
2,0,5,0,8,0,False,135135,216.0,4.0
2,0,5,0,7,1,False,945945,259.2,3.0
2,0,5,0,6,2,False,2837835,302.40000000000003,3.0
2,0,5,0,5,3,False,4729725,345.6,3.0
2,0,5,0,4,4,False,4729725,339.8400000000001,3.0
2,0,5,0,3,5,False,2837835,316.80000000000007,3.0
2,0,5,0,2,6,False,945945,276.47999999999996,3.0
2,0,5,0,1,7,False,135135,218.88000000000002,4.0
2,0,4,9,0,0,False,75075,255.35999999999999,3.1578947368421053
2,0,4,8,1,0,False,675675,266.112,2.7777777777777777
2,0,4,7,2,0,False,2702700,274.17600000000004,2.941176470588235
2,0,4,7,1,1,False,2702700,265.0368000000001,2.941176470588235
2,0,4,6,3,0,False,6306300,279.5520000000001,3.125
2,0,4,6,2,1,False,12612600,283.85280000000006,3.125
2,0,4,6,1,2,False,6306300,262.34880000000004,3.125
2,0,4,5,4,0,False,9459450,282.24,2.6666666666666665
2,0,4,5,3,1,False,28378350,298.368,2.6666666666666665
2,0,4,5,2,2,False,28378350,290.304,2.6666666666666665
2,0,4,5,1,3,False,9459450,258.048,3.3333333333333335
2,0,4,4,5,0,False,9459450,282.24,2.857142857142857
2,0,4,4,4,1,False,37837800,308.58240000000006,2.857142857142857
2,0,4,4,3,2,False,56756700,312.3456,2.857142857142857
2,0,4,4,2,3,False,37837800,293.52959999999996,2.857142857142857
2,0,4,4,1,4,False,9459450,252.1344,3.5714285714285716
2,0,4,3,6,0,False,6306300,262.08000000000004,3.0769230769230766
2,0,4,3,5,1,False,31531500,314.4960000000001,3.0769230769230766
2,0,4,3,4,2,False,63063000,328.47360000000003,2.3076923076923075
2,0,4,3,3,3,False,63063000,321.48480000000006,2.3076923076923075
2,0,4,3,2,4,False,31531500,293.5296000000001,3.0769230769230766
2,0,4,3,1,5,False,6306300,244.608,3.0769230769230766
2,0,4,2,7,0,False,2702700,241.92000000000002,3.3333333333333335
2,0,4,2,6,1,False,16216200,290.30400000000003,3.3333333333333335
2,0,4,2,5,2,False,40540500,338.688,2.5
2,0,4,2,4,3,False,54054000,341.91360000000003,2.5
2,0,4,2,3,4,False,40540500,325.78560000000004,2.5
2,0,4,2,2,5,False,16216200,290.30400000000003,3.3333333333333335
2,0,4,2,1,6,False,2702700,235.46880000000002,3.3333333333333335
2,0,4,1,8,0,False,675675,221.76000000000005,3.6363636363636362
2,0,4,1,7,1,False,4729725,266.1120000000001,3.6363636363636362
2,0,4,1,6,2,False,14189175,310.46400000000006,2.727272727272727
2,0,4,1,5,3,False,23648625,354.81600000000003,2.727272727272727
2,0,4,1,4,4,False,23648625,348.9024000000001,2.727272727272727
2,0,4,1,3,5,False,14189175,325.24800000000005,2.727272727272727
2,0,4,1,2,6,False,4729725,283.8528,2.727272727272727
2,0,4,1,1,7,False,675675,224.71680000000003,3.6363636363636362
2,0,4,0,9,0,False,75075,201.60000000000002,4.0
2,0,4,0,8,1,False,600600,241.92000000000004,4.0
2,0,4,0,7,2,False,2102100,282.24,3.0
2,0,4,0,6,3,False,4204200,322.56,3.0
2,0,4,0,5,4,False,5255250,362.88000000000005,3.0
2,0,4,0,4,5,False,4204200,349.44000000000005,3.0
2,0,4,0,3,6,False,2102100,319.872,3.0
2,0,4,0,2,7,False,600600,274.17600000000004,3.0
2,0,4,0,1,8,False,75075,212.352,4.0
2,0,3,10,0,0,False,30030,249.60000000000002,3.0
2,0,3,9,1,0,False,300300,260.83200000000005,3.1578947368421053
2,0,3,8,2,0,False,1351350,269.568,2.7777777777777777
2,0,3,8,1,1,False,1351350,260.58240000000006,3.333333333333333
2,0,3,7,3,0,False,3603600,275.80800000000005,2.941176470588235
2,0,3,7,2,1,False,7207200,280.05120000000005,2.941176470588235
2,0,3,7,1,2,False,3603600,258.83520000000004,2.941176470588235
2,0,3,6,4,0,False,6306300,279.552,3.125
2,0,3,6,3,1,False,18918900,295.5264,2.5
2,0,3,6,2,2,False,18918900,287.5392,3.125
2,0,3,6,1,3,False,6306300,255.59040000000005,3.125
2,0,3,5,5,0,False,7567560,280.8,2.6666666666666665
2,0,3,5,4,1,False,30270240,307.00800000000004,2.6666666666666665
2,0,3,5,3,2,False,45405360,310.75200000000007,2.6666666666666665
2,0,3,5,2,3,False,30270240,292.03200000000004,2.6666666666666665
2,0,3,5,1,4,False,7567560,250.84800000000004,3.3333333333333335
2,0,3,4,6,0,False,6306300,262.08,2.857142857142857
2,0,3,4,5,1,False,31531500,314.496,2.857142857142857
2,0,3,4,4,2,False,63063000,328.47360000000003,2.857142857142857
2,0,3,4,3,3,False,63063000,321.4848,2.857142857142857
2,0,3,4,2,4,False,31531500,293.5296,2.857142857142857
2,0,3,4,1,5,False,6306300,244.60799999999998,3.5714285714285716
2,0,3,3,7,0,False,3603600,243.36000000000004,3.0769230769230766
2,0,3,3,6,1,False,21621600,292.03200000000004,3.0769230769230766
2,0,3,3,5,2,False,54054000,340.70400000000006,2.3076923076923075
2,0,3,3,4,3,False,72072000,343.94880000000006,2.3076923076923075
2,0,3,3,3,4,False,54054000,327.7248000000001,2.3076923076923075
2,0,3,3,2,5,False,21621600,292.03200000000004,3.0769230769230766
2,0,3,3,1,6,False,3603600,236.87040000000002,3.846153846153846
2,0,3,2,8,0,False,1351350,224.64000000000001,3.3333333333333335
2,0,3,2,7,1,False,9459450,269.568,3.3333333333333335
2,0,3,2,6,2,False,28378350,314.49600000000004,2.5
2,0,3,2,5,3,False,47297250,359.424,2.5
2,0,3,2,4,4,False,47297250,353.4336,2.5
2,0,3,2,3,5,False,28378350,329.47200000000004,2.5
2,0,3,2,2,6,False,9459450,287.5392,3.3333333333333335
2,0,3,2,1,7,False,1351350,227.63520000000003,3.3333333333333335
2,0,3,1,9,0,False,300300,205.92000000000004,3.6363636363636362
2,0,3,1,8,1,False,2402400,247.10400000000004,3.6363636363636362
2,0,3,1,7,2,False,8408400,288.28800000000007,2.727272727272727
2,0,3,1,6,3,False,16816800,329.472,2.727272727272727
2,0,3,1,5,4,False,21021000,370.65600000000006,2.727272727272727
2,0,3,1,4,5,False,16816800,356.92800000000005,2.727272727272727
2,0,3,1,3,6,False,8408400,326.7264,2.727272727272727
2,0,3,1,2,7,False,2402400,280.05120000000005,2.727272727272727
2,0,3,1,1,8,False,300300,216.90240000000006,3.6363636363636362
2,0,3,0,10,0,False,30030,187.20000000000002,4.0
2,0,3,0,9,1,False,270270,224.64000000000001,4.0
2,0,3,0,8,2,False,1081080,262.08000000000004,3.0
2,0,3,0,7,3,False,2522520,299.52,3.0
2,0,3,0,6,4,False,3783780,336.96000000000004,3.0
2,0,3,0,5,5,False,3783780,374.40000000000003,2.0
2,0,3,0,4,6,False,2522520,354.432,3.0
2,0,3,0,3,7,False,1081080,319.48800000000006,3.0
2,0,3,0,2,8,False,270270,269.56800000000004,3.0
2,0,3,0,1,9,False,30030,204.672,4.0
2,0,2,11,0,0,False,8190,241.92000000000002,3.333333333333333
2,0,2,10,1,0,False,90090,253.44000000000003,3.0
2,0,2,9,2,0,False,450450,262.65599999999995,3.1578947368421053
2,0,2,9,1,1,False,450450,253.90080000000006,3.1578947368421053
2,0,2,8,3,0,False,1351350,269.56800000000004,2.7777777777777777
2,0,2,8,2,1,False,2702700,273.71520000000004,2.7777777777777777
2,0,2,8,1,2,False,1351350,252.97920000000002,3.333333333333333
2,0,2,7,4,0,False,2702700,274.17600000000004,2.941176470588235
2,0,2,7,3,1,False,8108100,289.8432,2.941176470588235
2,0,2,7,2,2,False,8108100,282.00960000000003,2.941176470588235
2,0,2,7,1,3,False,2702700,250.67520000000002,3.529411764705882
2,0,2,6,5,0,False,3783780,276.48,3.125
2,0,2,6,4,1,False,15135120,302.2848000000001,2.5
2,0,2,6,3,2,False,22702680,305.97120000000007,2.5
2,0,2,6,2,3,False,15135120,287.53920000000005,3.125
2,0,2,6,1,4,False,3783780,246.98880000000005,3.125
2,0,2,5,6,0,False,3783780,259.20000000000005,3.3333333333333335
2,0,2,5,5,1,False,18918900,311.04,2.6666666666666665
2,0,2,5,4,2,False,37837800,324.86400000000003,2.6666666666666665
2,0,2,5,3,3,False,37837800,317.95200000000006,2.6666666666666665
2,0,2,5,2,4,False,18918900,290.30400000000003,2.6666666666666665
2,0,2,5,1,5,False,3783780,241.92000000000002,3.3333333333333335
2,0,2,4,7,0,False,2702700,241.92,3.5714285714285716
2,0,2,4,6,1,False,16216200,290.304,2.857142857142857
2,0,2,4,5,2,False,40540500,338.68800000000005,2.857142857142857
2,0,2,4,4,3,False,54054000,341.91360000000003,2.857142857142857
2,0,2,4,3,4,False,40540500,325.78560000000004,2.857142857142857
2,0,2,4,2,5,False,16216200,290.304,2.857142857142857
2,0,2,4,1,6,False,2702700,235.4688,3.5714285714285716
2,0,2,3,8,0,False,1351350,224.64000000000001,3.846153846153846
2,0,2,3,7,1,False,9459450,269.56800000000004,3.0769230769230766
2,0,2,3,6,2,False,28378350,314.4960000000001,3.0769230769230766
2,0,2,3,5,3,False,47297250,359.424,2.3076923076923075
2,0,2,3,4,4,False,47297250,353.4336,2.3076923076923075
2,0,2,3,3,5,False,28378350,329.47200000000004,2.3076923076923075
2,0,2,3,2,6,False,9459450,287.53920000000005,3.0769230769230766
2,0,2,3,1,7,False,1351350,227.63520000000003,3.846153846153846
2,0,2,2,9,0,False,450450,207.36,4.166666666666667
2,0,2,2,8,1,False,3603600,248.832,3.3333333333333335
2,0,2,2,7,2,False,12612600,290.30400000000003,3.3333333333333335
2,0,2,2,6,3,False,25225200,331.77599999999995,2.5
2,0,2,2,5,4,False,31531500,373.248,2.5
2,0,2,2,4,5,False,25225200,359.42400000000004,2.5
2,0,2,2,3,6,False,12612600,329.0112,2.5
2,0,2,2,2,7,False,3603600,282.0096,3.3333333333333335
2,0,2,2,1,8,False,450450,218.41920000000002,4.166666666666667
2,0,2,1,10,0,False,90090,190.08000000000004,4.545454545454545
2,0,2,1,9,1,False,810810,228.09600000000003,3.6363636363636362
2,0,2,1,8,2,False,3243240,266.1120000000001,3.6363636363636362
2,0,2,1,7,3,False,7567560,304.128,2.727272727272727
2,0,2,1,6,4,False,11351340,342.14400000000006,2.727272727272727
2,0,2,1,5,5,False,11351340,380.1600000000001,2.727272727272727
2,0,2,1,4,6,False,7567560,359.88480000000004,2.727272727272727
2,0,2,1,3,7,False,3243240,324.40320000000014,2.727272727272727
2,0,2,1,2,8,False,810810,273.71520000000004,2.727272727272727
2,0,2,1,1,9,False,90090,207.82080000000002,3.6363636363636362
2,0,2,0,11,0,False,8190,172.8,5.0
2,0,2,0,10,1,False,81900,207.36,4.0
2,0,2,0,9,2,False,368550,241.92000000000004,4.0
2,0,2,0,8,3,False,982800,276.47999999999996,3.0
2,0,2,0,7,4,False,1719900,311.04,3.0
2,0,2,0,6,5,False,2063880,345.6,3.0
2,0,2,0,5,6,False,1719900,380.16,2.0
2,0,2,0,4,7,False,982800,354.81600000000003,3.0
2,0,2,0,3,8,False,368550,315.6480000000001,3.0
2,0,2,0,2,9,False,81900,262.656,3.0
2,0,2,0,1,10,False,8190,195.84000000000003,4.0
2,0,1,12,0,0,False,1365,232.32000000000005,3.1818181818181817
2,0,1,11,1,0,False,16380,243.93600000000006,3.333333333333333
2,0,1,10,2,0,False,90090,253.44000000000003,3.0
2,0,1,10,1,1,False,90090,244.99200000000002,3.5
2,0,1,9,3,0,False,300300,260.832,3.1578947368421053
2,0,1,9,2,1,False,600600,264.8448,3.1578947368421053
2,0,1,9,1,2,False,300300,244.78079999999997,3.1578947368421053
2,0,1,8,4,0,False,675675,266.112,2.7777777777777777
2,0,1,8,3,1,False,2027025,281.31840000000005,2.7777777777777777
2,0,1,8,2,2,False,2027025,273.7152,2.7777777777777777
2,0,1,8,1,3,False,675675,243.3024,3.333333333333333
2,0,1,7,5,0,False,1081080,269.28000000000003,2.941176470588235
2,0,1,7,4,1,False,4324320,294.41280000000006,2.941176470588235
2,0,1,7,3,2,False,6486480,298.00320000000005,2.941176470588235
2,0,1,7,2,3,False,4324320,280.05120000000005,2.941176470588235
2,0,1,7,1,4,False,1081080,240.55680000000007,3.529411764705882
2,0,1,6,6,0,False,1261260,253.44000000000003,3.125
2,0,1,6,5,1,False,6306300,304.12800000000004,2.5
2,0,1,6,4,2,False,12612600,317.64480000000003,2.5
2,0,1,6,3,3,False,12612600,310.8864000000001,2.5
2,0,1,6,2,4,False,6306300,283.85280000000006,3.125
2,0,1,6,1,5,False,1261260,236.544,3.125
2,0,1,5,7,0,False,1081080,237.60000000000002,3.3333333333333335
2,0,1,5,6,1,False,6486480,285.12,2.6666666666666665
2,0,1,5,5,2,False,16216200,332.64,2.6666666666666665
2,0,1,5,4,3,False,21621600,335.80800000000005,2.6666666666666665
2,0,1,5,3,4,False,16216200,319.9680000000001,2.6666666666666665
2,0,1,5,2,5,False,6486480,285.12,2.6666666666666665
2,0,1,5,1,6,False,1081080,231.264,3.3333333333333335
2,0,1,4,8,0,False,675675,221.76,3.5714285714285716
2,0,1,4,7,1,False,4729725,266.112,2.857142857142857
2,0,1,4,6,2,False,14189175,310.46399999999994,2.857142857142857
2,0,1,4,5,3,False,23648625,354.81600000000003,2.142857142857143
2,0,1,4,4,4,False,23648625,348.90240000000006,2.142857142857143
2,0,1,4,3,5,False,14189175,325.24800000000005,2.857142857142857
2,0,1,4,2,6,False,4729725,283.8528,2.857142857142857
2,0,1,4,1,7,False,675675,224.71680000000003,3.5714285714285716
2,0,1,3,9,0,False,300300,205.92000000000002,3.846153846153846
2,0,1,3,8,1,False,2402400,247.104,3.0769230769230766
2,0,1,3,7,2,False,8408400,288.288,3.0769230769230766
2,0,1,3,6,3,False,16816800,329.47200000000004,2.3076923076923075
2,0,1,3,5,4,False,21021000,370.6560000000001,2.3076923076923075
2,0,1,3,4,5,False,16816800,356.928,2.3076923076923075
2,0,1,3,3,6,False,8408400,326.72639999999996,2.3076923076923075
2,0,1,3,2,7,False,2402400,280.05120000000005,3.0769230769230766
2,0,1,3,1,8,False,300300,216.90240000000003,3.846153846153846
2,0,1,2,10,0,False,90090,190.08,4.166666666666667
2,0,1,2,9,1,False,810810,228.096,3.3333333333333335
2,0,1,2,8,2,False,3243240,266.11199999999997,3.3333333333333335
2,0,1,2,7,3,False,7567560,304.12800000000004,2.5
2,0,1,2,6,4,False,11351340,342.14400000000006,2.5
2,0,1,2,5,5,False,11351340,380.16,2.5
2,0,1,2,4,6,False,7567560,359.8848,2.5
2,0,1,2,3,7,False,3243240,324.4032000000001,2.5
2,0,1,2,2,8,False,810810,273.7152,3.3333333333333335
2,0,1,2,1,9,False,90090,207.8208,4.166666666666667
2,0,1,1,11,0,False,16380,174.24,4.545454545454545
2,0,1,1,10,1,False,163800,209.08800000000002,3.6363636363636362
2,0,1,1,9,2,False,737100,243.936,3.6363636363636362
2,0,1,1,8,3,False,1965600,278.78400000000005,2.727272727272727
2,0,1,1,7,4,False,3439800,313.6320000000001,2.727272727272727
2,0,1,1,6,5,False,4127760,348.48,2.727272727272727
2,0,1,1,5,6,False,3439800,383.32800000000003,2.727272727272727
2,0,1,1,4,7,False,1965600,357.7728000000001,2.727272727272727
2,0,1,1,3,8,False,737100,318.27840000000003,2.727272727272727
2,0,1,1,2,9,False,163800,264.8448,3.6363636363636362
2,0,1,1,1,10,False,16380,197.47200000000007,4.545454545454545
2,0,1,0,12,0,False,1365,158.4,5.0
2,0,1,0,11,1,False,15015,190.08,4.0
2,0,1,0,10,2,False,75075,221.76,4.0
2,0,1,0,9,3,False,225225,253.44000000000003,3.0
2,0,1,0,8,4,False,450450,285.12000000000006,3.0
2,0,1,0,7,5,False,630630,316.8,3.0
2,0,1,0,6,6,False,630630,348.48,3.0
2,0,1,0,5,7,False,450450,380.16,2.0
2,0,1,0,4,8,False,225225,350.592,3.0
2,0,1,0,3,9,False,75075,308.35200000000003,3.0
2,0,1,0,2,10,False,15015,253.44000000000005,3.0
2,0,1,0,1,11,False,1365,185.856,4.0
2,0,0,13,0,0,False,105,220.79999999999998,3.4782608695652177
2,0,0,12,1,0,False,1365,232.32000000000005,3.1818181818181817
2,0,0,11,2,0,False,8190,241.92000000000002,3.333333333333333
2,0,0,11,1,1,False,8190,233.85600000000005,3.333333333333333
2,0,0,10,3,0,False,30030,249.60000000000002,3.0
2,0,0,10,2,1,False,60060,253.44000000000003,3.0
2,0,0,10,1,2,False,30030,234.24,3.5
2,0,0,9,4,0,False,75075,255.35999999999999,3.1578947368421053
2,0,0,9,3,1,False,225225,269.952,3.1578947368421053
2,0,0,9,2,2,False,225225,262.65599999999995,3.1578947368421053
2,0,0,9,1,3,False,75075,233.47199999999998,3.68421052631579
2,0,0,8,5,0,False,135135,259.2,3.333333333333333
2,0,0,8,4,1,False,540540,283.39200000000005,2.7777777777777777
2,0,0,8,3,2,False,810810,286.848,2.7777777777777777
2,0,0,8,2,3,False,540540,269.56800000000004,2.7777777777777777
2,0,0,8,1,4,False,135135,231.55200000000002,3.333333333333333
2,0,0,7,6,0,False,180180,244.8,3.529411764705882
2,0,0,7,5,1,False,900900,293.76000000000005,2.941176470588235
2,0,0,7,4,2,False,1801800,306.8160000000001,2.941176470588235
2,0,0,7,3,3,False,1801800,300.28800000000007,2.941176470588235
2,0,0,7,2,4,False,900900,274.1760000000001,2.941176470588235
2,0,0,7,1,5,False,180180,228.48000000000005,3.529411764705882
2,0,0,6,7,0,False,180180,230.4,3.75
2,0,0,6,6,1,False,1081080,276.48,3.125
2,0,0,6,5,2,False,2702700,322.56000000000006,2.5
2,0,0,6,4,3,False,3603600,325.63200000000006,2.5
2,0,0,6,3,4,False,2702700,310.27200000000016,2.5
2,0,0,6,2,5,False,1081080,276.48,3.125
2,0,0,6,1,6,False,180180,224.256,3.75
2,0,0,5,8,0,False,135135,216.0,4.0
2,0,0,5,7,1,False,945945,259.20000000000005,3.3333333333333335
2,0,0,5,6,2,False,2837835,302.40000000000003,2.6666666666666665
2,0,0,5,5,3,False,4729725,345.6,2.6666666666666665
2,0,0,5,4,4,False,4729725,339.8400000000001,2.6666666666666665
2,0,0,5,3,5,False,2837835,316.8,2.6666666666666665
2,0,0,5,2,6,False,945945,276.48,3.3333333333333335
2,0,0,5,1,7,False,135135,218.88000000000002,4.0
2,0,0,4,9,0,False,75075,201.6,4.285714285714286
2,0,0,4,8,1,False,600600,241.92,3.5714285714285716
2,0,0,4,7,2,False,2102100,282.24,2.857142857142857
2,0,0,4,6,3,False,4204200,322.56,2.857142857142857
2,0,0,4,5,4,False,5255250,362.87999999999994,2.142857142857143
2,0,0,4,4,5,False,4204200,349.44,2.142857142857143
2,0,0,4,3,6,False,2102100,319.87199999999996,2.857142857142857
2,0,0,4,2,7,False,600600,274.17600000000004,2.857142857142857
2,0,0,4,1,8,False,75075,212.35200000000003,3.5714285714285716
2,0,0,3,10,0,False,30030,187.20000000000002,4.615384615384615
2,0,0,3,9,1,False,270270,224.64000000000001,3.846153846153846
2,0,0,3,8,2,False,1081080,262.08000000000004,3.0769230769230766
2,0,0,3,7,3,False,2522520,299.52000000000004,3.0769230769230766
2,0,0,3,6,4,False,3783780,336.96,2.3076923076923075
2,0,0,3,5,5,False,3783780,374.40000000000003,2.3076923076923075
2,0,0,3,4,6,False,2522520,354.432,2.3076923076923075
2,0,0,3,3,7,False,1081080,319.48800000000006,3.0769230769230766
2,0,0,3,2,8,False,270270,269.56800000000004,3.0769230769230766
2,0,0,3,1,9,False,30030,204.672,3.846153846153846
2,0,0,2,11,0,False,8190,172.79999999999998,5.0
2,0,0,2,10,1,False,81900,207.36,4.166666666666667
2,0,0,2,9,2,False,368550,241.92000000000002,3.3333333333333335
2,0,0,2,8,3,False,982800,276.48,3.3333333333333335
2,0,0,2,7,4,False,1719900,311.03999999999996,2.5
2,0,0,2,6,5,False,2063880,345.59999999999997,2.5
2,0,0,2,5,6,False,1719900,380.16,2.5
2,0,0,2,4,7,False,982800,354.816,2.5
2,0,0,2,3,8,False,368550,315.648,2.5
2,0,0,2,2,9,False,81900,262.656,3.3333333333333335
2,0,0,2,1,10,False,8190,195.84000000000006,4.166666666666667
2,0,0,1,12,0,False,1365,158.4,5.454545454545454
2,0,0,1,11,1,False,15015,190.08000000000004,4.545454545454545
2,0,0,1,10,2,False,75075,221.76000000000005,3.6363636363636362
2,0,0,1,9,3,False,225225,253.44000000000003,3.6363636363636362
2,0,0,1,8,4,False,450450,285.12,2.727272727272727
2,0,0,1,7,5,False,630630,316.8,2.727272727272727
2,0,0,1,6,6,False,630630,348.48,2.727272727272727
2,0,0,1,5,7,False,450450,380.1600000000001,2.727272727272727
2,0,0,1,4,8,False,225225,350.59200000000004,2.727272727272727
2,0,0,1,3,9,False,75075,308.35200000000003,2.727272727272727
2,0,0,1,2,10,False,15015,253.44000000000008,3.6363636363636362
2,0,0,1,1,11,False,1365,185.85600000000002,4.545454545454545
2,0,0,0,13,0,False,105,144.0,6.0
2,0,0,0,12,1,False,1260,172.8,5.0
2,0,0,0,11,2,False,6930,201.60000000000002,4.0
2,0,0,0,10,3,False,23100,230.4,4.0
2,0,0,0,9,4,False,51975,259.2,3.0
2,0,0,0,8,5,False,83160,288.0,3.0
2,0,0,0,7,6,False,97020,316.8,3.0
2,0,0,0,6,7,False,83160,345.6,3.0
2,0,0,0,5,8,False,51975,374.40000000000003,2.0
2,0,0,0,4,9,False,23100,341.76,3.0
2,0,0,0,3,10,False,6930,297.6000000000001,3.0
2,0,0,0,2,11,False,1260,241.92,4.0
2,0,0,0,1,12,False,105,174.72,5.0
1,14,0,0,0,0,False,15,125.80000000000001,6.0
1,13,1,0,0,0,False,210,135.41000000000003,6.0
1,13,0,1,0,0,False,210,135.41000000000003,5.454545454545454
1,13,0,0,1,0,False,210,135.41000000000003,6.0
1,12,2,0,0,0,False,1365,144.48,6.0
1,12,1,1,0,0,False,2730,145.68400000000005,5.454545454545454
1,12,1,0,1,0,False,2730,145.68400000000003,6.0
1,12,0,2,0,0,False,1365,144.48,5.833333333333334
1,12,0,1,1,0,False,2730,145.68400000000005,5.454545454545454
1,12,0,0,2,0,False,1365,144.48,6.0
1,12,0,0,1,1,False,1365,139.66400000000002,6.0
1,11,3,0,0,0,False,5460,153.01000000000002,5.0
1,11,2,1,0,0,False,16380,155.364,5.454545454545454
1,11,2,0,1,0,False,16380,155.364,5.0
1,11,1,2,0,0,False,16380,155.364,5.0
1,11,1,1,1,0,False,32760,156.6587,5.454545454545454
1,11,1,0,2,0,False,16380,155.36400000000003,5.0
1,11,1,0,1,1,False,16380,150.18520000000004,5.0
1,11,0,3,0,0,False,5460,153.01000000000002,5.384615384615384
1,11,0,2,1,0,False,16380,155.364,5.0
1,11,0,1,2,0,False,16380,155.364,5.454545454545454
1,11,0,1,1,1,False,16380,150.18520000000004,5.454545454545454
1,11,0,0,3,0,False,5460,153.01000000000002,5.0
1,11,0,0,2,1,False,10920,155.36400000000003,5.0
1,11,0,0,1,2,False,5460,143.59400000000002,6.0
1,10,4,0,0,0,False,15015,161.0,5.0
1,10,3,1,0,0,False,60060,164.45000000000002,4.545454545454545
1,10,3,0,1,0,False,60060,164.45000000000005,5.0
1,10,2,2,0,0,False,90090,165.6,5.0
1,10,2,1,1,0,False,180180,166.98000000000005,4.545454545454545
1,10,2,0,2,0,False,90090,165.60000000000002,5.0
1,10,2,0,1,1,False,90090,160.08000000000004,5.0
1,10,1,3,0,0,False,60060,164.45000000000002,4.615384615384615
1,10,1,2,1,0,False,180180,166.98,5.0
1,10,1,1,2,0,False,180180,166.98000000000002,4.545454545454545
1,10,1,1,1,1,True,180180,161.41400000000002,5.454545454545454
1,10,1,0,3,0,False,60060,164.45000000000002,5.0
1,10,1,0,2,1,False,120120,166.98000000000002,5.0
1,10,1,0,1,2,False,60060,154.33,5.0
1,10,0,4,0,0,False,15015,161.0,5.0
1,10,0,3,1,0,False,60060,164.45000000000002,4.615384615384615
1,10,0,2,2,0,False,90090,165.6,5.0
1,10,0,2,1,1,False,90090,160.08000000000004,5.0
1,10,0,1,3,0,False,60060,164.45000000000002,4.545454545454545
1,10,0,1,2,1,False,120120,166.98000000000002,4.545454545454545
1,10,0,1,1,2,False,60060,154.33,5.454545454545454
1,10,0,0,4,0,False,15015,161.0,5.0
1,10,0,0,3,1,False,45045,170.20000000000002,5.0
1,10,0,0,2,2,False,45045,165.60000000000002,5.0
1,10,0,0,1,3,False,15015,147.20000000000002,6.0
1,9,5,0,0,0,False,30030,168.45000000000002,5.0
1,9,4,1,0,0,False,150150,172.942,4.545454545454545
1,9,4,0,1,0,False,150150,172.942,5.0
1,9,3,2,0,0,False,300300,175.18800000000002,5.0
1,9,3,1,1,0,False,600600,176.64790000000008,4.545454545454545
1,9,3,0,2,0,False,300300,175.18800000000002,5.0
1,9,3,0,1,1,False,300300,169.34840000000005,5.0
1,9,2,3,0,0,False,300300,175.188,4.615384615384615
1,9,2,2,1,0,False,900900,177.88320000000002,4.166666666666667
1,9,2,1,2,0,False,900900,177.88320000000002,4.545454545454545
1,9,2,1,1,1,True,900900,171.95376000000005,4.545454545454545
1,9,2,0,3,0,False,300300,175.188,5.0
1,9,2,0,2,1,False,600600,177.8832,5.0
1,9,2,0,1,2,False,300300,164.4072,5.0
1,9,1,4,0,0,False,150150,172.94200000000004,4.285714285714286
1,9,1,3,1,0,False,600600,176.64790000000005,4.615384615384615
1,9,1,2,2,0,False,900900,177.88320000000002,4.166666666666667
1,9,1,2,1,1,True,900900,171.95376000000005,5.0
1,9,1,1,3,0,False,600600,176.64790000000008,4.545454545454545
1,9,1,1,2,1,True,1201200,179.36556000000007,4.545454545454545
1,9,1,1,1,2,True,600600,165.77726000000004,4.545454545454545
1,9,1,0,4,0,False,150150,172.942,5.0
1,9,1,0,3,1,False,450450,182.82440000000003,5.0
1,9,1,0,2,2,False,450450,177.88320000000002,5.0
1,9,1,0,1,3,False,150150,158.11840000000004,5.0
1,9,0,5,0,0,False,30030,168.45000000000002,4.666666666666667
1,9,0,4,1,0,False,150150,172.94200000000004,4.285714285714286
1,9,0,3,2,0,False,300300,175.188,4.615384615384615
1,9,0,3,1,1,False,300300,169.3484,4.615384615384615
1,9,0,2,3,0,False,300300,175.18800000000002,5.0
1,9,0,2,2,1,False,600600,177.88320000000002,4.166666666666667
1,9,0,2,1,2,False,300300,164.4072,5.0
1,9,0,1,4,0,False,150150,172.942,4.545454545454545
1,9,0,1,3,1,False,450450,182.82440000000003,4.545454545454545
1,9,0,1,2,2,False,450450,177.88320000000002,4.545454545454545
1,9,0,1,1,3,False,150150,158.1184,5.454545454545454
1,9,0,0,5,0,False,30030,168.45000000000002,5.0
1,9,0,0,4,1,False,120120,184.17200000000003,5.0
1,9,0,0,3,2,False,180180,186.418,4.0
1,9,0,0,2,3,False,120120,175.18800000000002,5.0
1,9,0,0,1,4,False,30030,150.48200000000003,5.0
1,8,6,0,0,0,False,45045,175.36,5.0
1,8,5,1,0,0,False,270270,180.84000000000003,4.545454545454545
1,8,5,0,1,0,False,270270,180.84000000000003,5.0
1,8,4,2,0,0,False,675675,184.128,4.166666666666667
1,8,4,1,1,0,False,1351350,185.66240000000002,4.545454545454545
1,8,4,0,2,0,False,675675,184.128,5.0
1,8,4,0,1,1,False,675675,177.99040000000002,5.0
1,8,3,3,0,0,False,900900,185.224,4.615384615384615
1,8,3,2,1,0,False,2702700,188.0736,4.166666666666667
1,8,3,1,2,0,False,2702700,188.07360000000003,4.545454545454545
1,8,3,1,1,1,True,2702700,181.80448000000007,4.545454545454545
1,8,3,0,3,0,False,900900,185.22400000000002,4.0
1,8,3,0,2,1,False,1801800,188.07360000000003,4.0
1,8,3,0,1,2,False,900900,173.8256,5.0
1,8,2,4,0,0,False,675675,184.12800000000001,4.285714285714286
1,8,2,3,1,0,False,2702700,188.07360000000003,4.615384615384615
1,8,2,2,2,0,False,4054050,189.3888,4.166666666666667
1,8,2,2,1,1,True,4054050,183.07584000000003,4.166666666666667
1,8,2,1,3,0,False,2702700,188.07360000000006,4.545454545454545
1,8,2,1,2,1,True,5405400,190.96704000000003,4.545454545454545
1,8,2,1,1,2,True,2702700,176.49984000000003,4.545454545454545
1,8,2,0,4,0,False,675675,184.12800000000001,5.0
1,8,2,0,3,1,False,2027025,194.64960000000002,4.0
1,8,2,0,2,2,False,2027025,189.3888,4.0
1,8,2,0,1,3,False,675675,168.34560000000002,5.0
1,8,1,5,0,0,False,270270,180.84000000000003,4.666666666666667
1,8,1,4,1,0,False,1351350,185.66240000000005,4.285714285714286
1,8,1,3,2,0,False,2702700,188.0736,4.615384615384615
1,8,1,3,1,1,True,2702700,181.80448000000007,4.615384615384615
1,8,1,2,3,0,False,2702700,188.07360000000003,4.166666666666667
1,8,1,2,2,1,True,5405400,190.96704000000005,4.166666666666667
1,8,1,2,1,2,True,2702700,176.49984,5.0
1,8,1,1,4,0,False,1351350,185.66240000000005,4.545454545454545
1,8,1,1,3,1,True,4054050,196.27168000000003,4.545454545454545
1,8,1,1,2,2,True,4054050,190.96704000000003,4.545454545454545
1,8,1,1,1,3,True,1351350,169.74848000000006,4.545454545454545
1,8,1,0,5,0,False,270270,180.84000000000003,5.0
1,8,1,0,4,1,False,1081080,197.71840000000006,4.0
1,8,1,0,3,2,False,1621620,200.12960000000007,4.0
1,8,1,0,2,3,False,1081080,188.07360000000006,4.0
1,8,1,0,1,4,False,270270,161.55040000000005,5.0
1,8,0,6,0,0,False,45045,175.36,4.375
1,8,0,5,1,0,False,270270,180.84000000000003,4.666666666666667
1,8,0,4,2,0,False,675675,184.12800000000001,4.285714285714286
1,8,0,4,1,1,False,675675,177.99040000000002,4.285714285714286
1,8,0,3,3,0,False,900900,185.224,4.615384615384615
1,8,0,3,2,1,False,1801800,188.0736,4.615384615384615
1,8,0,3,1,2,False,900900,173.82559999999998,4.615384615384615
1,8,0,2,4,0,False,675675,184.128,4.166666666666667
1,8,0,2,3,1,False,2027025,194.6496,4.166666666666667
1,8,0,2,2,2,False,2027025,189.3888,4.166666666666667
1,8,0,2,1,3,False,675675,168.34560000000002,5.0
1,8,0,1,5,0,False,270270,180.84000000000003,4.545454545454545
1,8,0,1,4,1,False,1081080,197.71840000000006,4.545454545454545
1,8,0,1,3,2,False,1621620,200.12960000000007,4.545454545454545
1,8,0,1,2,3,False,1081080,188.07360000000003,4.545454545454545
1,8,0,1,1,4,False,270270,161.55040000000002,5.454545454545454
1,8,0,0,6,0,False,45045,164.4,5.0
1,8,0,0,5,1,False,225225,197.28,4.0
1,8,0,0,4,2,False,450450,206.048,4.0
1,8,0,0,3,3,False,450450,201.66400000000002,4.0
1,8,0,0,2,4,False,225225,184.12800000000004,5.0
1,8,0,0,1,5,False,45045,153.44,5.0
1,7,7,0,0,0,False,51480,181.73000000000002,5.0
1,7,6,1,0,0,False,360360,188.14400000000003,4.545454545454545
1,7,6,0,1,0,False,360360,188.14400000000003,4.0
1,7,5,2,0,0,False,1081080,192.42000000000002,4.166666666666667
1,7,5,1,1,0,False,2162160,194.02350000000004,4.545454545454545
1,7,5,0,2,0,False,1081080,192.42,4.0
1,7,5,0,1,1,False,1081080,186.00600000000003,4.0
1,7,4,3,0,0,False,1801800,194.558,3.846153846153846
1,7,4,2,1,0,False,5405400,197.5512,4.166666666666667
1,7,4,1,2,0,False,5405400,197.5512,4.545454545454545
1,7,4,1,1,1,True,5405400,190.96616000000003,4.545454545454545
1,7,4,0,3,0,False,1801800,194.558,4.0
1,7,4,0,2,1,False,3603600,197.5512,4.0
1,7,4,0,1,2,False,1801800,182.5852,5.0
1,7,3,4,0,0,False,1801800,194.558,4.285714285714286
1,7,3,3,1,0,False,7207200,198.72710000000004,3.846153846153846
1,7,3,2,2,0,False,10810800,200.1168,4.166666666666667
1,7,3,2,1,1,True,10810800,193.44624000000005,4.166666666666667
1,7,3,1,3,0,False,7207200,198.72710000000004,4.545454545454545
1,7,3,1,2,1,True,14414400,201.78444000000005,4.545454545454545
1,7,3,1,1,2,True,7207200,186.49774000000005,4.545454545454545
1,7,3,0,4,0,False,1801800,194.558,4.0
1,7,3,0,3,1,False,5405400,205.6756,4.0
1,7,3,0,2,2,False,5405400,200.1168,4.0
1,7,3,0,1,3,False,1801800,177.88160000000002,5.0
1,7,2,5,0,0,False,1081080,192.42000000000002,4.0
1,7,2,4,1,0,False,5405400,197.55120000000002,4.285714285714286
1,7,2,3,2,0,False,10810800,200.1168,3.846153846153846
1,7,2,3,1,1,True,10810800,193.44624000000005,3.846153846153846
1,7,2,2,3,0,False,10810800,200.1168,4.166666666666667
1,7,2,2,2,1,True,21621600,203.19552000000002,4.166666666666667
1,7,2,2,1,2,True,10810800,187.80192,4.166666666666667
1,7,2,1,4,0,False,5405400,197.5512,4.545454545454545
1,7,2,1,3,1,True,16216200,208.83984,3.6363636363636362
1,7,2,1,2,2,True,16216200,203.19552000000004,3.6363636363636362
1,7,2,1,1,3,True,5405400,180.61824000000001,4.545454545454545
1,7,2,0,5,0,False,1081080,192.42,4.0
1,7,2,0,4,1,False,4324320,210.3792,4.0
1,7,2,0,3,2,False,6486480,212.94480000000004,4.0
1,7,2,0,2,3,False,4324320,200.1168,4.0
1,7,2,0,1,4,False,1081080,171.89520000000002,5.0
1,7,1,6,0,0,False,360360,188.14400000000003,4.375
1,7,1,5,1,0,False,2162160,194.0235,4.0
1,7,1,4,2,0,False,5405400,197.55120000000002,4.285714285714286
1,7,1,4,1,1,True,5405400,190.96616000000003,4.285714285714286
1,7,1,3,3,0,False,7207200,198.72710000000004,3.846153846153846
1,7,1,3,2,1,True,14414400,201.78444000000002,3.846153846153846
1,7,1,3,1,2,True,7207200,186.49774000000005,4.615384615384615
1,7,1,2,4,0,False,5405400,197.5512,4.166666666666667
1,7,1,2,3,1,True,16216200,208.83984,4.166666666666667
1,7,1,2,2,2,True,16216200,203.19552000000002,4.166666666666667
1,7,1,2,1,3,True,5405400,180.61824000000001,4.166666666666667
1,7,1,1,5,0,False,2162160,194.02350000000004,4.545454545454545
1,7,1,1,4,1,True,8648640,212.1323600000001,3.6363636363636362
1,7,1,1,3,2,True,12972960,214.71934000000007,3.6363636363636362
1,7,1,1,2,3,True,8648640,201.78444000000005,4.545454545454545
1,7,1,1,1,4,True,2162160,173.32766000000004,4.545454545454545
1,7,1,0,6,0,False,360360,176.38500000000002,5.0
1,7,1,0,5,1,False,1801800,211.66200000000003,4.0
1,7,1,0,4,2,False,3603600,221.06920000000005,4.0
1,7,1,0,3,3,False,3603600,216.36560000000006,4.0
1,7,1,0,2,4,False,1801800,197.55120000000005,4.0
1,7,1,0,1,5,False,360360,164.626,5.0
1,7,0,7,0,0,False,51480,181.73000000000002,4.117647058823529
1,7,0,6,1,0,False,360360,188.14400000000003,4.375
1,7,0,5,2,0,False,1081080,192.42000000000002,4.0
1,7,0,5,1,1,False,1081080,186.00600000000003,4.0
1,7,0,4,3,0,False,1801800,194.558,4.285714285714286
1,7,0,4,2,1,False,3603600,197.55120000000002,4.285714285714286
1,7,0,4,1,2,False,1801800,182.5852,4.285714285714286
1,7,0,3,4,0,False,1801800,194.558,3.846153846153846
1,7,0,3,3,1,False,5405400,205.6756,3.846153846153846
1,7,0,3,2,2,False,5405400,200.1168,3.846153846153846
1,7,0,3,1,3,False,1801800,177.8816,4.615384615384615
1,7,0,2,5,0,False,1081080,192.42000000000002,4.166666666666667
1,7,0,2,4,1,False,4324320,210.37920000000003,4.166666666666667
1,7,0,2,3,2,False,6486480,212.94480000000004,4.166666666666667
1,7,0,2,2,3,False,4324320,200.1168,4.166666666666667
1,7,0,2,1,4,False,1081080,171.89520000000002,5.0
1,7,0,1,6,0,False,360360,176.38500000000005,4.545454545454545
1,7,0,1,5,1,False,1801800,211.66200000000003,3.6363636363636362
1,7,0,1,4,2,False,3603600,221.06920000000002,3.6363636363636362
1,7,0,1,3,3,False,3603600,216.36560000000006,3.6363636363636362
1,7,0,1,2,4,False,1801800,197.55120000000002,4.545454545454545
1,7,0,1,1,5,False,360360,164.626,4.545454545454545
1,7,0,0,7,0,False,51480,160.35000000000002,5.0
1,7,0,0,6,1,False,308880,192.42000000000002,4.0
1,7,0,0,5,2,False,772200,224.49,4.0
1,7,0,0,4,3,False,1029600,226.62800000000004,4.0
1,7,0,0,3,4,False,772200,215.93800000000007,4.0
1,7,0,0,2,5,False,308880,192.42000000000002,4.0
1,7,0,0,1,6,False,51480,156.074,5.0
1,6,8,0,0,0,False,45045,187.56000000000003,4.0
1,6,7,1,0,0,False,360360,194.85400000000004,4.545454545454545
1,6,7,0,1,0,False,360360,194.85400000000004,4.0
1,6,6,2,0,0,False,1261260,200.06400000000002,4.166666666666667
1,6,6,1,1,0,False,2522520,201.7312000000001,4.545454545454545
1,6,6,0,2,0,False,1261260,200.064,4.0
1,6,6,0,1,1,False,1261260,193.39520000000005,4.0
1,6,5,3,0,0,False,2522520,203.19000000000003,3.846153846153846
1,6,5,2,1,0,False,7567560,206.31600000000003,4.166666666666667
1,6,5,1,2,0,False,7567560,206.31600000000003,3.6363636363636362
1,6,5,1,1,1,True,7567560,199.43880000000004,4.545454545454545
1,6,5,0,3,0,False,2522520,203.19000000000003,4.0
1,6,5,0,2,1,False,5045040,206.31600000000003,4.0
1,6,5,0,1,2,False,2522520,190.686,4.0
1,6,4,4,0,0,False,3153150,204.23199999999997,4.285714285714286
1,6,4,3,1,0,False,12612600,208.60840000000002,3.846153846153846
1,6,4,2,2,0,False,18918900,210.0672,4.166666666666667
1,6,4,2,1,1,True,18918900,203.06496,4.166666666666667
1,6,4,1,3,0,False,12612600,208.60840000000002,3.6363636363636362
1,6,4,1,2,1,True,25225200,211.81776000000002,3.6363636363636362
1,6,4,1,1,2,True,12612600,195.77096000000003,4.545454545454545
1,6,4,0,4,0,False,3153150,204.23199999999997,4.0
1,6,4,0,3,1,False,9459450,215.9024,4.0
1,6,4,0,2,2,False,9459450,210.0672,4.0
1,6,4,0,1,3,False,3153150,186.7264,4.0
1,6,3,5,0,0,False,2522520,203.19,4.0
1,6,3,4,1,0,False,12612600,208.60840000000002,3.5714285714285716
1,6,3,3,2,0,False,25225200,211.31760000000003,3.846153846153846
1,6,3,3,1,1,True,25225200,204.27368000000004,3.846153846153846
1,6,3,2,3,0,False,25225200,211.31760000000006,4.166666666666667
1,6,3,2,2,1,True,50450400,214.56864000000004,4.166666666666667
1,6,3,2,1,2,True,25225200,198.31344000000004,4.166666666666667
1,6,3,1,4,0,False,12612600,208.60840000000002,3.6363636363636362
1,6,3,1,3,1,True,37837800,220.52888000000007,3.6363636363636362
1,6,3,1,2,2,True,37837800,214.56864000000004,3.6363636363636362
1,6,3,1,1,3,True,12612600,190.72768000000005,4.545454545454545
1,6,3,0,5,0,False,2522520,203.19000000000003,4.0
1,6,3,0,4,1,False,10090080,222.15440000000004,4.0
1,6,3,0,3,2,False,15135120,224.86360000000005,4.0
1,6,3,0,2,3,False,10090080,211.31760000000006,4.0
1,6,3,0,1,4,False,2522520,181.51640000000003,5.0
1,6,2,6,0,0,False,1261260,200.064,3.75
1,6,2,5,1,0,False,7567560,206.31600000000003,4.0
1,6,2,4,2,0,False,18918900,210.06719999999996,3.5714285714285716
1,6,2,4,1,1,True,18918900,203.06495999999999,4.285714285714286
1,6,2,3,3,0,False,25225200,211.31760000000003,3.846153846153846
1,6,2,3,2,1,True,50450400,214.56864,3.846153846153846
1,6,2,3,1,2,True,25225200,198.31344,3.846153846153846
1,6,2,2,4,0,False,18918900,210.06719999999999,4.166666666666667
1,6,2,2,3,1,True,56756700,222.07104,3.3333333333333335
1,6,2,2,2,2,True,56756700,216.06911999999997,4.166666666666667
1,6,2,2,1,3,True,18918900,192.06143999999998,4.166666666666667
1,6,2,1,5,0,False,7567560,206.31600000000003,3.6363636363636362
1,6,2,1,4,1,True,30270240,225.57216000000003,3.6363636363636362
1,6,2,1,3,2,True,45405360,228.32304,3.6363636363636362
1,6,2,1,2,3,True,30270240,214.56864000000002,3.6363636363636362
1,6,2,1,1,4,True,7567560,184.30896,4.545454545454545
1,6,2,0,6,0,False,1261260,187.56,4.0
1,6,2,0,5,1,False,6306300,225.072,4.0
1,6,2,0,4,2,False,12612600,235.0752,4.0
1,6,2,0,3,3,False,12612600,230.0736,4.0
1,6,2,0,2,4,False,6306300,210.0672,4.0
1,6,2,0,1,5,False,1261260,175.05599999999998,5.0
1,6,1,7,0,0,False,360360,194.85400000000004,4.117647058823529
1,6,1,6,1,0,False,2522520,201.73120000000006,3.75
1,6,1,5,2,0,False,7567560,206.31600000000003,4.0
1,6,1,5,1,1,True,7567560,199.43880000000007,4.0
1,6,1,4,3,0,False,12612600,208.60840000000002,3.5714285714285716
1,6,1,4,2,1,True,25225200,211.81776000000002,3.5714285714285716
1,6,1,4,1,2,True,12612600,195.77095999999997,4.285714285714286
1,6,1,3,4,0,False,12612600,208.60840000000002,3.846153846153846
1,6,1,3,3,1,True,37837800,220.52888000000004,3.846153846153846
1,6,1,3,2,2,True,37837800,214.56864000000004,3.846153846153846
1,6,1,3,1,3,True,12612600,190.72768000000002,4.615384615384615
1,6,1,2,5,0,False,7567560,206.31600000000003,4.166666666666667
1,6,1,2,4,1,True,30270240,225.57216000000003,3.3333333333333335
1,6,1,2,3,2,True,45405360,228.32304000000005,3.3333333333333335
1,6,1,2,2,3,True,30270240,214.56864000000002,4.166666666666667
1,6,1,2,1,4,True,7567560,184.30896000000004,4.166666666666667
1,6,1,1,6,0,False,2522520,189.12300000000005,4.545454545454545
1,6,1,1,5,1,True,12612600,226.94760000000005,3.6363636363636362
1,6,1,1,4,2,True,25225200,237.03416000000004,3.6363636363636362
1,6,1,1,3,3,True,25225200,231.99088000000006,3.6363636363636362
1,6,1,1,2,4,True,12612600,211.81776000000005,3.6363636363636362
1,6,1,1,1,5,True,2522520,176.51480000000004,4.545454545454545
1,6,1,0,7,0,False,360360,171.93000000000004,5.0
1,6,1,0,6,1,False,2162160,206.31600000000003,4.0
1,6,1,0,5,2,False,5405400,240.702,4.0
1,6,1,0,4,3,False,7207200,242.99440000000004,4.0
1,6,1,0,3,4,False,5405400,231.53240000000005,4.0
1,6,1,0,2,5,False,2162160,206.31600000000003,4.0
1,6,1,0,1,6,False,360360,167.3452,5.0
1,6,0,8,0,0,False,45045,187.56,4.444444444444445
1,6,0,7,1,0,False,360360,194.85400000000004,4.117647058823529
1,6,0,6,2,0,False,1261260,200.064,3.75
1,6,0,6,1,1,False,1261260,193.39520000000005,4.375
1,6,0,5,3,0,False,2522520,203.19,4.0
1,6,0,5,2,1,False,5045040,206.31600000000003,4.0
1,6,0,5,1,2,False,2522520,190.686,4.0
1,6,0,4,4,0,False,3153150,204.23199999999997,4.285714285714286
1,6,0,4,3,1,False,9459450,215.9024,3.5714285714285716
1,6,0,4,2,2,False,9459450,210.06719999999999,3.5714285714285716
1,6,0,4,1,3,False,3153150,186.72639999999998,4.285714285714286
1,6,0,3,5,0,False,2522520,203.19000000000003,3.846153846153846
1,6,0,3,4,1,False,10090080,222.15440000000004,3.846153846153846
1,6,0,3,3,2,False,15135120,224.86360000000005,3.846153846153846
1,6,0,3,2,3,False,10090080,211.31760000000003,3.846153846153846
1,6,0,3,1,4,False,2522520,181.51640000000003,4.615384615384615
1,6,0,2,6,0,False,1261260,187.56,4.166666666666667
1,6,0,2,5,1,False,6306300,225.07200000000003,3.3333333333333335
1,6,0,2,4,2,False,12612600,235.0752,3.3333333333333335
1,6,0,2,3,3,False,12612600,230.0736,3.3333333333333335
1,6,0,2,2,4,False,6306300,210.06720000000004,4.166666666666667
1,6,0,2,1,5,False,1261260,175.05599999999998,5.0
1,6,0,1,7,0,False,360360,171.93000000000004,4.545454545454545
1,6,0,1,6,1,False,2162160,206.31600000000006,3.6363636363636362
1,6,0,1,5,2,False,5405400,240.70200000000008,3.6363636363636362
1,6,0,1,4,3,False,7207200,242.9944,3.6363636363636362
1,6,0,1,3,4,False,5405400,231.53240000000008,3.6363636363636362
1,6,0,1,2,5,False,2162160,206.31600000000006,3.6363636363636362
1,6,0,1,1,6,False,360360,167.3452,4.545454545454545
1,6,0,0,8,0,False,45045,156.3,5.0
1,6,0,0,7,1,False,315315,187.56000000000003,4.0
1,6,0,0,6,2,False,945945,218.82000000000005,4.0
1,6,0,0,5,3,False,1576575,250.07999999999998,3.0
1,6,0,0,4,4,False,1576575,245.91200000000003,3.0
1,6,0,0,3,5,False,945945,229.24,4.0
1,6,0,0,2,6,False,315315,200.064,4.0
1,6,0,0,1,7,False,45045,158.38400000000001,5.0
1,5,9,0,0,0,False,30030,192.85000000000002,4.0
1,5,8,1,0,0,False,270270,200.97000000000003,4.545454545454545
1,5,8,0,1,0,False,270270,200.97000000000003,4.0
1,5,7,2,0,0,False,1081080,207.06000000000003,4.166666666666667
1,5,7,1,1,0,False,2162160,208.7855000000001,3.6363636363636362
1,5,7,0,2,0,False,1081080,207.06000000000006,4.0
1,5,7,0,1,1,False,1081080,200.15800000000007,4.0
1,5,6,3,0,0,False,2522520,211.12,3.846153846153846
1,5,6,2,1,0,False,7567560,214.36800000000002,4.166666666666667
1,5,6,1,2,0,False,7567560,214.36800000000002,3.6363636363636362
1,5,6,1,1,1,True,7567560,207.22240000000002,3.6363636363636362
1,5,6,0,3,0,False,2522520,211.12000000000003,4.0
1,5,6,0,2,1,False,5045040,214.36800000000005,4.0
1,5,6,0,1,2,False,2522520,198.12800000000001,4.0
1,5,5,4,0,0,False,3783780,213.14999999999998,3.5714285714285716
1,5,5,3,1,0,False,15135120,217.71750000000003,3.846153846153846
1,5,5,2,2,0,False,22702680,219.24,4.166666666666667
1,5,5,2,1,1,True,22702680,211.93200000000002,4.166666666666667
1,5,5,1,3,0,False,15135120,217.71750000000003,3.6363636363636362
1,5,5,1,2,1,True,30270240,221.06700000000004,3.6363636363636362
1,5,5,1,1,2,True,15135120,204.31950000000003,3.6363636363636362
1,5,5,0,4,0,False,3783780,213.15,4.0
1,5,5,0,3,1,False,11351340,225.33000000000004,4.0
1,5,5,0,2,2,False,11351340,219.24,4.0
1,5,5,0,1,3,False,3783780,194.88,4.0
1,5,4,5,0,0,False,3783780,213.14999999999998,4.0
1,5,4,4,1,0,False,18918900,218.83400000000003,3.5714285714285716
1,5,4,3,2,0,False,37837800,221.67600000000002,3.846153846153846
1,5,4,3,1,1,True,37837800,214.28680000000003,3.846153846153846
1,5,4,2,3,0,False,37837800,221.67600000000002,3.3333333333333335
1,5,4,2,2,1,True,75675600,225.0864,3.3333333333333335
1,5,4,2,1,2,True,37837800,208.03439999999998,4.166666666666667
1,5,4,1,4,0,False,18918900,218.834,3.6363636363636362
1,5,4,1,3,1,True,56756700,231.33880000000002,3.6363636363636362
1,5,4,1,2,2,True,56756700,225.08640000000005,3.6363636363636362
1,5,4,1,1,3,True,18918900,200.07680000000005,4.545454545454545
1,5,4,0,5,0,False,3783780,213.15,4.0
1,5,4,0,4,1,False,15135120,233.044,4.0
1,5,4,0,3,2,False,22702680,235.88600000000002,4.0
1,5,4,0,2,3,False,15135120,221.67600000000004,4.0
1,5,4,0,1,4,False,3783780,190.41400000000002,4.0
1,5,3,6,0,0,False,2522520,211.12000000000003,3.75
1,5,3,5,1,0,False,15135120,217.71750000000003,4.0
1,5,3,4,2,0,False,37837800,221.676,3.5714285714285716
1,5,3,4,1,1,True,37837800,214.2868,3.5714285714285716
1,5,3,3,3,0,False,50450400,222.99550000000005,3.846153846153846
1,5,3,3,2,1,True,100900800,226.42620000000002,3.846153846153846
1,5,3,3,1,2,True,50450400,209.27270000000001,3.846153846153846
1,5,3,2,4,0,False,37837800,221.67600000000002,3.3333333333333335
1,5,3,2,3,1,True,113513400,234.3432,3.3333333333333335
1,5,3,2,2,2,True,113513400,228.0096,3.3333333333333335
1,5,3,2,1,3,True,37837800,202.67520000000002,4.166666666666667
1,5,3,1,5,0,False,15135120,217.71750000000003,3.6363636363636362
1,5,3,1,4,1,True,60540480,238.03780000000003,3.6363636363636362
1,5,3,1,3,2,True,90810720,240.94070000000005,3.6363636363636362
1,5,3,1,2,3,True,60540480,226.42620000000002,3.6363636363636362
1,5,3,1,1,4,True,15135120,194.49430000000004,4.545454545454545
1,5,3,0,6,0,False,2522520,197.925,4.0
1,5,3,0,5,1,False,12612600,237.51,4.0
1,5,3,0,4,2,False,25225200,248.06600000000003,3.0
1,5,3,0,3,3,False,25225200,242.788,4.0
1,5,3,0,2,4,False,12612600,221.67600000000004,4.0
1,5,3,0,1,5,False,2522520,184.73000000000002,4.0
1,5,2,7,0,0,False,1081080,207.06000000000003,4.117647058823529
1,5,2,6,1,0,False,7567560,214.36800000000005,3.75
1,5,2,5,2,0,False,22702680,219.24,4.0
1,5,2,5,1,1,True,22702680,211.93200000000002,4.0
1,5,2,4,3,0,False,37837800,221.67600000000004,3.5714285714285716
1,5,2,4,2,1,True,75675600,225.0864,3.5714285714285716
1,5,2,4,1,2,True,37837800,208.0344,3.5714285714285716
1,5,2,3,4,0,False,37837800,221.676,3.846153846153846
1,5,2,3,3,1,True,113513400,234.34320000000002,3.846153846153846
1,5,2,3,2,2,True,113513400,228.0096,3.846153846153846
1,5,2,3,1,3,True,37837800,202.6752,3.846153846153846
1,5,2,2,5,0,False,22702680,219.24,4.166666666666667
1,5,2,2,4,1,True,90810720,239.70240000000004,3.3333333333333335
1,5,2,2,3,2,True,136216080,242.62560000000002,3.3333333333333335
1,5,2,2,2,3,True,90810720,228.00960000000003,3.3333333333333335
1,5,2,2,1,4,True,22702680,195.85440000000003,4.166666666666667
1,5,2,1,6,0,False,7567560,200.97000000000003,4.545454545454545
1,5,2,1,5,1,True,37837800,241.16400000000002,3.6363636363636362
1,5,2,1,4,2,True,75675600,251.88240000000008,3.6363636363636362
1,5,2,1,3,3,True,75675600,246.5232,3.6363636363636362
1,5,2,1,2,4,True,37837800,225.08640000000005,3.6363636363636362
1,5,2,1,1,5,True,7567560,187.572,4.545454545454545
1,5,2,0,7,0,False,1081080,182.70000000000002,5.0
1,5,2,0,6,1,False,6486480,219.24,4.0
1,5,2,0,5,2,False,16216200,255.78000000000003,3.0
1,5,2,0,4,3,False,21621600,258.21600000000007,3.0
1,5,2,0,3,4,False,16216200,246.03600000000006,3.0
1,5,2,0,2,5,False,6486480,219.24,4.0
1,5,2,0,1,6,False,1081080,177.828,5.0
1,5,1,8,0,0,False,270270,200.97000000000003,3.888888888888889
1,5,1,7,1,0,False,2162160,208.78550000000004,4.117647058823529
1,5,1,6,2,0,False,7567560,214.368,3.75
1,5,1,6,1,1,True,7567560,207.22240000000002,3.75
1,5,1,5,3,0,False,15135120,217.71750000000003,4.0
1,5,1,5,2,1,True,30270240,221.067,4.0
1,5,1,5,1,2,True,15135120,204.3195,4.0
1,5,1,4,4,0,False,18918900,218.834,3.5714285714285716
1,5,1,4,3,1,True,56756700,231.33880000000002,3.5714285714285716
1,5,1,4,2,2,True,56756700,225.0864,3.5714285714285716
1,5,1,4,1,3,True,18918900,200.0768,4.285714285714286
1,5,1,3,5,0,False,15135120,217.71750000000003,3.846153846153846
1,5,1,3,4,1,True,60540480,238.03780000000003,3.846153846153846
1,5,1,3,3,2,True,90810720,240.94070000000005,3.0769230769230766
1,5,1,3,2,3,True,60540480,226.42620000000002,3.846153846153846
1,5,1,3,1,4,True,15135120,194.49430000000004,3.846153846153846
1,5,1,2,6,0,False,7567560,200.97000000000003,4.166666666666667
1,5,1,2,5,1,True,37837800,241.16400000000002,3.3333333333333335
1,5,1,2,4,2,True,75675600,251.88240000000002,3.3333333333333335
1,5,1,2,3,3,True,75675600,246.52320000000003,3.3333333333333335
1,5,1,2,2,4,True,37837800,225.08640000000003,3.3333333333333335
1,5,1,2,1,5,True,7567560,187.572,4.166666666666667
1,5,1,1,7,0,False,2162160,184.22250000000005,4.545454545454545
1,5,1,1,6,1,True,12972960,221.06700000000004,3.6363636363636362
1,5,1,1,5,2,True,32432400,257.91150000000005,3.6363636363636362
1,5,1,1,4,3,True,43243200,260.36780000000005,3.6363636363636362
1,5,1,1,3,4,True,32432400,248.08630000000008,3.6363636363636362
1,5,1,1,2,5,True,12972960,221.06700000000004,3.6363636363636362
1,5,1,1,1,6,True,2162160,179.30990000000003,4.545454545454545
1,5,1,0,8,0,False,270270,167.47500000000002,5.0
1,5,1,0,7,1,False,1891890,200.97000000000003,4.0
1,5,1,0,6,2,False,5675670,234.46500000000003,4.0
1,5,1,0,5,3,False,9459450,267.96,3.0
1,5,1,0,4,4,False,9459450,263.4940000000001,3.0
1,5,1,0,3,5,False,5675670,245.63000000000002,4.0
1,5,1,0,2,6,False,1891890,214.368,4.0
1,5,1,0,1,7,False,270270,169.708,5.0
1,5,0,9,0,0,False,30030,192.85,4.2105263157894735
1,5,0,8,1,0,False,270270,200.97000000000003,3.888888888888889
1,5,0,7,2,0,False,1081080,207.06000000000003,4.117647058823529
1,5,0,7,1,1,False,1081080,200.15800000000004,4.117647058823529
1,5,0,6,3,0,False,2522520,211.12000000000003,3.75
1,5,0,6,2,1,False,5045040,214.368,3.75
1,5,0,6,1,2,False,2522520,198.12800000000001,3.75
1,5,0,5,4,0,False,3783780,213.14999999999998,4.0
1,5,0,5,3,1,False,11351340,225.32999999999998,3.3333333333333335
1,5,0,5,2,2,False,11351340,219.24,4.0
1,5,0,5,1,3,False,3783780,194.88000000000002,4.0
1,5,0,4,5,0,False,3783780,213.14999999999998,3.5714285714285716
1,5,0,4,4,1,False,15135120,233.04400000000004,3.5714285714285716
1,5,0,4,3,2,False,22702680,235.886,3.5714285714285716
1,5,0,4,2,3,False,15135120,221.67600000000004,3.5714285714285716
1,5,0,4,1,4,False,3783780,190.41400000000002,4.285714285714286
1,5,0,3,6,0,False,2522520,197.925,3.846153846153846
1,5,0,3,5,1,False,12612600,237.51000000000002,3.846153846153846
1,5,0,3,4,2,False,25225200,248.06600000000003,3.0769230769230766
1,5,0,3,3,3,False,25225200,242.78800000000004,3.0769230769230766
1,5,0,3,2,4,False,12612600,221.67600000000004,3.846153846153846
1,5,0,3,1,5,False,2522520,184.73,4.615384615384615
1,5,0,2,7,0,False,1081080,182.7,4.166666666666667
1,5,0,2,6,1,False,6486480,219.24,4.166666666666667
1,5,0,2,5,2,False,16216200,255.78,3.3333333333333335
1,5,0,2,4,3,False,21621600,258.216,3.3333333333333335
1,5,0,2,3,4,False,16216200,246.0360000000001,3.3333333333333335
1,5,0,2,2,5,False,6486480,219.24,4.166666666666667
1,5,0,2,1,6,False,1081080,177.828,4.166666666666667
1,5,0,1,8,0,False,270270,167.47500000000002,4.545454545454545
1,5,0,1,7,1,False,1891890,200.97000000000003,4.545454545454545
1,5,0,1,6,2,False,5675670,234.46500000000003,3.6363636363636362
1,5,0,1,5,3,False,9459450,267.96000000000004,3.6363636363636362
1,5,0,1,4,4,False,9459450,263.4940000000001,3.6363636363636362
1,5,0,1,3,5,False,5675670,245.63000000000002,3.6363636363636362
1,5,0,1,2,6,False,1891890,214.36800000000002,3.6363636363636362
1,5,0,1,1,7,False,270270,169.70800000000003,4.545454545454545
1,5,0,0,9,0,False,30030,152.25,5.0
1,5,0,0,8,1,False,240240,182.70000000000002,5.0
1,5,0,0,7,2,False,840840,213.15,4.0
1,5,0,0,6,3,False,1681680,243.60000000000002,4.0
1,5,0,0,5,4,False,2102100,274.05,3.0
1,5,0,0,4,5,False,1681680,263.90000000000003,3.0
1,5,0,0,3,6,False,840840,241.57,4.0
1,5,0,0,2,7,False,240240,207.06,4.0
1,5,0,0,1,8,False,30030,160.37,5.0
1,4,10,0,0,0,False,15015,197.60000000000002,4.0
1,4,9,1,0,0,False,150150,206.49200000000002,3.6363636363636362
1,4,9,0,1,0,False,150150,206.49200000000002,4.0
1,4,8,2,0,0,False,675675,213.40800000000004,4.166666666666667
1,4,8,1,1,0,False,1351350,215.18640000000005,3.6363636363636362
1,4,8,0,2,0,False,675675,213.40800000000002,4.0
1,4,8,0,1,1,False,675675,206.29440000000005,4.0
1,4,7,3,0,0,False,1801800,218.34800000000004,3.846153846153846
1,4,7,2,1,0,False,5405400,221.70720000000006,3.3333333333333335
1,4,7,1,2,0,False,5405400,221.70720000000003,3.6363636363636362
1,4,7,1,1,1,True,5405400,214.31696000000008,3.6363636363636362
1,4,7,0,3,0,False,1801800,218.34800000000007,4.0
1,4,7,0,2,1,False,3603600,221.70720000000003,4.0
1,4,7,0,1,2,False,1801800,204.9112,4.0
1,4,6,4,0,0,False,3153150,221.31200000000004,3.5714285714285716
1,4,6,3,1,0,False,12612600,226.05440000000004,3.846153846153846
1,4,6,2,2,0,False,18918900,227.63520000000003,3.3333333333333335
1,4,6,2,1,1,True,18918900,220.04736000000008,4.166666666666667
1,4,6,1,3,0,False,12612600,226.05440000000007,3.6363636363636362
1,4,6,1,2,1,True,25225200,229.53216000000006,3.6363636363636362
1,4,6,1,1,2,True,12612600,212.14336000000006,3.6363636363636362
1,4,6,0,4,0,False,3153150,221.312,4.0
1,4,6,0,3,1,False,9459450,233.95840000000004,4.0
1,4,6,0,2,2,False,9459450,227.63520000000005,4.0
1,4,6,0,1,3,False,3153150,202.34240000000003,4.0
1,4,5,5,0,0,False,3783780,222.3,3.3333333333333335
1,4,5,4,1,0,False,18918900,228.228,3.5714285714285716
1,4,5,3,2,0,False,37837800,231.192,3.846153846153846
1,4,5,3,1,1,True,37837800,223.48560000000006,3.846153846153846
1,4,5,2,3,0,False,37837800,231.192,3.3333333333333335
1,4,5,2,2,1,True,75675600,234.74880000000002,3.3333333333333335
1,4,5,2,1,2,True,37837800,216.9648,4.166666666666667
1,4,5,1,4,0,False,18918900,228.228,3.6363636363636362
1,4,5,1,3,1,True,56756700,241.26960000000003,3.6363636363636362
1,4,5,1,2,2,True,56756700,234.74880000000005,3.6363636363636362
1,4,5,1,1,3,True,18918900,208.66560000000004,3.6363636363636362
1,4,5,0,5,0,False,3783780,222.3,4.0
1,4,5,0,4,1,False,15135120,243.048,4.0
1,4,5,0,3,2,False,22702680,246.01200000000006,3.0
1,4,5,0,2,3,False,15135120,231.192,4.0
1,4,5,0,1,4,False,3783780,198.58800000000002,4.0
1,4,4,6,0,0,False,3153150,221.312,3.75
1,4,4,5,1,0,False,18918900,228.228,3.3333333333333335
1,4,4,4,2,0,False,47297250,232.37759999999994,3.5714285714285716
1,4,4,4,1,1,True,47297250,224.63168,3.5714285714285716
1,4,4,3,3,0,False,63063000,233.76080000000002,3.846153846153846
1,4,4,3,2,1,True,126126000,237.35712,3.846153846153846
1,4,4,3,1,2,True,63063000,219.37552,3.846153846153846
1,4,4,2,4,0,False,47297250,232.37759999999994,3.3333333333333335
1,4,4,2,3,1,True,141891750,245.65631999999997,3.3333333333333335
1,4,4,2,2,2,True,141891750,239.01695999999995,3.3333333333333335
1,4,4,2,1,3,True,47297250,212.45952,4.166666666666667
1,4,4,1,5,0,False,18918900,228.228,3.6363636363636362
1,4,4,1,4,1,True,75675600,249.52928,3.6363636363636362
1,4,4,1,3,2,True,113513400,252.57232000000005,3.6363636363636362
1,4,4,1,2,3,True,75675600,237.35712,3.6363636363636362
1,4,4,1,1,4,True,18918900,203.88368,3.6363636363636362
1,4,4,0,6,0,False,3153150,207.48,4.0
1,4,4,0,5,1,False,15765750,248.976,3.0
1,4,4,0,4,2,False,31531500,260.04159999999996,3.0
1,4,4,0,3,3,False,31531500,254.50879999999998,3.0
1,4,4,0,2,4,False,15765750,232.3776,4.0
1,4,4,0,1,5,False,3153150,193.64799999999997,4.0
1,4,3,7,0,0,False,1801800,218.34800000000007,3.529411764705882
1,4,3,6,1,0,False,12612600,226.05440000000004,3.75
1,4,3,5,2,0,False,37837800,231.192,3.3333333333333335
1,4,3,5,1,1,True,37837800,223.48560000000003,3.3333333333333335
1,4,3,4,3,0,False,63063000,233.76080000000005,3.5714285714285716
1,4,3,4,2,1,True,126126000,237.35712,3.5714285714285716
1,4,3,4,1,2,True,63063000,219.37552000000002,3.5714285714285716
1,4,3,3,4,0,False,63063000,233.76080000000005,3.846153846153846
1,4,3,3,3,1,True,189189000,247.11856000000003,3.0769230769230766
1,4,3,3,2,2,True,189189000,240.43968000000004,3.0769230769230766
1,4,3,3,1,3,True,63063000,213.72416000000004,3.846153846153846
1,4,3,2,5,0,False,37837800,231.192,3.3333333333333335
1,4,3,2,4,1,True,151351200,252.76992000000004,3.3333333333333335
1,4,3,2,3,2,True,227026800,255.85248000000004,3.3333333333333335
1,4,3,2,2,3,True,151351200,240.43968,3.3333333333333335
1,4,3,2,1,4,True,37837800,206.53152000000003,4.166666666666667
1,4,3,1,6,0,False,12612600,211.92600000000004,3.6363636363636362
1,4,3,1,5,1,True,63063000,254.31120000000004,3.6363636363636362
1,4,3,1,4,2,True,126126000,265.61392000000006,3.6363636363636362
1,4,3,1,3,3,True,126126000,259.96256000000005,3.6363636363636362
1,4,3,1,2,4,True,63063000,237.3571200000001,3.6363636363636362
1,4,3,1,1,5,True,12612600,197.79760000000005,4.545454545454545
1,4,3,0,7,0,False,1801800,192.66000000000003,4.0
1,4,3,0,6,1,False,10810800,231.192,4.0
1,4,3,0,5,2,False,27027000,269.72400000000005,3.0
1,4,3,0,4,3,False,36036000,272.29280000000006,3.0
1,4,3,0,3,4,False,27027000,259.44880000000006,3.0
1,4,3,0,2,5,False,10810800,231.192,4.0
1,4,3,0,1,6,False,1801800,187.52240000000003,4.0
1,4,2,8,0,0,False,675675,213.40800000000002,3.888888888888889
1,4,2,7,1,0,False,5405400,221.70720000000006,3.529411764705882
1,4,2,6,2,0,False,18918900,227.6352,3.75
1,4,2,6,1,1,True,18918900,220.04736000000003,3.75
1,4,2,5,3,0,False,37837800,231.192,3.3333333333333335
1,4,2,5,2,1,True,75675600,234.74880000000002,3.3333333333333335
1,4,2,5,1,2,True,37837800,216.96479999999997,4.0
1,4,2,4,4,0,False,47297250,232.37759999999994,3.5714285714285716
1,4,2,4,3,1,True,141891750,245.65631999999997,3.5714285714285716
1,4,2,4,2,2,True,141891750,239.01696,3.5714285714285716
1,4,2,4,1,3,True,47297250,212.45952,3.5714285714285716
1,4,2,3,5,0,False,37837800,231.192,3.846153846153846
1,4,2,3,4,1,True,151351200,252.76992,3.0769230769230766
1,4,2,3,3,2,True,227026800,255.85248000000004,3.0769230769230766
1,4,2,3,2,3,True,151351200,240.43968,3.0769230769230766
1,4,2,3,1,4,True,37837800,206.53152000000003,3.846153846153846
1,4,2,2,6,0,False,18918900,213.408,4.166666666666667
1,4,2,2,5,1,True,94594500,256.0896,3.3333333333333335
1,4,2,2,4,2,True,189189000,267.47136,3.3333333333333335
1,4,2,2,3,3,True,189189000,261.78047999999995,3.3333333333333335
1,4,2,2,2,4,True,94594500,239.01695999999998,3.3333333333333335
1,4,2,2,1,5,True,18918900,199.18079999999998,4.166666666666667
1,4,2,1,7,0,False,5405400,195.62400000000002,4.545454545454545
1,4,2,1,6,1,True,32432400,234.74880000000005,3.6363636363636362
1,4,2,1,5,2,True,81081000,273.8736,2.727272727272727
1,4,2,1,4,3,True,108108000,276.48192,2.727272727272727
1,4,2,1,3,4,True,81081000,263.4403200000001,3.6363636363636362
1,4,2,1,2,5,True,32432400,234.74880000000005,3.6363636363636362
1,4,2,1,1,6,True,5405400,190.40736,4.545454545454545
1,4,2,0,8,0,False,675675,177.84,5.0
1,4,2,0,7,1,False,4729725,213.40800000000002,4.0
1,4,2,0,6,2,False,14189175,248.976,3.0
1,4,2,0,5,3,False,23648625,284.544,3.0
1,4,2,0,4,4,False,23648625,279.8016,3.0
1,4,2,0,3,5,False,14189175,260.83200000000005,3.0
1,4,2,0,2,6,False,4729725,227.6352,4.0
1,4,2,0,1,7,False,675675,180.2112,5.0
1,4,1,9,0,0,False,150150,206.49200000000002,3.68421052631579
1,4,1,8,1,0,False,1351350,215.18640000000005,3.888888888888889
1,4,1,7,2,0,False,5405400,221.70720000000006,3.529411764705882
1,4,1,7,1,1,True,5405400,214.31696000000008,3.529411764705882
1,4,1,6,3,0,False,12612600,226.0544000000001,3.75
1,4,1,6,2,1,True,25225200,229.5321600000001,3.75
1,4,1,6,1,2,True,12612600,212.14336000000003,3.75
1,4,1,5,4,0,False,18918900,228.228,3.3333333333333335
1,4,1,5,3,1,True,56756700,241.26960000000003,3.3333333333333335
1,4,1,5,2,2,True,56756700,234.74880000000005,3.3333333333333335
1,4,1,5,1,3,True,18918900,208.66560000000004,4.0
1,4,1,4,5,0,False,18918900,228.22800000000004,3.5714285714285716
1,4,1,4,4,1,True,75675600,249.52928000000009,3.5714285714285716
1,4,1,4,3,2,True,113513400,252.57232000000005,3.5714285714285716
1,4,1,4,2,3,True,75675600,237.35712000000004,3.5714285714285716
1,4,1,4,1,4,True,18918900,203.88368000000003,4.285714285714286
1,4,1,3,6,0,False,12612600,211.92600000000004,3.846153846153846
1,4,1,3,5,1,True,63063000,254.31120000000007,3.0769230769230766
1,4,1,3,4,2,True,126126000,265.61392000000006,3.0769230769230766
1,4,1,3,3,3,True,126126000,259.9625600000001,3.0769230769230766
1,4,1,3,2,4,True,63063000,237.3571200000001,3.846153846153846
1,4,1,3,1,5,True,12612600,197.79760000000002,3.846153846153846
1,4,1,2,7,0,False,5405400,195.62400000000005,4.166666666666667
1,4,1,2,6,1,True,32432400,234.74880000000005,3.3333333333333335
1,4,1,2,5,2,True,81081000,273.87360000000007,3.3333333333333335
1,4,1,2,4,3,True,108108000,276.48192000000006,3.3333333333333335
1,4,1,2,3,4,True,81081000,263.4403200000001,3.3333333333333335
1,4,1,2,2,5,True,32432400,234.74880000000005,3.3333333333333335
1,4,1,2,1,6,True,5405400,190.40736000000007,4.166666666666667
1,4,1,1,8,0,False,1351350,179.32200000000006,4.545454545454545
1,4,1,1,7,1,True,9459450,215.18640000000008,3.6363636363636362
1,4,1,1,6,2,True,28378350,251.0508000000001,3.6363636363636362
1,4,1,1,5,3,True,47297250,286.9152000000001,2.727272727272727
1,4,1,1,4,4,True,47297250,282.1332800000002,2.727272727272727
1,4,1,1,3,5,True,28378350,263.0056000000001,3.6363636363636362
1,4,1,1,2,6,True,9459450,229.53216000000006,3.6363636363636362
1,4,1,1,1,7,True,1351350,181.7129600000001,4.545454545454545
1,4,1,0,9,0,False,150150,163.02000000000004,5.0
1,4,1,0,8,1,False,1201200,195.62400000000005,4.0
1,4,1,0,7,2,False,4204200,228.22800000000007,4.0
1,4,1,0,6,3,False,8408400,260.83200000000005,3.0
1,4,1,0,5,4,False,10510500,293.4360000000001,3.0
1,4,1,0,4,5,False,8408400,282.5680000000001,3.0
1,4,1,0,3,6,False,4204200,258.65840000000003,3.0
1,4,1,0,2,7,False,1201200,221.70720000000006,4.0
1,4,1,0,1,8,False,150150,171.71440000000007,5.0
1,4,0,10,0,0,False,15015,197.60000000000002,4.0
1,4,0,9,1,0,False,150150,206.49200000000002,3.68421052631579
1,4,0,8,2,0,False,675675,213.40800000000002,3.888888888888889
1,4,0,8,1,1,False,675675,206.29440000000002,3.888888888888889
1,4,0,7,3,0,False,1801800,218.34800000000007,3.529411764705882
1,4,0,7,2,1,False,3603600,221.70720000000006,3.529411764705882
1,4,0,7,1,2,False,1801800,204.91120000000004,4.117647058823529
1,4,0,6,4,0,False,3153150,221.312,3.75
1,4,0,6,3,1,False,9459450,233.95840000000004,3.75
1,4,0,6,2,2,False,9459450,227.63520000000005,3.75
1,4,0,6,1,3,False,3153150,202.34240000000003,3.75
1,4,0,5,5,0,False,3783780,222.3,3.3333333333333335
1,4,0,5,4,1,False,15135120,243.04800000000006,3.3333333333333335
1,4,0,5,3,2,False,22702680,246.01200000000006,3.3333333333333335
1,4,0,5,2,3,False,15135120,231.192,3.3333333333333335
1,4,0,5,1,4,False,3783780,198.58800000000002,4.0
1,4,0,4,6,0,False,3153150,207.48000000000002,3.5714285714285716
1,4,0,4,5,1,False,15765750,248.97600000000003,3.5714285714285716
1,4,0,4,4,2,False,31531500,260.0416,2.857142857142857
1,4,0,4,3,3,False,31531500,254.50880000000004,3.5714285714285716
1,4,0,4,2,4,False,15765750,232.37760000000003,3.5714285714285716
1,4,0,4,1,5,False,3153150,193.64799999999997,4.285714285714286
1,4,0,3,7,0,False,1801800,192.66000000000003,3.846153846153846
1,4,0,3,6,1,False,10810800,231.19200000000004,3.846153846153846
1,4,0,3,5,2,False,27027000,269.72400000000005,3.0769230769230766
1,4,0,3,4,3,False,36036000,272.29280000000006,3.0769230769230766
1,4,0,3,3,4,False,27027000,259.44880000000006,3.0769230769230766
1,4,0,3,2,5,False,10810800,231.19200000000004,3.846153846153846
1,4,0,3,1,6,False,1801800,187.52240000000003,4.615384615384615
1,4,0,2,8,0,False,675675,177.84,4.166666666666667
1,4,0,2,7,1,False,4729725,213.40800000000004,4.166666666666667
1,4,0,2,6,2,False,14189175,248.976,3.3333333333333335
1,4,0,2,5,3,False,23648625,284.544,3.3333333333333335
1,4,0,2,4,4,False,23648625,279.8016,3.3333333333333335
1,4,0,2,3,5,False,14189175,260.83200000000005,3.3333333333333335
1,4,0,2,2,6,False,4729725,227.63520000000003,3.3333333333333335
1,4,0,2,1,7,False,675675,180.21120000000002,4.166666666666667
1,4,0,1,9,0,False,150150,163.02000000000004,4.545454545454545
1,4,0,1,8,1,False,1201200,195.62400000000005,4.545454545454545
1,4,0,1,7,2,False,4204200,228.22800000000004,3.6363636363636362
1,4,0,1,6,3,False,8408400,260.83200000000005,3.6363636363636362
1,4,0,1,5,4,False,10510500,293.4360000000001,2.727272727272727
1,4,0,1,4,5,False,8408400,282.5680000000001,2.727272727272727
1,4,0,1,3,6,False,4204200,258.65840000000003,3.6363636363636362
1,4,0,1,2,7,False,1201200,221.70720000000003,3.6363636363636362
1,4,0,1,1,8,False,150150,171.71440000000004,4.545454545454545
1,4,0,0,10,0,False,15015,148.20000000000002,5.0
1,4,0,0,9,1,False,135135,177.84000000000003,5.0
1,4,0,0,8,2,False,540540,207.48000000000002,4.0
1,4,0,0,7,3,False,1261260,237.12,4.0
1,4,0,0,6,4,False,1891890,266.76000000000005,3.0
1,4,0,0,5,5,False,1891890,296.40000000000003,3.0
1,4,0,0,4,6,False,1261260,280.59200000000004,3.0
1,4,0,0,3,7,False,540540,252.92800000000008,3.0
1,4,0,0,2,8,False,135135,213.40800000000002,4.0
1,4,0,0,1,9,False,15015,162.032,5.0
1,3,11,0,0,0,False,5460,201.81000000000003,4.0
1,3,10,1,0,0,False,60060,211.42000000000004,3.6363636363636362
1,3,10,0,1,0,False,60060,211.42000000000004,4.0
1,3,9,2,0,0,False,300300,219.108,4.166666666666667
1,3,9,1,1,0,False,600600,220.93390000000005,3.6363636363636362
1,3,9,0,2,0,False,300300,219.108,4.0
1,3,9,0,1,1,False,300300,211.80440000000004,4.0
1,3,8,3,0,0,False,900900,224.87400000000002,3.846153846153846
1,3,8,2,1,0,False,2702700,228.33360000000002,3.3333333333333335
1,3,8,1,2,0,False,2702700,228.33360000000002,3.6363636363636362
1,3,8,1,1,1,True,2702700,220.72248000000005,3.6363636363636362
1,3,8,0,3,0,False,900900,224.87400000000002,4.0
1,3,8,0,2,1,False,1801800,228.33360000000005,4.0
1,3,8,0,1,2,False,900900,211.0356,4.0
1,3,7,4,0,0,False,1801800,228.71800000000002,3.5714285714285716
1,3,7,3,1,0,False,7207200,233.61910000000006,3.846153846153846
1,3,7,2,2,0,False,10810800,235.25280000000004,3.3333333333333335
1,3,7,2,1,1,True,10810800,227.4110400000001,3.3333333333333335
1,3,7,1,3,0,False,7207200,233.6191000000001,3.6363636363636362
1,3,7,1,2,1,True,14414400,237.21324000000007,3.6363636363636362
1,3,7,1,1,2,True,7207200,219.24254000000008,3.6363636363636362
1,3,7,0,4,0,False,1801800,228.71800000000005,4.0
1,3,7,0,3,1,False,5405400,241.78760000000003,4.0
1,3,7,0,2,2,False,5405400,235.25280000000004,4.0
1,3,7,0,1,3,False,1801800,209.11360000000005,4.0
1,3,6,5,0,0,False,2522520,230.64000000000004,3.3333333333333335
1,3,6,4,1,0,False,12612600,236.79040000000006,3.5714285714285716
1,3,6,3,2,0,False,25225200,239.86560000000006,3.0769230769230766
1,3,6,3,1,1,True,25225200,231.8700800000001,3.846153846153846
1,3,6,2,3,0,False,25225200,239.86560000000003,3.3333333333333335
1,3,6,2,2,1,True,50450400,243.55584000000002,3.3333333333333335
1,3,6,2,1,2,True,25225200,225.10464000000002,3.3333333333333335
1,3,6,1,4,0,False,12612600,236.79040000000003,3.6363636363636362
1,3,6,1,3,1,True,37837800,250.32128000000003,3.6363636363636362
1,3,6,1,2,2,True,37837800,243.55584000000005,3.6363636363636362
1,3,6,1,1,3,True,12612600,216.49408000000005,3.6363636363636362
1,3,6,0,5,0,False,2522520,230.64000000000001,4.0
1,3,6,0,4,1,False,10090080,252.16640000000004,3.0
1,3,6,0,3,2,False,15135120,255.24160000000006,3.0
1,3,6,0,2,3,False,10090080,239.86560000000006,4.0
1,3,6,0,1,4,False,2522520,206.03840000000005,4.0
1,3,5,6,0,0,False,2522520,230.64000000000001,3.75
1,3,5,5,1,0,False,15135120,237.84750000000003,3.3333333333333335
1,3,5,4,2,0,False,37837800,242.172,3.5714285714285716
1,3,5,4,1,1,True,37837800,234.0996,3.5714285714285716
1,3,5,3,3,0,False,50450400,243.61350000000002,3.0769230769230766
1,3,5,3,2,1,True,100900800,247.36140000000003,3.0769230769230766
1,3,5,3,1,2,True,50450400,228.6219,3.846153846153846
1,3,5,2,4,0,False,37837800,242.172,3.3333333333333335
1,3,5,2,3,1,True,113513400,256.0104,3.3333333333333335
1,3,5,2,2,2,True,113513400,249.0912,3.3333333333333335
1,3,5,2,1,3,True,37837800,221.41440000000003,3.3333333333333335
1,3,5,1,5,0,False,15135120,237.84750000000005,3.6363636363636362
1,3,5,1,4,1,True,60540480,260.04660000000007,3.6363636363636362
1,3,5,1,3,2,True,90810720,263.21790000000004,3.6363636363636362
1,3,5,1,2,3,True,60540480,247.36140000000006,3.6363636363636362
1,3,5,1,1,4,True,15135120,212.47710000000006,3.6363636363636362
1,3,5,0,6,0,False,2522520,216.22500000000002,4.0
1,3,5,0,5,1,False,12612600,259.47,3.0
1,3,5,0,4,2,False,25225200,271.002,3.0
1,3,5,0,3,3,False,25225200,265.23600000000005,3.0
1,3,5,0,2,4,False,12612600,242.17200000000003,4.0
1,3,5,0,1,5,False,2522520,201.81,4.0
1,3,4,7,0,0,False,1801800,228.71800000000002,3.529411764705882
1,3,4,6,1,0,False,12612600,236.7904,3.125
1,3,4,5,2,0,False,37837800,242.17199999999997,3.3333333333333335
1,3,4,5,1,1,True,37837800,234.0996,3.3333333333333335
1,3,4,4,3,0,False,63063000,244.8628,3.5714285714285716
1,3,4,4,2,1,True,126126000,248.62992,3.5714285714285716
1,3,4,4,1,2,True,63063000,229.79431999999994,3.5714285714285716
1,3,4,3,4,0,False,63063000,244.8628,3.0769230769230766
1,3,4,3,3,1,True,189189000,258.85496,3.0769230769230766
1,3,4,3,2,2,True,189189000,251.85888,3.0769230769230766
1,3,4,3,1,3,True,63063000,223.87456,3.846153846153846
1,3,4,2,5,0,False,37837800,242.172,3.3333333333333335
1,3,4,2,4,1,True,151351200,264.77472,3.3333333333333335
1,3,4,2,3,2,True,227026800,268.00368000000003,3.3333333333333335
1,3,4,2,2,3,True,151351200,251.85888,3.3333333333333335
1,3,4,2,1,4,True,37837800,216.34032,4.166666666666667
1,3,4,1,6,0,False,12612600,221.991,3.6363636363636362
1,3,4,1,5,1,True,63063000,266.3892,3.6363636363636362
1,3,4,1,4,2,True,126126000,278.22872,2.727272727272727
1,3,4,1,3,3,True,126126000,272.30896,2.727272727272727
1,3,4,1,2,4,True,63063000,248.62992000000003,3.6363636363636362
1,3,4,1,1,5,True,12612600,207.19160000000002,3.6363636363636362
1,3,4,0,7,0,False,1801800,201.81,4.0
1,3,4,0,6,1,False,10810800,242.172,4.0
1,3,4,0,5,2,False,27027000,282.534,3.0
1,3,4,0,4,3,False,36036000,285.2248,3.0
1,3,4,0,3,4,False,27027000,271.77080000000007,3.0
1,3,4,0,2,5,False,10810800,242.172,4.0
1,3,4,0,1,6,False,1801800,196.42839999999998,4.0
1,3,3,8,0,0,False,900900,224.87400000000002,3.333333333333333
1,3,3,7,1,0,False,7207200,233.61910000000003,3.529411764705882
1,3,3,6,2,0,False,25225200,239.8656,3.125
1,3,3,6,1,1,True,25225200,231.87008000000003,3.75
1,3,3,5,3,0,False,50450400,243.6135,3.3333333333333335
1,3,3,5,2,1,True,100900800,247.3614,3.3333333333333335
1,3,3,5,1,2,True,50450400,228.6219,3.3333333333333335
1,3,3,4,4,0,False,63063000,244.86279999999996,3.5714285714285716
1,3,3,4,3,1,True,189189000,258.85496,2.857142857142857
1,3,3,4,2,2,True,189189000,251.85888,3.5714285714285716
1,3,3,4,1,3,True,63063000,223.87456,3.5714285714285716
1,3,3,3,5,0,False,50450400,243.6135,3.0769230769230766
1,3,3,3,4,1,True,201801600,266.35076,3.0769230769230766
1,3,3,3,3,2,True,302702400,269.5989400000001,3.0769230769230766
1,3,3,3,2,3,True,201801600,253.35804000000002,3.0769230769230766
1,3,3,3,1,4,True,50450400,217.62806000000003,3.846153846153846
1,3,3,2,6,0,False,25225200,224.87399999999997,3.3333333333333335
1,3,3,2,5,1,True,126126000,269.8488,3.3333333333333335
1,3,3,2,4,2,True,252252000,281.84208,3.3333333333333335
1,3,3,2,3,3,True,252252000,275.84544,3.3333333333333335
1,3,3,2,2,4,True,126126000,251.85888,3.3333333333333335
1,3,3,2,1,5,True,25225200,209.8824,4.166666666666667
1,3,3,1,7,0,False,7207200,206.1345,3.6363636363636362
1,3,3,1,6,1,True,43243200,247.3614,3.6363636363636362
1,3,3,1,5,2,True,108108000,288.58830000000006,2.727272727272727
1,3,3,1,4,3,True,144144000,291.33676,2.727272727272727
1,3,3,1,3,4,True,108108000,277.5944600000001,2.727272727272727
1,3,3,1,2,5,True,43243200,247.3614,3.6363636363636362
1,3,3,1,1,6,True,7207200,200.63758,4.545454545454545
1,3,3,0,8,0,False,900900,187.39499999999998,4.0
1,3,3,0,7,1,False,6306300,224.874,4.0
1,3,3,0,6,2,False,18918900,262.353,3.0
1,3,3,0,5,3,False,31531500,299.832,3.0
1,3,3,0,4,4,False,31531500,294.83480000000003,3.0
1,3,3,0,3,5,False,18918900,274.846,3.0
1,3,3,0,2,6,False,6306300,239.8656,4.0
1,3,3,0,1,7,False,900900,189.8936,4.0
1,3,2,9,0,0,False,300300,219.108,3.68421052631579
1,3,2,8,1,0,False,2702700,228.33360000000008,3.333333333333333
1,3,2,7,2,0,False,10810800,235.2528,3.529411764705882
1,3,2,7,1,1,True,10810800,227.41104000000007,3.529411764705882
1,3,2,6,3,0,False,25225200,239.86560000000006,3.125
1,3,2,6,2,1,True,50450400,243.55584000000005,3.125
1,3,2,6,1,2,True,25225200,225.10464000000002,3.75
1,3,2,5,4,0,False,37837800,242.17200000000003,3.3333333333333335
1,3,2,5,3,1,True,113513400,256.0104,3.3333333333333335
1,3,2,5,2,2,True,113513400,249.09120000000001,3.3333333333333335
1,3,2,5,1,3,True,37837800,221.4144,3.3333333333333335
1,3,2,4,5,0,False,37837800,242.172,3.5714285714285716
1,3,2,4,4,1,True,151351200,264.77472000000006,2.857142857142857
1,3,2,4,3,2,True,227026800,268.00368000000003,2.857142857142857
1,3,2,4,2,3,True,151351200,251.85888000000003,3.5714285714285716
1,3,2,4,1,4,True,37837800,216.34032000000005,3.5714285714285716
1,3,2,3,6,0,False,25225200,224.87400000000002,3.846153846153846
1,3,2,3,5,1,True,126126000,269.84880000000004,3.0769230769230766
1,3,2,3,4,2,True,252252000,281.84208,3.0769230769230766
1,3,2,3,3,3,True,252252000,275.84544000000005,3.0769230769230766
1,3,2,3,2,4,True,126126000,251.85888000000006,3.0769230769230766
1,3,2,3,1,5,True,25225200,209.88240000000002,3.846153846153846
1,3,2,2,7,0,False,10810800,207.57600000000002,4.166666666666667
1,3,2,2,6,1,True,64864800,249.09120000000001,3.3333333333333335
1,3,2,2,5,2,True,162162000,290.6064,3.3333333333333335
1,3,2,2,4,3,True,216216000,293.37408,3.3333333333333335
1,3,2,2,3,4,True,162162000,279.5356800000001,3.3333333333333335
1,3,2,2,2,5,True,64864800,249.09120000000001,3.3333333333333335
1,3,2,2,1,6,True,10810800,202.04064000000002,4.166666666666667
1,3,2,1,8,0,False,2702700,190.27800000000005,4.545454545454545
1,3,2,1,7,1,True,18918900,228.33360000000005,3.6363636363636362
1,3,2,1,6,2,True,56756700,266.3892000000001,3.6363636363636362
1,3,2,1,5,3,True,94594500,304.4448,2.727272727272727
1,3,2,1,4,4,True,94594500,299.3707200000001,2.727272727272727
1,3,2,1,3,5,True,56756700,279.0744000000001,2.727272727272727
1,3,2,1,2,6,True,18918900,243.55584000000002,3.6363636363636362
1,3,2,1,1,7,True,2702700,192.81504000000004,4.545454545454545
1,3,2,0,9,0,False,300300,172.98000000000002,5.0
1,3,2,0,8,1,False,2402400,207.57600000000002,4.0
1,3,2,0,7,2,False,8408400,242.17200000000003,4.0
1,3,2,0,6,3,False,16816800,276.768,3.0
1,3,2,0,5,4,False,21021000,311.36400000000003,3.0
1,3,2,0,4,5,False,16816800,299.83200000000005,3.0
1,3,2,0,3,6,False,8408400,274.46160000000003,3.0
1,3,2,0,2,7,False,2402400,235.25280000000004,4.0
1,3,2,0,1,8,False,300300,182.20560000000003,5.0
1,3,1,10,0,0,False,60060,211.42000000000004,3.5
1,3,1,9,1,0,False,600600,220.93390000000002,3.68421052631579
1,3,1,8,2,0,False,2702700,228.33360000000008,3.333333333333333
1,3,1,8,1,1,True,2702700,220.72248000000008,3.888888888888889
1,3,1,7,3,0,False,7207200,233.6191000000001,3.529411764705882
1,3,1,7,2,1,True,14414400,237.2132400000001,3.529411764705882
1,3,1,7,1,2,True,7207200,219.24254000000005,3.529411764705882
1,3,1,6,4,0,False,12612600,236.7904,3.125
1,3,1,6,3,1,True,37837800,250.3212800000001,3.125
1,3,1,6,2,2,True,37837800,243.55584000000005,3.125
1,3,1,6,1,3,True,12612600,216.49408000000005,3.75
1,3,1,5,5,0,False,15135120,237.84750000000003,3.3333333333333335
1,3,1,5,4,1,True,60540480,260.04660000000007,3.3333333333333335
1,3,1,5,3,2,True,90810720,263.21790000000004,3.3333333333333335
1,3,1,5,2,3,True,60540480,247.36140000000006,3.3333333333333335
1,3,1,5,1,4,True,15135120,212.47710000000006,4.0
1,3,1,4,6,0,False,12612600,221.991,3.5714285714285716
1,3,1,4,5,1,True,63063000,266.3892,2.857142857142857
1,3,1,4,4,2,True,126126000,278.22872000000007,2.857142857142857
1,3,1,4,3,3,True,126126000,272.30896,2.857142857142857
1,3,1,4,2,4,True,63063000,248.62992000000003,3.5714285714285716
1,3,1,4,1,5,True,12612600,207.1916,3.5714285714285716
1,3,1,3,7,0,False,7207200,206.13450000000003,3.846153846153846
1,3,1,3,6,1,True,43243200,247.36140000000003,3.0769230769230766
1,3,1,3,5,2,True,108108000,288.58830000000006,3.0769230769230766
1,3,1,3,4,3,True,144144000,291.33676000000014,3.0769230769230766
1,3,1,3,3,4,True,108108000,277.5944600000001,3.0769230769230766
1,3,1,3,2,5,True,43243200,247.36140000000003,3.0769230769230766
1,3,1,3,1,6,True,7207200,200.63758000000004,3.846153846153846
1,3,1,2,8,0,False,2702700,190.27800000000002,4.166666666666667
1,3,1,2,7,1,True,18918900,228.33360000000002,3.3333333333333335
1,3,1,2,6,2,True,56756700,266.3892,3.3333333333333335
1,3,1,2,5,3,True,94594500,304.44480000000004,2.5
1,3,1,2,4,4,True,94594500,299.3707200000001,2.5
1,3,1,2,3,5,True,56756700,279.0744,3.3333333333333335
1,3,1,2,2,6,True,18918900,243.55584000000002,3.3333333333333335
1,3,1,2,1,7,True,2702700,192.81504000000004,4.166666666666667
1,3,1,1,9,0,False,600600,174.42150000000004,4.545454545454545
1,3,1,1,8,1,True,4804800,209.30580000000003,3.6363636363636362
1,3,1,1,7,2,True,16816800,244.19010000000006,3.6363636363636362
1,3,1,1,6,3,True,33633600,279.0744000000001,2.727272727272727
1,3,1,1,5,4,True,42042000,313.95870000000014,2.727272727272727
1,3,1,1,4,5,True,33633600,302.3306000000001,2.727272727272727
1,3,1,1,3,6,True,16816800,276.74878000000007,2.727272727272727
1,3,1,1,2,7,True,4804800,237.21324000000007,3.6363636363636362
1,3,1,1,1,8,True,600600,183.72398000000007,4.545454545454545
1,3,1,0,10,0,False,60060,158.56500000000003,5.0
1,3,1,0,9,1,False,540540,190.27800000000002,4.0
1,3,1,0,8,2,False,2162160,221.99100000000004,4.0
1,3,1,0,7,3,False,5045040,253.70400000000006,3.0
1,3,1,0,6,4,False,7567560,285.4170000000001,3.0
1,3,1,0,5,5,False,7567560,317.13000000000005,3.0
1,3,1,0,4,6,False,5045040,300.2164,3.0
1,3,1,0,3,7,False,2162160,270.6176000000001,3.0
1,3,1,0,2,8,False,540540,228.33360000000005,4.0
1,3,1,0,1,9,False,60060,173.36440000000005,5.0
1,3,0,11,0,0,False,5460,201.81000000000003,3.8095238095238093
1,3,0,10,1,0,False,60060,211.42000000000004,3.5
1,3,0,9,2,0,False,300300,219.108,3.68421052631579
1,3,0,9,1,1,False,300300,211.80440000000004,3.68421052631579
1,3,0,8,3,0,False,900900,224.87400000000002,3.333333333333333
1,3,0,8,2,1,False,1801800,228.33360000000002,3.333333333333333
1,3,0,8,1,2,False,900900,211.03560000000004,3.888888888888889
1,3,0,7,4,0,False,1801800,228.71800000000002,3.529411764705882
1,3,0,7,3,1,False,5405400,241.78760000000003,3.529411764705882
1,3,0,7,2,2,False,5405400,235.2528,3.529411764705882
1,3,0,7,1,3,False,1801800,209.11360000000002,3.529411764705882
1,3,0,6,5,0,False,2522520,230.64000000000001,3.75
1,3,0,6,4,1,False,10090080,252.16640000000007,3.125
1,3,0,6,3,2,False,15135120,255.24160000000006,3.125
1,3,0,6,2,3,False,10090080,239.86560000000006,3.125
1,3,0,6,1,4,False,2522520,206.03840000000002,3.75
1,3,0,5,6,0,False,2522520,216.22500000000002,4.0
1,3,0,5,5,1,False,12612600,259.47,3.3333333333333335
1,3,0,5,4,2,False,25225200,271.002,3.3333333333333335
1,3,0,5,3,3,False,25225200,265.236,3.3333333333333335
1,3,0,5,2,4,False,12612600,242.17200000000005,3.3333333333333335
1,3,0,5,1,5,False,2522520,201.81,4.0
1,3,0,4,7,0,False,1801800,201.81,4.285714285714286
1,3,0,4,6,1,False,10810800,242.172,3.5714285714285716
1,3,0,4,5,2,False,27027000,282.53400000000005,2.857142857142857
1,3,0,4,4,3,False,36036000,285.2248,2.857142857142857
1,3,0,4,3,4,False,27027000,271.77080000000007,2.857142857142857
1,3,0,4,2,5,False,10810800,242.172,3.5714285714285716
1,3,0,4,1,6,False,1801800,196.4284,4.285714285714286
1,3,0,3,8,0,False,900900,187.395,4.615384615384615
1,3,0,3,7,1,False,6306300,224.87400000000002,3.846153846153846
1,3,0,3,6,2,False,18918900,262.35300000000007,3.0769230769230766
1,3,0,3,5,3,False,31531500,299.83200000000005,3.0769230769230766
1,3,0,3,4,4,False,31531500,294.8348000000001,3.0769230769230766
1,3,0,3,3,5,False,18918900,274.84600000000006,3.0769230769230766
1,3,0,3,2,6,False,6306300,239.8656,3.0769230769230766
1,3,0,3,1,7,False,900900,189.89360000000002,4.615384615384615
1,3,0,2,9,0,False,300300,172.98,5.0
1,3,0,2,8,1,False,2402400,207.57600000000002,4.166666666666667
1,3,0,2,7,2,False,8408400,242.17200000000003,3.3333333333333335
1,3,0,2,6,3,False,16816800,276.76800000000003,3.3333333333333335
1,3,0,2,5,4,False,21021000,311.36400000000003,2.5
1,3,0,2,4,5,False,16816800,299.832,2.5
1,3,0,2,3,6,False,8408400,274.4616,3.3333333333333335
1,3,0,2,2,7,False,2402400,235.2528,3.3333333333333335
1,3,0,2,1,8,False,300300,182.20560000000003,4.166666666666667
1,3,0,1,10,0,False,60060,158.56500000000003,5.454545454545454
1,3,0,1,9,1,False,540540,190.27800000000005,4.545454545454545
1,3,0,1,8,2,False,2162160,221.99100000000004,3.6363636363636362
1,3,0,1,7,3,False,5045040,253.70400000000004,3.6363636363636362
1,3,0,1,6,4,False,7567560,285.41700000000003,2.727272727272727
1,3,0,1,5,5,False,7567560,317.13000000000005,2.727272727272727
1,3,0,1,4,6,False,5045040,300.2164,2.727272727272727
1,3,0,1,3,7,False,2162160,270.6176000000001,2.727272727272727
1,3,0,1,2,8,False,540540,228.33360000000005,3.6363636363636362
1,3,0,1,1,9,False,60060,173.36440000000002,4.545454545454545
1,3,0,0,11,0,False,5460,144.15,6.0
1,3,0,0,10,1,False,54600,172.98000000000002,5.0
1,3,0,0,9,2,False,245700,201.81000000000003,4.0
1,3,0,0,8,3,False,655200,230.64000000000001,4.0
1,3,0,0,7,4,False,1146600,259.47,3.0
1,3,0,0,6,5,False,1375920,288.3,3.0
1,3,0,0,5,6,False,1146600,317.13,3.0
1,3,0,0,4,7,False,655200,295.988,3.0
1,3,0,0,3,8,False,245700,263.314,3.0
1,3,0,0,2,9,False,54600,219.108,4.0
1,3,0,0,1,10,False,5460,163.37000000000003,5.0
1,2,12,0,0,0,False,1365,205.48000000000002,4.0
1,2,11,1,0,0,False,16380,215.75400000000005,3.6363636363636362
1,2,11,0,1,0,False,16380,215.75400000000005,4.0
1,2,10,2,0,0,False,90090,224.16,3.3333333333333335
1,2,10,1,1,0,False,180180,226.02800000000005,3.6363636363636362
1,2,10,0,2,0,False,90090,224.16,4.0
1,2,10,0,1,1,False,90090,216.68800000000002,4.0
1,2,9,3,0,0,False,300300,230.698,3.846153846153846
1,2,9,2,1,0,False,900900,234.24720000000002,3.3333333333333335
1,2,9,1,2,0,False,900900,234.24720000000002,3.6363636363636362
1,2,9,1,1,1,True,900900,226.43896000000004,3.6363636363636362
1,2,9,0,3,0,False,300300,230.698,4.0
1,2,9,0,2,1,False,600600,234.24720000000002,4.0
1,2,9,0,1,2,False,300300,216.50119999999998,4.0
1,2,8,4,0,0,False,675675,235.368,3.5714285714285716
1,2,8,3,1,0,False,2702700,240.41160000000002,3.0769230769230766
1,2,8,2,2,0,False,4054050,242.0928,3.3333333333333335
1,2,8,2,1,1,True,4054050,234.02304000000004,3.3333333333333335
1,2,8,1,3,0,False,2702700,240.41160000000002,3.6363636363636362
1,2,8,1,2,1,True,5405400,244.11024000000003,3.6363636363636362
1,2,8,1,1,2,True,2702700,225.61704000000003,3.6363636363636362
1,2,8,0,4,0,False,675675,235.368,4.0
1,2,8,0,3,1,False,2027025,248.8176,3.0
1,2,8,0,2,2,False,2027025,242.0928,4.0
1,2,8,0,1,3,False,675675,215.19360000000003,4.0
1,2,7,5,0,0,False,1081080,238.17000000000004,3.3333333333333335
1,2,7,4,1,0,False,5405400,244.52120000000005,3.5714285714285716
1,2,7,3,2,0,False,10810800,247.69680000000005,3.0769230769230766
1,2,7,3,1,1,True,10810800,239.44024000000007,3.846153846153846
1,2,7,2,3,0,False,10810800,247.69680000000005,3.3333333333333335
1,2,7,2,2,1,True,21621600,251.50752,3.3333333333333335
1,2,7,2,1,2,True,10810800,232.45392000000004,3.3333333333333335
1,2,7,1,4,0,False,5405400,244.52120000000005,3.6363636363636362
1,2,7,1,3,1,True,16216200,258.4938400000001,3.6363636363636362
1,2,7,1,2,2,True,16216200,251.50752000000006,3.6363636363636362
1,2,7,1,1,3,True,5405400,223.56224000000006,3.6363636363636362
1,2,7,0,5,0,False,1081080,238.17000000000004,4.0
1,2,7,0,4,1,False,4324320,260.39920000000006,3.0
1,2,7,0,3,2,False,6486480,263.57480000000004,3.0
1,2,7,0,2,3,False,4324320,247.69680000000005,3.0
1,2,7,0,1,4,False,1081080,212.76520000000005,4.0
1,2,6,6,0,0,False,1261260,239.10400000000004,3.125
1,2,6,5,1,0,False,7567560,246.57600000000002,3.3333333333333335
1,2,6,4,2,0,False,18918900,251.05919999999998,3.5714285714285716
1,2,6,4,1,1,True,18918900,242.69056000000003,3.5714285714285716
1,2,6,3,3,0,False,25225200,252.55360000000007,3.0769230769230766
1,2,6,3,2,1,True,50450400,256.43904000000003,3.0769230769230766
1,2,6,3,1,2,True,25225200,237.01184000000003,3.846153846153846
1,2,6,2,4,0,False,18918900,251.0592,3.3333333333333335
1,2,6,2,3,1,True,56756700,265.40544,3.3333333333333335
1,2,6,2,2,2,True,56756700,258.23232,3.3333333333333335
1,2,6,2,1,3,True,18918900,229.53984000000003,3.3333333333333335
1,2,6,1,5,0,False,7567560,246.57600000000008,3.6363636363636362
1,2,6,1,4,1,True,30270240,269.58976000000007,3.6363636363636362
1,2,6,1,3,2,True,45405360,272.87744000000004,2.727272727272727
1,2,6,1,2,3,True,30270240,256.43904000000003,3.6363636363636362
1,2,6,1,1,4,True,7567560,220.27456000000006,3.6363636363636362
1,2,6,0,6,0,False,1261260,224.16000000000005,4.0
1,2,6,0,5,1,False,6306300,268.992,3.0
1,2,6,0,4,2,False,12612600,280.9472,3.0
1,2,6,0,3,3,False,12612600,274.96960000000007,3.0
1,2,6,0,2,4,False,6306300,251.05920000000006,3.0
1,2,6,0,1,5,False,1261260,209.216,4.0
1,2,5,7,0,0,False,1081080,238.17000000000002,3.529411764705882
1,2,5,6,1,0,False,7567560,246.57600000000002,3.125
1,2,5,5,2,0,False,22702680,252.18,3.3333333333333335
1,2,5,5,1,1,True,22702680,243.77400000000006,3.3333333333333335
1,2,5,4,3,0,False,37837800,254.98199999999997,3.5714285714285716
1,2,5,4,2,1,True,75675600,258.9048,2.857142857142857
1,2,5,4,1,2,True,37837800,239.29080000000002,3.5714285714285716
1,2,5,3,4,0,False,37837800,254.982,3.0769230769230766
1,2,5,3,3,1,True,113513400,269.55240000000003,3.0769230769230766
1,2,5,3,2,2,True,113513400,262.2672,3.0769230769230766
1,2,5,3,1,3,True,37837800,233.12640000000002,3.846153846153846
1,2,5,2,5,0,False,22702680,252.18,3.3333333333333335
1,2,5,2,4,1,True,90810720,275.71680000000003,3.3333333333333335
1,2,5,2,3,2,True,136216080,279.0792,3.3333333333333335
1,2,5,2,2,3,True,90810720,262.2672,3.3333333333333335
1,2,5,2,1,4,True,22702680,225.28080000000003,3.3333333333333335
1,2,5,1,6,0,False,7567560,231.16500000000002,3.6363636363636362
1,2,5,1,5,1,True,37837800,277.3980000000001,2.727272727272727
1,2,5,1,4,2,True,75675600,289.7268000000001,2.727272727272727
1,2,5,1,3,3,True,75675600,283.5624000000001,2.727272727272727
1,2,5,1,2,4,True,37837800,258.9048000000001,3.6363636363636362
1,2,5,1,1,5,True,7567560,215.754,3.6363636363636362
1,2,5,0,7,0,False,1081080,210.15,4.0
1,2,5,0,6,1,False,6486480,252.18000000000004,3.0
1,2,5,0,5,2,False,16216200,294.21,3.0
1,2,5,0,4,3,False,21621600,297.01200000000006,3.0
1,2,5,0,3,4,False,16216200,283.00200000000007,3.0
1,2,5,0,2,5,False,6486480,252.18000000000004,3.0
1,2,5,0,1,6,False,1081080,204.54600000000002,4.0
1,2,4,8,0,0,False,675675,235.368,3.333333333333333
1,2,4,7,1,0,False,5405400,244.52120000000005,3.529411764705882
1,2,4,6,2,0,False,18918900,251.05920000000003,3.125
1,2,4,6,1,1,True,18918900,242.69056,3.125
1,2,4,5,3,0,False,37837800,254.982,3.3333333333333335
1,2,4,5,2,1,True,75675600,258.9048,3.3333333333333335
1,2,4,5,1,2,True,37837800,239.2908,3.3333333333333335
1,2,4,4,4,0,False,47297250,256.28959999999995,3.5714285714285716
1,2,4,4,3,1,True,141891750,270.93471999999997,2.857142857142857
1,2,4,4,2,2,True,141891750,263.61215999999996,2.857142857142857
1,2,4,4,1,3,True,47297250,234.32191999999995,3.5714285714285716
1,2,4,3,5,0,False,37837800,254.982,3.0769230769230766
1,2,4,3,4,1,True,151351200,278.78032,3.0769230769230766
1,2,4,3,3,2,True,227026800,282.18008000000003,3.0769230769230766
1,2,4,3,2,3,True,151351200,265.18128,3.0769230769230766
1,2,4,3,1,4,True,37837800,227.78392000000002,3.846153846153846
1,2,4,2,6,0,False,18918900,235.36799999999997,3.3333333333333335
1,2,4,2,5,1,True,94594500,282.4416,3.3333333333333335
1,2,4,2,4,2,True,189189000,294.99456,3.3333333333333335
1,2,4,2,3,3,True,189189000,288.71808,3.3333333333333335
1,2,4,2,2,4,True,94594500,263.61216,3.3333333333333335
1,2,4,2,1,5,True,18918900,219.67679999999996,4.166666666666667
1,2,4,1,7,0,False,5405400,215.754,3.6363636363636362
1,2,4,1,6,1,True,32432400,258.9048,3.6363636363636362
1,2,4,1,5,2,True,81081000,302.0556,2.727272727272727
1,2,4,1,4,3,True,108108000,304.93232000000006,2.727272727272727
1,2,4,1,3,4,True,81081000,290.54872000000006,2.727272727272727
1,2,4,1,2,5,True,32432400,258.9048,3.6363636363636362
1,2,4,1,1,6,True,5405400,210.00056,3.6363636363636362
1,2,4,0,8,0,False,675675,196.14,4.0
1,2,4,0,7,1,False,4729725,235.368,4.0
1,2,4,0,6,2,False,14189175,274.596,3.0
1,2,4,0,5,3,False,23648625,313.824,3.0
1,2,4,0,4,4,False,23648625,308.59360000000004,3.0
1,2,4,0,3,5,False,14189175,287.672,3.0
1,2,4,0,2,6,False,4729725,251.05919999999998,3.0
1,2,4,0,1,7,False,675675,198.7552,4.0
1,2,3,9,0,0,False,300300,230.698,3.68421052631579
1,2,3,8,1,0,False,2702700,240.41160000000002,3.333333333333333
1,2,3,7,2,0,False,10810800,247.69680000000005,3.529411764705882
1,2,3,7,1,1,True,10810800,239.44024000000005,3.529411764705882
1,2,3,6,3,0,False,25225200,252.55360000000002,3.125
1,2,3,6,2,1,True,50450400,256.43904000000003,3.125
1,2,3,6,1,2,True,25225200,237.01184000000003,3.125
1,2,3,5,4,0,False,37837800,254.982,3.3333333333333335
1,2,3,5,3,1,True,113513400,269.55240000000003,3.3333333333333335
1,2,3,5,2,2,True,113513400,262.2672,3.3333333333333335
1,2,3,5,1,3,True,37837800,233.12640000000005,3.3333333333333335
1,2,3,4,5,0,False,37837800,254.98200000000003,3.5714285714285716
1,2,3,4,4,1,True,151351200,278.78032,2.857142857142857
1,2,3,4,3,2,True,227026800,282.18008000000003,2.857142857142857
1,2,3,4,2,3,True,151351200,265.18128,2.857142857142857
1,2,3,4,1,4,True,37837800,227.78392000000002,3.5714285714285716
1,2,3,3,6,0,False,25225200,236.76900000000003,3.846153846153846
1,2,3,3,5,1,True,126126000,284.12280000000004,3.0769230769230766
1,2,3,3,4,2,True,252252000,296.7504800000001,3.0769230769230766
1,2,3,3,3,3,True,252252000,290.43664000000007,3.0769230769230766
1,2,3,3,2,4,True,126126000,265.1812800000001,3.0769230769230766
1,2,3,3,1,5,True,25225200,220.9844,3.846153846153846
1,2,3,2,7,0,False,10810800,218.556,4.166666666666667
1,2,3,2,6,1,True,64864800,262.2672,3.3333333333333335
1,2,3,2,5,2,True,162162000,305.9784,2.5
1,2,3,2,4,3,True,216216000,308.89248000000003,2.5
1,2,3,2,3,4,True,162162000,294.3220800000001,3.3333333333333335
1,2,3,2,2,5,True,64864800,262.2672,3.3333333333333335
1,2,3,2,1,6,True,10810800,212.72784,4.166666666666667
1,2,3,1,8,0,False,2702700,200.34300000000005,4.545454545454545
1,2,3,1,7,1,True,18918900,240.41160000000002,3.6363636363636362
1,2,3,1,6,2,True,56756700,280.4802,2.727272727272727
1,2,3,1,5,3,True,94594500,320.5488,2.727272727272727
1,2,3,1,4,4,True,94594500,315.20632000000006,2.727272727272727
1,2,3,1,3,5,True,56756700,293.8364,2.727272727272727
1,2,3,1,2,6,True,18918900,256.43904000000003,3.6363636363636362
1,2,3,1,1,7,True,2702700,203.01424000000003,3.6363636363636362
1,2,3,0,9,0,False,300300,182.13000000000002,5.0
1,2,3,0,8,1,False,2402400,218.556,4.0
1,2,3,0,7,2,False,8408400,254.98200000000003,3.0
1,2,3,0,6,3,False,16816800,291.408,3.0
1,2,3,0,5,4,False,21021000,327.83400000000006,3.0
1,2,3,0,4,5,False,16816800,315.692,3.0
1,2,3,0,3,6,False,8408400,288.9796,3.0
1,2,3,0,2,7,False,2402400,247.69680000000005,3.0
1,2,3,0,1,8,False,300300,191.84360000000004,4.0
1,2,2,10,0,0,False,90090,224.16,3.5
1,2,2,9,1,0,False,900900,234.24720000000002,3.1578947368421053
1,2,2,8,2,0,False,4054050,242.09279999999998,3.333333333333333
1,2,2,8,1,1,True,4054050,234.02304000000007,3.333333333333333
1,2,2,7,3,0,False,10810800,247.69680000000005,3.529411764705882
1,2,2,7,2,1,True,21621600,251.50752,2.941176470588235
1,2,2,7,1,2,True,10810800,232.45392000000004,3.529411764705882
1,2,2,6,4,0,False,18918900,251.05920000000003,3.125
1,2,2,6,3,1,True,56756700,265.40544,3.125
1,2,2,6,2,2,True,56756700,258.23232,3.125
1,2,2,6,1,3,True,18918900,229.53984000000003,3.75
1,2,2,5,5,0,False,22702680,252.18,3.3333333333333335
1,2,2,5,4,1,True,90810720,275.71680000000003,3.3333333333333335
1,2,2,5,3,2,True,136216080,279.0792,2.6666666666666665
1,2,2,5,2,3,True,90810720,262.2672,3.3333333333333335
1,2,2,5,1,4,True,22702680,225.28080000000003,3.3333333333333335
1,2,2,4,6,0,False,18918900,235.368,3.5714285714285716
1,2,2,4,5,1,True,94594500,282.4416,2.857142857142857
1,2,2,4,4,2,True,189189000,294.99456000000004,2.857142857142857
1,2,2,4,3,3,True,189189000,288.71808,2.857142857142857
1,2,2,4,2,4,True,94594500,263.61216,2.857142857142857
1,2,2,4,1,5,True,18918900,219.6768,3.5714285714285716
1,2,2,3,7,0,False,10810800,218.556,3.846153846153846
1,2,2,3,6,1,True,64864800,262.26720000000006,3.0769230769230766
1,2,2,3,5,2,True,162162000,305.9784,3.0769230769230766
1,2,2,3,4,3,True,216216000,308.89248000000003,3.0769230769230766
1,2,2,3,3,4,True,162162000,294.3220800000001,3.0769230769230766
1,2,2,3,2,5,True,64864800,262.26720000000006,3.0769230769230766
1,2,2,3,1,6,True,10810800,212.72784,3.846153846153846
1,2,2,2,8,0,False,4054050,201.744,4.166666666666667
1,2,2,2,7,1,True,28378350,242.0928,3.3333333333333335
1,2,2,2,6,2,True,85135050,282.4416,3.3333333333333335
1,2,2,2,5,3,True,141891750,322.7903999999999,2.5
1,2,2,2,4,4,True,141891750,317.41056,2.5
1,2,2,2,3,5,True,85135050,295.8912,2.5
1,2,2,2,2,6,True,28378350,258.23231999999996,3.3333333333333335
1,2,2,2,1,7,True,4054050,204.43392,4.166666666666667
1,2,2,1,9,0,False,900900,184.93200000000002,4.545454545454545
1,2,2,1,8,1,True,7207200,221.91840000000005,3.6363636363636362
1,2,2,1,7,2,True,25225200,258.9048,3.6363636363636362
1,2,2,1,6,3,True,50450400,295.89119999999997,2.727272727272727
1,2,2,1,5,4,True,63063000,332.87760000000003,2.727272727272727
1,2,2,1,4,5,True,50450400,320.5488,2.727272727272727
1,2,2,1,3,6,True,25225200,293.42544000000004,2.727272727272727
1,2,2,1,2,7,True,7207200,251.50752,3.6363636363636362
1,2,2,1,1,8,True,900900,194.79504000000006,4.545454545454545
1,2,2,0,10,0,False,90090,168.12,5.0
1,2,2,0,9,1,False,810810,201.74400000000003,4.0
1,2,2,0,8,2,False,3243240,235.368,4.0
1,2,2,0,7,3,False,7567560,268.99199999999996,3.0
1,2,2,0,6,4,False,11351340,302.616,3.0
1,2,2,0,5,5,False,11351340,336.24,3.0
1,2,2,0,4,6,False,7567560,318.30719999999997,3.0
1,2,2,0,3,7,False,3243240,286.92480000000006,3.0
1,2,2,0,2,8,False,810810,242.0928,4.0
1,2,2,0,1,9,False,90090,183.81119999999999,5.0
1,2,1,11,0,0,False,16380,215.75400000000002,3.8095238095238093
1,2,1,10,1,0,False,180180,226.02800000000002,3.5
1,2,1,9,2,0,False,900900,234.24720000000002,3.1578947368421053
1,2,1,9,1,1,True,900900,226.43896000000007,3.68421052631579
1,2,1,8,3,0,False,2702700,240.41160000000002,3.333333333333333
1,2,1,8,2,1,True,5405400,244.11024000000003,3.333333333333333
1,2,1,8,1,2,True,2702700,225.61704000000003,3.333333333333333
1,2,1,7,4,0,False,5405400,244.52120000000005,3.529411764705882
1,2,1,7,3,1,True,16216200,258.49384000000003,2.941176470588235
1,2,1,7,2,2,True,16216200,251.50752000000006,2.941176470588235
1,2,1,7,1,3,True,5405400,223.56224000000003,3.529411764705882
1,2,1,6,5,0,False,7567560,246.57600000000002,3.125
1,2,1,6,4,1,True,30270240,269.58976000000007,3.125
1,2,1,6,3,2,True,45405360,272.8774400000001,3.125
1,2,1,6,2,3,True,30270240,256.43904000000003,3.125
1,2,1,6,1,4,True,7567560,220.27456000000004,3.75
1,2,1,5,6,0,False,7567560,231.16500000000002,3.3333333333333335
1,2,1,5,5,1,True,37837800,277.398,2.6666666666666665
1,2,1,5,4,2,True,75675600,289.7268000000001,2.6666666666666665
1,2,1,5,3,3,True,75675600,283.5624,2.6666666666666665
1,2,1,5,2,4,True,37837800,258.9048000000001,3.3333333333333335
1,2,1,5,1,5,True,7567560,215.75400000000002,4.0
1,2,1,4,7,0,False,5405400,215.75400000000002,3.5714285714285716
1,2,1,4,6,1,True,32432400,258.9048,2.857142857142857
1,2,1,4,5,2,True,81081000,302.0556,2.857142857142857
1,2,1,4,4,3,True,108108000,304.93232,2.857142857142857
1,2,1,4,3,4,True,81081000,290.5487200000001,2.857142857142857
1,2,1,4,2,5,True,32432400,258.9048,2.857142857142857
1,2,1,4,1,6,True,5405400,210.00056,3.5714285714285716
1,2,1,3,8,0,False,2702700,200.34300000000002,3.846153846153846
1,2,1,3,7,1,True,18918900,240.41160000000002,3.0769230769230766
1,2,1,3,6,2,True,56756700,280.4802000000001,3.0769230769230766
1,2,1,3,5,3,True,94594500,320.5488,2.3076923076923075
1,2,1,3,4,4,True,94594500,315.2063200000001,3.0769230769230766
1,2,1,3,3,5,True,56756700,293.8364,3.0769230769230766
1,2,1,3,2,6,True,18918900,256.43904000000003,3.0769230769230766
1,2,1,3,1,7,True,2702700,203.01424000000003,3.846153846153846
1,2,1,2,9,0,False,900900,184.93200000000002,4.166666666666667
1,2,1,2,8,1,True,7207200,221.91840000000002,3.3333333333333335
1,2,1,2,7,2,True,25225200,258.9048,3.3333333333333335
1,2,1,2,6,3,True,50450400,295.8912,2.5
1,2,1,2,5,4,True,63063000,332.8776000000001,2.5
1,2,1,2,4,5,True,50450400,320.5488,2.5
1,2,1,2,3,6,True,25225200,293.42544000000004,3.3333333333333335
1,2,1,2,2,7,True,7207200,251.50752,3.3333333333333335
1,2,1,2,1,8,True,900900,194.79504,4.166666666666667
1,2,1,1,10,0,False,180180,169.52100000000002,4.545454545454545
1,2,1,1,9,1,True,1621620,203.42520000000005,3.6363636363636362
1,2,1,1,8,2,True,6486480,237.32940000000008,3.6363636363636362
1,2,1,1,7,3,True,15135120,271.2336,2.727272727272727
1,2,1,1,6,4,True,22702680,305.13780000000014,2.727272727272727
1,2,1,1,5,5,True,22702680,339.04200000000003,2.727272727272727
1,2,1,1,4,6,True,15135120,320.9597600000001,2.727272727272727
1,2,1,1,3,7,True,6486480,289.3158400000001,2.727272727272727
1,2,1,1,2,8,True,1621620,244.11024000000003,3.6363636363636362
1,2,1,1,1,9,True,180180,185.34296000000003,4.545454545454545
1,2,1,0,11,0,False,16380,154.11,5.0
1,2,1,0,10,1,False,163800,184.93200000000002,4.0
1,2,1,0,9,2,False,737100,215.75400000000005,4.0
1,2,1,0,8,3,False,1965600,246.57600000000002,3.0
1,2,1,0,7,4,False,3439800,277.3980000000001,3.0
1,2,1,0,6,5,False,4127760,308.22,3.0
1,2,1,0,5,6,False,3439800,339.04200000000003,3.0
1,2,1,0,4,7,False,1965600,316.4392,3.0
1,2,1,0,3,8,False,737100,281.5076000000001,3.0
1,2,1,0,2,9,False,163800,234.24720000000002,4.0
1,2,1,0,1,10,False,16380,174.65800000000004,5.0
1,2,0,12,0,0,False,1365,205.48000000000002,3.6363636363636362
1,2,0,11,1,0,False,16380,215.75400000000002,3.8095238095238093
1,2,0,10,2,0,False,90090,224.16,3.5
1,2,0,10,1,1,False,90090,216.68800000000002,3.5
1,2,0,9,3,0,False,300300,230.698,3.68421052631579
1,2,0,9,2,1,False,600600,234.24720000000002,3.1578947368421053
1,2,0,9,1,2,False,300300,216.5012,3.68421052631579
1,2,0,8,4,0,False,675675,235.368,3.333333333333333
1,2,0,8,3,1,False,2027025,248.8176,3.333333333333333
1,2,0,8,2,2,False,2027025,242.0928,3.333333333333333
1,2,0,8,1,3,False,675675,215.1936,3.888888888888889
1,2,0,7,5,0,False,1081080,238.17000000000002,3.529411764705882
1,2,0,7,4,1,False,4324320,260.39920000000006,2.941176470588235
1,2,0,7,3,2,False,6486480,263.57480000000004,2.941176470588235
1,2,0,7,2,3,False,4324320,247.69680000000005,3.529411764705882
1,2,0,7,1,4,False,1081080,212.76520000000005,3.529411764705882
1,2,0,6,6,0,False,1261260,224.16,3.75
1,2,0,6,5,1,False,6306300,268.992,3.125
1,2,0,6,4,2,False,12612600,280.9472,3.125
1,2,0,6,3,3,False,12612600,274.96960000000007,3.125
1,2,0,6,2,4,False,6306300,251.05920000000006,3.125
1,2,0,6,1,5,False,1261260,209.216,3.75
1,2,0,5,7,0,False,1081080,210.14999999999998,4.0
1,2,0,5,6,1,False,6486480,252.18,3.3333333333333335
1,2,0,5,5,2,False,16216200,294.21000000000004,2.6666666666666665
1,2,0,5,4,3,False,21621600,297.01200000000006,2.6666666666666665
1,2,0,5,3,4,False,16216200,283.00200000000007,2.6666666666666665
1,2,0,5,2,5,False,6486480,252.18,3.3333333333333335
1,2,0,5,1,6,False,1081080,204.546,4.0
1,2,0,4,8,0,False,675675,196.14,4.285714285714286
1,2,0,4,7,1,False,4729725,235.368,3.5714285714285716
1,2,0,4,6,2,False,14189175,274.596,2.857142857142857
1,2,0,4,5,3,False,23648625,313.82399999999996,2.857142857142857
1,2,0,4,4,4,False,23648625,308.59360000000004,2.857142857142857
1,2,0,4,3,5,False,14189175,287.672,2.857142857142857
1,2,0,4,2,6,False,4729725,251.05919999999998,3.5714285714285716
1,2,0,4,1,7,False,675675,198.7552,4.285714285714286
1,2,0,3,9,0,False,300300,182.13,4.615384615384615
1,2,0,3,8,1,False,2402400,218.556,3.846153846153846
1,2,0,3,7,2,False,8408400,254.98200000000003,3.0769230769230766
1,2,0,3,6,3,False,16816800,291.408,3.0769230769230766
1,2,0,3,5,4,False,21021000,327.83400000000006,2.3076923076923075
1,2,0,3,4,5,False,16816800,315.69200000000006,3.0769230769230766
1,2,0,3,3,6,False,8408400,288.97960000000006,3.0769230769230766
1,2,0,3,2,7,False,2402400,247.69680000000005,3.0769230769230766
1,2,0,3,1,8,False,300300,191.8436,3.846153846153846
1,2,0,2,10,0,False,90090,168.11999999999998,5.0
1,2,0,2,9,1,False,810810,201.744,4.166666666666667
1,2,0,2,8,2,False,3243240,235.368,3.3333333333333335
1,2,0,2,7,3,False,7567560,268.99199999999996,3.3333333333333335
1,2,0,2,6,4,False,11351340,302.61600000000004,2.5
1,2,0,2,5,5,False,11351340,336.23999999999995,2.5
1,2,0,2,4,6,False,7567560,318.3072,2.5
1,2,0,2,3,7,False,3243240,286.92480000000006,3.3333333333333335
1,2,0,2,2,8,False,810810,242.0928,3.3333333333333335
1,2,0,2,1,9,False,90090,183.8112,4.166666666666667
1,2,0,1,11,0,False,16380,154.11,5.454545454545454
1,2,0,1,10,1,False,163800,184.93200000000002,4.545454545454545
1,2,0,1,9,2,False,737100,215.75400000000005,3.6363636363636362
1,2,0,1,8,3,False,1965600,246.57600000000002,3.6363636363636362
1,2,0,1,7,4,False,3439800,277.3980000000001,2.727272727272727
1,2,0,1,6,5,False,4127760,308.22,2.727272727272727
1,2,0,1,5,6,False,3439800,339.04200000000003,2.727272727272727
1,2,0,1,4,7,False,1965600,316.4392,2.727272727272727
1,2,0,1,3,8,False,737100,281.5076000000001,2.727272727272727
1,2,0,1,2,9,False,163800,234.24720000000002,3.6363636363636362
1,2,0,1,1,10,False,16380,174.65800000000004,4.545454545454545
1,2,0,0,12,0,False,1365,140.1,6.0
1,2,0,0,11,1,False,15015,168.12,5.0
1,2,0,0,10,2,False,75075,196.14000000000001,4.0
1,2,0,0,9,3,False,225225,224.16,4.0
1,2,0,0,8,4,False,450450,252.18000000000004,3.0
1,2,0,0,7,5,False,630630,280.2,3.0
1,2,0,0,6,6,False,630630,308.22,3.0
1,2,0,0,5,7,False,450450,336.24,3.0
1,2,0,0,4,8,False,225225,310.08799999999997,3.0
1,2,0,0,3,9,False,75075,272.728,3.0
1,2,0,0,2,10,False,15015,224.16000000000005,4.0
1,2,0,0,1,11,False,1365,164.38400000000001,5.0
1,1,13,0,0,0,False,210,208.61,4.0
1,1,12,1,0,0,False,2730,219.49400000000003,3.6363636363636362
1,1,12,0,1,0,False,2730,219.49400000000003,4.0
1,1,11,2,0,0,False,16380,228.56400000000002,3.3333333333333335
1,1,11,1,1,0,False,32760,230.46870000000004,3.6363636363636362
1,1,11,0,2,0,False,16380,228.564,4.0
1,1,11,0,1,1,False,16380,220.94520000000003,4.0
1,1,10,3,0,0,False,60060,235.82000000000002,3.846153846153846
1,1,10,2,1,0,False,180180,239.448,3.3333333333333335
1,1,10,1,2,0,False,180180,239.448,3.6363636363636362
1,1,10,1,1,1,True,180180,231.46640000000005,3.6363636363636362
1,1,10,0,3,0,False,60060,235.82000000000005,4.0
1,1,10,0,2,1,False,120120,239.448,4.0
1,1,10,0,1,2,False,60060,221.308,4.0
1,1,9,4,0,0,False,150150,241.262,3.5714285714285716
1,1,9,3,1,0,False,600600,246.43190000000004,3.0769230769230766
1,1,9,2,2,0,False,900900,248.1552,3.3333333333333335
1,1,9,2,1,1,True,900900,239.88336000000004,3.3333333333333335
1,1,9,1,3,0,False,600600,246.4319,3.6363636363636362
1,1,9,1,2,1,True,1201200,250.22316,3.6363636363636362
1,1,9,1,1,2,True,600600,231.26686000000004,3.6363636363636362
1,1,9,0,4,0,False,150150,241.262,4.0
1,1,9,0,3,1,False,450450,255.04840000000002,3.0
1,1,9,0,2,2,False,450450,248.15519999999998,3.0
1,1,9,0,1,3,False,150150,220.5824,4.0
1,1,8,5,0,0,False,270270,244.89000000000004,3.3333333333333335
1,1,8,4,1,0,False,1351350,251.42040000000003,3.5714285714285716
1,1,8,3,2,0,False,2702700,254.68560000000005,3.0769230769230766
1,1,8,3,1,1,True,2702700,246.19608000000008,3.0769230769230766
1,1,8,2,3,0,False,2702700,254.68560000000002,3.3333333333333335
1,1,8,2,2,1,True,5405400,258.60384,3.3333333333333335
1,1,8,2,1,2,True,2702700,239.01264000000003,3.3333333333333335
1,1,8,1,4,0,False,1351350,251.4204,3.6363636363636362
1,1,8,1,3,1,True,4054050,265.78728000000007,3.6363636363636362
1,1,8,1,2,2,True,4054050,258.60384000000005,3.6363636363636362
1,1,8,1,1,3,True,1351350,229.87008000000003,3.6363636363636362
1,1,8,0,5,0,False,270270,244.89000000000001,4.0
1,1,8,0,4,1,False,1081080,267.74640000000005,3.0
1,1,8,0,3,2,False,1621620,271.01160000000004,3.0
1,1,8,0,2,3,False,1081080,254.68560000000002,3.0
1,1,8,0,1,4,False,270270,218.76840000000004,4.0
1,1,7,6,0,0,False,360360,246.70400000000006,3.125
1,1,7,5,1,0,False,2162160,254.41350000000006,3.3333333333333335
1,1,7,4,2,0,False,5405400,259.0392,2.857142857142857
1,1,7,4,1,1,True,5405400,250.40456000000003,3.5714285714285716
1,1,7,3,3,0,False,7207200,260.58110000000005,3.0769230769230766
1,1,7,3,2,1,True,14414400,264.59004000000004,3.0769230769230766
1,1,7,3,1,2,True,7207200,244.54534000000004,3.0769230769230766
1,1,7,2,4,0,False,5405400,259.0392,3.3333333333333335
1,1,7,2,3,1,True,16216200,273.84144000000003,3.3333333333333335
1,1,7,2,2,2,True,16216200,266.44032000000004,3.3333333333333335
1,1,7,2,1,3,True,5405400,236.83584,3.3333333333333335
1,1,7,1,5,0,False,2162160,254.41350000000008,3.6363636363636362
1,1,7,1,4,1,True,8648640,278.1587600000001,2.727272727272727
1,1,7,1,3,2,True,12972960,281.5509400000001,2.727272727272727
1,1,7,1,2,3,True,8648640,264.59004000000004,3.6363636363636362
1,1,7,1,1,4,True,2162160,227.27606000000006,3.6363636363636362
1,1,7,0,6,0,False,360360,231.28500000000005,4.0
1,1,7,0,5,1,False,1801800,277.54200000000003,3.0
1,1,7,0,4,2,False,3603600,289.8772000000001,3.0
1,1,7,0,3,3,False,3603600,283.7096000000001,3.0
1,1,7,0,2,4,False,1801800,259.03920000000005,3.0
1,1,7,0,1,5,False,360360,215.86599999999999,4.0
1,1,6,7,0,0,False,360360,246.70400000000004,3.529411764705882
1,1,6,6,1,0,False,2522520,255.41120000000006,3.125
1,1,6,5,2,0,False,7567560,261.216,3.3333333333333335
1,1,6,5,1,1,True,7567560,252.50880000000006,3.3333333333333335
1,1,6,4,3,0,False,12612600,264.1184,2.857142857142857
1,1,6,4,2,1,True,25225200,268.18176,2.857142857142857
1,1,6,4,1,2,True,12612600,247.86496,3.5714285714285716
1,1,6,3,4,0,False,12612600,264.1184,3.0769230769230766
1,1,6,3,3,1,True,37837800,279.21088000000003,3.0769230769230766
1,1,6,3,2,2,True,37837800,271.66464,3.0769230769230766
1,1,6,3,1,3,True,12612600,241.47968,3.0769230769230766
1,1,6,2,5,0,False,7567560,261.216,3.3333333333333335
1,1,6,2,4,1,True,30270240,285.59616000000005,3.3333333333333335
1,1,6,2,3,2,True,45405360,289.07904,3.3333333333333335
1,1,6,2,2,3,True,30270240,271.66464,3.3333333333333335
1,1,6,2,1,4,True,7567560,233.35296000000002,3.3333333333333335
1,1,6,1,6,0,False,2522520,239.44800000000006,3.6363636363636362
1,1,6,1,5,1,True,12612600,287.3376000000001,2.727272727272727
1,1,6,1,4,2,True,25225200,300.1081600000001,2.727272727272727
1,1,6,1,3,3,True,25225200,293.72288000000003,2.727272727272727
1,1,6,1,2,4,True,12612600,268.1817600000001,3.6363636363636362
1,1,6,1,1,5,True,2522520,223.48480000000004,3.6363636363636362
1,1,6,0,7,0,False,360360,217.68000000000004,4.0
1,1,6,0,6,1,False,2162160,261.21600000000007,3.0
1,1,6,0,5,2,False,5405400,304.75200000000007,3.0
1,1,6,0,4,3,False,7207200,307.65440000000007,3.0
1,1,6,0,3,4,False,5405400,293.1424000000001,3.0
1,1,6,0,2,5,False,2162160,261.21600000000007,3.0
1,1,6,0,1,6,False,360360,211.8752,4.0
1,1,5,8,0,0,False,270270,244.89000000000001,3.333333333333333
1,1,5,7,1,0,False,2162160,254.41350000000008,2.941176470588235
1,1,5,6,2,0,False,7567560,261.216,3.125
1,1,5,6,1,1,True,7567560,252.50880000000006,3.125
1,1,5,5,3,0,False,15135120,265.2975,3.3333333333333335
1,1,5,5,2,1,True,30270240,269.379,3.3333333333333335
1,1,5,5,1,2,True,15135120,248.9715,3.3333333333333335
1,1,5,4,4,0,False,18918900,266.65799999999996,2.857142857142857
1,1,5,4,3,1,True,56756700,281.8956,2.857142857142857
1,1,5,4,2,2,True,56756700,274.2768,2.857142857142857
1,1,5,4,1,3,True,18918900,243.80159999999998,3.5714285714285716
1,1,5,3,5,0,False,15135120,265.2975,3.0769230769230766
1,1,5,3,4,1,True,60540480,290.05860000000007,3.0769230769230766
1,1,5,3,3,2,True,90810720,293.5959000000001,3.0769230769230766
1,1,5,3,2,3,True,60540480,275.90940000000006,3.0769230769230766
1,1,5,3,1,4,True,15135120,236.99910000000003,3.846153846153846
1,1,5,2,6,0,False,7567560,244.89000000000001,3.3333333333333335
1,1,5,2,5,1,True,37837800,293.868,3.3333333333333335
1,1,5,2,4,2,True,75675600,306.9288,2.5
1,1,5,2,3,3,True,75675600,300.39840000000004,2.5
1,1,5,2,2,4,True,37837800,274.27680000000004,3.3333333333333335
1,1,5,2,1,5,True,7567560,228.564,3.3333333333333335
1,1,5,1,7,0,False,2162160,224.48250000000004,3.6363636363636362
1,1,5,1,6,1,True,12972960,269.379,3.6363636363636362
1,1,5,1,5,2,True,32432400,314.2755000000001,2.727272727272727
1,1,5,1,4,3,True,43243200,317.26860000000005,2.727272727272727
1,1,5,1,3,4,True,32432400,302.30310000000014,2.727272727272727
1,1,5,1,2,5,True,12972960,269.379,3.6363636363636362
1,1,5,1,1,6,True,2162160,218.49630000000002,3.6363636363636362
1,1,5,0,8,0,False,270270,204.07500000000002,4.0
1,1,5,0,7,1,False,1891890,244.89000000000001,4.0
1,1,5,0,6,2,False,5675670,285.70500000000004,3.0
1,1,5,0,5,3,False,9459450,326.52,3.0
1,1,5,0,4,4,False,9459450,321.0780000000001,3.0
1,1,5,0,3,5,False,5675670,299.31000000000006,3.0
1,1,5,0,2,6,False,1891890,261.216,3.0
1,1,5,0,1,7,False,270270,206.79600000000002,4.0
1,1,4,9,0,0,False,150150,241.262,3.1578947368421053
1,1,4,8,1,0,False,1351350,251.4204,3.333333333333333
1,1,4,7,2,0,False,5405400,259.03920000000005,2.941176470588235
1,1,4,7,1,1,True,5405400,250.40456000000006,3.529411764705882
1,1,4,6,3,0,False,12612600,264.1184,3.125
1,1,4,6,2,1,True,25225200,268.18176000000005,3.125
1,1,4,6,1,2,True,12612600,247.86496000000002,3.125
1,1,4,5,4,0,False,18918900,266.658,3.3333333333333335
1,1,4,5,3,1,True,56756700,281.8956,2.6666666666666665
1,1,4,5,2,2,True,56756700,274.2768,3.3333333333333335
1,1,4,5,1,3,True,18918900,243.8016,3.3333333333333335
1,1,4,4,5,0,False,18918900,266.65799999999996,2.857142857142857
1,1,4,4,4,1,True,75675600,291.54608,2.857142857142857
1,1,4,4,3,2,True,113513400,295.10152,2.857142857142857
1,1,4,4,2,3,True,75675600,277.32431999999994,2.857142857142857
1,1,4,4,1,4,True,18918900,238.21448,3.5714285714285716
1,1,4,3,6,0,False,12612600,247.61100000000002,3.0769230769230766
1,1,4,3,5,1,True,63063000,297.1332,3.0769230769230766
1,1,4,3,4,2,True,126126000,310.33912000000004,3.0769230769230766
1,1,4,3,3,3,True,126126000,303.73616000000004,3.0769230769230766
1,1,4,3,2,4,True,63063000,277.32432000000006,3.0769230769230766
1,1,4,3,1,5,True,12612600,231.1036,3.846153846153846
1,1,4,2,7,0,False,5405400,228.564,3.3333333333333335
1,1,4,2,6,1,True,32432400,274.2768,3.3333333333333335
1,1,4,2,5,2,True,81081000,319.9896,2.5
1,1,4,2,4,3,True,108108000,323.03712,2.5
1,1,4,2,3,4,True,81081000,307.79952000000003,2.5
1,1,4,2,2,5,True,32432400,274.2768,3.3333333333333335
1,1,4,2,1,6,True,5405400,222.46896,3.3333333333333335
1,1,4,1,8,0,False,1351350,209.51700000000002,3.6363636363636362
1,1,4,1,7,1,True,9459450,251.4204,3.6363636363636362
1,1,4,1,6,2,True,28378350,293.32380000000006,2.727272727272727
1,1,4,1,5,3,True,47297250,335.22720000000004,2.727272727272727
1,1,4,1,4,4,True,47297250,329.64008000000007,2.727272727272727
1,1,4,1,3,5,True,28378350,307.2916,2.727272727272727
1,1,4,1,2,6,True,9459450,268.18176,3.6363636363636362
1,1,4,1,1,7,True,1351350,212.31056000000004,3.6363636363636362
1,1,4,0,9,0,False,150150,190.47,4.0
1,1,4,0,8,1,False,1201200,228.564,4.0
1,1,4,0,7,2,False,4204200,266.658,3.0
1,1,4,0,6,3,False,8408400,304.752,3.0
1,1,4,0,5,4,False,10510500,342.846,3.0
1,1,4,0,4,5,False,8408400,330.148,3.0
1,1,4,0,3,6,False,4204200,302.2124,3.0
1,1,4,0,2,7,False,1201200,259.0392,3.0
1,1,4,0,1,8,False,150150,200.62840000000003,4.0
1,1,3,10,0,0,False,60060,235.82000000000005,3.5
1,1,3,9,1,0,False,600600,246.43190000000004,3.1578947368421053
1,1,3,8,2,0,False,2702700,254.68560000000005,3.333333333333333
1,1,3,8,1,1,True,2702700,246.19608000000005,3.333333333333333
1,1,3,7,3,0,False,7207200,260.58110000000005,2.941176470588235
1,1,3,7,2,1,True,14414400,264.59004000000004,2.941176470588235
1,1,3,7,1,2,True,7207200,244.54534000000007,3.529411764705882
1,1,3,6,4,0,False,12612600,264.1184,3.125
1,1,3,6,3,1,True,37837800,279.21088000000003,3.125
1,1,3,6,2,2,True,37837800,271.6646400000001,3.125
1,1,3,6,1,3,True,12612600,241.47968000000006,3.125
1,1,3,5,5,0,False,15135120,265.2975,3.3333333333333335
1,1,3,5,4,1,True,60540480,290.05860000000007,2.6666666666666665
1,1,3,5,3,2,True,90810720,293.5959000000001,2.6666666666666665
1,1,3,5,2,3,True,60540480,275.90940000000006,3.3333333333333335
1,1,3,5,1,4,True,15135120,236.99910000000006,3.3333333333333335
1,1,3,4,6,0,False,12612600,247.611,3.5714285714285716
1,1,3,4,5,1,True,63063000,297.13320000000004,2.857142857142857
1,1,3,4,4,2,True,126126000,310.3391200000001,2.857142857142857
1,1,3,4,3,3,True,126126000,303.73616000000004,2.857142857142857
1,1,3,4,2,4,True,63063000,277.32432000000006,2.857142857142857
1,1,3,4,1,5,True,12612600,231.1036,3.5714285714285716
1,1,3,3,7,0,False,7207200,229.92450000000002,3.846153846153846
1,1,3,3,6,1,True,43243200,275.90940000000006,3.0769230769230766
1,1,3,3,5,2,True,108108000,321.8943000000001,2.3076923076923075
1,1,3,3,4,3,True,144144000,324.9599600000001,2.3076923076923075
1,1,3,3,3,4,True,108108000,309.63166000000007,3.0769230769230766
1,1,3,3,2,5,True,43243200,275.90940000000006,3.0769230769230766
1,1,3,3,1,6,True,7207200,223.79318000000004,3.846153846153846
1,1,3,2,8,0,False,2702700,212.238,4.166666666666667
1,1,3,2,7,1,True,18918900,254.68560000000002,3.3333333333333335
1,1,3,2,6,2,True,56756700,297.1332000000001,2.5
1,1,3,2,5,3,True,94594500,339.5808,2.5
1,1,3,2,4,4,True,94594500,333.9211200000001,2.5
1,1,3,2,3,5,True,56756700,311.28240000000005,2.5
1,1,3,2,2,6,True,18918900,271.66464,3.3333333333333335
1,1,3,2,1,7,True,2702700,215.06784000000002,4.166666666666667
1,1,3,1,9,0,False,600600,194.55150000000003,4.545454545454545
1,1,3,1,8,1,True,4804800,233.46180000000004,3.6363636363636362
1,1,3,1,7,2,True,16816800,272.3721000000001,2.727272727272727
1,1,3,1,6,3,True,33633600,311.28240000000005,2.727272727272727
1,1,3,1,5,4,True,42042000,350.1927000000001,2.727272727272727
1,1,3,1,4,5,True,33633600,337.22260000000006,2.727272727272727
1,1,3,1,3,6,True,16816800,308.68838000000005,2.727272727272727
1,1,3,1,2,7,True,4804800,264.5900400000001,3.6363636363636362
1,1,3,1,1,8,True,600600,204.92758000000006,3.6363636363636362
1,1,3,0,10,0,False,60060,176.865,5.0
1,1,3,0,9,1,False,540540,212.23800000000003,4.0
1,1,3,0,8,2,False,2162160,247.61100000000008,3.0
1,1,3,0,7,3,False,5045040,282.98400000000004,3.0
1,1,3,0,6,4,False,7567560,318.3570000000001,3.0
1,1,3,0,5,5,False,7567560,353.73,3.0
1,1,3,0,4,6,False,5045040,334.86440000000005,3.0
1,1,3,0,3,7,False,2162160,301.8496000000001,3.0
1,1,3,0,2,8,False,540540,254.68560000000008,3.0
1,1,3,0,1,9,False,60060,193.37240000000003,4.0
1,1,2,11,0,0,False,16380,228.564,3.333333333333333
1,1,2,10,1,0,False,180180,239.448,3.5
1,1,2,9,2,0,False,900900,248.15519999999995,3.1578947368421053
1,1,2,9,1,1,True,900900,239.88336,3.1578947368421053
1,1,2,8,3,0,False,2702700,254.6856,3.333333333333333
1,1,2,8,2,1,True,5405400,258.60384,3.333333333333333
1,1,2,8,1,2,True,2702700,239.01263999999998,3.333333333333333
1,1,2,7,4,0,False,5405400,259.0392,2.941176470588235
1,1,2,7,3,1,True,16216200,273.84144000000003,2.941176470588235
1,1,2,7,2,2,True,16216200,266.44032000000004,2.941176470588235
1,1,2,7,1,3,True,5405400,236.83584,3.529411764705882
1,1,2,6,5,0,False,7567560,261.216,3.125
1,1,2,6,4,1,True,30270240,285.59616,3.125
1,1,2,6,3,2,True,45405360,289.07904,3.125
1,1,2,6,2,3,True,30270240,271.66463999999996,3.125
1,1,2,6,1,4,True,7567560,233.35296,3.75
1,1,2,5,6,0,False,7567560,244.89,3.3333333333333335
1,1,2,5,5,1,True,37837800,293.868,2.6666666666666665
1,1,2,5,4,2,True,75675600,306.92879999999997,2.6666666666666665
1,1,2,5,3,3,True,75675600,300.39840000000004,2.6666666666666665
1,1,2,5,2,4,True,37837800,274.2768,3.3333333333333335
1,1,2,5,1,5,True,7567560,228.56399999999996,3.3333333333333335
1,1,2,4,7,0,False,5405400,228.56399999999996,3.5714285714285716
1,1,2,4,6,1,True,32432400,274.2768,2.857142857142857
1,1,2,4,5,2,True,81081000,319.9896,2.857142857142857
1,1,2,4,4,3,True,108108000,323.03712,2.857142857142857
1,1,2,4,3,4,True,81081000,307.79952000000003,2.857142857142857
1,1,2,4,2,5,True,32432400,274.2768,2.857142857142857
1,1,2,4,1,6,True,5405400,222.46895999999998,3.5714285714285716
1,1,2,3,8,0,False,2702700,212.238,3.846153846153846
1,1,2,3,7,1,True,18918900,254.68560000000002,3.0769230769230766
1,1,2,3,6,2,True,56756700,297.1332,3.0769230769230766
1,1,2,3,5,3,True,94594500,339.58079999999995,2.3076923076923075
1,1,2,3,4,4,True,94594500,333.9211200000001,2.3076923076923075
1,1,2,3,3,5,True,56756700,311.2824,3.0769230769230766
1,1,2,3,2,6,True,18918900,271.66463999999996,3.0769230769230766
1,1,2,3,1,7,True,2702700,215.06784,3.846153846153846
1,1,2,2,9,0,False,900900,195.91199999999998,4.166666666666667
1,1,2,2,8,1,True,7207200,235.0944,3.3333333333333335
1,1,2,2,7,2,True,25225200,274.2768,3.3333333333333335
1,1,2,2,6,3,True,50450400,313.45919999999995,2.5
1,1,2,2,5,4,True,63063000,352.6416,2.5
1,1,2,2,4,5,True,50450400,339.58079999999995,2.5
1,1,2,2,3,6,True,25225200,310.84703999999994,2.5
1,1,2,2,2,7,True,7207200,266.44032,3.3333333333333335
1,1,2,2,1,8,True,900900,206.36064,4.166666666666667
1,1,2,1,10,0,False,180180,179.586,4.545454545454545
1,1,2,1,9,1,True,1621620,215.50320000000002,3.6363636363636362
1,1,2,1,8,2,True,6486480,251.4204,3.6363636363636362
1,1,2,1,7,3,True,15135120,287.33759999999995,2.727272727272727
1,1,2,1,6,4,True,22702680,323.25480000000005,2.727272727272727
1,1,2,1,5,5,True,22702680,359.172,2.727272727272727
1,1,2,1,4,6,True,15135120,340.01616,2.727272727272727
1,1,2,1,3,7,True,6486480,306.49344,2.727272727272727
1,1,2,1,2,8,True,1621620,258.60384000000005,3.6363636363636362
1,1,2,1,1,9,True,180180,196.34735999999998,4.545454545454545
1,1,2,0,11,0,False,16380,163.26,5.0
1,1,2,0,10,1,False,163800,195.912,4.0
1,1,2,0,9,2,False,737100,228.564,4.0
1,1,2,0,8,3,False,1965600,261.21599999999995,3.0
1,1,2,0,7,4,False,3439800,293.868,3.0
1,1,2,0,6,5,False,4127760,326.52,3.0
1,1,2,0,5,6,False,3439800,359.17199999999997,3.0
1,1,2,0,4,7,False,1965600,335.2272,3.0
1,1,2,0,3,8,False,737100,298.2216,3.0
1,1,2,0,2,9,False,163800,248.15519999999998,3.0
1,1,2,0,1,10,False,16380,185.02800000000002,4.0
1,1,1,12,0,0,False,2730,219.49400000000003,3.6363636363636362
1,1,1,11,1,0,False,32760,230.46870000000004,3.333333333333333
1,1,1,10,2,0,False,180180,239.448,3.5
1,1,1,10,1,1,True,180180,231.46640000000002,3.5
1,1,1,9,3,0,False,600600,246.43189999999998,3.1578947368421053
1,1,1,9,2,1,True,1201200,250.22316,3.1578947368421053
1,1,1,9,1,2,True,600600,231.26686,3.68421052631579
1,1,1,8,4,0,False,1351350,251.4204,3.333333333333333
1,1,1,8,3,1,True,4054050,265.78728,2.7777777777777777
1,1,1,8,2,2,True,4054050,258.60384,3.333333333333333
1,1,1,8,1,3,True,1351350,229.87008,3.333333333333333
1,1,1,7,5,0,False,2162160,254.41350000000008,2.941176470588235
1,1,1,7,4,1,True,8648640,278.1587600000001,2.941176470588235
1,1,1,7,3,2,True,12972960,281.5509400000001,2.941176470588235
1,1,1,7,2,3,True,8648640,264.59004000000004,2.941176470588235
1,1,1,7,1,4,True,2162160,227.2760600000001,3.529411764705882
1,1,1,6,6,0,False,2522520,239.44800000000006,3.125
1,1,1,6,5,1,True,12612600,287.3376,3.125
1,1,1,6,4,2,True,25225200,300.10816000000005,2.5
1,1,1,6,3,3,True,25225200,293.7228800000001,3.125
1,1,1,6,2,4,True,12612600,268.18176000000005,3.125
1,1,1,6,1,5,True,2522520,223.4848,3.75
1,1,1,5,7,0,False,2162160,224.48250000000004,3.3333333333333335
1,1,1,5,6,1,True,12972960,269.379,3.3333333333333335
1,1,1,5,5,2,True,32432400,314.2755,2.6666666666666665
1,1,1,5,4,3,True,43243200,317.26860000000005,2.6666666666666665
1,1,1,5,3,4,True,32432400,302.3031000000001,2.6666666666666665
1,1,1,5,2,5,True,12972960,269.379,3.3333333333333335
1,1,1,5,1,6,True,2162160,218.49630000000002,4.0
1,1,1,4,8,0,False,1351350,209.51700000000002,3.5714285714285716
1,1,1,4,7,1,True,9459450,251.4204,3.5714285714285716
1,1,1,4,6,2,True,28378350,293.3238,2.857142857142857
1,1,1,4,5,3,True,47297250,335.2272,2.857142857142857
1,1,1,4,4,4,True,47297250,329.64008000000007,2.857142857142857
1,1,1,4,3,5,True,28378350,307.2916,2.857142857142857
1,1,1,4,2,6,True,9459450,268.18176,2.857142857142857
1,1,1,4,1,7,True,1351350,212.31056,3.5714285714285716
1,1,1,3,9,0,False,600600,194.55150000000003,3.846153846153846
1,1,1,3,8,1,True,4804800,233.4618,3.846153846153846
1,1,1,3,7,2,True,16816800,272.37210000000005,3.0769230769230766
1,1,1,3,6,3,True,33633600,311.2824,3.0769230769230766
1,1,1,3,5,4,True,42042000,350.1927000000001,2.3076923076923075
1,1,1,3,4,5,True,33633600,337.2226,2.3076923076923075
1,1,1,3,3,6,True,16816800,308.68838,3.0769230769230766
1,1,1,3,2,7,True,4804800,264.59004000000004,3.0769230769230766
1,1,1,3,1,8,True,600600,204.92758000000006,3.846153846153846
1,1,1,2,10,0,False,180180,179.58600000000004,4.166666666666667
1,1,1,2,9,1,True,1621620,215.50320000000002,4.166666666666667
1,1,1,2,8,2,True,6486480,251.42040000000003,3.3333333333333335
1,1,1,2,7,3,True,15135120,287.3376,3.3333333333333335
1,1,1,2,6,4,True,22702680,323.2548000000001,2.5
1,1,1,2,5,5,True,22702680,359.1720000000001,2.5
1,1,1,2,4,6,True,15135120,340.01615999999996,2.5
1,1,1,2,3,7,True,6486480,306.4934400000001,2.5
1,1,1,2,2,8,True,1621620,258.60384,3.3333333333333335
1,1,1,2,1,9,True,180180,196.34736,4.166666666666667
1,1,1,1,11,0,False,32760,164.62050000000005,4.545454545454545
1,1,1,1,10,1,True,327600,197.54460000000003,4.545454545454545
1,1,1,1,9,2,True,1474200,230.46870000000004,3.6363636363636362
1,1,1,1,8,3,True,3931200,263.3928,3.6363636363636362
1,1,1,1,7,4,True,6879600,296.3169000000001,2.727272727272727
1,1,1,1,6,5,True,8255520,329.2410000000001,2.727272727272727
1,1,1,1,5,6,True,6879600,362.1651,2.727272727272727
1,1,1,1,4,7,True,3931200,338.02076000000005,2.727272727272727
1,1,1,1,3,8,True,1474200,300.7067800000001,2.727272727272727
1,1,1,1,2,9,True,327600,250.22316,3.6363636363636362
1,1,1,1,1,10,True,32760,186.56990000000005,4.545454545454545
1,1,1,0,12,0,False,2730,149.65500000000003,5.0
1,1,1,0,11,1,False,30030,179.586,5.0
1,1,1,0,10,2,False,150150,209.51700000000002,4.0
1,1,1,0,9,3,False,450450,239.448,4.0
1,1,1,0,8,4,False,900900,269.3790000000001,3.0
1,1,1,0,7,5,False,1261260,299.31000000000006,3.0
1,1,1,0,6,6,False,1261260,329.241,3.0
1,1,1,0,5,7,False,900900,359.172,3.0
1,1,1,0,4,8,False,450450,331.2364,3.0
1,1,1,0,3,9,False,150150,291.32840000000004,3.0
1,1,1,0,2,10,False,30030,239.44800000000006,4.0
1,1,1,0,1,11,False,2730,175.5952,5.0
1,1,0,13,0,0,False,210,208.60999999999999,3.91304347826087
1,1,0,12,1,0,False,2730,219.49400000000003,3.6363636363636362
1,1,0,11,2,0,False,16380,228.564,3.333333333333333
1,1,0,11,1,1,False,16380,220.94520000000006,3.8095238095238093
1,1,0,10,3,0,False,60060,235.82000000000005,3.5
1,1,0,10,2,1,False,120120,239.448,3.5
1,1,0,10,1,2,False,60060,221.308,3.5
1,1,0,9,4,0,False,150150,241.262,3.1578947368421053
1,1,0,9,3,1,False,450450,255.04839999999996,3.1578947368421053
1,1,0,9,2,2,False,450450,248.1552,3.1578947368421053
1,1,0,9,1,3,False,150150,220.5824,3.68421052631579
1,1,0,8,5,0,False,270270,244.89000000000001,3.333333333333333
1,1,0,8,4,1,False,1081080,267.74640000000005,2.7777777777777777
1,1,0,8,3,2,False,1621620,271.01160000000004,2.7777777777777777
1,1,0,8,2,3,False,1081080,254.68560000000005,3.333333333333333
1,1,0,8,1,4,False,270270,218.7684,3.888888888888889
1,1,0,7,6,0,False,360360,231.28500000000005,3.529411764705882
1,1,0,7,5,1,False,1801800,277.5420000000001,2.941176470588235
1,1,0,7,4,2,False,3603600,289.8772000000001,2.941176470588235
1,1,0,7,3,3,False,3603600,283.7096000000001,2.941176470588235
1,1,0,7,2,4,False,1801800,259.0392000000001,2.941176470588235
1,1,0,7,1,5,False,360360,215.86600000000004,3.529411764705882
1,1,0,6,7,0,False,360360,217.68000000000004,3.75
1,1,0,6,6,1,False,2162160,261.21600000000007,3.125
1,1,0,6,5,2,False,5405400,304.75200000000007,2.5
1,1,0,6,4,3,False,7207200,307.65440000000007,2.5
1,1,0,6,3,4,False,5405400,293.1424000000001,3.125
1,1,0,6,2,5,False,2162160,261.21600000000007,3.125
1,1,0,6,1,6,False,360360,211.8752,3.75
1,1,0,5,8,0,False,270270,204.07500000000002,4.0
1,1,0,5,7,1,False,1891890,244.89000000000004,3.3333333333333335
1,1,0,5,6,2,False,5675670,285.70500000000004,2.6666666666666665
1,1,0,5,5,3,False,9459450,326.52,2.6666666666666665
1,1,0,5,4,4,False,9459450,321.0780000000001,2.6666666666666665
1,1,0,5,3,5,False,5675670,299.31000000000006,2.6666666666666665
1,1,0,5,2,6,False,1891890,261.216,3.3333333333333335
1,1,0,5,1,7,False,270270,206.796,4.0
1,1,0,4,9,0,False,150150,190.47,4.285714285714286
1,1,0,4,8,1,False,1201200,228.56400000000002,3.5714285714285716
1,1,0,4,7,2,False,4204200,266.658,2.857142857142857
1,1,0,4,6,3,False,8408400,304.75199999999995,2.857142857142857
1,1,0,4,5,4,False,10510500,342.846,2.857142857142857
1,1,0,4,4,5,False,8408400,330.148,2.857142857142857
1,1,0,4,3,6,False,4204200,302.21239999999995,2.857142857142857
1,1,0,4,2,7,False,1201200,259.0392,2.857142857142857
1,1,0,4,1,8,False,150150,200.6284,4.285714285714286
1,1,0,3,10,0,False,60060,176.865,4.615384615384615
1,1,0,3,9,1,False,540540,212.23800000000003,3.846153846153846
1,1,0,3,8,2,False,2162160,247.61100000000005,3.0769230769230766
1,1,0,3,7,3,False,5045040,282.984,3.0769230769230766
1,1,0,3,6,4,False,7567560,318.357,3.0769230769230766
1,1,0,3,5,5,False,7567560,353.73,2.3076923076923075
1,1,0,3,4,6,False,5045040,334.8644,2.3076923076923075
1,1,0,3,3,7,False,2162160,301.84960000000007,3.0769230769230766
1,1,0,3,2,8,False,540540,254.68560000000005,3.0769230769230766
1,1,0,3,1,9,False,60060,193.37240000000003,3.846153846153846
1,1,0,2,11,0,False,16380,163.26000000000002,5.0
1,1,0,2,10,1,False,163800,195.912,4.166666666666667
1,1,0,2,9,2,False,737100,228.56400000000002,3.3333333333333335
1,1,0,2,8,3,False,1965600,261.21599999999995,3.3333333333333335
1,1,0,2,7,4,False,3439800,293.868,3.3333333333333335
1,1,0,2,6,5,False,4127760,326.52000000000004,2.5
1,1,0,2,5,6,False,3439800,359.17199999999997,2.5
1,1,0,2,4,7,False,1965600,335.2272,2.5
1,1,0,2,3,8,False,737100,298.2216,2.5
1,1,0,2,2,9,False,163800,248.1552,3.3333333333333335
1,1,0,2,1,10,False,16380,185.02800000000002,4.166666666666667
1,1,0,1,12,0,False,2730,149.65500000000003,5.454545454545454
1,1,0,1,11,1,False,30030,179.58600000000004,4.545454545454545
1,1,0,1,10,2,False,150150,209.51700000000005,3.6363636363636362
1,1,0,1,9,3,False,450450,239.448,3.6363636363636362
1,1,0,1,8,4,False,900900,269.379,3.6363636363636362
1,1,0,1,7,5,False,1261260,299.31000000000006,2.727272727272727
1,1,0,1,6,6,False,1261260,329.24100000000004,2.727272727272727
1,1,0,1,5,7,False,900900,359.1720000000001,2.727272727272727
1,1,0,1,4,8,False,450450,331.2364,2.727272727272727
1,1,0,1,3,9,False,150150,291.32840000000004,2.727272727272727
1,1,0,1,2,10,False,30030,239.44800000000006,3.6363636363636362
1,1,0,1,1,11,False,2730,175.5952,4.545454545454545
1,1,0,0,13,0,False,210,136.05,6.0
1,1,0,0,12,1,False,2520,163.26000000000002,5.0
1,1,0,0,11,2,False,13860,190.47000000000003,4.0
1,1,0,0,10,3,False,46200,217.67999999999998,4.0
1,1,0,0,9,4,False,103950,244.89000000000001,4.0
1,1,0,0,8,5,False,166320,272.1,3.0
1,1,0,0,7,6,False,194040,299.31,3.0
1,1,0,0,6,7,False,166320,326.52000000000004,3.0
1,1,0,0,5,8,False,103950,353.73,3.0
1,1,0,0,4,9,False,46200,322.892,3.0
1,1,0,0,3,10,False,13860,281.17,3.0
1,1,0,0,2,11,False,2520,228.564,4.0
1,1,0,0,1,12,False,210,165.07399999999998,5.0
1,0,14,0,0,0,False,15,211.20000000000005,4.0
1,0,13,1,0,0,False,210,222.64,3.6363636363636362
1,0,13,0,1,0,False,210,222.64000000000001,4.0
1,0,12,2,0,0,False,1365,232.32000000000002,3.3333333333333335
1,0,12,1,1,0,False,2730,234.25600000000006,3.6363636363636362
1,0,12,0,2,0,False,1365,232.32000000000005,4.0
1,0,12,0,1,1,False,1365,224.57600000000008,4.0
1,0,11,3,0,0,False,5460,240.24,3.0769230769230766
1,0,11,2,1,0,False,16380,243.93600000000004,3.3333333333333335
1,0,11,1,2,0,False,16380,243.936,3.6363636363636362
1,0,11,1,1,1,False,16380,235.80480000000009,3.6363636363636362
1,0,11,0,3,0,False,5460,240.24,4.0
1,0,11,0,2,1,False,10920,243.93600000000004,4.0
1,0,11,0,1,2,False,5460,225.45600000000002,4.0
1,0,10,4,0,0,False,15015,246.39999999999998,3.5714285714285716
1,0,10,3,1,0,False,60060,251.68000000000004,3.0769230769230766
1,0,10,2,2,0,False,90090,253.44,3.3333333333333335
1,0,10,2,1,1,False,90090,244.99200000000005,3.3333333333333335
1,0,10,1,3,0,False,60060,251.68000000000004,3.6363636363636362
1,0,10,1,2,1,False,120120,255.55200000000008,3.6363636363636362
1,0,10,1,1,2,False,60060,236.192,3.6363636363636362
1,0,10,0,4,0,False,15015,246.4,3.0
1,0,10,0,3,1,False,45045,260.48,3.0
1,0,10,0,2,2,False,45045,253.44000000000003,3.0
1,0,10,0,1,3,False,15015,225.28000000000003,4.0
1,0,9,5,0,0,False,30030,250.8,3.3333333333333335
1,0,9,4,1,0,False,150150,257.488,3.5714285714285716
1,0,9,3,2,0,False,300300,260.832,3.0769230769230766
1,0,9,3,1,1,False,300300,252.13760000000005,3.0769230769230766
1,0,9,2,3,0,False,300300,260.832,3.3333333333333335
1,0,9,2,2,1,False,600600,264.8448,3.3333333333333335
1,0,9,2,1,2,False,300300,244.7808,3.3333333333333335
1,0,9,1,4,0,False,150150,257.488,3.6363636363636362
1,0,9,1,3,1,False,450450,272.20160000000004,2.727272727272727
1,0,9,1,2,2,False,450450,264.8448,3.6363636363636362
1,0,9,1,1,3,False,150150,235.41760000000002,3.6363636363636362
1,0,9,0,5,0,False,30030,250.8,3.0
1,0,9,0,4,1,False,120120,274.208,3.0
1,0,9,0,3,2,False,180180,277.5520000000001,3.0
1,0,9,0,2,3,False,120120,260.83200000000005,3.0
1,0,9,0,1,4,False,30030,224.048,4.0
1,0,8,6,0,0,False,45045,253.44000000000003,3.125
1,0,8,5,1,0,False,270270,261.36,3.3333333333333335
1,0,8,4,2,0,False,675675,266.112,2.857142857142857
1,0,8,4,1,1,False,675675,257.2416,3.5714285714285716
1,0,8,3,3,0,False,900900,267.6960000000001,3.0769230769230766
1,0,8,3,2,1,False,1801800,271.81440000000003,3.0769230769230766
1,0,8,3,1,2,False,900900,251.22240000000002,3.0769230769230766
1,0,8,2,4,0,False,675675,266.11199999999997,3.3333333333333335
1,0,8,2,3,1,False,2027025,281.3184,3.3333333333333335
1,0,8,2,2,2,False,2027025,273.7152,3.3333333333333335
1,0,8,2,1,3,False,675675,243.3024,3.3333333333333335
1,0,8,1,5,0,False,270270,261.36000000000007,3.6363636363636362
1,0,8,1,4,1,False,1081080,285.75360000000006,2.727272727272727
1,0,8,1,3,2,False,1621620,289.23840000000007,2.727272727272727
1,0,8,1,2,3,False,1081080,271.81440000000003,2.727272727272727
1,0,8,1,1,4,False,270270,233.48160000000001,3.6363636363636362
1,0,8,0,6,0,False,45045,237.60000000000002,4.0
1,0,8,0,5,1,False,225225,285.12000000000006,3.0
1,0,8,0,4,2,False,450450,297.79200000000003,3.0
1,0,8,0,3,3,False,450450,291.456,3.0
1,0,8,0,2,4,False,225225,266.112,3.0
1,0,8,0,1,5,False,45045,221.76,4.0
1,0,7,7,0,0,False,51480,254.32000000000008,2.941176470588235
1,0,7,6,1,0,False,360360,263.2960000000001,3.125
1,0,7,5,2,0,False,1081080,269.2800000000001,3.3333333333333335
1,0,7,5,1,1,False,1081080,260.3040000000001,3.3333333333333335
1,0,7,4,3,0,False,1801800,272.27200000000005,2.857142857142857
1,0,7,4,2,1,False,3603600,276.46080000000006,2.857142857142857
1,0,7,4,1,2,False,1801800,255.51680000000007,3.5714285714285716
1,0,7,3,4,0,False,1801800,272.27200000000005,3.0769230769230766
1,0,7,3,3,1,False,5405400,287.83040000000005,3.0769230769230766
1,0,7,3,2,2,False,5405400,280.05120000000005,3.0769230769230766
1,0,7,3,1,3,False,1801800,248.93440000000007,3.0769230769230766
1,0,7,2,5,0,False,1081080,269.2800000000001,3.3333333333333335
1,0,7,2,4,1,False,4324320,294.41280000000006,3.3333333333333335
1,0,7,2,3,2,False,6486480,298.00320000000005,2.5
1,0,7,2,2,3,False,4324320,280.05120000000005,3.3333333333333335
1,0,7,2,1,4,False,1081080,240.55680000000007,3.3333333333333335
1,0,7,1,6,0,False,360360,246.8400000000001,3.6363636363636362
1,0,7,1,5,1,False,1801800,296.20800000000014,2.727272727272727
1,0,7,1,4,2,False,3603600,309.3728000000001,2.727272727272727
1,0,7,1,3,3,False,3603600,302.7904000000001,2.727272727272727
1,0,7,1,2,4,False,1801800,276.4608000000001,2.727272727272727
1,0,7,1,1,5,False,360360,230.38400000000004,3.6363636363636362
1,0,7,0,7,0,False,51480,224.40000000000006,4.0
1,0,7,0,6,1,False,308880,269.2800000000001,3.0
1,0,7,0,5,2,False,772200,314.1600000000001,3.0
1,0,7,0,4,3,False,1029600,317.15200000000004,3.0
1,0,7,0,3,4,False,772200,302.1920000000001,3.0
1,0,7,0,2,5,False,308880,269.2800000000001,3.0
1,0,7,0,1,6,False,51480,218.41600000000005,4.0
1,0,6,8,0,0,False,45045,253.44000000000003,3.333333333333333
1,0,6,7,1,0,False,360360,263.29600000000005,2.941176470588235
1,0,6,6,2,0,False,1261260,270.336,3.125
1,0,6,6,1,1,False,1261260,261.32480000000004,3.125
1,0,6,5,3,0,False,2522520,274.56000000000006,3.3333333333333335
1,0,6,5,2,1,False,5045040,278.78400000000005,2.6666666666666665
1,0,6,5,1,2,False,2522520,257.664,3.3333333333333335
1,0,6,4,4,0,False,3153150,275.96799999999996,2.857142857142857
1,0,6,4,3,1,False,9459450,291.7376,2.857142857142857
1,0,6,4,2,2,False,9459450,283.8528,2.857142857142857
1,0,6,4,1,3,False,3153150,252.3136,3.5714285714285716
1,0,6,3,5,0,False,2522520,274.56000000000006,3.0769230769230766
1,0,6,3,4,1,False,10090080,300.1856000000001,3.0769230769230766
1,0,6,3,3,2,False,15135120,303.8464000000001,3.0769230769230766
1,0,6,3,2,3,False,10090080,285.54240000000004,3.0769230769230766
1,0,6,3,1,4,False,2522520,245.27360000000004,3.0769230769230766
1,0,6,2,6,0,False,1261260,253.44,3.3333333333333335
1,0,6,2,5,1,False,6306300,304.12800000000004,2.5
1,0,6,2,4,2,False,12612600,317.6448,2.5
1,0,6,2,3,3,False,12612600,310.88640000000004,2.5
1,0,6,2,2,4,False,6306300,283.8528,3.3333333333333335
1,0,6,2,1,5,False,1261260,236.54399999999998,3.3333333333333335
1,0,6,1,7,0,False,360360,232.32000000000005,3.6363636363636362
1,0,6,1,6,1,False,2162160,278.78400000000005,2.727272727272727
1,0,6,1,5,2,False,5405400,325.24800000000005,2.727272727272727
1,0,6,1,4,3,False,7207200,328.34560000000005,2.727272727272727
1,0,6,1,3,4,False,5405400,312.85760000000016,2.727272727272727
1,0,6,1,2,5,False,2162160,278.78400000000005,2.727272727272727
1,0,6,1,1,6,False,360360,226.1248,3.6363636363636362
1,0,6,0,8,0,False,45045,211.20000000000002,4.0
1,0,6,0,7,1,False,315315,253.44000000000003,3.0
1,0,6,0,6,2,False,945945,295.68,3.0
1,0,6,0,5,3,False,1576575,337.92,3.0
1,0,6,0,4,4,False,1576575,332.28800000000007,3.0
1,0,6,0,3,5,False,945945,309.76000000000005,3.0
1,0,6,0,2,6,False,315315,270.33599999999996,3.0
1,0,6,0,1,7,False,45045,214.016,4.0
1,0,5,9,0,0,False,30030,250.79999999999998,3.1578947368421053
1,0,5,8,1,0,False,270270,261.36,3.333333333333333
1,0,5,7,2,0,False,1081080,269.28000000000003,2.941176470588235
1,0,5,7,1,1,False,1081080,260.3040000000001,2.941176470588235
1,0,5,6,3,0,False,2522520,274.56000000000006,3.125
1,0,5,6,2,1,False,5045040,278.78400000000005,3.125
1,0,5,6,1,2,False,2522520,257.664,3.125
1,0,5,5,4,0,False,3783780,277.2,2.6666666666666665
1,0,5,5,3,1,False,11351340,293.04,2.6666666666666665
1,0,5,5,2,2,False,11351340,285.12,2.6666666666666665
1,0,5,5,1,3,False,3783780,253.44000000000005,3.3333333333333335
1,0,5,4,5,0,False,3783780,277.2,2.857142857142857
1,0,5,4,4,1,False,15135120,303.072,2.857142857142857
1,0,5,4,3,2,False,22702680,306.76800000000003,2.857142857142857
1,0,5,4,2,3,False,15135120,288.28800000000007,2.857142857142857
1,0,5,4,1,4,False,3783780,247.632,3.5714285714285716
1,0,5,3,6,0,False,2522520,257.40000000000003,3.0769230769230766
1,0,5,3,5,1,False,12612600,308.88000000000005,3.0769230769230766
1,0,5,3,4,2,False,25225200,322.60800000000006,2.3076923076923075
1,0,5,3,3,3,False,25225200,315.744,3.0769230769230766
1,0,5,3,2,4,False,12612600,288.28800000000007,3.0769230769230766
1,0,5,3,1,5,False,2522520,240.23999999999998,3.0769230769230766
1,0,5,2,7,0,False,1081080,237.6,3.3333333333333335
1,0,5,2,6,1,False,6486480,285.12,3.3333333333333335
1,0,5,2,5,2,False,16216200,332.64,2.5
1,0,5,2,4,3,False,21621600,335.80800000000005,2.5
1,0,5,2,3,4,False,16216200,319.968,2.5
1,0,5,2,2,5,False,6486480,285.12,3.3333333333333335
1,0,5,2,1,6,False,1081080,231.264,3.3333333333333335
1,0,5,1,8,0,False,270270,217.8,3.6363636363636362
1,0,5,1,7,1,False,1891890,261.36000000000007,3.6363636363636362
1,0,5,1,6,2,False,5675670,304.92,2.727272727272727
1,0,5,1,5,3,False,9459450,348.48,2.727272727272727
1,0,5,1,4,4,False,9459450,342.6720000000001,2.727272727272727
1,0,5,1,3,5,False,5675670,319.44000000000005,2.727272727272727
1,0,5,1,2,6,False,1891890,278.78400000000005,2.727272727272727
1,0,5,1,1,7,False,270270,220.70400000000004,3.6363636363636362
1,0,5,0,9,0,False,30030,198.0,4.0
1,0,5,0,8,1,False,240240,237.60000000000002,4.0
1,0,5,0,7,2,False,840840,277.2,3.0
1,0,5,0,6,3,False,1681680,316.8,3.0
1,0,5,0,5,4,False,2102100,356.4000000000001,3.0
1,0,5,0,4,5,False,1681680,343.20000000000005,3.0
1,0,5,0,3,6,False,840840,314.16,3.0
1,0,5,0,2,7,False,240240,269.28000000000003,3.0
1,0,5,0,1,8,False,30030,208.56,4.0
1,0,4,10,0,0,False,15015,246.4,3.0
1,0,4,9,1,0,False,150150,257.488,3.1578947368421053
1,0,4,8,2,0,False,675675,266.112,2.7777777777777777
1,0,4,8,1,1,False,675675,257.2416,3.333333333333333
1,0,4,7,3,0,False,1801800,272.27200000000005,2.941176470588235
1,0,4,7,2,1,False,3603600,276.46080000000006,2.941176470588235
1,0,4,7,1,2,False,1801800,255.51680000000002,2.941176470588235
1,0,4,6,4,0,False,3153150,275.968,3.125
1,0,4,6,3,1,False,9459450,291.73760000000004,3.125
1,0,4,6,2,2,False,9459450,283.85280000000006,3.125
1,0,4,6,1,3,False,3153150,252.31360000000006,3.125
1,0,4,5,5,0,False,3783780,277.20000000000005,2.6666666666666665
1,0,4,5,4,1,False,15135120,303.07200000000006,2.6666666666666665
1,0,4,5,3,2,False,22702680,306.76800000000003,2.6666666666666665
1,0,4,5,2,3,False,15135120,288.288,2.6666666666666665
1,0,4,5,1,4,False,3783780,247.63200000000003,3.3333333333333335
1,0,4,4,6,0,False,3153150,258.72,2.857142857142857
1,0,4,4,5,1,False,15765750,310.46399999999994,2.857142857142857
1,0,4,4,4,2,False,31531500,324.2624,2.857142857142857
1,0,4,4,3,3,False,31531500,317.3632,2.857142857142857
1,0,4,4,2,4,False,15765750,289.76640000000003,2.857142857142857
1,0,4,4,1,5,False,3153150,241.472,3.5714285714285716
1,0,4,3,7,0,False,1801800,240.24,3.0769230769230766
1,0,4,3,6,1,False,10810800,288.288,3.0769230769230766
1,0,4,3,5,2,False,27027000,336.33600000000007,2.3076923076923075
1,0,4,3,4,3,False,36036000,339.53920000000005,2.3076923076923075
1,0,4,3,3,4,False,27027000,323.52320000000014,2.3076923076923075
1,0,4,3,2,5,False,10810800,288.288,3.0769230769230766
1,0,4,3,1,6,False,1801800,233.83360000000002,3.846153846153846
1,0,4,2,8,0,False,675675,221.76000000000002,3.3333333333333335
1,0,4,2,7,1,False,4729725,266.11199999999997,3.3333333333333335
1,0,4,2,6,2,False,14189175,310.464,2.5
1,0,4,2,5,3,False,23648625,354.816,2.5
1,0,4,2,4,4,False,23648625,348.90240000000006,2.5
1,0,4,2,3,5,False,14189175,325.248,2.5
1,0,4,2,2,6,False,4729725,283.8528,3.3333333333333335
1,0,4,2,1,7,False,675675,224.7168,3.3333333333333335
1,0,4,1,9,0,False,150150,203.28000000000003,3.6363636363636362
1,0,4,1,8,1,False,1201200,243.936,3.6363636363636362
1,0,4,1,7,2,False,4204200,284.59200000000004,2.727272727272727
1,0,4,1,6,3,False,8408400,325.24800000000005,2.727272727272727
1,0,4,1,5,4,False,10510500,365.90400000000005,2.727272727272727
1,0,4,1,4,5,False,8408400,352.3520000000001,2.727272727272727
1,0,4,1,3,6,False,4204200,322.53760000000005,2.727272727272727
1,0,4,1,2,7,False,1201200,276.46080000000006,2.727272727272727
1,0,4,1,1,8,False,150150,214.12160000000006,3.6363636363636362
1,0,4,0,10,0,False,15015,184.8,4.0
1,0,4,0,9,1,False,135135,221.76,4.0
1,0,4,0,8,2,False,540540,258.72,3.0
1,0,4,0,7,3,False,1261260,295.68,3.0
1,0,4,0,6,4,False,1891890,332.64000000000004,3.0
1,0,4,0,5,5,False,1891890,369.6,2.0
1,0,4,0,4,6,False,1261260,349.888,3.0
1,0,4,0,3,7,False,540540,315.39200000000005,3.0
1,0,4,0,2,8,False,135135,266.112,3.0
1,0,4,0,1,9,False,15015,202.048,4.0
1,0,3,11,0,0,False,5460,240.24,3.333333333333333
1,0,3,10,1,0,False,60060,251.68000000000004,3.0
1,0,3,9,2,0,False,300300,260.832,3.1578947368421053
1,0,3,9,1,1,False,300300,252.13760000000005,3.1578947368421053
1,0,3,8,3,0,False,900900,267.696,2.7777777777777777
1,0,3,8,2,1,False,1801800,271.81440000000003,2.7777777777777777
1,0,3,8,1,2,False,900900,251.22240000000002,3.333333333333333
1,0,3,7,4,0,False,1801800,272.27200000000005,2.941176470588235
1,0,3,7,3,1,False,5405400,287.83040000000005,2.941176470588235
1,0,3,7,2,2,False,5405400,280.0512,2.941176470588235
1,0,3,7,1,3,False,1801800,248.9344,3.529411764705882
1,0,3,6,5,0,False,2522520,274.56000000000006,3.125
1,0,3,6,4,1,False,10090080,300.1856,2.5
1,0,3,6,3,2,False,15135120,303.8464000000001,2.5
1,0,3,6,2,3,False,10090080,285.54240000000004,3.125
1,0,3,6,1,4,False,2522520,245.27360000000004,3.125
1,0,3,5,6,0,False,2522520,257.40000000000003,3.3333333333333335
1,0,3,5,5,1,False,12612600,308.88000000000005,2.6666666666666665
1,0,3,5,4,2,False,25225200,322.60800000000006,2.6666666666666665
1,0,3,5,3,3,False,25225200,315.744,2.6666666666666665
1,0,3,5,2,4,False,12612600,288.288,2.6666666666666665
1,0,3,5,1,5,False,2522520,240.24,3.3333333333333335
1,0,3,4,7,0,False,1801800,240.24,3.5714285714285716
1,0,3,4,6,1,False,10810800,288.28800000000007,2.857142857142857
1,0,3,4,5,2,False,27027000,336.336,2.857142857142857
1,0,3,4,4,3,False,36036000,339.5392,2.857142857142857
1,0,3,4,3,4,False,27027000,323.5232000000001,2.857142857142857
1,0,3,4,2,5,False,10810800,288.28800000000007,2.857142857142857
1,0,3,4,1,6,False,1801800,233.8336,3.5714285714285716
1,0,3,3,8,0,False,900900,223.08000000000004,3.846153846153846
1,0,3,3,7,1,False,6306300,267.6960000000001,3.0769230769230766
1,0,3,3,6,2,False,18918900,312.312,3.0769230769230766
1,0,3,3,5,3,False,31531500,356.928,2.3076923076923075
1,0,3,3,4,4,False,31531500,350.97920000000005,2.3076923076923075
1,0,3,3,3,5,False,18918900,327.1840000000001,2.3076923076923075
1,0,3,3,2,6,False,6306300,285.54240000000004,3.0769230769230766
1,0,3,3,1,7,False,900900,226.05440000000004,3.846153846153846
1,0,3,2,9,0,False,300300,205.92000000000002,4.166666666666667
1,0,3,2,8,1,False,2402400,247.10400000000004,3.3333333333333335
1,0,3,2,7,2,False,8408400,288.288,3.3333333333333335
1,0,3,2,6,3,False,16816800,329.472,2.5
1,0,3,2,5,4,False,21021000,370.65600000000006,2.5
1,0,3,2,4,5,False,16816800,356.928,2.5
1,0,3,2,3,6,False,8408400,326.72639999999996,2.5
1,0,3,2,2,7,False,2402400,280.05120000000005,3.3333333333333335
1,0,3,2,1,8,False,300300,216.9024,4.166666666666667
1,0,3,1,10,0,False,60060,188.76000000000005,4.545454545454545
1,0,3,1,9,1,False,540540,226.51200000000006,3.6363636363636362
1,0,3,1,8,2,False,2162160,264.264,3.6363636363636362
1,0,3,1,7,3,False,5045040,302.016,2.727272727272727
1,0,3,1,6,4,False,7567560,339.7680000000001,2.727272727272727
1,0,3,1,5,5,False,7567560,377.5200000000001,2.727272727272727
1,0,3,1,4,6,False,5045040,357.38560000000007,2.727272727272727
1,0,3,1,3,7,False,2162160,322.1504000000001,2.727272727272727
1,0,3,1,2,8,False,540540,271.81440000000003,2.727272727272727
1,0,3,1,1,9,False,60060,206.3776,3.6363636363636362
1,0,3,0,11,0,False,5460,171.60000000000002,5.0
1,0,3,0,10,1,False,54600,205.92000000000004,4.0
1,0,3,0,9,2,False,245700,240.24,4.0
1,0,3,0,8,3,False,655200,274.56,3.0
1,0,3,0,7,4,False,1146600,308.88000000000005,3.0
1,0,3,0,6,5,False,1375920,343.20000000000005,3.0
1,0,3,0,5,6,False,1146600,377.52,2.0
1,0,3,0,4,7,False,655200,352.35200000000003,3.0
1,0,3,0,3,8,False,245700,313.4560000000001,3.0
1,0,3,0,2,9,False,54600,260.832,3.0
1,0,3,0,1,10,False,5460,194.48000000000002,4.0
1,0,2,12,0,0,False,1365,232.32000000000005,3.1818181818181817
1,0,2,11,1,0,False,16380,243.93600000000006,3.333333333333333
1,0,2,10,2,0,False,90090,253.44000000000003,3.0
1,0,2,10,1,1,False,90090,244.99200000000002,3.5
1,0,2,9,3,0,False,300300,260.832,3.1578947368421053
1,0,2,9,2,1,False,600600,264.8448,3.1578947368421053
1,0,2,9,1,2,False,300300,244.78079999999997,3.1578947368421053
1,0,2,8,4,0,False,675675,266.112,2.7777777777777777
1,0,2,8,3,1,False,2027025,281.31840000000005,2.7777777777777777
1,0,2,8,2,2,False,2027025,273.7152,2.7777777777777777
1,0,2,8,1,3,False,675675,243.3024,3.333333333333333
1,0,2,7,5,0,False,1081080,269.28000000000003,2.941176470588235
1,0,2,7,4,1,False,4324320,294.41280000000006,2.941176470588235
1,0,2,7,3,2,False,6486480,298.00320000000005,2.941176470588235
1,0,2,7,2,3,False,4324320,280.05120000000005,2.941176470588235
1,0,2,7,1,4,False,1081080,240.55680000000007,3.529411764705882
1,0,2,6,6,0,False,1261260,253.44000000000003,3.125
1,0,2,6,5,1,False,6306300,304.12800000000004,2.5
1,0,2,6,4,2,False,12612600,317.64480000000003,2.5
1,0,2,6,3,3,False,12612600,310.8864000000001,2.5
1,0,2,6,2,4,False,6306300,283.85280000000006,3.125
1,0,2,6,1,5,False,1261260,236.544,3.125
1,0,2,5,7,0,False,1081080,237.60000000000002,3.3333333333333335
1,0,2,5,6,1,False,6486480,285.12,2.6666666666666665
1,0,2,5,5,2,False,16216200,332.64,2.6666666666666665
1,0,2,5,4,3,False,21621600,335.80800000000005,2.6666666666666665
1,0,2,5,3,4,False,16216200,319.9680000000001,2.6666666666666665
1,0,2,5,2,5,False,6486480,285.12,2.6666666666666665
1,0,2,5,1,6,False,1081080,231.264,3.3333333333333335
1,0,2,4,8,0,False,675675,221.76,3.5714285714285716
1,0,2,4,7,1,False,4729725,266.112,2.857142857142857
1,0,2,4,6,2,False,14189175,310.46399999999994,2.857142857142857
1,0,2,4,5,3,False,23648625,354.81600000000003,2.142857142857143
1,0,2,4,4,4,False,23648625,348.90240000000006,2.142857142857143
1,0,2,4,3,5,False,14189175,325.24800000000005,2.857142857142857
1,0,2,4,2,6,False,4729725,283.8528,2.857142857142857
1,0,2,4,1,7,False,675675,224.71680000000003,3.5714285714285716
1,0,2,3,9,0,False,300300,205.92000000000002,3.846153846153846
1,0,2,3,8,1,False,2402400,247.104,3.0769230769230766
1,0,2,3,7,2,False,8408400,288.288,3.0769230769230766
1,0,2,3,6,3,False,16816800,329.47200000000004,2.3076923076923075
1,0,2,3,5,4,False,21021000,370.6560000000001,2.3076923076923075
1,0,2,3,4,5,False,16816800,356.928,2.3076923076923075
1,0,2,3,3,6,False,8408400,326.72639999999996,2.3076923076923075
1,0,2,3,2,7,False,2402400,280.05120000000005,3.0769230769230766
1,0,2,3,1,8,False,300300,216.90240000000003,3.846153846153846
1,0,2,2,10,0,False,90090,190.08,4.166666666666667
1,0,2,2,9,1,False,810810,228.096,3.3333333333333335
1,0,2,2,8,2,False,3243240,266.11199999999997,3.3333333333333335
1,0,2,2,7,3,False,7567560,304.12800000000004,2.5
1,0,2,2,6,4,False,11351340,342.14400000000006,2.5
1,0,2,2,5,5,False,11351340,380.16,2.5
1,0,2,2,4,6,False,7567560,359.8848,2.5
1,0,2,2,3,7,False,3243240,324.4032000000001,2.5
1,0,2,2,2,8,False,810810,273.7152,3.3333333333333335
1,0,2,2,1,9,False,90090,207.8208,4.166666666666667
1,0,2,1,11,0,False,16380,174.24,4.545454545454545
1,0,2,1,10,1,False,163800,209.08800000000002,3.6363636363636362
1,0,2,1,9,2,False,737100,243.936,3.6363636363636362
1,0,2,1,8,3,False,1965600,278.78400000000005,2.727272727272727
1,0,2,1,7,4,False,3439800,313.6320000000001,2.727272727272727
1,0,2,1,6,5,False,4127760,348.48,2.727272727272727
1,0,2,1,5,6,False,3439800,383.32800000000003,2.727272727272727
1,0,2,1,4,7,False,1965600,357.7728000000001,2.727272727272727
1,0,2,1,3,8,False,737100,318.27840000000003,2.727272727272727
1,0,2,1,2,9,False,163800,264.8448,3.6363636363636362
1,0,2,1,1,10,False,16380,197.47200000000007,4.545454545454545
1,0,2,0,12,0,False,1365,158.4,5.0
1,0,2,0,11,1,False,15015,190.08,4.0
1,0,2,0,10,2,False,75075,221.76,4.0
1,0,2,0,9,3,False,225225,253.44000000000003,3.0
1,0,2,0,8,4,False,450450,285.12000000000006,3.0
1,0,2,0,7,5,False,630630,316.8,3.0
1,0,2,0,6,6,False,630630,348.48,3.0
1,0,2,0,5,7,False,450450,380.16,2.0
1,0,2,0,4,8,False,225225,350.592,3.0
1,0,2,0,3,9,False,75075,308.35200000000003,3.0
1,0,2,0,2,10,False,15015,253.44000000000005,3.0
1,0,2,0,1,11,False,1365,185.856,4.0
1,0,1,13,0,0,False,210,222.64000000000001,3.4782608695652177
1,0,1,12,1,0,False,2730,234.25600000000006,3.1818181818181817
1,0,1,11,2,0,False,16380,243.93600000000006,3.333333333333333
1,0,1,11,1,1,False,16380,235.80480000000009,3.333333333333333
1,0,1,10,3,0,False,60060,251.68000000000004,3.0
1,0,1,10,2,1,False,120120,255.55200000000005,3.0
1,0,1,10,1,2,False,60060,236.192,3.5
1,0,1,9,4,0,False,150150,257.488,3.1578947368421053
1,0,1,9,3,1,False,450450,272.2016,3.1578947368421053
1,0,1,9,2,2,False,450450,264.8448,3.1578947368421053
1,0,1,9,1,3,False,150150,235.41760000000005,3.1578947368421053
1,0,1,8,5,0,False,270270,261.36,3.333333333333333
1,0,1,8,4,1,False,1081080,285.75360000000006,2.7777777777777777
1,0,1,8,3,2,False,1621620,289.23840000000007,2.7777777777777777
1,0,1,8,2,3,False,1081080,271.81440000000003,2.7777777777777777
1,0,1,8,1,4,False,270270,233.48160000000004,3.333333333333333
1,0,1,7,6,0,False,360360,246.84000000000006,3.529411764705882
1,0,1,7,5,1,False,1801800,296.2080000000001,2.941176470588235
1,0,1,7,4,2,False,3603600,309.3728000000001,2.941176470588235
1,0,1,7,3,3,False,3603600,302.79040000000015,2.941176470588235
1,0,1,7,2,4,False,1801800,276.46080000000006,2.941176470588235
1,0,1,7,1,5,False,360360,230.38400000000004,3.529411764705882
1,0,1,6,7,0,False,360360,232.32000000000005,3.75
1,0,1,6,6,1,False,2162160,278.78400000000005,3.125
1,0,1,6,5,2,False,5405400,325.2480000000001,2.5
1,0,1,6,4,3,False,7207200,328.3456000000001,2.5
1,0,1,6,3,4,False,5405400,312.8576000000001,2.5
1,0,1,6,2,5,False,2162160,278.78400000000005,3.125
1,0,1,6,1,6,False,360360,226.12480000000005,3.75
1,0,1,5,8,0,False,270270,217.8,4.0
1,0,1,5,7,1,False,1891890,261.36000000000007,3.3333333333333335
1,0,1,5,6,2,False,5675670,304.9200000000001,2.6666666666666665
1,0,1,5,5,3,False,9459450,348.4800000000001,2.6666666666666665
1,0,1,5,4,4,False,9459450,342.6720000000001,2.6666666666666665
1,0,1,5,3,5,False,5675670,319.44000000000005,2.6666666666666665
1,0,1,5,2,6,False,1891890,278.78400000000005,2.6666666666666665
1,0,1,5,1,7,False,270270,220.70400000000004,4.0
1,0,1,4,9,0,False,150150,203.28,4.285714285714286
1,0,1,4,8,1,False,1201200,243.93600000000004,3.5714285714285716
1,0,1,4,7,2,False,4204200,284.59200000000004,2.857142857142857
1,0,1,4,6,3,False,8408400,325.24800000000005,2.857142857142857
1,0,1,4,5,4,False,10510500,365.90400000000005,2.142857142857143
1,0,1,4,4,5,False,8408400,352.35200000000003,2.142857142857143
1,0,1,4,3,6,False,4204200,322.5376,2.857142857142857
1,0,1,4,2,7,False,1201200,276.4608,2.857142857142857
1,0,1,4,1,8,False,150150,214.12160000000006,3.5714285714285716
1,0,1,3,10,0,False,60060,188.76000000000002,4.615384615384615
1,0,1,3,9,1,False,540540,226.51200000000006,3.846153846153846
1,0,1,3,8,2,False,2162160,264.26400000000007,3.0769230769230766
1,0,1,3,7,3,False,5045040,302.0160000000001,3.0769230769230766
1,0,1,3,6,4,False,7567560,339.7680000000001,2.3076923076923075
1,0,1,3,5,5,False,7567560,377.52000000000004,2.3076923076923075
1,0,1,3,4,6,False,5045040,357.38560000000007,2.3076923076923075
1,0,1,3,3,7,False,2162160,322.15040000000016,2.3076923076923075
1,0,1,3,2,8,False,540540,271.8144000000001,3.0769230769230766
1,0,1,3,1,9,False,60060,206.37760000000003,3.846153846153846
1,0,1,2,11,0,False,16380,174.24,5.0
1,0,1,2,10,1,False,163800,209.08800000000005,4.166666666666667
1,0,1,2,9,2,False,737100,243.93600000000006,3.3333333333333335
1,0,1,2,8,3,False,1965600,278.78400000000005,3.3333333333333335
1,0,1,2,7,4,False,3439800,313.63200000000006,2.5
1,0,1,2,6,5,False,4127760,348.48,2.5
1,0,1,2,5,6,False,3439800,383.32800000000003,2.5
1,0,1,2,4,7,False,1965600,357.7728000000001,2.5
1,0,1,2,3,8,False,737100,318.2784000000001,2.5
1,0,1,2,2,9,False,163800,264.8448,3.3333333333333335
1,0,1,2,1,10,False,16380,197.47200000000007,4.166666666666667
1,0,1,1,12,0,False,2730,159.72000000000003,5.454545454545454
1,0,1,1,11,1,False,30030,191.66400000000004,4.545454545454545
1,0,1,1,10,2,False,150150,223.6080000000001,3.6363636363636362
1,0,1,1,9,3,False,450450,255.55200000000008,3.6363636363636362
1,0,1,1,8,4,False,900900,287.4960000000001,2.727272727272727
1,0,1,1,7,5,False,1261260,319.44000000000005,2.727272727272727
1,0,1,1,6,6,False,1261260,351.38400000000007,2.727272727272727
1,0,1,1,5,7,False,900900,383.3280000000001,2.727272727272727
1,0,1,1,4,8,False,450450,353.51360000000005,2.727272727272727
1,0,1,1,3,9,False,150150,310.92160000000007,2.727272727272727
1,0,1,1,2,10,False,30030,255.5520000000001,3.6363636363636362
1,0,1,1,1,11,False,2730,187.40480000000008,4.545454545454545
1,0,1,0,13,0,False,210,145.20000000000002,6.0
1,0,1,0,12,1,False,2520,174.24000000000004,5.0
1,0,1,0,11,2,False,13860,203.28000000000006,4.0
1,0,1,0,10,3,False,46200,232.32000000000005,4.0
1,0,1,0,9,4,False,103950,261.36000000000007,3.0
1,0,1,0,8,5,False,166320,290.40000000000003,3.0
1,0,1,0,7,6,False,194040,319.44000000000005,3.0
1,0,1,0,6,7,False,166320,348.4800000000001,3.0
1,0,1,0,5,8,False,103950,377.52000000000004,2.0
1,0,1,0,4,9,False,46200,344.608,3.0
1,0,1,0,3,10,False,13860,300.0800000000001,3.0
1,0,1,0,2,11,False,2520,243.93600000000004,4.0
1,0,1,0,1,12,False,210,176.17600000000002,5.0
1,0,0,14,0,0,False,15,211.20000000000005,3.7499999999999996
1,0,0,13,1,0,False,210,222.64000000000001,3.4782608695652177
1,0,0,12,2,0,False,1365,232.32000000000005,3.1818181818181817
1,0,0,12,1,1,False,1365,224.57600000000008,3.6363636363636362
1,0,0,11,3,0,False,5460,240.24,3.333333333333333
1,0,0,11,2,1,False,10920,243.93600000000006,3.333333333333333
1,0,0,11,1,2,False,5460,225.45600000000002,3.333333333333333
1,0,0,10,4,0,False,15015,246.4,3.0
1,0,0,10,3,1,False,45045,260.48,3.0
1,0,0,10,2,2,False,45045,253.44000000000003,3.0
1,0,0,10,1,3,False,15015,225.28000000000003,3.5
1,0,0,9,5,0,False,30030,250.79999999999998,3.1578947368421053
1,0,0,9,4,1,False,120120,274.208,3.1578947368421053
1,0,0,9,3,2,False,180180,277.552,3.1578947368421053
1,0,0,9,2,3,False,120120,260.832,3.1578947368421053
1,0,0,9,1,4,False,30030,224.04800000000003,3.68421052631579
1,0,0,8,6,0,False,45045,237.6,3.333333333333333
1,0,0,8,5,1,False,225225,285.12,2.7777777777777777
1,0,0,8,4,2,False,450450,297.79200000000003,2.7777777777777777
1,0,0,8,3,3,False,450450,291.456,2.7777777777777777
1,0,0,8,2,4,False,225225,266.112,2.7777777777777777
1,0,0,8,1,5,False,45045,221.76000000000002,3.333333333333333
1,0,0,7,7,0,False,51480,224.40000000000003,3.529411764705882
1,0,0,7,6,1,False,308880,269.28000000000003,2.941176470588235
1,0,0,7,5,2,False,772200,314.16,2.352941176470588
1,0,0,7,4,3,False,1029600,317.1520000000001,2.352941176470588
1,0,0,7,3,4,False,772200,302.1920000000001,2.941176470588235
1,0,0,7,2,5,False,308880,269.28000000000003,2.941176470588235
1,0,0,7,1,6,False,51480,218.416,3.529411764705882
1,0,0,6,8,0,False,45045,211.20000000000002,3.75
1,0,0,6,7,1,False,315315,253.44000000000003,3.125
1,0,0,6,6,2,False,945945,295.68,2.5
1,0,0,6,5,3,False,1576575,337.9200000000001,2.5
1,0,0,6,4,4,False,1576575,332.28800000000007,2.5
1,0,0,6,3,5,False,945945,309.76000000000005,2.5
1,0,0,6,2,6,False,315315,270.336,3.125
1,0,0,6,1,7,False,45045,214.016,3.75
1,0,0,5,9,0,False,30030,198.0,4.0
1,0,0,5,8,1,False,240240,237.60000000000002,3.3333333333333335
1,0,0,5,7,2,False,840840,277.20000000000005,2.6666666666666665
1,0,0,5,6,3,False,1681680,316.8,2.6666666666666665
1,0,0,5,5,4,False,2102100,356.40000000000003,2.6666666666666665
1,0,0,5,4,5,False,1681680,343.20000000000005,2.6666666666666665
1,0,0,5,3,6,False,840840,314.16,2.6666666666666665
1,0,0,5,2,7,False,240240,269.28000000000003,3.3333333333333335
1,0,0,5,1,8,False,30030,208.56000000000003,4.0
1,0,0,4,10,0,False,15015,184.79999999999998,4.285714285714286
1,0,0,4,9,1,False,135135,221.76,3.5714285714285716
1,0,0,4,8,2,False,540540,258.72,2.857142857142857
1,0,0,4,7,3,False,1261260,295.68,2.857142857142857
1,0,0,4,6,4,False,1891890,332.64,2.857142857142857
1,0,0,4,5,5,False,1891890,369.59999999999997,2.142857142857143
1,0,0,4,4,6,False,1261260,349.888,2.142857142857143
1,0,0,4,3,7,False,540540,315.3920000000001,2.857142857142857
1,0,0,4,2,8,False,135135,266.112,2.857142857142857
1,0,0,4,1,9,False,15015,202.04799999999997,4.285714285714286
1,0,0,3,11,0,False,5460,171.6,4.615384615384615
1,0,0,3,10,1,False,54600,205.92000000000002,3.846153846153846
1,0,0,3,9,2,False,245700,240.24,3.0769230769230766
1,0,0,3,8,3,False,655200,274.56000000000006,3.0769230769230766
1,0,0,3,7,4,False,1146600,308.88000000000005,3.0769230769230766
1,0,0,3,6,5,False,1375920,343.2,2.3076923076923075
1,0,0,3,5,6,False,1146600,377.52000000000004,2.3076923076923075
1,0,0,3,4,7,False,655200,352.35200000000003,2.3076923076923075
1,0,0,3,3,8,False,245700,313.4560000000001,3.0769230769230766
1,0,0,3,2,9,False,54600,260.832,3.0769230769230766
1,0,0,3,1,10,False,5460,194.48000000000005,3.846153846153846
1,0,0,2,12,0,False,1365,158.4,5.0
1,0,0,2,11,1,False,15015,190.08,4.166666666666667
1,0,0,2,10,2,False,75075,221.76000000000002,3.3333333333333335
1,0,0,2,9,3,False,225225,253.44,3.3333333333333335
1,0,0,2,8,4,False,450450,285.12,3.3333333333333335
1,0,0,2,7,5,False,630630,316.8,2.5
1,0,0,2,6,6,False,630630,348.48,2.5
1,0,0,2,5,7,False,450450,380.16,2.5
1,0,0,2,4,8,False,225225,350.59200000000004,2.5
1,0,0,2,3,9,False,75075,308.352,2.5
1,0,0,2,2,10,False,15015,253.44000000000005,3.3333333333333335
1,0,0,2,1,11,False,1365,185.856,4.166666666666667
1,0,0,1,13,0,False,210,145.20000000000002,5.454545454545454
1,0,0,1,12,1,False,2520,174.24,4.545454545454545
1,0,0,1,11,2,False,13860,203.28000000000003,3.6363636363636362
1,0,0,1,10,3,False,46200,232.32000000000005,3.6363636363636362
1,0,0,1,9,4,False,103950,261.36000000000007,3.6363636363636362
1,0,0,1,8,5,False,166320,290.40000000000003,2.727272727272727
1,0,0,1,7,6,False,194040,319.44000000000005,2.727272727272727
1,0,0,1,6,7,False,166320,348.48,2.727272727272727
1,0,0,1,5,8,False,103950,377.5200000000001,2.727272727272727
1,0,0,1,4,9,False,46200,344.608,2.727272727272727
1,0,0,1,3,10,False,13860,300.0800000000001,2.727272727272727
1,0,0,1,2,11,False,2520,243.936,3.6363636363636362
1,0,0,1,1,12,False,210,176.17600000000002,4.545454545454545
1,0,0,0,14,0,False,15,132.0,6.0
1,0,0,0,13,1,False,195,158.4,5.0
1,0,0,0,12,2,False,1170,184.8,4.0
1,0,0,0,11,3,False,4290,211.20000000000002,4.0
1,0,0,0,10,4,False,10725,237.60000000000002,4.0
1,0,0,0,9,5,False,19305,264.0,3.0
1,0,0,0,8,6,False,25740,290.40000000000003,3.0
1,0,0,0,7,7,False,25740,316.8,3.0
1,0,0,0,6,8,False,19305,343.20000000000005,3.0
1,0,0,0,5,9,False,10725,369.59999999999997,2.0
1,0,0,0,4,10,False,4290,334.4000000000001,3.0
1,0,0,0,3,11,False,1170,288.64000000000004,3.0
1,0,0,0,2,12,False,195,232.32,4.0
1,0,0,0,1,13,False,15,165.44000000000003,5.0
0,15,0,0,0,0,False,1,120.5,7.0
0,14,1,0,0,0,False,15,129.58,6.0
0,14,0,1,0,0,False,15,129.58,6.363636363636363
0,14,0,0,1,0,False,15,129.58,6.0
0,13,2,0,0,0,False,105,138.12,6.0
0,13,1,1,0,0,False,210,139.27100000000002,5.454545454545454
0,13,1,0,1,0,False,210,139.27100000000004,6.0
0,13,0,2,0,0,False,105,138.12,5.833333333333334
0,13,0,1,1,0,False,210,139.27100000000002,5.454545454545454
0,13,0,0,2,0,False,105,138.12,6.0
0,13,0,0,1,1,False,105,133.51600000000002,6.0
0,12,3,0,0,0,False,455,146.12,6.0
0,12,2,1,0,0,False,1365,148.368,5.454545454545454
0,12,2,0,1,0,False,1365,148.36800000000002,5.0
0,12,1,2,0,0,False,1365,148.36800000000002,5.0
0,12,1,1,1,0,False,2730,149.60440000000003,5.454545454545454
0,12,1,0,2,0,False,1365,148.36800000000002,5.0
0,12,1,0,1,1,False,1365,143.42240000000004,6.0
0,12,0,3,0,0,False,455,146.12,5.384615384615384
0,12,0,2,1,0,False,1365,148.36800000000002,5.0
0,12,0,1,2,0,False,1365,148.368,5.454545454545454
0,12,0,1,1,1,False,1365,143.42240000000004,5.454545454545454
0,12,0,0,3,0,False,455,146.12,6.0
0,12,0,0,2,1,False,910,148.36800000000002,5.0
0,12,0,0,1,2,False,455,137.12800000000001,6.0
0,11,4,0,0,0,False,1365,153.58,5.0
0,11,3,1,0,0,False,5460,156.87100000000004,5.454545454545454
0,11,3,0,1,0,False,5460,156.87100000000004,5.0
0,11,2,2,0,0,False,8190,157.968,5.0
0,11,2,1,1,0,False,16380,159.2844,5.454545454545454
0,11,2,0,2,0,False,8190,157.968,5.0
0,11,2,0,1,1,False,8190,152.7024,5.0
0,11,1,3,0,0,False,5460,156.87100000000004,5.384615384615384
0,11,1,2,1,0,False,16380,159.28440000000003,5.0
0,11,1,1,2,0,False,16380,159.2844,5.454545454545454
0,11,1,1,1,1,False,16380,153.97492000000003,5.454545454545454
0,11,1,0,3,0,False,5460,156.871,5.0
0,11,1,0,2,1,False,10920,159.2844,5.0
0,11,1,0,1,2,False,5460,147.2174,6.0
0,11,0,4,0,0,False,1365,153.57999999999998,5.0
0,11,0,3,1,0,False,5460,156.87100000000004,5.384615384615384
0,11,0,2,2,0,False,8190,157.968,5.0
0,11,0,2,1,1,False,8190,152.7024,5.0
0,11,0,1,3,0,False,5460,156.87100000000004,5.454545454545454
0,11,0,1,2,1,False,10920,159.2844,5.454545454545454
0,11,0,1,1,2,False,5460,147.21740000000003,5.454545454545454
0,11,0,0,4,0,False,1365,153.58,5.0
0,11,0,0,3,1,False,4095,162.356,5.0
0,11,0,0,2,2,False,4095,157.968,5.0
0,11,0,0,1,3,False,1365,140.41600000000003,6.0
0,10,5,0,0,0,False,3003,160.5,5.0
0,10,4,1,0,0,False,15015,164.78000000000003,4.545454545454545
0,10,4,0,1,0,False,15015,164.78000000000003,5.0
0,10,3,2,0,0,False,30030,166.92,5.0
0,10,3,1,1,0,False,60060,168.31100000000004,4.545454545454545
0,10,3,0,2,0,False,30030,166.92000000000002,5.0
0,10,3,0,1,1,False,30030,161.35600000000002,5.0
0,10,2,3,0,0,False,30030,166.92000000000002,4.615384615384615
0,10,2,2,1,0,False,90090,169.488,5.0
0,10,2,1,2,0,False,90090,169.48800000000003,4.545454545454545
0,10,2,1,1,1,False,90090,163.83840000000006,4.545454545454545
0,10,2,0,3,0,False,30030,166.92000000000002,5.0
0,10,2,0,2,1,False,60060,169.48800000000003,5.0
0,10,2,0,1,2,False,30030,156.64800000000002,5.0
0,10,1,4,0,0,False,15015,164.78,5.0
0,10,1,3,1,0,False,60060,168.311,4.615384615384615
0,10,1,2,2,0,False,90090,169.48799999999997,5.0
0,10,1,2,1,1,False,90090,163.8384,5.0
0,10,1,1,3,0,False,60060,168.31100000000004,4.545454545454545
0,10,1,1,2,1,False,120120,170.90040000000005,4.545454545454545
0,10,1,1,1,2,False,60060,157.95340000000004,5.454545454545454
0,10,1,0,4,0,False,15015,164.78,5.0
0,10,1,0,3,1,False,45045,174.19600000000003,5.0
0,10,1,0,2,2,False,45045,169.488,5.0
0,10,1,0,1,3,False,15015,150.656,5.0
0,10,0,5,0,0,False,3003,160.5,4.666666666666667
0,10,0,4,1,0,False,15015,164.78,5.0
0,10,0,3,2,0,False,30030,166.92000000000002,4.615384615384615
0,10,0,3,1,1,False,30030,161.35600000000002,4.615384615384615
0,10,0,2,3,0,False,30030,166.92,5.0
0,10,0,2,2,1,False,60060,169.488,5.0
0,10,0,2,1,2,False,30030,156.648,5.0
0,10,0,1,4,0,False,15015,164.78000000000003,4.545454545454545
0,10,0,1,3,1,False,45045,174.19600000000003,4.545454545454545
0,10,0,1,2,2,False,45045,169.48800000000003,4.545454545454545
0,10,0,1,1,3,False,15015,150.65600000000003,5.454545454545454
0,10,0,0,5,0,False,3003,160.5,5.0
0,10,0,0,4,1,False,12012,175.48000000000002,5.0
0,10,0,0,3,2,False,18018,177.62,5.0
0,10,0,0,2,3,False,12012,166.92000000000002,5.0
0,10,0,0,1,4,False,3003,143.38000000000002,6.0
0,9,6,0,0,0,False,5005,166.88000000000002,5.0
0,9,5,1,0,0,False,30030,172.09500000000003,4.545454545454545
0,9,5,0,1,0,False,30030,172.09500000000003,5.0
0,9,4,2,0,0,False,75075,175.22399999999996,5.0
0,9,4,1,1,0,False,150150,176.68420000000003,4.545454545454545
0,9,4,0,2,0,False,75075,175.224,5.0
0,9,4,0,1,1,False,75075,169.38320000000002,5.0
0,9,3,3,0,0,False,100100,176.26700000000002,4.615384615384615
0,9,3,2,1,0,False,300300,178.97880000000004,4.166666666666667
0,9,3,1,2,0,False,300300,178.97880000000004,4.545454545454545
0,9,3,1,1,1,False,300300,173.01284000000004,4.545454545454545
0,9,3,0,3,0,False,100100,176.26700000000002,5.0
0,9,3,0,2,1,False,200200,178.97880000000004,5.0
0,9,3,0,1,2,False,100100,165.4198,5.0
0,9,2,4,0,0,False,75075,175.224,4.285714285714286
0,9,2,3,1,0,False,300300,178.97880000000004,4.615384615384615
0,9,2,2,2,0,False,450450,180.23039999999997,4.166666666666667
0,9,2,2,1,1,False,450450,174.22271999999998,5.0
0,9,2,1,3,0,False,300300,178.9788,4.545454545454545
0,9,2,1,2,1,False,600600,181.73232000000002,4.545454545454545
0,9,2,1,1,2,False,300300,167.96471999999997,4.545454545454545
0,9,2,0,4,0,False,75075,175.224,5.0
0,9,2,0,3,1,False,225225,185.23680000000002,4.0
0,9,2,0,2,2,False,225225,180.2304,5.0
0,9,2,0,1,3,False,75075,160.2048,5.0
0,9,1,5,0,0,False,30030,172.09500000000003,4.666666666666667
0,9,1,4,1,0,False,150150,176.68420000000003,4.285714285714286
0,9,1,3,2,0,False,300300,178.97880000000004,4.615384615384615
0,9,1,3,1,1,False,300300,173.01284000000007,4.615384615384615
0,9,1,2,3,0,False,300300,178.97880000000004,4.166666666666667
0,9,1,2,2,1,False,600600,181.73232000000004,4.166666666666667
0,9,1,2,1,2,False,300300,167.96472000000003,5.0
0,9,1,1,4,0,False,150150,176.68420000000006,4.545454545454545
0,9,1,1,3,1,False,450450,186.78044000000008,4.545454545454545
0,9,1,1,2,2,False,450450,181.73232000000007,4.545454545454545
0,9,1,1,1,3,False,150150,161.53984000000005,5.454545454545454
0,9,1,0,5,0,False,30030,172.09500000000003,5.0
0,9,1,0,4,1,False,120120,188.15720000000005,4.0
0,9,1,0,3,2,False,180180,190.45180000000005,4.0
0,9,1,0,2,3,False,120120,178.97880000000004,5.0
0,9,1,0,1,4,False,30030,153.73820000000003,5.0
0,9,0,6,0,0,False,5005,166.88000000000002,5.0
0,9,0,5,1,0,False,30030,172.09500000000003,4.666666666666667
0,9,0,4,2,0,False,75075,175.224,4.285714285714286
0,9,0,4,1,1,False,75075,169.38320000000002,5.0
0,9,0,3,3,0,False,100100,176.26700000000002,4.615384615384615
0,9,0,3,2,1,False,200200,178.97880000000004,4.615384615384615
0,9,0,3,1,2,False,100100,165.4198,4.615384615384615
0,9,0,2,4,0,False,75075,175.22399999999996,5.0
0,9,0,2,3,1,False,225225,185.2368,4.166666666666667
0,9,0,2,2,2,False,225225,180.23039999999997,4.166666666666667
0,9,0,2,1,3,False,75075,160.20479999999998,5.0
0,9,0,1,5,0,False,30030,172.09500000000003,4.545454545454545
0,9,0,1,4,1,False,120120,188.15720000000005,4.545454545454545
0,9,0,1,3,2,False,180180,190.45180000000005,4.545454545454545
0,9,0,1,2,3,False,120120,178.97880000000004,4.545454545454545
0,9,0,1,1,4,False,30030,153.73820000000003,5.454545454545454
0,9,0,0,6,0,False,5005,156.45000000000002,5.0
0,9,0,0,5,1,False,25025,187.74,4.0
0,9,0,0,4,2,False,50050,196.08400000000003,4.0
0,9,0,0,3,3,False,50050,191.91200000000003,4.0
0,9,0,0,2,4,False,25025,175.22400000000005,5.0
0,9,0,0,1,5,False,5005,146.01999999999998,6.0
0,8,7,0,0,0,False,6435,172.72000000000003,5.0
0,8,6,1,0,0,False,45045,178.81600000000006,4.545454545454545
0,8,6,0,1,0,False,45045,178.81600000000003,5.0
0,8,5,2,0,0,False,135135,182.88,4.166666666666667
0,8,5,1,1,0,False,270270,184.40400000000002,4.545454545454545
0,8,5,0,2,0,False,135135,182.88,5.0
0,8,5,0,1,1,False,135135,176.78400000000002,5.0
0,8,4,3,0,0,False,225225,184.91199999999998,4.615384615384615
0,8,4,2,1,0,False,675675,187.7568,4.166666666666667
0,8,4,1,2,0,False,675675,187.7568,4.545454545454545
0,8,4,1,1,1,False,675675,181.49824000000004,4.545454545454545
0,8,4,0,3,0,False,225225,184.912,4.0
0,8,4,0,2,1,False,450450,187.7568,4.0
0,8,4,0,1,2,False,225225,173.53279999999998,5.0
0,8,3,4,0,0,False,225225,184.912,4.285714285714286
0,8,3,3,1,0,False,900900,188.8744,4.615384615384615
0,8,3,2,2,0,False,1351350,190.19519999999997,4.166666666666667
0,8,3,2,1,1,False,1351350,183.85536000000002,4.166666666666667
0,8,3,1,3,0,False,900900,188.87440000000004,4.545454545454545
0,8,3,1,2,1,False,1801800,191.78016000000002,4.545454545454545
0,8,3,1,1,2,False,900900,177.25136000000003,4.545454545454545
0,8,3,0,4,0,False,225225,184.912,4.0
0,8,3,0,3,1,False,675675,195.4784,4.0
0,8,3,0,2,2,False,675675,190.1952,4.0
0,8,3,0,1,3,False,225225,169.06240000000003,5.0
0,8,2,5,0,0,False,135135,182.88000000000002,4.666666666666667
0,8,2,4,1,0,False,675675,187.75680000000003,4.285714285714286
0,8,2,3,2,0,False,1351350,190.1952,4.615384615384615
0,8,2,3,1,1,False,1351350,183.85536000000005,4.615384615384615
0,8,2,2,3,0,False,1351350,190.1952,4.166666666666667
0,8,2,2,2,1,False,2702700,193.12128,4.166666666666667
0,8,2,2,1,2,False,1351350,178.49088,4.166666666666667
0,8,2,1,4,0,False,675675,187.7568,4.545454545454545
0,8,2,1,3,1,False,2027025,198.48576,4.545454545454545
0,8,2,1,2,2,False,2027025,193.12128,4.545454545454545
0,8,2,1,1,3,False,675675,171.66336,4.545454545454545
0,8,2,0,5,0,False,135135,182.88000000000002,5.0
0,8,2,0,4,1,False,540540,199.94880000000003,4.0
0,8,2,0,3,2,False,810810,202.38720000000004,4.0
0,8,2,0,2,3,False,540540,190.19520000000003,4.0
0,8,2,0,1,4,False,135135,163.3728,5.0
0,8,1,6,0,0,False,45045,178.81600000000003,4.375
0,8,1,5,1,0,False,270270,184.40400000000005,4.0
0,8,1,4,2,0,False,675675,187.75680000000003,4.285714285714286
0,8,1,4,1,1,False,675675,181.49824000000004,4.285714285714286
0,8,1,3,3,0,False,900900,188.87440000000007,4.615384615384615
0,8,1,3,2,1,False,1801800,191.78016000000005,3.846153846153846
0,8,1,3,1,2,False,900900,177.25136000000003,4.615384615384615
0,8,1,2,4,0,False,675675,187.75680000000003,4.166666666666667
0,8,1,2,3,1,False,2027025,198.48576000000003,4.166666666666667
0,8,1,2,2,2,False,2027025,193.12128,4.166666666666667
0,8,1,2,1,3,False,675675,171.66336,5.0
0,8,1,1,5,0,False,270270,184.40400000000002,4.545454545454545
0,8,1,1,4,1,False,1081080,201.61504000000005,4.545454545454545
0,8,1,1,3,2,False,1621620,204.07376000000005,3.6363636363636362
0,8,1,1,2,3,False,1081080,191.78016000000008,4.545454545454545
0,8,1,1,1,4,False,270270,164.73424000000003,4.545454545454545
0,8,1,0,6,0,False,45045,167.64000000000001,5.0
0,8,1,0,5,1,False,225225,201.16800000000003,4.0
0,8,1,0,4,2,False,450450,210.10880000000003,4.0
0,8,1,0,3,3,False,450450,205.63840000000005,4.0
0,8,1,0,2,4,False,225225,187.75680000000006,4.0
0,8,1,0,1,5,False,45045,156.46400000000003,5.0
0,8,0,7,0,0,False,6435,172.72000000000003,4.705882352941176
0,8,0,6,1,0,False,45045,178.81600000000003,4.375
0,8,0,5,2,0,False,135135,182.88000000000002,4.666666666666667
0,8,0,5,1,1,False,135135,176.78400000000005,4.666666666666667
0,8,0,4,3,0,False,225225,184.912,4.285714285714286
0,8,0,4,2,1,False,450450,187.75680000000003,4.285714285714286
0,8,0,4,1,2,False,225225,173.53279999999998,4.285714285714286
0,8,0,3,4,0,False,225225,184.91199999999998,4.615384615384615
0,8,0,3,3,1,False,675675,195.47840000000005,3.846153846153846
0,8,0,3,2,2,False,675675,190.1952,4.615384615384615
0,8,0,3,1,3,False,225225,169.0624,4.615384615384615
0,8,0,2,5,0,False,135135,182.88,4.166666666666667
0,8,0,2,4,1,False,540540,199.94880000000003,4.166666666666667
0,8,0,2,3,2,False,810810,202.38720000000004,4.166666666666667
0,8,0,2,2,3,False,540540,190.1952,4.166666666666667
0,8,0,2,1,4,False,135135,163.3728,5.0
0,8,0,1,6,0,False,45045,167.64000000000001,4.545454545454545
0,8,0,1,5,1,False,225225,201.168,4.545454545454545
0,8,0,1,4,2,False,450450,210.10880000000006,3.6363636363636362
0,8,0,1,3,3,False,450450,205.63840000000005,3.6363636363636362
0,8,0,1,2,4,False,225225,187.75680000000003,4.545454545454545
0,8,0,1,1,5,False,45045,156.464,5.454545454545454
0,8,0,0,7,0,False,6435,152.4,5.0
0,8,0,0,6,1,False,38610,182.88,5.0
0,8,0,0,5,2,False,96525,213.36,4.0
0,8,0,0,4,3,False,128700,215.39200000000002,4.0
0,8,0,0,3,4,False,96525,205.23200000000008,4.0
0,8,0,0,2,5,False,38610,182.88,5.0
0,8,0,0,1,6,False,6435,148.33599999999998,5.0
0,7,8,0,0,0,False,6435,178.02,5.0
0,7,7,1,0,0,False,51480,184.94300000000004,4.545454545454545
0,7,7,0,1,0,False,51480,184.94300000000004,4.0
0,7,6,2,0,0,False,180180,189.888,4.166666666666667
0,7,6,1,1,0,False,360360,191.47040000000007,4.545454545454545
0,7,6,0,2,0,False,180180,189.88800000000003,4.0
0,7,6,0,1,1,False,180180,183.55840000000003,5.0
0,7,5,3,0,0,False,360360,192.855,3.846153846153846
0,7,5,2,1,0,False,1081080,195.82200000000003,4.166666666666667
0,7,5,1,2,0,False,1081080,195.82200000000003,4.545454545454545
0,7,5,1,1,1,False,1081080,189.29460000000003,4.545454545454545
0,7,5,0,3,0,False,360360,192.85500000000002,4.0
0,7,5,0,2,1,False,720720,195.822,4.0
0,7,5,0,1,2,False,360360,180.987,5.0
0,7,4,4,0,0,False,450450,193.844,4.285714285714286
0,7,4,3,1,0,False,1801800,197.9978,3.846153846153846
0,7,4,2,2,0,False,2702700,199.3824,4.166666666666667
0,7,4,2,1,1,False,2702700,192.73632,4.166666666666667
0,7,4,1,3,0,False,1801800,197.99780000000004,4.545454545454545
0,7,4,1,2,1,False,3603600,201.04392,4.545454545454545
0,7,4,1,1,2,False,1801800,185.81332,4.545454545454545
0,7,4,0,4,0,False,450450,193.844,4.0
0,7,4,0,3,1,False,1351350,204.92079999999999,4.0
0,7,4,0,2,2,False,1351350,199.3824,4.0
0,7,4,0,1,3,False,450450,177.2288,5.0
0,7,3,5,0,0,False,360360,192.85500000000002,4.0
0,7,3,4,1,0,False,1801800,197.9978,4.285714285714286
0,7,3,3,2,0,False,3603600,200.5692,3.846153846153846
0,7,3,3,1,1,False,3603600,193.88356000000005,3.846153846153846
0,7,3,2,3,0,False,3603600,200.56920000000002,4.166666666666667
0,7,3,2,2,1,False,7207200,203.65488000000002,4.166666666666667
0,7,3,2,1,2,False,3603600,188.22648000000004,4.166666666666667
0,7,3,1,4,0,False,1801800,197.99780000000004,4.545454545454545
0,7,3,1,3,1,False,5405400,209.31196000000003,3.6363636363636362
0,7,3,1,2,2,False,5405400,203.65488000000002,3.6363636363636362
0,7,3,1,1,3,False,1801800,181.02656000000005,4.545454545454545
0,7,3,0,5,0,False,360360,192.85500000000002,4.0
0,7,3,0,4,1,False,1441440,210.85480000000004,4.0
0,7,3,0,3,2,False,2162160,213.42620000000002,4.0
0,7,3,0,2,3,False,1441440,200.56920000000002,4.0
0,7,3,0,1,4,False,360360,172.28380000000004,5.0
0,7,2,6,0,0,False,180180,189.88800000000003,4.375
0,7,2,5,1,0,False,1081080,195.822,4.0
0,7,2,4,2,0,False,2702700,199.3824,4.285714285714286
0,7,2,4,1,1,False,2702700,192.73632,4.285714285714286
0,7,2,3,3,0,False,3603600,200.5692,3.846153846153846
0,7,2,3,2,1,False,7207200,203.65488000000002,3.846153846153846
0,7,2,3,1,2,False,3603600,188.22648,4.615384615384615
0,7,2,2,4,0,False,2702700,199.3824,4.166666666666667
0,7,2,2,3,1,False,8108100,210.77568,4.166666666666667
0,7,2,2,2,2,False,8108100,205.07904,4.166666666666667
0,7,2,2,1,3,False,2702700,182.29248,4.166666666666667
0,7,2,1,5,0,False,1081080,195.822,4.545454545454545
0,7,2,1,4,1,False,4324320,214.09872000000004,3.6363636363636362
0,7,2,1,3,2,False,6486480,216.70968000000005,3.6363636363636362
0,7,2,1,2,3,False,4324320,203.65488000000002,3.6363636363636362
0,7,2,1,1,4,False,1081080,174.93432,4.545454545454545
0,7,2,0,6,0,False,180180,178.01999999999998,5.0
0,7,2,0,5,1,False,900900,213.624,4.0
0,7,2,0,4,2,False,1801800,223.11840000000004,4.0
0,7,2,0,3,3,False,1801800,218.37120000000002,4.0
0,7,2,0,2,4,False,900900,199.38240000000002,4.0
0,7,2,0,1,5,False,180180,166.152,5.0
0,7,1,7,0,0,False,51480,184.94300000000004,4.117647058823529
0,7,1,6,1,0,False,360360,191.47040000000007,4.375
0,7,1,5,2,0,False,1081080,195.822,4.0
0,7,1,5,1,1,False,1081080,189.29460000000003,4.0
0,7,1,4,3,0,False,1801800,197.9978,4.285714285714286
0,7,1,4,2,1,False,3603600,201.04392000000004,4.285714285714286
0,7,1,4,1,2,False,1801800,185.81332,4.285714285714286
0,7,1,3,4,0,False,1801800,197.9978,3.846153846153846
0,7,1,3,3,1,False,5405400,209.31196000000003,3.846153846153846
0,7,1,3,2,2,False,5405400,203.65488000000002,3.846153846153846
0,7,1,3,1,3,False,1801800,181.02656000000002,4.615384615384615
0,7,1,2,5,0,False,1081080,195.82200000000003,4.166666666666667
0,7,1,2,4,1,False,4324320,214.09872000000004,4.166666666666667
0,7,1,2,3,2,False,6486480,216.70968000000002,4.166666666666667
0,7,1,2,2,3,False,4324320,203.65488000000002,4.166666666666667
0,7,1,2,1,4,False,1081080,174.93432000000004,5.0
0,7,1,1,6,0,False,360360,179.50350000000006,4.545454545454545
0,7,1,1,5,1,False,1801800,215.40420000000006,3.6363636363636362
0,7,1,1,4,2,False,3603600,224.97772000000006,3.6363636363636362
0,7,1,1,3,3,False,3603600,220.19096000000008,3.6363636363636362
0,7,1,1,2,4,False,1801800,201.04392000000004,4.545454545454545
0,7,1,1,1,5,False,360360,167.53660000000002,4.545454545454545
0,7,1,0,7,0,False,51480,163.18500000000003,5.0
0,7,1,0,6,1,False,308880,195.82200000000003,4.0
0,7,1,0,5,2,False,772200,228.45900000000003,4.0
0,7,1,0,4,3,False,1029600,230.63480000000004,4.0
0,7,1,0,3,4,False,772200,219.7558000000001,4.0
0,7,1,0,2,5,False,308880,195.82200000000003,4.0
0,7,1,0,1,6,False,51480,158.8334,5.0
0,7,0,8,0,0,False,6435,178.02,4.444444444444445
0,7,0,7,1,0,False,51480,184.94300000000004,4.117647058823529
0,7,0,6,2,0,False,180180,189.88800000000003,4.375
0,7,0,6,1,1,False,180180,183.55840000000006,4.375
0,7,0,5,3,0,False,360360,192.85500000000002,4.0
0,7,0,5,2,1,False,720720,195.822,4.0
0,7,0,5,1,2,False,360360,180.987,4.666666666666667
0,7,0,4,4,0,False,450450,193.844,4.285714285714286
0,7,0,4,3,1,False,1351350,204.9208,4.285714285714286
0,7,0,4,2,2,False,1351350,199.3824,4.285714285714286
0,7,0,4,1,3,False,450450,177.2288,4.285714285714286
0,7,0,3,5,0,False,360360,192.855,3.846153846153846
0,7,0,3,4,1,False,1441440,210.85480000000004,3.846153846153846
0,7,0,3,3,2,False,2162160,213.42620000000005,3.846153846153846
0,7,0,3,2,3,False,1441440,200.56920000000002,3.846153846153846
0,7,0,3,1,4,False,360360,172.2838,4.615384615384615
0,7,0,2,6,0,False,180180,178.01999999999998,4.166666666666667
0,7,0,2,5,1,False,900900,213.624,4.166666666666667
0,7,0,2,4,2,False,1801800,223.1184,3.3333333333333335
0,7,0,2,3,3,False,1801800,218.3712,4.166666666666667
0,7,0,2,2,4,False,900900,199.38240000000005,4.166666666666667
0,7,0,2,1,5,False,180180,166.15200000000002,5.0
0,7,0,1,7,0,False,51480,163.185,4.545454545454545
0,7,0,1,6,1,False,308880,195.82200000000003,4.545454545454545
0,7,0,1,5,2,False,772200,228.45900000000006,3.6363636363636362
0,7,0,1,4,3,False,1029600,230.63480000000007,3.6363636363636362
0,7,0,1,3,4,False,772200,219.75580000000008,3.6363636363636362
0,7,0,1,2,5,False,308880,195.82200000000003,4.545454545454545
0,7,0,1,1,6,False,51480,158.8334,5.454545454545454
0,7,0,0,8,0,False,6435,148.35,5.0
0,7,0,0,7,1,False,45045,178.02,5.0
0,7,0,0,6,2,False,135135,207.69000000000003,4.0
0,7,0,0,5,3,False,225225,237.36,4.0
0,7,0,0,4,4,False,225225,233.40400000000005,4.0
0,7,0,0,3,5,False,135135,217.58000000000004,4.0
0,7,0,0,2,6,False,45045,189.888,4.0
0,7,0,0,1,7,False,6435,150.328,5.0
0,6,9,0,0,0,False,5005,182.78,5.0
0,6,8,1,0,0,False,45045,190.47600000000006,4.545454545454545
0,6,8,0,1,0,False,45045,190.47600000000003,4.0
0,6,7,2,0,0,False,180180,196.24800000000002,4.166666666666667
0,6,7,1,1,0,False,360360,197.88340000000005,4.545454545454545
0,6,7,0,2,0,False,180180,196.24800000000002,4.0
0,6,7,0,1,1,False,180180,189.70640000000003,4.0
0,6,6,3,0,0,False,420420,200.09600000000003,3.846153846153846
0,6,6,2,1,0,False,1261260,203.17440000000002,4.166666666666667
0,6,6,1,2,0,False,1261260,203.17440000000002,3.6363636363636362
0,6,6,1,1,1,False,1261260,196.40192000000005,4.545454545454545
0,6,6,0,3,0,False,420420,200.096,4.0
0,6,6,0,2,1,False,840840,203.17440000000002,4.0
0,6,6,0,1,2,False,420420,187.78240000000002,4.0
0,6,5,4,0,0,False,630630,202.02,4.285714285714286
0,6,5,3,1,0,False,2522520,206.34900000000002,3.846153846153846
0,6,5,2,2,0,False,3783780,207.792,4.166666666666667
0,6,5,2,1,1,False,3783780,200.86560000000003,4.166666666666667
0,6,5,1,3,0,False,2522520,206.34900000000005,3.6363636363636362
0,6,5,1,2,1,False,5045040,209.52360000000002,3.6363636363636362
0,6,5,1,1,2,False,2522520,193.65060000000003,4.545454545454545
0,6,5,0,4,0,False,630630,202.01999999999998,4.0
0,6,5,0,3,1,False,1891890,213.564,4.0
0,6,5,0,2,2,False,1891890,207.79200000000003,4.0
0,6,5,0,1,3,False,630630,184.704,4.0
0,6,4,5,0,0,False,630630,202.02,4.0
0,6,4,4,1,0,False,3153150,207.4072,3.5714285714285716
0,6,4,3,2,0,False,6306300,210.1008,3.846153846153846
0,6,4,3,1,1,False,6306300,203.09744000000006,3.846153846153846
0,6,4,2,3,0,False,6306300,210.1008,4.166666666666667
0,6,4,2,2,1,False,12612600,213.33312,4.166666666666667
0,6,4,2,1,2,False,6306300,197.17152000000002,4.166666666666667
0,6,4,1,4,0,False,3153150,207.40720000000002,3.6363636363636362
0,6,4,1,3,1,False,9459450,219.25904000000003,3.6363636363636362
0,6,4,1,2,2,False,9459450,213.33312,3.6363636363636362
0,6,4,1,1,3,False,3153150,189.62944000000002,4.545454545454545
0,6,4,0,5,0,False,630630,202.01999999999998,4.0
0,6,4,0,4,1,False,2522520,220.8752,4.0
0,6,4,0,3,2,False,3783780,223.5688,4.0
0,6,4,0,2,3,False,2522520,210.1008,4.0
0,6,4,0,1,4,False,630630,180.4712,5.0
0,6,3,6,0,0,False,420420,200.09600000000003,3.75
0,6,3,5,1,0,False,2522520,206.34900000000005,4.0
0,6,3,4,2,0,False,6306300,210.1008,3.5714285714285716
0,6,3,4,1,1,False,6306300,203.09744000000003,4.285714285714286
0,6,3,3,3,0,False,8408400,211.35140000000004,3.846153846153846
0,6,3,3,2,1,False,16816800,214.60296000000005,3.846153846153846
0,6,3,3,1,2,False,8408400,198.34516000000002,3.846153846153846
0,6,3,2,4,0,False,6306300,210.10080000000002,4.166666666666667
0,6,3,2,3,1,False,18918900,222.10656000000003,3.3333333333333335
0,6,3,2,2,2,False,18918900,216.10368000000003,4.166666666666667
0,6,3,2,1,3,False,6306300,192.09216000000006,4.166666666666667
0,6,3,1,5,0,False,2522520,206.34900000000005,3.6363636363636362
0,6,3,1,4,1,False,10090080,225.60824000000008,3.6363636363636362
0,6,3,1,3,2,False,15135120,228.3595600000001,3.6363636363636362
0,6,3,1,2,3,False,10090080,214.60296000000005,3.6363636363636362
0,6,3,1,1,4,False,2522520,184.33844000000008,4.545454545454545
0,6,3,0,6,0,False,420420,187.59000000000003,4.0
0,6,3,0,5,1,False,2102100,225.10800000000006,4.0
0,6,3,0,4,2,False,4204200,235.11280000000008,4.0
0,6,3,0,3,3,False,4204200,230.11040000000003,4.0
0,6,3,0,2,4,False,2102100,210.10080000000005,4.0
0,6,3,0,1,5,False,420420,175.08400000000003,5.0
0,6,2,7,0,0,False,180180,196.24800000000002,4.117647058823529
0,6,2,6,1,0,False,1261260,203.1744,3.75
0,6,2,5,2,0,False,3783780,207.79199999999997,4.0
0,6,2,5,1,1,False,3783780,200.86560000000003,4.0
0,6,2,4,3,0,False,6306300,210.10079999999996,3.5714285714285716
0,6,2,4,2,1,False,12612600,213.33311999999998,3.5714285714285716
0,6,2,4,1,2,False,6306300,197.17151999999996,4.285714285714286
0,6,2,3,4,0,False,6306300,210.1008,3.846153846153846
0,6,2,3,3,1,False,18918900,222.10655999999997,3.846153846153846
0,6,2,3,2,2,False,18918900,216.10368,3.846153846153846
0,6,2,3,1,3,False,6306300,192.09215999999998,3.846153846153846
0,6,2,2,5,0,False,3783780,207.792,4.166666666666667
0,6,2,2,4,1,False,15135120,227.18591999999998,3.3333333333333335
0,6,2,2,3,2,False,22702680,229.95648,3.3333333333333335
0,6,2,2,2,3,False,15135120,216.10368,4.166666666666667
0,6,2,2,1,4,False,3783780,185.62752,4.166666666666667
0,6,2,1,6,0,False,1261260,190.476,4.545454545454545
0,6,2,1,5,1,False,6306300,228.57119999999998,3.6363636363636362
0,6,2,1,4,2,False,12612600,238.72992000000002,3.6363636363636362
0,6,2,1,3,3,False,12612600,233.65056000000004,3.6363636363636362
0,6,2,1,2,4,False,6306300,213.33312000000004,3.6363636363636362
0,6,2,1,1,5,False,1261260,177.7776,4.545454545454545
0,6,2,0,7,0,False,180180,173.16,5.0
0,6,2,0,6,1,False,1081080,207.79199999999997,4.0
0,6,2,0,5,2,False,2702700,242.42399999999998,4.0
0,6,2,0,4,3,False,3603600,244.7328,4.0
0,6,2,0,3,4,False,2702700,233.18880000000004,4.0
0,6,2,0,2,5,False,1081080,207.79199999999997,4.0
0,6,2,0,1,6,False,180180,168.5424,5.0
0,6,1,8,0,0,False,45045,190.47600000000003,3.888888888888889
0,6,1,7,1,0,False,360360,197.88340000000008,4.117647058823529
0,6,1,6,2,0,False,1261260,203.1744,3.75
0,6,1,6,1,1,False,1261260,196.40192000000005,4.375
0,6,1,5,3,0,False,2522520,206.349,4.0
0,6,1,5,2,1,False,5045040,209.5236,4.0
0,6,1,5,1,2,False,2522520,193.6506,4.0
0,6,1,4,4,0,False,3153150,207.4072,3.5714285714285716
0,6,1,4,3,1,False,9459450,219.25904000000003,3.5714285714285716
0,6,1,4,2,2,False,9459450,213.33311999999998,3.5714285714285716
0,6,1,4,1,3,False,3153150,189.62944,4.285714285714286
0,6,1,3,5,0,False,2522520,206.34900000000002,3.846153846153846
0,6,1,3,4,1,False,10090080,225.60824000000002,3.846153846153846
0,6,1,3,3,2,False,15135120,228.35956000000004,3.846153846153846
0,6,1,3,2,3,False,10090080,214.60296000000002,3.846153846153846
0,6,1,3,1,4,False,2522520,184.33844000000002,4.615384615384615
0,6,1,2,6,0,False,1261260,190.47600000000003,4.166666666666667
0,6,1,2,5,1,False,6306300,228.57120000000003,3.3333333333333335
0,6,1,2,4,2,False,12612600,238.72992000000002,3.3333333333333335
0,6,1,2,3,3,False,12612600,233.65056,3.3333333333333335
0,6,1,2,2,4,False,6306300,213.33312000000004,4.166666666666667
0,6,1,2,1,5,False,1261260,177.77759999999998,4.166666666666667
0,6,1,1,7,0,False,360360,174.60300000000004,4.545454545454545
0,6,1,1,6,1,False,2162160,209.52360000000004,3.6363636363636362
0,6,1,1,5,2,False,5405400,244.44420000000005,3.6363636363636362
0,6,1,1,4,3,False,7207200,246.77224000000004,3.6363636363636362
0,6,1,1,3,4,False,5405400,235.13204000000013,3.6363636363636362
0,6,1,1,2,5,False,2162160,209.52360000000004,3.6363636363636362
0,6,1,1,1,6,False,360360,169.94692000000003,4.545454545454545
0,6,1,0,8,0,False,45045,158.73000000000002,5.0
0,6,1,0,7,1,False,315315,190.47600000000003,4.0
0,6,1,0,6,2,False,945945,222.22200000000004,4.0
0,6,1,0,5,3,False,1576575,253.968,3.0
0,6,1,0,4,4,False,1576575,249.73520000000005,3.0
0,6,1,0,3,5,False,945945,232.80400000000006,4.0
0,6,1,0,2,6,False,315315,203.1744,4.0
0,6,1,0,1,7,False,45045,160.84640000000002,5.0
0,6,0,9,0,0,False,5005,182.78,4.2105263157894735
0,6,0,8,1,0,False,45045,190.47600000000003,3.888888888888889
0,6,0,7,2,0,False,180180,196.24800000000002,4.117647058823529
0,6,0,7,1,1,False,180180,189.70640000000003,4.117647058823529
0,6,0,6,3,0,False,420420,200.09600000000003,3.75
0,6,0,6,2,1,False,840840,203.17440000000005,3.75
0,6,0,6,1,2,False,420420,187.7824,4.375
0,6,0,5,4,0,False,630630,202.02,4.0
0,6,0,5,3,1,False,1891890,213.56400000000002,4.0
0,6,0,5,2,2,False,1891890,207.79199999999997,4.0
0,6,0,5,1,3,False,630630,184.70400000000004,4.0
0,6,0,4,5,0,False,630630,202.02,4.285714285714286
0,6,0,4,4,1,False,2522520,220.87520000000004,3.5714285714285716
0,6,0,4,3,2,False,3783780,223.5688,3.5714285714285716
0,6,0,4,2,3,False,2522520,210.1008,3.5714285714285716
0,6,0,4,1,4,False,630630,180.4712,4.285714285714286
0,6,0,3,6,0,False,420420,187.59000000000003,4.615384615384615
0,6,0,3,5,1,False,2102100,225.10800000000003,3.846153846153846
0,6,0,3,4,2,False,4204200,235.11280000000005,3.846153846153846
0,6,0,3,3,3,False,4204200,230.11040000000006,3.846153846153846
0,6,0,3,2,4,False,2102100,210.10080000000002,3.846153846153846
0,6,0,3,1,5,False,420420,175.084,4.615384615384615
0,6,0,2,7,0,False,180180,173.16,5.0
0,6,0,2,6,1,False,1081080,207.79200000000003,4.166666666666667
0,6,0,2,5,2,False,2702700,242.424,3.3333333333333335
0,6,0,2,4,3,False,3603600,244.7328,3.3333333333333335
0,6,0,2,3,4,False,2702700,233.18880000000007,3.3333333333333335
0,6,0,2,2,5,False,1081080,207.79200000000003,4.166666666666667
0,6,0,2,1,6,False,180180,168.5424,5.0
0,6,0,1,8,0,False,45045,158.73000000000002,5.454545454545454
0,6,0,1,7,1,False,315315,190.47600000000006,4.545454545454545
0,6,0,1,6,2,False,945945,222.22200000000004,3.6363636363636362
0,6,0,1,5,3,False,1576575,253.96800000000002,3.6363636363636362
0,6,0,1,4,4,False,1576575,249.73520000000008,3.6363636363636362
0,6,0,1,3,5,False,945945,232.80400000000003,3.6363636363636362
0,6,0,1,2,6,False,315315,203.17440000000002,3.6363636363636362
0,6,0,1,1,7,False,45045,160.84640000000005,5.454545454545454
0,6,0,0,9,0,False,5005,144.3,6.0
0,6,0,0,8,1,False,40040,173.16000000000003,5.0
0,6,0,0,7,2,False,140140,202.02,4.0
0,6,0,0,6,3,False,280280,230.88,4.0
0,6,0,0,5,4,False,350350,259.74,3.0
0,6,0,0,4,5,False,280280,250.12000000000003,3.0
0,6,0,0,3,6,False,140140,228.95600000000002,4.0
0,6,0,0,2,7,False,40040,196.24800000000002,4.0
0,6,0,0,1,8,False,5005,151.996,5.0
0,5,10,0,0,0,False,3003,187.0,4.0
0,5,9,1,0,0,False,30030,195.41500000000002,4.545454545454545
0,5,9,0,1,0,False,30030,195.41500000000002,4.0
0,5,8,2,0,0,False,135135,201.96,4.166666666666667
0,5,8,1,1,0,False,270270,203.64300000000003,3.6363636363636362
0,5,8,0,2,0,False,135135,201.96,4.0
0,5,8,0,1,1,False,135135,195.22800000000004,4.0
0,5,7,3,0,0,False,360360,206.63500000000008,3.846153846153846
0,5,7,2,1,0,False,1081080,209.81400000000005,4.166666666666667
0,5,7,1,2,0,False,1081080,209.81400000000002,3.6363636363636362
0,5,7,1,1,1,False,1081080,202.82020000000009,3.6363636363636362
0,5,7,0,3,0,False,360360,206.63500000000005,4.0
0,5,7,0,2,1,False,720720,209.81400000000005,4.0
0,5,7,0,1,2,False,360360,193.91900000000004,4.0
0,5,6,4,0,0,False,630630,209.43999999999997,3.5714285714285716
0,5,6,3,1,0,False,2522520,213.92800000000005,3.846153846153846
0,5,6,2,2,0,False,3783780,215.424,4.166666666666667
0,5,6,2,1,1,False,3783780,208.24320000000003,4.166666666666667
0,5,6,1,3,0,False,2522520,213.92800000000003,3.6363636363636362
0,5,6,1,2,1,False,5045040,217.21920000000003,3.6363636363636362
0,5,6,1,1,2,False,2522520,200.7632,4.545454545454545
0,5,6,0,4,0,False,630630,209.44000000000003,4.0
0,5,6,0,3,1,False,1891890,221.40800000000002,4.0
0,5,6,0,2,2,False,1891890,215.42399999999998,4.0
0,5,6,0,1,3,False,630630,191.48800000000003,4.0
0,5,5,5,0,0,False,756756,210.375,4.0
0,5,5,4,1,0,False,3783780,215.98500000000004,3.5714285714285716
0,5,5,3,2,0,False,7567560,218.79000000000002,3.846153846153846
0,5,5,3,1,1,False,7567560,211.49700000000004,3.846153846153846
0,5,5,2,3,0,False,7567560,218.79000000000002,4.166666666666667
0,5,5,2,2,1,False,15135120,222.15600000000003,3.3333333333333335
0,5,5,2,1,2,False,7567560,205.32600000000002,4.166666666666667
0,5,5,1,4,0,False,3783780,215.985,3.6363636363636362
0,5,5,1,3,1,False,11351340,228.327,3.6363636363636362
0,5,5,1,2,2,False,11351340,222.15600000000003,3.6363636363636362
0,5,5,1,1,3,False,3783780,197.47200000000004,4.545454545454545
0,5,5,0,5,0,False,756756,210.375,4.0
0,5,5,0,4,1,False,3027024,230.01000000000005,4.0
0,5,5,0,3,2,False,4540536,232.81500000000003,4.0
0,5,5,0,2,3,False,3027024,218.79000000000002,4.0
0,5,5,0,1,4,False,756756,187.93500000000003,4.0
0,5,4,6,0,0,False,630630,209.44000000000003,3.75
0,5,4,5,1,0,False,3783780,215.985,4.0
0,5,4,4,2,0,False,9459450,219.912,3.5714285714285716
0,5,4,4,1,1,False,9459450,212.5816,3.5714285714285716
0,5,4,3,3,0,False,12612600,221.22100000000003,3.846153846153846
0,5,4,3,2,1,False,25225200,224.6244,3.846153846153846
0,5,4,3,1,2,False,12612600,207.6074,3.846153846153846
0,5,4,2,4,0,False,9459450,219.91199999999998,4.166666666666667
0,5,4,2,3,1,False,28378350,232.4784,3.3333333333333335
0,5,4,2,2,2,False,28378350,226.1952,3.3333333333333335
0,5,4,2,1,3,False,9459450,201.06240000000003,4.166666666666667
0,5,4,1,5,0,False,3783780,215.98500000000004,3.6363636363636362
0,5,4,1,4,1,False,15135120,236.14360000000008,3.6363636363636362
0,5,4,1,3,2,False,22702680,239.02340000000004,3.6363636363636362
0,5,4,1,2,3,False,15135120,224.62440000000004,3.6363636363636362
0,5,4,1,1,4,False,3783780,192.94660000000005,4.545454545454545
0,5,4,0,6,0,False,630630,196.35000000000002,4.0
0,5,4,0,5,1,False,3153150,235.62000000000003,4.0
0,5,4,0,4,2,False,6306300,246.092,3.0
0,5,4,0,3,3,False,6306300,240.856,4.0
0,5,4,0,2,4,False,3153150,219.91200000000003,4.0
0,5,4,0,1,5,False,630630,183.26,5.0
0,5,3,7,0,0,False,360360,206.63500000000005,4.117647058823529
0,5,3,6,1,0,False,2522520,213.92800000000003,3.75
0,5,3,5,2,0,False,7567560,218.78999999999996,4.0
0,5,3,5,1,1,False,7567560,211.497,4.0
0,5,3,4,3,0,False,12612600,221.221,3.5714285714285716
0,5,3,4,2,1,False,25225200,224.6244,3.5714285714285716
0,5,3,4,1,2,False,12612600,207.60739999999998,3.5714285714285716
0,5,3,3,4,0,False,12612600,221.221,3.846153846153846
0,5,3,3,3,1,False,37837800,233.8622,3.846153846153846
0,5,3,3,2,2,False,37837800,227.54160000000002,3.846153846153846
0,5,3,3,1,3,False,12612600,202.25920000000005,3.846153846153846
0,5,3,2,5,0,False,7567560,218.79000000000002,4.166666666666667
0,5,3,2,4,1,False,30270240,239.2104,3.3333333333333335
0,5,3,2,3,2,False,45405360,242.12760000000003,3.3333333333333335
0,5,3,2,2,3,False,30270240,227.54160000000002,3.3333333333333335
0,5,3,2,1,4,False,7567560,195.45240000000004,4.166666666666667
0,5,3,1,6,0,False,2522520,200.55750000000003,4.545454545454545
0,5,3,1,5,1,False,12612600,240.66900000000004,3.6363636363636362
0,5,3,1,4,2,False,25225200,251.36540000000005,3.6363636363636362
0,5,3,1,3,3,False,25225200,246.01720000000003,3.6363636363636362
0,5,3,1,2,4,False,12612600,224.62440000000007,3.6363636363636362
0,5,3,1,1,5,False,2522520,187.187,4.545454545454545
0,5,3,0,7,0,False,360360,182.32500000000002,5.0
0,5,3,0,6,1,False,2162160,218.79000000000002,4.0
0,5,3,0,5,2,False,5405400,255.25500000000002,3.0
0,5,3,0,4,3,False,7207200,257.68600000000004,3.0
0,5,3,0,3,4,False,5405400,245.53100000000006,4.0
0,5,3,0,2,5,False,2162160,218.79000000000002,4.0
0,5,3,0,1,6,False,360360,177.463,5.0
0,5,2,8,0,0,False,135135,201.96,3.888888888888889
0,5,2,7,1,0,False,1081080,209.81400000000005,3.529411764705882
0,5,2,6,2,0,False,3783780,215.42399999999998,3.75
0,5,2,6,1,1,False,3783780,208.24320000000003,3.75
0,5,2,5,3,0,False,7567560,218.79000000000002,4.0
0,5,2,5,2,1,False,15135120,222.156,3.3333333333333335
0,5,2,5,1,2,False,7567560,205.32599999999996,4.0
0,5,2,4,4,0,False,9459450,219.912,3.5714285714285716
0,5,2,4,3,1,False,28378350,232.4784,3.5714285714285716
0,5,2,4,2,2,False,28378350,226.19519999999997,3.5714285714285716
0,5,2,4,1,3,False,9459450,201.0624,4.285714285714286
0,5,2,3,5,0,False,7567560,218.79000000000002,3.846153846153846
0,5,2,3,4,1,False,30270240,239.21040000000005,3.846153846153846
0,5,2,3,3,2,False,45405360,242.12760000000006,3.0769230769230766
0,5,2,3,2,3,False,30270240,227.54160000000005,3.846153846153846
0,5,2,3,1,4,False,7567560,195.4524,3.846153846153846
0,5,2,2,6,0,False,3783780,201.96,4.166666666666667
0,5,2,2,5,1,False,18918900,242.35200000000003,3.3333333333333335
0,5,2,2,4,2,False,37837800,253.12320000000003,3.3333333333333335
0,5,2,2,3,3,False,37837800,247.7376,3.3333333333333335
0,5,2,2,2,4,False,18918900,226.19520000000003,3.3333333333333335
0,5,2,2,1,5,False,3783780,188.496,4.166666666666667
0,5,2,1,7,0,False,1081080,185.13000000000002,4.545454545454545
0,5,2,1,6,1,False,6486480,222.15600000000006,3.6363636363636362
0,5,2,1,5,2,False,16216200,259.1820000000001,3.6363636363636362
0,5,2,1,4,3,False,21621600,261.65040000000005,3.6363636363636362
0,5,2,1,3,4,False,16216200,249.3084000000001,3.6363636363636362
0,5,2,1,2,5,False,6486480,222.15600000000006,3.6363636363636362
0,5,2,1,1,6,False,1081080,180.19320000000002,4.545454545454545
0,5,2,0,8,0,False,135135,168.3,5.0
0,5,2,0,7,1,False,945945,201.96000000000004,4.0
0,5,2,0,6,2,False,2837835,235.62000000000003,4.0
0,5,2,0,5,3,False,4729725,269.28,3.0
0,5,2,0,4,4,False,4729725,264.7920000000001,3.0
0,5,2,0,3,5,False,2837835,246.84000000000003,3.0
0,5,2,0,2,6,False,945945,215.42399999999998,4.0
0,5,2,0,1,7,False,135135,170.544,5.0
0,5,1,9,0,0,False,30030,195.41500000000002,4.2105263157894735
0,5,1,8,1,0,False,270270,203.64300000000003,3.888888888888889
0,5,1,7,2,0,False,1081080,209.81400000000005,3.529411764705882
0,5,1,7,1,1,False,1081080,202.82020000000006,4.117647058823529
0,5,1,6,3,0,False,2522520,213.92800000000003,3.75
0,5,1,6,2,1,False,5045040,217.21920000000006,3.75
0,5,1,6,1,2,False,2522520,200.7632,3.75
0,5,1,5,4,0,False,3783780,215.98499999999996,4.0
0,5,1,5,3,1,False,11351340,228.32700000000003,3.3333333333333335
0,5,1,5,2,2,False,11351340,222.156,3.3333333333333335
0,5,1,5,1,3,False,3783780,197.47199999999998,4.0
0,5,1,4,5,0,False,3783780,215.98499999999999,3.5714285714285716
0,5,1,4,4,1,False,15135120,236.14360000000002,3.5714285714285716
0,5,1,4,3,2,False,22702680,239.0234,3.5714285714285716
0,5,1,4,2,3,False,15135120,224.6244,3.5714285714285716
0,5,1,4,1,4,False,3783780,192.94660000000002,4.285714285714286
0,5,1,3,6,0,False,2522520,200.5575,3.846153846153846
0,5,1,3,5,1,False,12612600,240.669,3.0769230769230766
0,5,1,3,4,2,False,25225200,251.36540000000005,3.0769230769230766
0,5,1,3,3,3,False,25225200,246.01720000000003,3.0769230769230766
0,5,1,3,2,4,False,12612600,224.6244,3.846153846153846
0,5,1,3,1,5,False,2522520,187.18699999999998,4.615384615384615
0,5,1,2,7,0,False,1081080,185.13,4.166666666666667
0,5,1,2,6,1,False,6486480,222.15599999999998,3.3333333333333335
0,5,1,2,5,2,False,16216200,259.182,3.3333333333333335
0,5,1,2,4,3,False,21621600,261.65040000000005,3.3333333333333335
0,5,1,2,3,4,False,16216200,249.30840000000006,3.3333333333333335
0,5,1,2,2,5,False,6486480,222.15599999999998,3.3333333333333335
0,5,1,2,1,6,False,1081080,180.1932,4.166666666666667
0,5,1,1,8,0,False,270270,169.70250000000001,4.545454545454545
0,5,1,1,7,1,False,1891890,203.643,3.6363636363636362
0,5,1,1,6,2,False,5675670,237.58350000000004,3.6363636363636362
0,5,1,1,5,3,False,9459450,271.52400000000006,2.727272727272727
0,5,1,1,4,4,False,9459450,266.99860000000007,3.6363636363636362
0,5,1,1,3,5,False,5675670,248.89700000000008,3.6363636363636362
0,5,1,1,2,6,False,1891890,217.21920000000003,3.6363636363636362
0,5,1,1,1,7,False,270270,171.9652,4.545454545454545
0,5,1,0,9,0,False,30030,154.275,5.0
0,5,1,0,8,1,False,240240,185.13,4.0
0,5,1,0,7,2,False,840840,215.985,4.0
0,5,1,0,6,3,False,1681680,246.84000000000003,3.0
0,5,1,0,5,4,False,2102100,277.69500000000005,3.0
0,5,1,0,4,5,False,1681680,267.41,3.0
0,5,1,0,3,6,False,840840,244.78300000000002,4.0
0,5,1,0,2,7,False,240240,209.814,4.0
0,5,1,0,1,8,False,30030,162.50300000000001,5.0
0,5,0,10,0,0,False,3003,187.0,4.0
0,5,0,9,1,0,False,30030,195.41500000000002,4.2105263157894735
0,5,0,8,2,0,False,135135,201.96,3.888888888888889
0,5,0,8,1,1,False,135135,195.22800000000004,3.888888888888889
0,5,0,7,3,0,False,360360,206.63500000000005,4.117647058823529
0,5,0,7,2,1,False,720720,209.81400000000005,3.529411764705882
0,5,0,7,1,2,False,360360,193.91900000000004,4.117647058823529
0,5,0,6,4,0,False,630630,209.44000000000003,3.75
0,5,0,6,3,1,False,1891890,221.40800000000002,3.75
0,5,0,6,2,2,False,1891890,215.42399999999998,3.75
0,5,0,6,1,3,False,630630,191.48800000000003,4.375
0,5,0,5,5,0,False,756756,210.375,4.0
0,5,0,5,4,1,False,3027024,230.01,3.3333333333333335
0,5,0,5,3,2,False,4540536,232.81500000000005,3.3333333333333335
0,5,0,5,2,3,False,3027024,218.79000000000002,4.0
0,5,0,5,1,4,False,756756,187.93500000000003,4.0
0,5,0,4,6,0,False,630630,196.35,4.285714285714286
0,5,0,4,5,1,False,3153150,235.62,3.5714285714285716
0,5,0,4,4,2,False,6306300,246.092,3.5714285714285716
0,5,0,4,3,3,False,6306300,240.85600000000002,3.5714285714285716
0,5,0,4,2,4,False,3153150,219.91200000000003,3.5714285714285716
0,5,0,4,1,5,False,630630,183.26,4.285714285714286
0,5,0,3,7,0,False,360360,182.32500000000002,4.615384615384615
0,5,0,3,6,1,False,2162160,218.79000000000002,3.846153846153846
0,5,0,3,5,2,False,5405400,255.25500000000005,3.0769230769230766
0,5,0,3,4,3,False,7207200,257.68600000000004,3.0769230769230766
0,5,0,3,3,4,False,5405400,245.5310000000001,3.0769230769230766
0,5,0,3,2,5,False,2162160,218.79000000000002,3.846153846153846
0,5,0,3,1,6,False,360360,177.463,4.615384615384615
0,5,0,2,8,0,False,135135,168.29999999999998,5.0
0,5,0,2,7,1,False,945945,201.96,4.166666666666667
0,5,0,2,6,2,False,2837835,235.62,3.3333333333333335
0,5,0,2,5,3,False,4729725,269.28,3.3333333333333335
0,5,0,2,4,4,False,4729725,264.79200000000003,3.3333333333333335
0,5,0,2,3,5,False,2837835,246.84,3.3333333333333335
0,5,0,2,2,6,False,945945,215.424,4.166666666666667
0,5,0,2,1,7,False,135135,170.544,5.0
0,5,0,1,9,0,False,30030,154.275,5.454545454545454
0,5,0,1,8,1,False,240240,185.13000000000002,4.545454545454545
0,5,0,1,7,2,False,840840,215.98500000000004,3.6363636363636362
0,5,0,1,6,3,False,1681680,246.84000000000003,3.6363636363636362
0,5,0,1,5,4,False,2102100,277.69500000000005,2.727272727272727
0,5,0,1,4,5,False,1681680,267.41,3.6363636363636362
0,5,0,1,3,6,False,840840,244.783,3.6363636363636362
0,5,0,1,2,7,False,240240,209.81400000000002,3.6363636363636362
0,5,0,1,1,8,False,30030,162.50300000000001,4.545454545454545
0,5,0,0,10,0,False,3003,140.25,6.0
0,5,0,0,9,1,False,27027,168.3,5.0
0,5,0,0,8,2,False,108108,196.35000000000002,4.0
0,5,0,0,7,3,False,252252,224.4,4.0
0,5,0,0,6,4,False,378378,252.45000000000002,3.0
0,5,0,0,5,5,False,378378,280.5,3.0
0,5,0,0,4,6,False,252252,265.54,3.0
0,5,0,0,3,7,False,108108,239.36000000000004,4.0
0,5,0,0,2,8,False,27027,201.96000000000004,4.0
0,5,0,0,1,9,False,3003,153.34,5.0
0,4,11,0,0,0,False,1365,190.68000000000004,4.0
0,4,10,1,0,0,False,15015,199.76000000000005,4.545454545454545
0,4,10,0,1,0,False,15015,199.76000000000002,4.0
0,4,9,2,0,0,False,75075,207.02399999999997,4.166666666666667
0,4,9,1,1,0,False,150150,208.74920000000003,3.6363636363636362
0,4,9,0,2,0,False,75075,207.024,4.0
0,4,9,0,1,1,False,75075,200.1232,4.0
0,4,8,3,0,0,False,225225,212.47200000000004,3.846153846153846
0,4,8,2,1,0,False,675675,215.7408,4.166666666666667
0,4,8,1,2,0,False,675675,215.74080000000004,3.6363636363636362
0,4,8,1,1,1,False,675675,208.54944000000006,3.6363636363636362
0,4,8,0,3,0,False,225225,212.47200000000004,4.0
0,4,8,0,2,1,False,450450,215.74080000000004,4.0
0,4,8,0,1,2,False,225225,199.3968,4.0
0,4,7,4,0,0,False,450450,216.104,3.5714285714285716
0,4,7,3,1,0,False,1801800,220.73480000000006,3.846153846153846
0,4,7,2,2,0,False,2702700,222.27840000000003,3.3333333333333335
0,4,7,2,1,1,False,2702700,214.86912000000007,4.166666666666667
0,4,7,1,3,0,False,1801800,220.73480000000006,3.6363636363636362
0,4,7,1,2,1,False,3603600,224.13072000000008,3.6363636363636362
0,4,7,1,1,2,False,1801800,207.15112000000005,3.6363636363636362
0,4,7,0,4,0,False,450450,216.104,4.0
0,4,7,0,3,1,False,1351350,228.45280000000002,4.0
0,4,7,0,2,2,False,1351350,222.27840000000003,4.0
0,4,7,0,1,3,False,450450,197.58080000000004,4.0
0,4,6,5,0,0,False,630630,217.92000000000004,4.0
0,4,6,4,1,0,False,3153150,223.73120000000006,3.5714285714285716
0,4,6,3,2,0,False,6306300,226.63680000000002,3.846153846153846
0,4,6,3,1,1,False,6306300,219.08224000000007,3.846153846153846
0,4,6,2,3,0,False,6306300,226.63680000000002,3.3333333333333335
0,4,6,2,2,1,False,12612600,230.12352000000007,3.3333333333333335
0,4,6,2,1,2,False,6306300,212.68992000000003,4.166666666666667
0,4,6,1,4,0,False,3153150,223.73120000000006,3.6363636363636362
0,4,6,1,3,1,False,9459450,236.51584000000005,3.6363636363636362
0,4,6,1,2,2,False,9459450,230.12352000000007,3.6363636363636362
0,4,6,1,1,3,False,3153150,204.55424000000005,3.6363636363636362
0,4,6,0,5,0,False,630630,217.92000000000004,4.0
0,4,6,0,4,1,False,2522520,238.25920000000008,4.0
0,4,6,0,3,2,False,3783780,241.16480000000007,4.0
0,4,6,0,2,3,False,2522520,226.63680000000005,4.0
0,4,6,0,1,4,False,630630,194.67520000000005,4.0
0,4,5,6,0,0,False,630630,217.92000000000004,3.75
0,4,5,5,1,0,False,3783780,224.73000000000002,3.3333333333333335
0,4,5,4,2,0,False,9459450,228.81599999999997,3.5714285714285716
0,4,5,4,1,1,False,9459450,221.18880000000004,3.5714285714285716
0,4,5,3,3,0,False,12612600,230.17800000000005,3.846153846153846
0,4,5,3,2,1,False,25225200,233.71920000000003,3.846153846153846
0,4,5,3,1,2,False,12612600,216.01319999999998,3.846153846153846
0,4,5,2,4,0,False,9459450,228.816,3.3333333333333335
0,4,5,2,3,1,False,28378350,241.89120000000003,3.3333333333333335
0,4,5,2,2,2,False,28378350,235.3536,3.3333333333333335
0,4,5,2,1,3,False,9459450,209.2032,4.166666666666667
0,4,5,1,5,0,False,3783780,224.73000000000002,3.6363636363636362
0,4,5,1,4,1,False,15135120,245.70480000000006,3.6363636363636362
0,4,5,1,3,2,False,22702680,248.70120000000003,3.6363636363636362
0,4,5,1,2,3,False,15135120,233.71920000000006,3.6363636363636362
0,4,5,1,1,4,False,3783780,200.75880000000006,4.545454545454545
0,4,5,0,6,0,False,630630,204.3,4.0
0,4,5,0,5,1,False,3153150,245.16,4.0
0,4,5,0,4,2,False,6306300,256.056,3.0
0,4,5,0,3,3,False,6306300,250.608,3.0
0,4,5,0,2,4,False,3153150,228.81600000000003,4.0
0,4,5,0,1,5,False,630630,190.68,4.0
0,4,4,7,0,0,False,450450,216.104,3.529411764705882
0,4,4,6,1,0,False,3153150,223.7312,3.75
0,4,4,5,2,0,False,9459450,228.81599999999997,3.3333333333333335
0,4,4,5,1,1,False,9459450,221.18879999999996,4.0
0,4,4,4,3,0,False,15765750,231.35839999999993,3.5714285714285716
0,4,4,4,2,1,False,31531500,234.91776000000002,3.5714285714285716
0,4,4,4,1,2,False,15765750,217.12096,3.5714285714285716
0,4,4,3,4,0,False,15765750,231.35839999999996,3.846153846153846
0,4,4,3,3,1,False,47297250,244.57888,3.0769230769230766
0,4,4,3,2,2,False,47297250,237.96863999999997,3.846153846153846
0,4,4,3,1,3,False,15765750,211.52767999999998,3.846153846153846
0,4,4,2,5,0,False,9459450,228.81599999999997,3.3333333333333335
0,4,4,2,4,1,False,37837800,250.17216000000002,3.3333333333333335
0,4,4,2,3,2,False,56756700,253.22304,3.3333333333333335
0,4,4,2,2,3,False,37837800,237.96864,3.3333333333333335
0,4,4,2,1,4,False,9459450,204.40896,4.166666666666667
0,4,4,1,6,0,False,3153150,209.748,3.6363636363636362
0,4,4,1,5,1,False,15765750,251.69760000000002,3.6363636363636362
0,4,4,1,4,2,False,31531500,262.88416,3.6363636363636362
0,4,4,1,3,3,False,31531500,257.29088,3.6363636363636362
0,4,4,1,2,4,False,15765750,234.91776000000002,3.6363636363636362
0,4,4,1,1,5,False,3153150,195.76479999999998,4.545454545454545
0,4,4,0,7,0,False,450450,190.67999999999998,4.0
0,4,4,0,6,1,False,2702700,228.816,4.0
0,4,4,0,5,2,False,6756750,266.95199999999994,3.0
0,4,4,0,4,3,False,9009000,269.4944,3.0
0,4,4,0,3,4,False,6756750,256.7824,3.0
0,4,4,0,2,5,False,2702700,228.816,4.0
0,4,4,0,1,6,False,450450,185.59519999999998,4.0
0,4,3,8,0,0,False,225225,212.47200000000004,3.888888888888889
0,4,3,7,1,0,False,1801800,220.73480000000006,3.529411764705882
0,4,3,6,2,0,False,6306300,226.6368,3.75
0,4,3,6,1,1,False,6306300,219.08224000000007,3.75
0,4,3,5,3,0,False,12612600,230.17800000000005,3.3333333333333335
0,4,3,5,2,1,False,25225200,233.71920000000006,3.3333333333333335
0,4,3,5,1,2,False,12612600,216.01320000000004,4.0
0,4,3,4,4,0,False,15765750,231.3584,3.5714285714285716
0,4,3,4,3,1,False,47297250,244.57888,3.5714285714285716
0,4,3,4,2,2,False,47297250,237.96864000000002,3.5714285714285716
0,4,3,4,1,3,False,15765750,211.52768,3.5714285714285716
0,4,3,3,5,0,False,12612600,230.17800000000005,3.846153846153846
0,4,3,3,4,1,False,50450400,251.66128000000003,3.0769230769230766
0,4,3,3,3,2,False,75675600,254.73032000000006,3.0769230769230766
0,4,3,3,2,3,False,50450400,239.38512000000006,3.846153846153846
0,4,3,3,1,4,False,12612600,205.62568000000005,3.846153846153846
0,4,3,2,6,0,False,6306300,212.47200000000004,4.166666666666667
0,4,3,2,5,1,False,31531500,254.96640000000002,3.3333333333333335
0,4,3,2,4,2,False,63063000,266.2982400000001,3.3333333333333335
0,4,3,2,3,3,False,63063000,260.63232000000005,3.3333333333333335
0,4,3,2,2,4,False,31531500,237.96864000000005,3.3333333333333335
0,4,3,2,1,5,False,6306300,198.3072,4.166666666666667
0,4,3,1,7,0,False,1801800,194.76600000000005,4.545454545454545
0,4,3,1,6,1,False,10810800,233.71920000000006,3.6363636363636362
0,4,3,1,5,2,False,27027000,272.67240000000004,2.727272727272727
0,4,3,1,4,3,False,36036000,275.2692800000001,2.727272727272727
0,4,3,1,3,4,False,27027000,262.2848800000001,3.6363636363636362
0,4,3,1,2,5,False,10810800,233.71920000000006,3.6363636363636362
0,4,3,1,1,6,False,1801800,189.57224000000002,4.545454545454545
0,4,3,0,8,0,False,225225,177.06000000000003,5.0
0,4,3,0,7,1,False,1576575,212.47200000000004,4.0
0,4,3,0,6,2,False,4729725,247.88400000000001,3.0
0,4,3,0,5,3,False,7882875,283.296,3.0
0,4,3,0,4,4,False,7882875,278.5744000000001,3.0
0,4,3,0,3,5,False,4729725,259.68800000000005,3.0
0,4,3,0,2,6,False,1576575,226.6368,4.0
0,4,3,0,1,7,False,225225,179.4208,5.0
0,4,2,9,0,0,False,75075,207.02399999999997,3.68421052631579
0,4,2,8,1,0,False,675675,215.7408,3.888888888888889
0,4,2,7,2,0,False,2702700,222.2784,3.529411764705882
0,4,2,7,1,1,False,2702700,214.86912000000007,3.529411764705882
0,4,2,6,3,0,False,6306300,226.6368,3.75
0,4,2,6,2,1,False,12612600,230.12352,3.75
0,4,2,6,1,2,False,6306300,212.68992,3.75
0,4,2,5,4,0,False,9459450,228.81599999999997,3.3333333333333335
0,4,2,5,3,1,False,28378350,241.89120000000003,3.3333333333333335
0,4,2,5,2,2,False,28378350,235.3536,3.3333333333333335
0,4,2,5,1,3,False,9459450,209.20319999999998,4.0
0,4,2,4,5,0,False,9459450,228.81599999999997,3.5714285714285716
0,4,2,4,4,1,False,37837800,250.17216,3.5714285714285716
0,4,2,4,3,2,False,56756700,253.22304,3.5714285714285716
0,4,2,4,2,3,False,37837800,237.96863999999997,3.5714285714285716
0,4,2,4,1,4,False,9459450,204.40896,4.285714285714286
0,4,2,3,6,0,False,6306300,212.472,3.846153846153846
0,4,2,3,5,1,False,31531500,254.96640000000002,3.0769230769230766
0,4,2,3,4,2,False,63063000,266.29824,3.0769230769230766
0,4,2,3,3,3,False,63063000,260.63232,3.0769230769230766
0,4,2,3,2,4,False,31531500,237.96864000000002,3.846153846153846
0,4,2,3,1,5,False,6306300,198.3072,3.846153846153846
0,4,2,2,7,0,False,2702700,196.128,4.166666666666667
0,4,2,2,6,1,False,16216200,235.3536,3.3333333333333335
0,4,2,2,5,2,False,40540500,274.5792,3.3333333333333335
0,4,2,2,4,3,False,54054000,277.19424,3.3333333333333335
0,4,2,2,3,4,False,40540500,264.11904000000004,3.3333333333333335
0,4,2,2,2,5,False,16216200,235.3536,3.3333333333333335
0,4,2,2,1,6,False,2702700,190.89791999999997,4.166666666666667
0,4,2,1,8,0,False,675675,179.78400000000002,4.545454545454545
0,4,2,1,7,1,False,4729725,215.74080000000004,3.6363636363636362
0,4,2,1,6,2,False,14189175,251.69760000000002,3.6363636363636362
0,4,2,1,5,3,False,23648625,287.6544,2.727272727272727
0,4,2,1,4,4,False,23648625,282.86016,2.727272727272727
0,4,2,1,3,5,False,14189175,263.6832,3.6363636363636362
0,4,2,1,2,6,False,4729725,230.12351999999998,3.6363636363636362
0,4,2,1,1,7,False,675675,182.18112,4.545454545454545
0,4,2,0,9,0,False,75075,163.44,5.0
0,4,2,0,8,1,False,600600,196.12800000000001,4.0
0,4,2,0,7,2,False,2102100,228.816,4.0
0,4,2,0,6,3,False,4204200,261.50399999999996,3.0
0,4,2,0,5,4,False,5255250,294.192,3.0
0,4,2,0,4,5,False,4204200,283.296,3.0
0,4,2,0,3,6,False,2102100,259.3248,3.0
0,4,2,0,2,7,False,600600,222.27839999999998,4.0
0,4,2,0,1,8,False,75075,172.1568,5.0
0,4,1,10,0,0,False,15015,199.76000000000002,4.0
0,4,1,9,1,0,False,150150,208.7492,3.68421052631579
0,4,1,8,2,0,False,675675,215.7408,3.888888888888889
0,4,1,8,1,1,False,675675,208.54944000000006,3.888888888888889
0,4,1,7,3,0,False,1801800,220.73480000000006,3.529411764705882
0,4,1,7,2,1,False,3603600,224.13072000000008,3.529411764705882
0,4,1,7,1,2,False,1801800,207.15112000000005,4.117647058823529
0,4,1,6,4,0,False,3153150,223.7312,3.75
0,4,1,6,3,1,False,9459450,236.51584000000003,3.125
0,4,1,6,2,2,False,9459450,230.12352,3.75
0,4,1,6,1,3,False,3153150,204.55424000000005,3.75
0,4,1,5,5,0,False,3783780,224.73000000000002,3.3333333333333335
0,4,1,5,4,1,False,15135120,245.70480000000003,3.3333333333333335
0,4,1,5,3,2,False,22702680,248.70120000000006,3.3333333333333335
0,4,1,5,2,3,False,15135120,233.71920000000006,3.3333333333333335
0,4,1,5,1,4,False,3783780,200.75880000000006,4.0
0,4,1,4,6,0,False,3153150,209.74800000000002,3.5714285714285716
0,4,1,4,5,1,False,15765750,251.69760000000002,3.5714285714285716
0,4,1,4,4,2,False,31531500,262.88416,2.857142857142857
0,4,1,4,3,3,False,31531500,257.29088,3.5714285714285716
0,4,1,4,2,4,False,15765750,234.91776000000004,3.5714285714285716
0,4,1,4,1,5,False,3153150,195.76479999999998,4.285714285714286
0,4,1,3,7,0,False,1801800,194.76600000000005,3.846153846153846
0,4,1,3,6,1,False,10810800,233.71920000000003,3.846153846153846
0,4,1,3,5,2,False,27027000,272.67240000000004,3.0769230769230766
0,4,1,3,4,3,False,36036000,275.26928000000004,3.0769230769230766
0,4,1,3,3,4,False,27027000,262.2848800000001,3.0769230769230766
0,4,1,3,2,5,False,10810800,233.71920000000003,3.846153846153846
0,4,1,3,1,6,False,1801800,189.57224000000002,4.615384615384615
0,4,1,2,8,0,False,675675,179.78400000000002,4.166666666666667
0,4,1,2,7,1,False,4729725,215.7408,4.166666666666667
0,4,1,2,6,2,False,14189175,251.69760000000002,3.3333333333333335
0,4,1,2,5,3,False,23648625,287.65439999999995,3.3333333333333335
0,4,1,2,4,4,False,23648625,282.86016000000006,3.3333333333333335
0,4,1,2,3,5,False,14189175,263.6832,3.3333333333333335
0,4,1,2,2,6,False,4729725,230.12352,3.3333333333333335
0,4,1,2,1,7,False,675675,182.18112000000002,4.166666666666667
0,4,1,1,9,0,False,150150,164.80200000000005,4.545454545454545
0,4,1,1,8,1,False,1201200,197.76240000000004,4.545454545454545
0,4,1,1,7,2,False,4204200,230.72280000000003,3.6363636363636362
0,4,1,1,6,3,False,8408400,263.6832,3.6363636363636362
0,4,1,1,5,4,False,10510500,296.64360000000005,2.727272727272727
0,4,1,1,4,5,False,8408400,285.6568000000001,2.727272727272727
0,4,1,1,3,6,False,4204200,261.48584000000005,3.6363636363636362
0,4,1,1,2,7,False,1201200,224.13072000000005,3.6363636363636362
0,4,1,1,1,8,False,150150,173.59144000000006,4.545454545454545
0,4,1,0,10,0,False,15015,149.82000000000002,5.0
0,4,1,0,9,1,False,135135,179.78400000000002,5.0
0,4,1,0,8,2,False,540540,209.74800000000002,4.0
0,4,1,0,7,3,False,1261260,239.712,4.0
0,4,1,0,6,4,False,1891890,269.67600000000004,3.0
0,4,1,0,5,5,False,1891890,299.64000000000004,3.0
0,4,1,0,4,6,False,1261260,283.6592,3.0
0,4,1,0,3,7,False,540540,255.6928000000001,3.0
0,4,1,0,2,8,False,135135,215.74080000000004,4.0
0,4,1,0,1,9,False,15015,163.8032,5.0
0,4,0,11,0,0,False,1365,190.68000000000004,4.285714285714286
0,4,0,10,1,0,False,15015,199.76000000000002,4.0
0,4,0,9,2,0,False,75075,207.02399999999997,3.68421052631579
0,4,0,9,1,1,False,75075,200.12320000000005,4.2105263157894735
0,4,0,8,3,0,False,225225,212.47200000000004,3.888888888888889
0,4,0,8,2,1,False,450450,215.7408,3.888888888888889
0,4,0,8,1,2,False,225225,199.3968,3.888888888888889
0,4,0,7,4,0,False,450450,216.104,3.529411764705882
0,4,0,7,3,1,False,1351350,228.4528,3.529411764705882
0,4,0,7,2,2,False,1351350,222.27840000000003,3.529411764705882
0,4,0,7,1,3,False,450450,197.58080000000004,4.117647058823529
0,4,0,6,5,0,False,630630,217.92000000000004,3.75
0,4,0,6,4,1,False,2522520,238.25920000000002,3.125
0,4,0,6,3,2,False,3783780,241.16480000000007,3.125
0,4,0,6,2,3,False,2522520,226.6368,3.75
0,4,0,6,1,4,False,630630,194.67520000000002,4.375
0,4,0,5,6,0,False,630630,204.3,4.0
0,4,0,5,5,1,False,3153150,245.16000000000003,3.3333333333333335
0,4,0,5,4,2,False,6306300,256.05600000000004,3.3333333333333335
0,4,0,5,3,3,False,6306300,250.608,3.3333333333333335
0,4,0,5,2,4,False,3153150,228.81600000000003,3.3333333333333335
0,4,0,5,1,5,False,630630,190.67999999999998,4.0
0,4,0,4,7,0,False,450450,190.68,4.285714285714286
0,4,0,4,6,1,False,2702700,228.81600000000003,3.5714285714285716
0,4,0,4,5,2,False,6756750,266.95200000000006,2.857142857142857
0,4,0,4,4,3,False,9009000,269.4944,2.857142857142857
0,4,0,4,3,4,False,6756750,256.78240000000005,3.5714285714285716
0,4,0,4,2,5,False,2702700,228.81600000000003,3.5714285714285716
0,4,0,4,1,6,False,450450,185.5952,4.285714285714286
0,4,0,3,8,0,False,225225,177.06000000000003,4.615384615384615
0,4,0,3,7,1,False,1576575,212.47200000000004,3.846153846153846
0,4,0,3,6,2,False,4729725,247.88400000000004,3.0769230769230766
0,4,0,3,5,3,False,7882875,283.296,3.0769230769230766
0,4,0,3,4,4,False,7882875,278.5744,3.0769230769230766
0,4,0,3,3,5,False,4729725,259.68800000000005,3.0769230769230766
0,4,0,3,2,6,False,1576575,226.63680000000002,3.846153846153846
0,4,0,3,1,7,False,225225,179.42080000000004,4.615384615384615
0,4,0,2,9,0,False,75075,163.44000000000003,5.0
0,4,0,2,8,1,False,600600,196.12800000000001,4.166666666666667
0,4,0,2,7,2,False,2102100,228.81600000000003,3.3333333333333335
0,4,0,2,6,3,False,4204200,261.50399999999996,3.3333333333333335
0,4,0,2,5,4,False,5255250,294.19200000000006,3.3333333333333335
0,4,0,2,4,5,False,4204200,283.29600000000005,3.3333333333333335
0,4,0,2,3,6,False,2102100,259.3248,3.3333333333333335
0,4,0,2,2,7,False,600600,222.2784,3.3333333333333335
0,4,0,2,1,8,False,75075,172.15680000000003,5.0
0,4,0,1,10,0,False,15015,149.82000000000002,5.454545454545454
0,4,0,1,9,1,False,135135,179.78400000000005,4.545454545454545
0,4,0,1,8,2,False,540540,209.74800000000005,3.6363636363636362
0,4,0,1,7,3,False,1261260,239.71200000000002,3.6363636363636362
0,4,0,1,6,4,False,1891890,269.6760000000001,3.6363636363636362
0,4,0,1,5,5,False,1891890,299.64000000000004,2.727272727272727
0,4,0,1,4,6,False,1261260,283.65920000000006,2.727272727272727
0,4,0,1,3,7,False,540540,255.6928000000001,3.6363636363636362
0,4,0,1,2,8,False,135135,215.74080000000006,3.6363636363636362
0,4,0,1,1,9,False,15015,163.80320000000003,4.545454545454545
0,4,0,0,11,0,False,1365,136.20000000000002,6.0
0,4,0,0,10,1,False,13650,163.44000000000003,5.0
0,4,0,0,9,2,False,61425,190.68000000000004,4.0
0,4,0,0,8,3,False,163800,217.92,4.0
0,4,0,0,7,4,False,286650,245.16000000000005,4.0
0,4,0,0,6,5,False,343980,272.40000000000003,3.0
0,4,0,0,5,6,False,286650,299.64,3.0
0,4,0,0,4,7,False,163800,279.664,3.0
0,4,0,0,3,8,False,61425,248.79200000000003,3.0
0,4,0,0,2,9,False,13650,207.024,4.0
0,4,0,0,1,10,False,1365,154.36,5.0
0,3,12,0,0,0,False,455,193.82000000000002,4.0
0,3,11,1,0,0,False,5460,203.51100000000002,3.6363636363636362
0,3,11,0,1,0,False,5460,203.51100000000005,4.0
0,3,10,2,0,0,False,30030,211.44000000000003,4.166666666666667
0,3,10,1,1,0,False,60060,213.20200000000006,3.6363636363636362
0,3,10,0,2,0,False,30030,211.44000000000003,4.0
0,3,10,0,1,1,False,30030,204.39200000000005,4.0
0,3,9,3,0,0,False,100100,217.607,3.846153846153846
0,3,9,2,1,0,False,300300,220.9548,4.166666666666667
0,3,9,1,2,0,False,300300,220.9548,3.6363636363636362
0,3,9,1,1,1,False,300300,213.58964000000006,3.6363636363636362
0,3,9,0,3,0,False,100100,217.60699999999997,4.0
0,3,9,0,2,1,False,200200,220.95479999999998,4.0
0,3,9,0,1,2,False,100100,204.2158,4.0
0,3,8,4,0,0,False,225225,222.012,3.5714285714285716
0,3,8,3,1,0,False,900900,226.76940000000002,3.846153846153846
0,3,8,2,2,0,False,1351350,228.3552,3.3333333333333335
0,3,8,2,1,1,False,1351350,220.74336000000002,4.166666666666667
0,3,8,1,3,0,False,900900,226.76940000000002,3.6363636363636362
0,3,8,1,2,1,False,1801800,230.25816000000003,3.6363636363636362
0,3,8,1,1,2,False,900900,212.81436000000002,3.6363636363636362
0,3,8,0,4,0,False,225225,222.012,4.0
0,3,8,0,3,1,False,675675,234.6984,4.0
0,3,8,0,2,2,False,675675,228.35519999999997,4.0
0,3,8,0,1,3,False,225225,202.9824,4.0
0,3,7,5,0,0,False,360360,224.65500000000003,3.3333333333333335
0,3,7,4,1,0,False,1801800,230.64580000000004,3.5714285714285716
0,3,7,3,2,0,False,3603600,233.64120000000003,3.846153846153846
0,3,7,3,1,1,False,3603600,225.85316000000006,3.846153846153846
0,3,7,2,3,0,False,3603600,233.64120000000003,3.3333333333333335
0,3,7,2,2,1,False,7207200,237.23568000000003,3.3333333333333335
0,3,7,2,1,2,False,3603600,219.26328,4.166666666666667
0,3,7,1,4,0,False,1801800,230.6458,3.6363636363636362
0,3,7,1,3,1,False,5405400,243.82556000000002,3.6363636363636362
0,3,7,1,2,2,False,5405400,237.23568000000006,3.6363636363636362
0,3,7,1,1,3,False,1801800,210.87616000000003,3.6363636363636362
0,3,7,0,5,0,False,360360,224.65500000000003,4.0
0,3,7,0,4,1,False,1441440,245.6228,4.0
0,3,7,0,3,2,False,2162160,248.61820000000003,3.0
0,3,7,0,2,3,False,1441440,233.64120000000003,4.0
0,3,7,0,1,4,False,360360,200.69180000000003,4.0
0,3,6,6,0,0,False,420420,225.53600000000003,3.75
0,3,6,5,1,0,False,2522520,232.58400000000006,3.3333333333333335
0,3,6,4,2,0,False,6306300,236.81280000000004,3.5714285714285716
0,3,6,4,1,1,False,6306300,228.91904000000005,3.5714285714285716
0,3,6,3,3,0,False,8408400,238.22240000000008,3.846153846153846
0,3,6,3,2,1,False,16816800,241.88736000000006,3.0769230769230766
0,3,6,3,1,2,False,8408400,223.56256000000005,3.846153846153846
0,3,6,2,4,0,False,6306300,236.8128,3.3333333333333335
0,3,6,2,3,1,False,18918900,250.34496000000001,3.3333333333333335
0,3,6,2,2,2,False,18918900,243.57888,3.3333333333333335
0,3,6,2,1,3,False,6306300,216.51456000000002,4.166666666666667
0,3,6,1,5,0,False,2522520,232.58400000000006,3.6363636363636362
0,3,6,1,4,1,False,10090080,254.2918400000001,3.6363636363636362
0,3,6,1,3,2,False,15135120,257.3929600000001,3.6363636363636362
0,3,6,1,2,3,False,10090080,241.88736000000003,3.6363636363636362
0,3,6,1,1,4,False,2522520,207.77504000000005,3.6363636363636362
0,3,6,0,6,0,False,420420,211.44000000000003,4.0
0,3,6,0,5,1,False,2102100,253.72800000000004,3.0
0,3,6,0,4,2,False,4204200,265.00480000000005,3.0
0,3,6,0,3,3,False,4204200,259.36640000000006,3.0
0,3,6,0,2,4,False,2102100,236.81280000000007,4.0
0,3,6,0,1,5,False,420420,197.34400000000002,4.0
0,3,5,7,0,0,False,360360,224.65500000000003,3.529411764705882
0,3,5,6,1,0,False,2522520,232.58400000000003,3.75
0,3,5,5,2,0,False,7567560,237.87,3.3333333333333335
0,3,5,5,1,1,False,7567560,229.94100000000006,3.3333333333333335
0,3,5,4,3,0,False,12612600,240.513,3.5714285714285716
0,3,5,4,2,1,False,25225200,244.2132,3.5714285714285716
0,3,5,4,1,2,False,12612600,225.7122,3.5714285714285716
0,3,5,3,4,0,False,12612600,240.513,3.0769230769230766
0,3,5,3,3,1,False,37837800,254.2566,3.0769230769230766
0,3,5,3,2,2,False,37837800,247.38480000000004,3.0769230769230766
0,3,5,3,1,3,False,12612600,219.89760000000004,3.846153846153846
0,3,5,2,5,0,False,7567560,237.87,3.3333333333333335
0,3,5,2,4,1,False,30270240,260.07120000000003,3.3333333333333335
0,3,5,2,3,2,False,45405360,263.24280000000005,3.3333333333333335
0,3,5,2,2,3,False,30270240,247.38479999999998,3.3333333333333335
0,3,5,2,1,4,False,7567560,212.49720000000002,4.166666666666667
0,3,5,1,6,0,False,2522520,218.04750000000004,3.6363636363636362
0,3,5,1,5,1,False,12612600,261.65700000000004,3.6363636363636362
0,3,5,1,4,2,False,25225200,273.2862,2.727272727272727
0,3,5,1,3,3,False,25225200,267.4716,3.6363636363636362
0,3,5,1,2,4,False,12612600,244.21320000000009,3.6363636363636362
0,3,5,1,1,5,False,2522520,203.511,3.6363636363636362
0,3,5,0,7,0,False,360360,198.22500000000002,4.0
0,3,5,0,6,1,False,2162160,237.87000000000003,4.0
0,3,5,0,5,2,False,5405400,277.51500000000004,3.0
0,3,5,0,4,3,False,7207200,280.158,3.0
0,3,5,0,3,4,False,5405400,266.9430000000001,3.0
0,3,5,0,2,5,False,2162160,237.87000000000003,4.0
0,3,5,0,1,6,False,360360,192.939,4.0
0,3,4,8,0,0,False,225225,222.01199999999997,3.333333333333333
0,3,4,7,1,0,False,1801800,230.64580000000004,3.529411764705882
0,3,4,6,2,0,False,6306300,236.81279999999998,3.125
0,3,4,6,1,1,False,6306300,228.91904,3.75
0,3,4,5,3,0,False,12612600,240.51299999999998,3.3333333333333335
0,3,4,5,2,1,False,25225200,244.21320000000003,3.3333333333333335
0,3,4,5,1,2,False,12612600,225.7122,3.3333333333333335
0,3,4,4,4,0,False,15765750,241.74639999999997,3.5714285714285716
0,3,4,4,3,1,False,47297250,255.56047999999996,3.5714285714285716
0,3,4,4,2,2,False,47297250,248.65344,3.5714285714285716
0,3,4,4,1,3,False,15765750,221.02528,3.5714285714285716
0,3,4,3,5,0,False,12612600,240.513,3.0769230769230766
0,3,4,3,4,1,False,50450400,262.96088000000003,3.0769230769230766
0,3,4,3,3,2,False,75675600,266.16772000000003,3.0769230769230766
0,3,4,3,2,3,False,50450400,250.13351999999998,3.0769230769230766
0,3,4,3,1,4,False,12612600,214.85828,3.846153846153846
0,3,4,2,6,0,False,6306300,222.01199999999997,3.3333333333333335
0,3,4,2,5,1,False,31531500,266.4144,3.3333333333333335
0,3,4,2,4,2,False,63063000,278.25504,3.3333333333333335
0,3,4,2,3,3,False,63063000,272.33471999999995,3.3333333333333335
0,3,4,2,2,4,False,31531500,248.65344000000002,3.3333333333333335
0,3,4,2,1,5,False,6306300,207.2112,4.166666666666667
0,3,4,1,7,0,False,1801800,203.511,3.6363636363636362
0,3,4,1,6,1,False,10810800,244.21320000000003,3.6363636363636362
0,3,4,1,5,2,False,27027000,284.91540000000003,2.727272727272727
0,3,4,1,4,3,False,36036000,287.62888000000004,2.727272727272727
0,3,4,1,3,4,False,27027000,274.0614800000001,2.727272727272727
0,3,4,1,2,5,False,10810800,244.21320000000003,3.6363636363636362
0,3,4,1,1,6,False,1801800,198.08404,4.545454545454545
0,3,4,0,8,0,False,225225,185.01,4.0
0,3,4,0,7,1,False,1576575,222.012,4.0
0,3,4,0,6,2,False,4729725,259.014,3.0
0,3,4,0,5,3,False,7882875,296.01599999999996,3.0
0,3,4,0,4,4,False,7882875,291.0824,3.0
0,3,4,0,3,5,False,4729725,271.348,3.0
0,3,4,0,2,6,False,1576575,236.81279999999998,4.0
0,3,4,0,1,7,False,225225,187.4768,4.0
0,3,3,9,0,0,False,100100,217.607,3.68421052631579
0,3,3,8,1,0,False,900900,226.76940000000005,3.333333333333333
0,3,3,7,2,0,False,3603600,233.64120000000003,3.529411764705882
0,3,3,7,1,1,False,3603600,225.85316000000003,3.529411764705882
0,3,3,6,3,0,False,8408400,238.22240000000002,3.125
0,3,3,6,2,1,False,16816800,241.88736000000006,3.125
0,3,3,6,1,2,False,8408400,223.56256,3.75
0,3,3,5,4,0,False,12612600,240.51299999999998,3.3333333333333335
0,3,3,5,3,1,False,37837800,254.2566,3.3333333333333335
0,3,3,5,2,2,False,37837800,247.3848,3.3333333333333335
0,3,3,5,1,3,False,12612600,219.8976,4.0
0,3,3,4,5,0,False,12612600,240.51299999999998,3.5714285714285716
0,3,3,4,4,1,False,50450400,262.96088000000003,2.857142857142857
0,3,3,4,3,2,False,75675600,266.16772000000003,2.857142857142857
0,3,3,4,2,3,False,50450400,250.13351999999998,3.5714285714285716
0,3,3,4,1,4,False,12612600,214.85828,3.5714285714285716
0,3,3,3,6,0,False,8408400,223.3335,3.846153846153846
0,3,3,3,5,1,False,42042000,268.0002,3.0769230769230766
0,3,3,3,4,2,False,84084000,279.91132000000005,3.0769230769230766
0,3,3,3,3,3,False,84084000,273.95576,3.0769230769230766
0,3,3,3,2,4,False,42042000,250.13352000000003,3.0769230769230766
0,3,3,3,1,5,False,8408400,208.44459999999998,3.846153846153846
0,3,3,2,7,0,False,3603600,206.15399999999997,4.166666666666667
0,3,3,2,6,1,False,21621600,247.38479999999998,3.3333333333333335
0,3,3,2,5,2,False,54054000,288.61560000000003,3.3333333333333335
0,3,3,2,4,3,False,72072000,291.36432,3.3333333333333335
0,3,3,2,3,4,False,54054000,277.62072000000006,3.3333333333333335
0,3,3,2,2,5,False,21621600,247.38479999999998,3.3333333333333335
0,3,3,2,1,6,False,3603600,200.65655999999998,4.166666666666667
0,3,3,1,8,0,False,900900,188.9745,4.545454545454545
0,3,3,1,7,1,False,6306300,226.76940000000002,3.6363636363636362
0,3,3,1,6,2,False,18918900,264.56430000000006,3.6363636363636362
0,3,3,1,5,3,False,31531500,302.35920000000004,2.727272727272727
0,3,3,1,4,4,False,31531500,297.31988000000007,2.727272727272727
0,3,3,1,3,5,False,18918900,277.16260000000005,2.727272727272727
0,3,3,1,2,6,False,6306300,241.88736,3.6363636363636362
0,3,3,1,1,7,False,900900,191.49416000000002,4.545454545454545
0,3,3,0,9,0,False,100100,171.795,5.0
0,3,3,0,8,1,False,800800,206.154,4.0
0,3,3,0,7,2,False,2802800,240.51300000000003,4.0
0,3,3,0,6,3,False,5605600,274.872,3.0
0,3,3,0,5,4,False,7007000,309.231,3.0
0,3,3,0,4,5,False,5605600,297.778,3.0
0,3,3,0,3,6,False,2802800,272.5814,3.0
0,3,3,0,2,7,False,800800,233.6412,4.0
0,3,3,0,1,8,False,100100,180.9574,5.0
0,3,2,10,0,0,False,30030,211.44000000000003,3.5
0,3,2,9,1,0,False,300300,220.9548,3.68421052631579
0,3,2,8,2,0,False,1351350,228.35520000000002,3.333333333333333
0,3,2,8,1,1,False,1351350,220.74336000000008,3.888888888888889
0,3,2,7,3,0,False,3603600,233.64120000000003,3.529411764705882
0,3,2,7,2,1,False,7207200,237.23568000000006,3.529411764705882
0,3,2,7,1,2,False,3603600,219.26328000000007,3.529411764705882
0,3,2,6,4,0,False,6306300,236.81280000000004,3.125
0,3,2,6,3,1,False,18918900,250.34496000000001,3.125
0,3,2,6,2,2,False,18918900,243.57888,3.125
0,3,2,6,1,3,False,6306300,216.51456000000005,3.75
0,3,2,5,5,0,False,7567560,237.87000000000006,3.3333333333333335
0,3,2,5,4,1,False,30270240,260.07120000000003,3.3333333333333335
0,3,2,5,3,2,False,45405360,263.24280000000005,3.3333333333333335
0,3,2,5,2,3,False,30270240,247.38480000000004,3.3333333333333335
0,3,2,5,1,4,False,7567560,212.49720000000002,4.0
0,3,2,4,6,0,False,6306300,222.01200000000006,3.5714285714285716
0,3,2,4,5,1,False,31531500,266.4144,2.857142857142857
0,3,2,4,4,2,False,63063000,278.25504,2.857142857142857
0,3,2,4,3,3,False,63063000,272.33472,2.857142857142857
0,3,2,4,2,4,False,31531500,248.65344000000002,3.5714285714285716
0,3,2,4,1,5,False,6306300,207.2112,3.5714285714285716
0,3,2,3,7,0,False,3603600,206.15400000000005,3.846153846153846
0,3,2,3,6,1,False,21621600,247.38480000000004,3.0769230769230766
0,3,2,3,5,2,False,54054000,288.6156000000001,3.0769230769230766
0,3,2,3,4,3,False,72072000,291.36432,3.0769230769230766
0,3,2,3,3,4,False,54054000,277.6207200000001,3.0769230769230766
0,3,2,3,2,5,False,21621600,247.38480000000004,3.0769230769230766
0,3,2,3,1,6,False,3603600,200.65656,3.846153846153846
0,3,2,2,8,0,False,1351350,190.29600000000005,4.166666666666667
0,3,2,2,7,1,False,9459450,228.35520000000002,3.3333333333333335
0,3,2,2,6,2,False,28378350,266.41440000000006,3.3333333333333335
0,3,2,2,5,3,False,47297250,304.47360000000003,2.5
0,3,2,2,4,4,False,47297250,299.39904000000007,2.5
0,3,2,2,3,5,False,28378350,279.10080000000005,3.3333333333333335
0,3,2,2,2,6,False,9459450,243.57888,3.3333333333333335
0,3,2,2,1,7,False,1351350,192.83328000000003,4.166666666666667
0,3,2,1,9,0,False,300300,174.43800000000005,4.545454545454545
0,3,2,1,8,1,False,2402400,209.32560000000004,3.6363636363636362
0,3,2,1,7,2,False,8408400,244.21320000000009,3.6363636363636362
0,3,2,1,6,3,False,16816800,279.10080000000005,2.727272727272727
0,3,2,1,5,4,False,21021000,313.9884000000001,2.727272727272727
0,3,2,1,4,5,False,16816800,302.35920000000004,2.727272727272727
0,3,2,1,3,6,False,8408400,276.77496,2.727272727272727
0,3,2,1,2,7,False,2402400,237.23568000000006,3.6363636363636362
0,3,2,1,1,8,False,300300,183.74136000000004,4.545454545454545
0,3,2,0,10,0,False,30030,158.58000000000004,5.0
0,3,2,0,9,1,False,270270,190.29600000000002,4.0
0,3,2,0,8,2,False,1081080,222.01200000000006,4.0
0,3,2,0,7,3,False,2522520,253.72800000000004,3.0
0,3,2,0,6,4,False,3783780,285.4440000000001,3.0
0,3,2,0,5,5,False,3783780,317.1600000000001,3.0
0,3,2,0,4,6,False,2522520,300.2448,3.0
0,3,2,0,3,7,False,1081080,270.6432000000001,3.0
0,3,2,0,2,8,False,270270,228.35520000000002,4.0
0,3,2,0,1,9,False,30030,173.38080000000002,5.0
0,3,1,11,0,0,False,5460,203.51100000000002,3.8095238095238093
0,3,1,10,1,0,False,60060,213.20200000000006,3.5
0,3,1,9,2,0,False,300300,220.9548,3.68421052631579
0,3,1,9,1,1,False,300300,213.58964000000003,3.68421052631579
0,3,1,8,3,0,False,900900,226.76940000000005,3.333333333333333
0,3,1,8,2,1,False,1801800,230.25816,3.333333333333333
0,3,1,8,1,2,False,900900,212.81436,3.888888888888889
0,3,1,7,4,0,False,1801800,230.64580000000004,3.529411764705882
0,3,1,7,3,1,False,5405400,243.82556000000005,3.529411764705882
0,3,1,7,2,2,False,5405400,237.23568000000003,3.529411764705882
0,3,1,7,1,3,False,1801800,210.87616000000003,3.529411764705882
0,3,1,6,5,0,False,2522520,232.58400000000003,3.75
0,3,1,6,4,1,False,10090080,254.29184000000006,3.125
0,3,1,6,3,2,False,15135120,257.3929600000001,3.125
0,3,1,6,2,3,False,10090080,241.88736000000006,3.125
0,3,1,6,1,4,False,2522520,207.77504000000005,3.75
0,3,1,5,6,0,False,2522520,218.0475,4.0
0,3,1,5,5,1,False,12612600,261.65700000000004,3.3333333333333335
0,3,1,5,4,2,False,25225200,273.2862,3.3333333333333335
0,3,1,5,3,3,False,25225200,267.4716000000001,3.3333333333333335
0,3,1,5,2,4,False,12612600,244.21320000000003,3.3333333333333335
0,3,1,5,1,5,False,2522520,203.51100000000002,4.0
0,3,1,4,7,0,False,1801800,203.511,4.285714285714286
0,3,1,4,6,1,False,10810800,244.2132,3.5714285714285716
0,3,1,4,5,2,False,27027000,284.91540000000003,2.857142857142857
0,3,1,4,4,3,False,36036000,287.62888,2.857142857142857
0,3,1,4,3,4,False,27027000,274.0614800000001,2.857142857142857
0,3,1,4,2,5,False,10810800,244.2132,3.5714285714285716
0,3,1,4,1,6,False,1801800,198.08404,4.285714285714286
0,3,1,3,8,0,False,900900,188.9745,4.615384615384615
0,3,1,3,7,1,False,6306300,226.76940000000002,3.846153846153846
0,3,1,3,6,2,False,18918900,264.56430000000006,3.0769230769230766
0,3,1,3,5,3,False,31531500,302.35920000000004,3.0769230769230766
0,3,1,3,4,4,False,31531500,297.3198800000001,3.0769230769230766
0,3,1,3,3,5,False,18918900,277.16260000000005,3.0769230769230766
0,3,1,3,2,6,False,6306300,241.88736000000003,3.0769230769230766
0,3,1,3,1,7,False,900900,191.49416000000005,4.615384615384615
0,3,1,2,9,0,False,300300,174.43800000000002,5.0
0,3,1,2,8,1,False,2402400,209.3256,4.166666666666667
0,3,1,2,7,2,False,8408400,244.21320000000003,3.3333333333333335
0,3,1,2,6,3,False,16816800,279.10080000000005,3.3333333333333335
0,3,1,2,5,4,False,21021000,313.9884,2.5
0,3,1,2,4,5,False,16816800,302.35920000000004,2.5
0,3,1,2,3,6,False,8408400,276.77496,3.3333333333333335
0,3,1,2,2,7,False,2402400,237.23568000000003,3.3333333333333335
0,3,1,2,1,8,False,300300,183.74136000000001,4.166666666666667
0,3,1,1,10,0,False,60060,159.90150000000003,5.454545454545454
0,3,1,1,9,1,False,540540,191.88180000000003,4.545454545454545
0,3,1,1,8,2,False,2162160,223.86210000000005,3.6363636363636362
0,3,1,1,7,3,False,5045040,255.84240000000005,3.6363636363636362
0,3,1,1,6,4,False,7567560,287.82270000000005,2.727272727272727
0,3,1,1,5,5,False,7567560,319.80300000000005,2.727272727272727
0,3,1,1,4,6,False,5045040,302.74684,2.727272727272727
0,3,1,1,3,7,False,2162160,272.8985600000001,2.727272727272727
0,3,1,1,2,8,False,540540,230.25816000000006,3.6363636363636362
0,3,1,1,1,9,False,60060,174.82564000000002,4.545454545454545
0,3,1,0,11,0,False,5460,145.365,6.0
0,3,1,0,10,1,False,54600,174.43800000000002,5.0
0,3,1,0,9,2,False,245700,203.51100000000002,4.0
0,3,1,0,8,3,False,655200,232.58400000000003,4.0
0,3,1,0,7,4,False,1146600,261.65700000000004,3.0
0,3,1,0,6,5,False,1375920,290.73,3.0
0,3,1,0,5,6,False,1146600,319.803,3.0
0,3,1,0,4,7,False,655200,298.4828,3.0
0,3,1,0,3,8,False,245700,265.53340000000003,3.0
0,3,1,0,2,9,False,54600,220.95479999999998,4.0
0,3,1,0,1,10,False,5460,164.74700000000004,5.0
0,3,0,12,0,0,False,455,193.82000000000002,4.090909090909091
0,3,0,11,1,0,False,5460,203.51100000000002,3.8095238095238093
0,3,0,10,2,0,False,30030,211.44000000000003,3.5
0,3,0,10,1,1,False,30030,204.39200000000005,4.0
0,3,0,9,3,0,False,100100,217.607,3.68421052631579
0,3,0,9,2,1,False,200200,220.9548,3.68421052631579
0,3,0,9,1,2,False,100100,204.2158,3.68421052631579
0,3,0,8,4,0,False,225225,222.01199999999997,3.333333333333333
0,3,0,8,3,1,False,675675,234.69840000000002,3.333333333333333
0,3,0,8,2,2,False,675675,228.3552,3.333333333333333
0,3,0,8,1,3,False,225225,202.98240000000004,3.888888888888889
0,3,0,7,5,0,False,360360,224.65500000000003,3.529411764705882
0,3,0,7,4,1,False,1441440,245.62280000000004,3.529411764705882
0,3,0,7,3,2,False,2162160,248.61820000000003,3.529411764705882
0,3,0,7,2,3,False,1441440,233.64120000000003,3.529411764705882
0,3,0,7,1,4,False,360360,200.69180000000003,4.117647058823529
0,3,0,6,6,0,False,420420,211.44000000000003,3.75
0,3,0,6,5,1,False,2102100,253.72800000000004,3.125
0,3,0,6,4,2,False,4204200,265.0048000000001,3.125
0,3,0,6,3,3,False,4204200,259.36640000000006,3.125
0,3,0,6,2,4,False,2102100,236.81280000000004,3.125
0,3,0,6,1,5,False,420420,197.344,3.75
0,3,0,5,7,0,False,360360,198.22500000000002,4.0
0,3,0,5,6,1,False,2162160,237.87,3.3333333333333335
0,3,0,5,5,2,False,5405400,277.51500000000004,2.6666666666666665
0,3,0,5,4,3,False,7207200,280.158,2.6666666666666665
0,3,0,5,3,4,False,5405400,266.9430000000001,3.3333333333333335
0,3,0,5,2,5,False,2162160,237.87,3.3333333333333335
0,3,0,5,1,6,False,360360,192.93900000000002,4.0
0,3,0,4,8,0,False,225225,185.01,4.285714285714286
0,3,0,4,7,1,False,1576575,222.012,3.5714285714285716
0,3,0,4,6,2,False,4729725,259.014,2.857142857142857
0,3,0,4,5,3,False,7882875,296.016,2.857142857142857
0,3,0,4,4,4,False,7882875,291.08240000000006,2.857142857142857
0,3,0,4,3,5,False,4729725,271.348,2.857142857142857
0,3,0,4,2,6,False,1576575,236.8128,3.5714285714285716
0,3,0,4,1,7,False,225225,187.4768,4.285714285714286
0,3,0,3,9,0,False,100100,171.79500000000002,4.615384615384615
0,3,0,3,8,1,False,800800,206.15400000000002,3.846153846153846
0,3,0,3,7,2,False,2802800,240.51300000000003,3.0769230769230766
0,3,0,3,6,3,False,5605600,274.87200000000007,3.0769230769230766
0,3,0,3,5,4,False,7007000,309.23100000000005,3.0769230769230766
0,3,0,3,4,5,False,5605600,297.778,3.0769230769230766
0,3,0,3,3,6,False,2802800,272.58140000000003,3.0769230769230766
0,3,0,3,2,7,False,800800,233.64120000000003,3.846153846153846
0,3,0,3,1,8,False,100100,180.9574,4.615384615384615
0,3,0,2,10,0,False,30030,158.58,5.0
0,3,0,2,9,1,False,270270,190.29600000000002,4.166666666666667
0,3,0,2,8,2,False,1081080,222.01200000000003,3.3333333333333335
0,3,0,2,7,3,False,2522520,253.728,3.3333333333333335
0,3,0,2,6,4,False,3783780,285.444,3.3333333333333335
0,3,0,2,5,5,False,3783780,317.16,2.5
0,3,0,2,4,6,False,2522520,300.2448,2.5
0,3,0,2,3,7,False,1081080,270.64320000000004,3.3333333333333335
0,3,0,2,2,8,False,270270,228.35520000000002,3.3333333333333335
0,3,0,2,1,9,False,30030,173.3808,5.0
0,3,0,1,11,0,False,5460,145.365,5.454545454545454
0,3,0,1,10,1,False,54600,174.43800000000002,4.545454545454545
0,3,0,1,9,2,False,245700,203.51100000000002,3.6363636363636362
0,3,0,1,8,3,False,655200,232.58400000000006,3.6363636363636362
0,3,0,1,7,4,False,1146600,261.65700000000004,3.6363636363636362
0,3,0,1,6,5,False,1375920,290.73,2.727272727272727
0,3,0,1,5,6,False,1146600,319.803,2.727272727272727
0,3,0,1,4,7,False,655200,298.48280000000005,2.727272727272727
0,3,0,1,3,8,False,245700,265.53340000000003,3.6363636363636362
0,3,0,1,2,9,False,54600,220.9548,3.6363636363636362
0,3,0,1,1,10,False,5460,164.747,4.545454545454545
0,3,0,0,12,0,False,455,132.15,6.0
0,3,0,0,11,1,False,5005,158.58,5.0
0,3,0,0,10,2,False,25025,185.01000000000002,4.0
0,3,0,0,9,3,False,75075,211.44000000000003,4.0
0,3,0,0,8,4,False,150150,237.87000000000003,4.0
0,3,0,0,7,5,False,210210,264.3,3.0
0,3,0,0,6,6,False,210210,290.72999999999996,3.0
0,3,0,0,5,7,False,150150,317.16,3.0
0,3,0,0,4,8,False,75075,292.492,3.0
0,3,0,0,3,9,False,25025,257.252,3.0
0,3,0,0,2,10,False,5005,211.44000000000003,4.0
0,3,0,0,1,11,False,455,155.056,5.0
0,2,13,0,0,0,False,105,196.42,4.0
0,2,12,1,0,0,False,1365,206.66800000000003,3.6363636363636362
0,2,12,0,1,0,False,1365,206.66800000000003,4.0
0,2,11,2,0,0,False,8190,215.20800000000003,4.166666666666667
0,2,11,1,1,0,False,16380,217.00140000000005,3.6363636363636362
0,2,11,0,2,0,False,8190,215.208,4.0
0,2,11,0,1,1,False,8190,208.03440000000006,4.0
0,2,10,3,0,0,False,30030,222.04000000000002,3.846153846153846
0,2,10,2,1,0,False,90090,225.45600000000002,3.3333333333333335
0,2,10,1,2,0,False,90090,225.45600000000002,3.6363636363636362
0,2,10,1,1,1,False,90090,217.94080000000005,3.6363636363636362
0,2,10,0,3,0,False,30030,222.04000000000002,4.0
0,2,10,0,2,1,False,60060,225.45600000000002,4.0
0,2,10,0,1,2,False,30030,208.37599999999998,4.0
0,2,9,4,0,0,False,75075,227.16399999999996,3.5714285714285716
0,2,9,3,1,0,False,300300,232.03180000000003,3.846153846153846
0,2,9,2,2,0,False,450450,233.65439999999998,3.3333333333333335
0,2,9,2,1,1,False,450450,225.86592000000002,3.3333333333333335
0,2,9,1,3,0,False,300300,232.03180000000003,3.6363636363636362
0,2,9,1,2,1,False,600600,235.60152000000002,3.6363636363636362
0,2,9,1,1,2,False,300300,217.75292000000002,3.6363636363636362
0,2,9,0,4,0,False,75075,227.164,4.0
0,2,9,0,3,1,False,225225,240.1448,4.0
0,2,9,0,2,2,False,225225,233.6544,4.0
0,2,9,0,1,3,False,75075,207.6928,4.0
0,2,8,5,0,0,False,135135,230.58000000000004,3.3333333333333335
0,2,8,4,1,0,False,675675,236.72880000000004,3.5714285714285716
0,2,8,3,2,0,False,1351350,239.8032,3.0769230769230766
0,2,8,3,1,1,False,1351350,231.80976000000004,3.846153846153846
0,2,8,2,3,0,False,1351350,239.8032,3.3333333333333335
0,2,8,2,2,1,False,2702700,243.49248000000003,3.3333333333333335
0,2,8,2,1,2,False,1351350,225.04608000000002,3.3333333333333335
0,2,8,1,4,0,False,675675,236.7288,3.6363636363636362
0,2,8,1,3,1,False,2027025,250.25616000000005,3.6363636363636362
0,2,8,1,2,2,False,2027025,243.49248,3.6363636363636362
0,2,8,1,1,3,False,675675,216.43776000000005,3.6363636363636362
0,2,8,0,5,0,False,135135,230.58000000000004,4.0
0,2,8,0,4,1,False,540540,252.10080000000005,3.0
0,2,8,0,3,2,False,810810,255.17520000000005,3.0
0,2,8,0,2,3,False,540540,239.80320000000003,4.0
0,2,8,0,1,4,False,135135,205.98480000000006,4.0
0,2,7,6,0,0,False,180180,232.28800000000007,3.75
0,2,7,5,1,0,False,1081080,239.54700000000005,3.3333333333333335
0,2,7,4,2,0,False,2702700,243.9024,3.5714285714285716
0,2,7,4,1,1,False,2702700,235.77232000000004,3.5714285714285716
0,2,7,3,3,0,False,3603600,245.35420000000005,3.0769230769230766
0,2,7,3,2,1,False,7207200,249.12888000000007,3.0769230769230766
0,2,7,3,1,2,False,3603600,230.25548000000003,3.846153846153846
0,2,7,2,4,0,False,2702700,243.90240000000003,3.3333333333333335
0,2,7,2,3,1,False,8108100,257.83968000000004,3.3333333333333335
0,2,7,2,2,2,False,8108100,250.87104000000002,3.3333333333333335
0,2,7,2,1,3,False,2702700,222.99648000000005,3.3333333333333335
0,2,7,1,5,0,False,1081080,239.54700000000005,3.6363636363636362
0,2,7,1,4,1,False,4324320,261.9047200000001,3.6363636363636362
0,2,7,1,3,2,False,6486480,265.09868000000006,3.6363636363636362
0,2,7,1,2,3,False,4324320,249.12888000000007,3.6363636363636362
0,2,7,1,1,4,False,1081080,213.99532000000005,3.6363636363636362
0,2,7,0,6,0,False,180180,217.77000000000004,4.0
0,2,7,0,5,1,False,900900,261.324,3.0
0,2,7,0,4,2,False,1801800,272.93840000000006,3.0
0,2,7,0,3,3,False,1801800,267.13120000000004,3.0
0,2,7,0,2,4,False,900900,243.90240000000006,4.0
0,2,7,0,1,5,False,180180,203.25200000000004,4.0
0,2,6,7,0,0,False,180180,232.28800000000004,3.529411764705882
0,2,6,6,1,0,False,1261260,240.48640000000006,3.125
0,2,6,5,2,0,False,3783780,245.95200000000003,3.3333333333333335
0,2,6,5,1,1,False,3783780,237.75360000000006,3.3333333333333335
0,2,6,4,3,0,False,6306300,248.68480000000002,3.5714285714285716
0,2,6,4,2,1,False,12612600,252.51072000000002,3.5714285714285716
0,2,6,4,1,2,False,6306300,233.38112,3.5714285714285716
0,2,6,3,4,0,False,6306300,248.68480000000002,3.0769230769230766
0,2,6,3,3,1,False,18918900,262.89536000000004,3.0769230769230766
0,2,6,3,2,2,False,18918900,255.79008000000002,3.0769230769230766
0,2,6,3,1,3,False,6306300,227.36896000000004,3.846153846153846
0,2,6,2,5,0,False,3783780,245.95200000000003,3.3333333333333335
0,2,6,2,4,1,False,15135120,268.90752000000003,3.3333333333333335
0,2,6,2,3,2,False,22702680,272.18688000000003,3.3333333333333335
0,2,6,2,2,3,False,15135120,255.79008000000002,3.3333333333333335
0,2,6,2,1,4,False,3783780,219.71712000000005,4.166666666666667
0,2,6,1,6,0,False,1261260,225.45600000000005,3.6363636363636362
0,2,6,1,5,1,False,6306300,270.5472000000001,2.727272727272727
0,2,6,1,4,2,False,12612600,282.5715200000001,2.727272727272727
0,2,6,1,3,3,False,12612600,276.5593600000001,2.727272727272727
0,2,6,1,2,4,False,6306300,252.5107200000001,3.6363636363636362
0,2,6,1,1,5,False,1261260,210.42560000000003,3.6363636363636362
0,2,6,0,7,0,False,180180,204.96000000000004,4.0
0,2,6,0,6,1,False,1081080,245.95200000000006,3.0
0,2,6,0,5,2,False,2702700,286.9440000000001,3.0
0,2,6,0,4,3,False,3603600,289.67680000000007,3.0
0,2,6,0,3,4,False,2702700,276.0128000000001,3.0
0,2,6,0,2,5,False,1081080,245.95200000000006,3.0
0,2,6,0,1,6,False,180180,199.49440000000004,4.0
0,2,5,8,0,0,False,135135,230.57999999999998,3.333333333333333
0,2,5,7,1,0,False,1081080,239.54700000000005,3.529411764705882
0,2,5,6,2,0,False,3783780,245.95200000000006,3.125
0,2,5,6,1,1,False,3783780,237.75360000000006,3.125
0,2,5,5,3,0,False,7567560,249.79500000000002,3.3333333333333335
0,2,5,5,2,1,False,15135120,253.63800000000003,3.3333333333333335
0,2,5,5,1,2,False,7567560,234.423,3.3333333333333335
0,2,5,4,4,0,False,9459450,251.076,3.5714285714285716
0,2,5,4,3,1,False,28378350,265.42319999999995,2.857142857142857
0,2,5,4,2,2,False,28378350,258.2496,2.857142857142857
0,2,5,4,1,3,False,9459450,229.5552,3.5714285714285716
0,2,5,3,5,0,False,7567560,249.79500000000002,3.0769230769230766
0,2,5,3,4,1,False,30270240,273.10920000000004,3.0769230769230766
0,2,5,3,3,2,False,45405360,276.43980000000005,3.0769230769230766
0,2,5,3,2,3,False,30270240,259.7868,3.0769230769230766
0,2,5,3,1,4,False,7567560,223.15020000000004,3.846153846153846
0,2,5,2,6,0,False,3783780,230.57999999999998,3.3333333333333335
0,2,5,2,5,1,False,18918900,276.696,3.3333333333333335
0,2,5,2,4,2,False,37837800,288.9936,3.3333333333333335
0,2,5,2,3,3,False,37837800,282.8448,3.3333333333333335
0,2,5,2,2,4,False,18918900,258.24960000000004,3.3333333333333335
0,2,5,2,1,5,False,3783780,215.208,4.166666666666667
0,2,5,1,7,0,False,1081080,211.36500000000004,3.6363636363636362
0,2,5,1,6,1,False,6486480,253.63800000000006,3.6363636363636362
0,2,5,1,5,2,False,16216200,295.911,2.727272727272727
0,2,5,1,4,3,False,21621600,298.7292000000001,2.727272727272727
0,2,5,1,3,4,False,16216200,284.63820000000015,2.727272727272727
0,2,5,1,2,5,False,6486480,253.63800000000006,3.6363636363636362
0,2,5,1,1,6,False,1081080,205.72860000000003,3.6363636363636362
0,2,5,0,8,0,False,135135,192.15,4.0
0,2,5,0,7,1,False,945945,230.58000000000004,4.0
0,2,5,0,6,2,False,2837835,269.01,3.0
0,2,5,0,5,3,False,4729725,307.44000000000005,3.0
0,2,5,0,4,4,False,4729725,302.31600000000003,3.0
0,2,5,0,3,5,False,2837835,281.82000000000005,3.0
0,2,5,0,2,6,False,945945,245.952,3.0
0,2,5,0,1,7,False,135135,194.71200000000002,4.0
0,2,4,9,0,0,False,75075,227.164,3.68421052631579
0,2,4,8,1,0,False,675675,236.72880000000004,3.333333333333333
0,2,4,7,2,0,False,2702700,243.9024,3.529411764705882
0,2,4,7,1,1,False,2702700,235.77232000000004,3.529411764705882
0,2,4,6,3,0,False,6306300,248.6848,3.125
0,2,4,6,2,1,False,12612600,252.51072000000005,3.125
0,2,4,6,1,2,False,6306300,233.38111999999998,3.75
0,2,4,5,4,0,False,9459450,251.07599999999996,3.3333333333333335
0,2,4,5,3,1,False,28378350,265.4232,3.3333333333333335
0,2,4,5,2,2,False,28378350,258.2496,3.3333333333333335
0,2,4,5,1,3,False,9459450,229.5552,3.3333333333333335
0,2,4,4,5,0,False,9459450,251.076,3.5714285714285716
0,2,4,4,4,1,False,37837800,274.50976,2.857142857142857
0,2,4,4,3,2,False,56756700,277.85744,2.857142857142857
0,2,4,4,2,3,False,37837800,261.11904,2.857142857142857
0,2,4,4,1,4,False,9459450,224.29456000000002,3.5714285714285716
0,2,4,3,6,0,False,6306300,233.14200000000002,3.846153846153846
0,2,4,3,5,1,False,31531500,279.7704,3.0769230769230766
0,2,4,3,4,2,False,63063000,292.20464000000004,3.0769230769230766
0,2,4,3,3,3,False,63063000,285.98752,3.0769230769230766
0,2,4,3,2,4,False,31531500,261.11904000000004,3.0769230769230766
0,2,4,3,1,5,False,6306300,217.5992,3.846153846153846
0,2,4,2,7,0,False,2702700,215.208,4.166666666666667
0,2,4,2,6,1,False,16216200,258.2496,3.3333333333333335
0,2,4,2,5,2,False,40540500,301.2912,2.5
0,2,4,2,4,3,False,54054000,304.16064,2.5
0,2,4,2,3,4,False,40540500,289.81344000000007,3.3333333333333335
0,2,4,2,2,5,False,16216200,258.2496,3.3333333333333335
0,2,4,2,1,6,False,2702700,209.46911999999998,4.166666666666667
0,2,4,1,8,0,False,675675,197.27400000000003,4.545454545454545
0,2,4,1,7,1,False,4729725,236.7288,3.6363636363636362
0,2,4,1,6,2,False,14189175,276.1836,2.727272727272727
0,2,4,1,5,3,False,23648625,315.6384,2.727272727272727
0,2,4,1,4,4,False,23648625,310.37776,2.727272727272727
0,2,4,1,3,5,False,14189175,289.33520000000004,2.727272727272727
0,2,4,1,2,6,False,4729725,252.51072,3.6363636363636362
0,2,4,1,1,7,False,675675,199.90432,4.545454545454545
0,2,4,0,9,0,False,75075,179.34,5.0
0,2,4,0,8,1,False,600600,215.208,4.0
0,2,4,0,7,2,False,2102100,251.076,3.0
0,2,4,0,6,3,False,4204200,286.94399999999996,3.0
0,2,4,0,5,4,False,5255250,322.812,3.0
0,2,4,0,4,5,False,4204200,310.856,3.0
0,2,4,0,3,6,False,2102100,284.5528,3.0
0,2,4,0,2,7,False,600600,243.9024,4.0
0,2,4,0,1,8,False,75075,188.90480000000002,4.0
0,2,3,10,0,0,False,30030,222.04000000000002,3.5
0,2,3,9,1,0,False,300300,232.03180000000003,3.68421052631579
0,2,3,8,2,0,False,1351350,239.80320000000003,3.333333333333333
0,2,3,8,1,1,False,1351350,231.80976000000004,3.333333333333333
0,2,3,7,3,0,False,3603600,245.35420000000008,3.529411764705882
0,2,3,7,2,1,False,7207200,249.1288800000001,3.529411764705882
0,2,3,7,1,2,False,3603600,230.25548000000003,3.529411764705882
0,2,3,6,4,0,False,6306300,248.6848,3.125
0,2,3,6,3,1,False,18918900,262.89536000000004,3.125
0,2,3,6,2,2,False,18918900,255.79008000000005,3.125
0,2,3,6,1,3,False,6306300,227.36896000000002,3.75
0,2,3,5,5,0,False,7567560,249.79500000000004,3.3333333333333335
0,2,3,5,4,1,False,30270240,273.10920000000004,3.3333333333333335
0,2,3,5,3,2,False,45405360,276.43980000000005,3.3333333333333335
0,2,3,5,2,3,False,30270240,259.7868,3.3333333333333335
0,2,3,5,1,4,False,7567560,223.15020000000004,3.3333333333333335
0,2,3,4,6,0,False,6306300,233.14200000000002,3.5714285714285716
0,2,3,4,5,1,False,31531500,279.7704,2.857142857142857
0,2,3,4,4,2,False,63063000,292.20464000000004,2.857142857142857
0,2,3,4,3,3,False,63063000,285.98752,2.857142857142857
0,2,3,4,2,4,False,31531500,261.11904000000004,2.857142857142857
0,2,3,4,1,5,False,6306300,217.5992,3.5714285714285716
0,2,3,3,7,0,False,3603600,216.48900000000003,3.846153846153846
0,2,3,3,6,1,False,21621600,259.7868,3.0769230769230766
0,2,3,3,5,2,False,54054000,303.0846,3.0769230769230766
0,2,3,3,4,3,False,72072000,305.97112000000004,3.0769230769230766
0,2,3,3,3,4,False,54054000,291.5385200000001,3.0769230769230766
0,2,3,3,2,5,False,21621600,259.7868,3.0769230769230766
0,2,3,3,1,6,False,3603600,210.71596000000002,3.846153846153846
0,2,3,2,8,0,False,1351350,199.83600000000004,4.166666666666667
0,2,3,2,7,1,False,9459450,239.8032,3.3333333333333335
0,2,3,2,6,2,False,28378350,279.7704,3.3333333333333335
0,2,3,2,5,3,False,47297250,319.73760000000004,2.5
0,2,3,2,4,4,False,47297250,314.40864000000005,2.5
0,2,3,2,3,5,False,28378350,293.09280000000007,3.3333333333333335
0,2,3,2,2,6,False,9459450,255.79008,3.3333333333333335
0,2,3,2,1,7,False,1351350,202.50048,4.166666666666667
0,2,3,1,9,0,False,300300,183.18300000000005,4.545454545454545
0,2,3,1,8,1,False,2402400,219.81960000000004,3.6363636363636362
0,2,3,1,7,2,False,8408400,256.4562,3.6363636363636362
0,2,3,1,6,3,False,16816800,293.09280000000007,2.727272727272727
0,2,3,1,5,4,False,21021000,329.7294000000001,2.727272727272727
0,2,3,1,4,5,False,16816800,317.51720000000006,2.727272727272727
0,2,3,1,3,6,False,8408400,290.65036000000003,2.727272727272727
0,2,3,1,2,7,False,2402400,249.12888000000004,3.6363636363636362
0,2,3,1,1,8,False,300300,192.95276000000004,4.545454545454545
0,2,3,0,10,0,False,30030,166.53000000000003,5.0
0,2,3,0,9,1,False,270270,199.836,4.0
0,2,3,0,8,2,False,1081080,233.14200000000002,4.0
0,2,3,0,7,3,False,2522520,266.44800000000004,3.0
0,2,3,0,6,4,False,3783780,299.7540000000001,3.0
0,2,3,0,5,5,False,3783780,333.06000000000006,3.0
0,2,3,0,4,6,False,2522520,315.2968,3.0
0,2,3,0,3,7,False,1081080,284.2112000000001,3.0
0,2,3,0,2,8,False,270270,239.80320000000003,4.0
0,2,3,0,1,9,False,30030,182.07280000000003,5.0
0,2,2,11,0,0,False,8190,215.20800000000003,3.8095238095238093
0,2,2,10,1,0,False,90090,225.45600000000002,3.5
0,2,2,9,2,0,False,450450,233.65439999999998,3.1578947368421053
0,2,2,9,1,1,False,450450,225.86592,3.68421052631579
0,2,2,8,3,0,False,1351350,239.80320000000003,3.333333333333333
0,2,2,8,2,1,False,2702700,243.49248000000003,3.333333333333333
0,2,2,8,1,2,False,1351350,225.04608,3.333333333333333
0,2,2,7,4,0,False,2702700,243.9024,3.529411764705882
0,2,2,7,3,1,False,8108100,257.83968000000004,2.941176470588235
0,2,2,7,2,2,False,8108100,250.87104000000002,2.941176470588235
0,2,2,7,1,3,False,2702700,222.99648000000002,3.529411764705882
0,2,2,6,5,0,False,3783780,245.952,3.125
0,2,2,6,4,1,False,15135120,268.90752000000003,3.125
0,2,2,6,3,2,False,22702680,272.18688000000003,3.125
0,2,2,6,2,3,False,15135120,255.79008,3.125
0,2,2,6,1,4,False,3783780,219.71712000000002,3.75
0,2,2,5,6,0,False,3783780,230.57999999999998,3.3333333333333335
0,2,2,5,5,1,False,18918900,276.696,2.6666666666666665
0,2,2,5,4,2,False,37837800,288.9936,2.6666666666666665
0,2,2,5,3,3,False,37837800,282.8448,2.6666666666666665
0,2,2,5,2,4,False,18918900,258.2496,3.3333333333333335
0,2,2,5,1,5,False,3783780,215.20799999999997,4.0
0,2,2,4,7,0,False,2702700,215.208,3.5714285714285716
0,2,2,4,6,1,False,16216200,258.2496,2.857142857142857
0,2,2,4,5,2,False,40540500,301.2912,2.857142857142857
0,2,2,4,4,3,False,54054000,304.16064,2.857142857142857
0,2,2,4,3,4,False,40540500,289.81344000000007,2.857142857142857
0,2,2,4,2,5,False,16216200,258.2496,2.857142857142857
0,2,2,4,1,6,False,2702700,209.46912,3.5714285714285716
0,2,2,3,8,0,False,1351350,199.836,3.846153846153846
0,2,2,3,7,1,False,9459450,239.8032,3.0769230769230766
0,2,2,3,6,2,False,28378350,279.7704,3.0769230769230766
0,2,2,3,5,3,False,47297250,319.7376,2.3076923076923075
0,2,2,3,4,4,False,47297250,314.40864000000005,3.0769230769230766
0,2,2,3,3,5,False,28378350,293.0928,3.0769230769230766
0,2,2,3,2,6,False,9459450,255.79008,3.0769230769230766
0,2,2,3,1,7,False,1351350,202.50048,3.846153846153846
0,2,2,2,9,0,False,450450,184.464,4.166666666666667
0,2,2,2,8,1,False,3603600,221.3568,3.3333333333333335
0,2,2,2,7,2,False,12612600,258.2496,3.3333333333333335
0,2,2,2,6,3,False,25225200,295.1424,2.5
0,2,2,2,5,4,False,31531500,332.03520000000003,2.5
0,2,2,2,4,5,False,25225200,319.73760000000004,2.5
0,2,2,2,3,6,False,12612600,292.68288,3.3333333333333335
0,2,2,2,2,7,False,3603600,250.87104000000002,3.3333333333333335
0,2,2,2,1,8,False,450450,194.30208000000002,4.166666666666667
0,2,2,1,10,0,False,90090,169.092,4.545454545454545
0,2,2,1,9,1,False,810810,202.9104,3.6363636363636362
0,2,2,1,8,2,False,3243240,236.7288,3.6363636363636362
0,2,2,1,7,3,False,7567560,270.54720000000003,2.727272727272727
0,2,2,1,6,4,False,11351340,304.36560000000003,2.727272727272727
0,2,2,1,5,5,False,11351340,338.184,2.727272727272727
0,2,2,1,4,6,False,7567560,320.14752000000004,2.727272727272727
0,2,2,1,3,7,False,3243240,288.5836800000001,2.727272727272727
0,2,2,1,2,8,False,810810,243.49248000000003,3.6363636363636362
0,2,2,1,1,9,False,90090,184.87392,4.545454545454545
0,2,2,0,11,0,False,8190,153.72,5.0
0,2,2,0,10,1,False,81900,184.464,4.0
0,2,2,0,9,2,False,368550,215.208,4.0
0,2,2,0,8,3,False,982800,245.952,3.0
0,2,2,0,7,4,False,1719900,276.696,3.0
0,2,2,0,6,5,False,2063880,307.44,3.0
0,2,2,0,5,6,False,1719900,338.18399999999997,3.0
0,2,2,0,4,7,False,982800,315.63840000000005,3.0
0,2,2,0,3,8,False,368550,280.7952,3.0
0,2,2,0,2,9,False,81900,233.6544,4.0
0,2,2,0,1,10,False,8190,174.216,5.0
0,2,1,12,0,0,False,1365,206.66800000000003,3.6363636363636362
0,2,1,11,1,0,False,16380,217.00140000000005,3.8095238095238093
0,2,1,10,2,0,False,90090,225.45600000000002,3.5
0,2,1,10,1,1,False,90090,217.94080000000005,3.5
0,2,1,9,3,0,False,300300,232.03180000000003,3.68421052631579
0,2,1,9,2,1,False,600600,235.60152000000005,3.1578947368421053
0,2,1,9,1,2,False,300300,217.75292,3.68421052631579
0,2,1,8,4,0,False,675675,236.72880000000004,3.333333333333333
0,2,1,8,3,1,False,2027025,250.25616000000002,3.333333333333333
0,2,1,8,2,2,False,2027025,243.49248000000003,3.333333333333333
0,2,1,8,1,3,False,675675,216.43776000000005,3.888888888888889
0,2,1,7,5,0,False,1081080,239.54700000000005,3.529411764705882
0,2,1,7,4,1,False,4324320,261.90472000000005,2.941176470588235
0,2,1,7,3,2,False,6486480,265.0986800000001,2.941176470588235
0,2,1,7,2,3,False,4324320,249.1288800000001,3.529411764705882
0,2,1,7,1,4,False,1081080,213.99532000000008,3.529411764705882
0,2,1,6,6,0,False,1261260,225.45600000000005,3.75
0,2,1,6,5,1,False,6306300,270.5472000000001,3.125
0,2,1,6,4,2,False,12612600,282.5715200000001,3.125
0,2,1,6,3,3,False,12612600,276.5593600000001,3.125
0,2,1,6,2,4,False,6306300,252.51072000000005,3.125
0,2,1,6,1,5,False,1261260,210.42560000000003,3.75
0,2,1,5,7,0,False,1081080,211.36500000000004,4.0
0,2,1,5,6,1,False,6486480,253.63800000000006,3.3333333333333335
0,2,1,5,5,2,False,16216200,295.91100000000006,2.6666666666666665
0,2,1,5,4,3,False,21621600,298.72920000000005,2.6666666666666665
0,2,1,5,3,4,False,16216200,284.6382000000001,2.6666666666666665
0,2,1,5,2,5,False,6486480,253.63800000000006,3.3333333333333335
0,2,1,5,1,6,False,1081080,205.72860000000003,4.0
0,2,1,4,8,0,False,675675,197.27400000000003,4.285714285714286
0,2,1,4,7,1,False,4729725,236.72880000000004,3.5714285714285716
0,2,1,4,6,2,False,14189175,276.1836,2.857142857142857
0,2,1,4,5,3,False,23648625,315.6384,2.857142857142857
0,2,1,4,4,4,False,23648625,310.37776,2.857142857142857
0,2,1,4,3,5,False,14189175,289.33520000000004,2.857142857142857
0,2,1,4,2,6,False,4729725,252.51072000000002,3.5714285714285716
0,2,1,4,1,7,False,675675,199.90432,4.285714285714286
0,2,1,3,9,0,False,300300,183.18300000000005,4.615384615384615
0,2,1,3,8,1,False,2402400,219.81960000000007,3.846153846153846
0,2,1,3,7,2,False,8408400,256.4562,3.0769230769230766
0,2,1,3,6,3,False,16816800,293.0928,3.0769230769230766
0,2,1,3,5,4,False,21021000,329.7294000000001,2.3076923076923075
0,2,1,3,4,5,False,16816800,317.51720000000006,3.0769230769230766
0,2,1,3,3,6,False,8408400,290.65036000000003,3.0769230769230766
0,2,1,3,2,7,False,2402400,249.12888000000004,3.0769230769230766
0,2,1,3,1,8,False,300300,192.95276000000004,3.846153846153846
0,2,1,2,10,0,False,90090,169.092,5.0
0,2,1,2,9,1,False,810810,202.91040000000004,4.166666666666667
0,2,1,2,8,2,False,3243240,236.72880000000004,3.3333333333333335
0,2,1,2,7,3,False,7567560,270.54720000000003,3.3333333333333335
0,2,1,2,6,4,False,11351340,304.3656000000001,2.5
0,2,1,2,5,5,False,11351340,338.184,2.5
0,2,1,2,4,6,False,7567560,320.14752,2.5
0,2,1,2,3,7,False,3243240,288.5836800000001,3.3333333333333335
0,2,1,2,2,8,False,810810,243.49248000000003,3.3333333333333335
0,2,1,2,1,9,False,90090,184.87392,4.166666666666667
0,2,1,1,11,0,False,16380,155.00100000000003,5.454545454545454
0,2,1,1,10,1,False,163800,186.00120000000007,4.545454545454545
0,2,1,1,9,2,False,737100,217.00140000000005,3.6363636363636362
0,2,1,1,8,3,False,1965600,248.00160000000005,3.6363636363636362
0,2,1,1,7,4,False,3439800,279.0018000000001,2.727272727272727
0,2,1,1,6,5,False,4127760,310.00200000000007,2.727272727272727
0,2,1,1,5,6,False,3439800,341.0022,2.727272727272727
0,2,1,1,4,7,False,1965600,318.2687200000001,2.727272727272727
0,2,1,1,3,8,False,737100,283.1351600000001,2.727272727272727
0,2,1,1,2,9,False,163800,235.60152000000002,3.6363636363636362
0,2,1,1,1,10,False,16380,175.66780000000006,4.545454545454545
0,2,1,0,12,0,False,1365,140.91000000000003,6.0
0,2,1,0,11,1,False,15015,169.09200000000004,5.0
0,2,1,0,10,2,False,75075,197.27400000000003,4.0
0,2,1,0,9,3,False,225225,225.45600000000002,4.0
0,2,1,0,8,4,False,450450,253.63800000000006,3.0
0,2,1,0,7,5,False,630630,281.82000000000005,3.0
0,2,1,0,6,6,False,630630,310.002,3.0
0,2,1,0,5,7,False,450450,338.1840000000001,3.0
0,2,1,0,4,8,False,225225,311.8808,3.0
0,2,1,0,3,9,False,75075,274.30480000000006,3.0
0,2,1,0,2,10,False,15015,225.45600000000005,4.0
0,2,1,0,1,11,False,1365,165.33440000000004,5.0
0,2,0,13,0,0,False,105,196.42,3.91304347826087
0,2,0,12,1,0,False,1365,206.66800000000003,3.6363636363636362
0,2,0,11,2,0,False,8190,215.20800000000003,3.8095238095238093
0,2,0,11,1,1,False,8190,208.03440000000006,3.8095238095238093
0,2,0,10,3,0,False,30030,222.04000000000002,3.5
0,2,0,10,2,1,False,60060,225.45600000000002,3.5
0,2,0,10,1,2,False,30030,208.37599999999998,4.0
0,2,0,9,4,0,False,75075,227.164,3.68421052631579
0,2,0,9,3,1,False,225225,240.1448,3.1578947368421053
0,2,0,9,2,2,False,225225,233.65439999999998,3.1578947368421053
0,2,0,9,1,3,False,75075,207.6928,3.68421052631579
0,2,0,8,5,0,False,135135,230.57999999999998,3.333333333333333
0,2,0,8,4,1,False,540540,252.10080000000002,3.333333333333333
0,2,0,8,3,2,False,810810,255.17520000000002,3.333333333333333
0,2,0,8,2,3,False,540540,239.80320000000003,3.333333333333333
0,2,0,8,1,4,False,135135,205.98480000000004,3.888888888888889
0,2,0,7,6,0,False,180180,217.77,3.529411764705882
0,2,0,7,5,1,False,900900,261.32400000000007,2.941176470588235
0,2,0,7,4,2,False,1801800,272.93840000000006,2.941176470588235
0,2,0,7,3,3,False,1801800,267.1312000000001,2.941176470588235
0,2,0,7,2,4,False,900900,243.90240000000003,3.529411764705882
0,2,0,7,1,5,False,180180,203.25200000000004,4.117647058823529
0,2,0,6,7,0,False,180180,204.96,3.75
0,2,0,6,6,1,False,1081080,245.95200000000006,3.125
0,2,0,6,5,2,False,2702700,286.9440000000001,3.125
0,2,0,6,4,3,False,3603600,289.6768,3.125
0,2,0,6,3,4,False,2702700,276.0128000000001,3.125
0,2,0,6,2,5,False,1081080,245.95200000000006,3.125
0,2,0,6,1,6,False,180180,199.4944,3.75
0,2,0,5,8,0,False,135135,192.14999999999998,4.0
0,2,0,5,7,1,False,945945,230.58000000000004,3.3333333333333335
0,2,0,5,6,2,False,2837835,269.01000000000005,3.3333333333333335
0,2,0,5,5,3,False,4729725,307.44,2.6666666666666665
0,2,0,5,4,4,False,4729725,302.31600000000003,2.6666666666666665
0,2,0,5,3,5,False,2837835,281.82000000000005,2.6666666666666665
0,2,0,5,2,6,False,945945,245.952,3.3333333333333335
0,2,0,5,1,7,False,135135,194.712,4.0
0,2,0,4,9,0,False,75075,179.33999999999997,4.285714285714286
0,2,0,4,8,1,False,600600,215.20800000000003,3.5714285714285716
0,2,0,4,7,2,False,2102100,251.07600000000002,3.5714285714285716
0,2,0,4,6,3,False,4204200,286.944,2.857142857142857
0,2,0,4,5,4,False,5255250,322.812,2.857142857142857
0,2,0,4,4,5,False,4204200,310.856,2.857142857142857
0,2,0,4,3,6,False,2102100,284.5528,2.857142857142857
0,2,0,4,2,7,False,600600,243.9024,3.5714285714285716
0,2,0,4,1,8,False,75075,188.90480000000002,4.285714285714286
0,2,0,3,10,0,False,30030,166.53,4.615384615384615
0,2,0,3,9,1,False,270270,199.83600000000004,3.846153846153846
0,2,0,3,8,2,False,1081080,233.14200000000005,3.846153846153846
0,2,0,3,7,3,False,2522520,266.44800000000004,3.0769230769230766
0,2,0,3,6,4,False,3783780,299.7540000000001,3.0769230769230766
0,2,0,3,5,5,False,3783780,333.06,2.3076923076923075
0,2,0,3,4,6,False,2522520,315.29679999999996,3.0769230769230766
0,2,0,3,3,7,False,1081080,284.2112,3.0769230769230766
0,2,0,3,2,8,False,270270,239.80320000000003,3.0769230769230766
0,2,0,3,1,9,False,30030,182.07280000000003,4.615384615384615
0,2,0,2,11,0,False,8190,153.72,5.0
0,2,0,2,10,1,False,81900,184.46400000000003,4.166666666666667
0,2,0,2,9,2,False,368550,215.20800000000003,4.166666666666667
0,2,0,2,8,3,False,982800,245.952,3.3333333333333335
0,2,0,2,7,4,False,1719900,276.696,3.3333333333333335
0,2,0,2,6,5,False,2063880,307.44,2.5
0,2,0,2,5,6,False,1719900,338.18399999999997,2.5
0,2,0,2,4,7,False,982800,315.63840000000005,2.5
0,2,0,2,3,8,False,368550,280.7952,3.3333333333333335
0,2,0,2,2,9,False,81900,233.65439999999998,3.3333333333333335
0,2,0,2,1,10,False,8190,174.21600000000004,5.0
0,2,0,1,12,0,False,1365,140.91,5.454545454545454
0,2,0,1,11,1,False,15015,169.09200000000004,4.545454545454545
0,2,0,1,10,2,False,75075,197.27400000000006,4.545454545454545
0,2,0,1,9,3,False,225225,225.45600000000002,3.6363636363636362
0,2,0,1,8,4,False,450450,253.63800000000006,3.6363636363636362
0,2,0,1,7,5,False,630630,281.82,2.727272727272727
0,2,0,1,6,6,False,630630,310.002,2.727272727272727
0,2,0,1,5,7,False,450450,338.1840000000001,2.727272727272727
0,2,0,1,4,8,False,225225,311.88079999999997,2.727272727272727
0,2,0,1,3,9,False,75075,274.3048,2.727272727272727
0,2,0,1,2,10,False,15015,225.45600000000005,3.6363636363636362
0,2,0,1,1,11,False,1365,165.33440000000002,4.545454545454545
0,2,0,0,13,0,False,105,128.1,6.0
0,2,0,0,12,1,False,1260,153.72000000000003,5.0
0,2,0,0,11,2,False,6930,179.34000000000003,5.0
0,2,0,0,10,3,False,23100,204.96,4.0
0,2,0,0,9,4,False,51975,230.58000000000004,4.0
0,2,0,0,8,5,False,83160,256.2,3.0
0,2,0,0,7,6,False,97020,281.82,3.0
0,2,0,0,6,7,False,83160,307.44000000000005,3.0
0,2,0,0,5,8,False,51975,333.06,3.0
0,2,0,0,4,9,False,23100,304.024,3.0
0,2,0,0,3,10,False,6930,264.74000000000007,3.0
0,2,0,0,2,11,False,1260,215.208,4.0
0,2,0,0,1,12,False,105,155.428,5.0
0,1,14,0,0,0,False,15,198.48000000000002,4.0
0,1,13,1,0,0,False,210,209.23100000000002,3.6363636363636362
0,1,13,0,1,0,False,210,209.231,4.0
0,1,12,2,0,0,False,1365,218.32800000000003,4.166666666666667
0,1,12,1,1,0,False,2730,220.14740000000006,3.6363636363636362
0,1,12,0,2,0,False,1365,218.32800000000003,4.0
0,1,12,0,1,1,False,1365,211.05040000000005,4.0
0,1,11,3,0,0,False,5460,225.77100000000002,3.846153846153846
0,1,11,2,1,0,False,16380,229.24440000000004,3.3333333333333335
0,1,11,1,2,0,False,16380,229.2444,3.6363636363636362
0,1,11,1,1,1,False,16380,221.60292000000007,3.6363636363636362
0,1,11,0,3,0,False,5460,225.77100000000002,4.0
0,1,11,0,2,1,False,10920,229.2444,4.0
0,1,11,0,1,2,False,5460,211.8774,4.0
0,1,10,4,0,0,False,15015,231.56,3.5714285714285716
0,1,10,3,1,0,False,60060,236.52200000000005,3.846153846153846
0,1,10,2,2,0,False,90090,238.17600000000002,3.3333333333333335
0,1,10,2,1,1,False,90090,230.23680000000004,3.3333333333333335
0,1,10,1,3,0,False,60060,236.52200000000005,3.6363636363636362
0,1,10,1,2,1,False,120120,240.16080000000005,3.6363636363636362
0,1,10,1,1,2,False,60060,221.96680000000003,3.6363636363636362
0,1,10,0,4,0,False,15015,231.56,4.0
0,1,10,0,3,1,False,45045,244.79200000000003,4.0
0,1,10,0,2,2,False,45045,238.176,4.0
0,1,10,0,1,3,False,15015,211.712,4.0
0,1,9,5,0,0,False,30030,235.695,3.3333333333333335
0,1,9,4,1,0,False,150150,241.9802,3.5714285714285716
0,1,9,3,2,0,False,300300,245.1228,3.0769230769230766
0,1,9,3,1,1,False,300300,236.95204,3.846153846153846
0,1,9,2,3,0,False,300300,245.12279999999998,3.3333333333333335
0,1,9,2,2,1,False,600600,248.89392,3.3333333333333335
0,1,9,2,1,2,False,300300,230.03832,3.3333333333333335
0,1,9,1,4,0,False,150150,241.9802,3.6363636363636362
0,1,9,1,3,1,False,450450,255.80764000000002,3.6363636363636362
0,1,9,1,2,2,False,450450,248.89392000000004,3.6363636363636362
0,1,9,1,1,3,False,150150,221.23904000000002,3.6363636363636362
0,1,9,0,5,0,False,30030,235.695,4.0
0,1,9,0,4,1,False,120120,257.69320000000005,3.0
0,1,9,0,3,2,False,180180,260.8358,3.0
0,1,9,0,2,3,False,120120,245.1228,4.0
0,1,9,0,1,4,False,30030,210.5542,4.0
0,1,8,6,0,0,False,45045,238.17600000000004,3.125
0,1,8,5,1,0,False,270270,245.61900000000006,3.3333333333333335
0,1,8,4,2,0,False,675675,250.08480000000003,3.5714285714285716
0,1,8,4,1,1,False,675675,241.74864000000005,3.5714285714285716
0,1,8,3,3,0,False,900900,251.57340000000005,3.0769230769230766
0,1,8,3,2,1,False,1801800,255.44376000000005,3.0769230769230766
0,1,8,3,1,2,False,900900,236.09196000000003,3.846153846153846
0,1,8,2,4,0,False,675675,250.08479999999997,3.3333333333333335
0,1,8,2,3,1,False,2027025,264.37536000000006,3.3333333333333335
0,1,8,2,2,2,False,2027025,257.23008000000004,3.3333333333333335
0,1,8,2,1,3,False,675675,228.64896000000002,3.3333333333333335
0,1,8,1,5,0,False,270270,245.61900000000003,3.6363636363636362
0,1,8,1,4,1,False,1081080,268.5434400000001,3.6363636363636362
0,1,8,1,3,2,False,1621620,271.8183600000001,2.727272727272727
0,1,8,1,2,3,False,1081080,255.44376000000008,3.6363636363636362
0,1,8,1,1,4,False,270270,219.41964000000007,3.6363636363636362
0,1,8,0,6,0,False,45045,223.29000000000002,4.0
0,1,8,0,5,1,False,225225,267.94800000000004,3.0
0,1,8,0,4,2,False,450450,279.8568,3.0
0,1,8,0,3,3,False,450450,273.90240000000006,3.0
0,1,8,0,2,4,False,225225,250.08480000000006,3.0
0,1,8,0,1,5,False,45045,208.404,4.0
0,1,7,7,0,0,False,51480,239.00300000000004,3.529411764705882
0,1,7,6,1,0,False,360360,247.43840000000006,3.125
0,1,7,5,2,0,False,1081080,253.06200000000004,3.3333333333333335
0,1,7,5,1,1,False,1081080,244.62660000000005,3.3333333333333335
0,1,7,4,3,0,False,1801800,255.87380000000002,3.5714285714285716
0,1,7,4,2,1,False,3603600,259.81032000000005,2.857142857142857
0,1,7,4,1,2,False,1801800,240.12772000000004,3.5714285714285716
0,1,7,3,4,0,False,1801800,255.87380000000005,3.0769230769230766
0,1,7,3,3,1,False,5405400,270.49516000000006,3.0769230769230766
0,1,7,3,2,2,False,5405400,263.18448000000006,3.0769230769230766
0,1,7,3,1,3,False,1801800,233.94176000000004,3.846153846153846
0,1,7,2,5,0,False,1081080,253.06200000000004,3.3333333333333335
0,1,7,2,4,1,False,4324320,276.6811200000001,3.3333333333333335
0,1,7,2,3,2,False,6486480,280.05528000000004,3.3333333333333335
0,1,7,2,2,3,False,4324320,263.18448,3.3333333333333335
0,1,7,2,1,4,False,1081080,226.06872000000004,3.3333333333333335
0,1,7,1,6,0,False,360360,231.97350000000006,3.6363636363636362
0,1,7,1,5,1,False,1801800,278.36820000000006,2.727272727272727
0,1,7,1,4,2,False,3603600,290.7401200000001,2.727272727272727
0,1,7,1,3,3,False,3603600,284.55416,2.727272727272727
0,1,7,1,2,4,False,1801800,259.81032000000005,3.6363636363636362
0,1,7,1,1,5,False,360360,216.50860000000003,3.6363636363636362
0,1,7,0,7,0,False,51480,210.88500000000005,4.0
0,1,7,0,6,1,False,308880,253.06200000000004,3.0
0,1,7,0,5,2,False,772200,295.23900000000003,3.0
0,1,7,0,4,3,False,1029600,298.05080000000004,3.0
0,1,7,0,3,4,False,772200,283.9918000000001,3.0
0,1,7,0,2,5,False,308880,253.06200000000004,3.0
0,1,7,0,1,6,False,51480,205.2614,4.0
0,1,6,8,0,0,False,45045,238.17600000000004,3.333333333333333
0,1,6,7,1,0,False,360360,247.43840000000006,3.529411764705882
0,1,6,6,2,0,False,1261260,254.0544,3.125
0,1,6,6,1,1,False,1261260,245.58592000000004,3.125
0,1,6,5,3,0,False,2522520,258.024,3.3333333333333335
0,1,6,5,2,1,False,5045040,261.9936000000001,3.3333333333333335
0,1,6,5,1,2,False,2522520,242.14560000000003,3.3333333333333335
0,1,6,4,4,0,False,3153150,259.3472,2.857142857142857
0,1,6,4,3,1,False,9459450,274.16704,2.857142857142857
0,1,6,4,2,2,False,9459450,266.75712,2.857142857142857
0,1,6,4,1,3,False,3153150,237.11744000000002,3.5714285714285716
0,1,6,3,5,0,False,2522520,258.02400000000006,3.0769230769230766
0,1,6,3,4,1,False,10090080,282.10624000000007,3.0769230769230766
0,1,6,3,3,2,False,15135120,285.54656000000006,3.0769230769230766
0,1,6,3,2,3,False,10090080,268.34496,3.0769230769230766
0,1,6,3,1,4,False,2522520,230.50144000000003,3.846153846153846
0,1,6,2,6,0,False,1261260,238.17600000000002,3.3333333333333335
0,1,6,2,5,1,False,6306300,285.81120000000004,3.3333333333333335
0,1,6,2,4,2,False,12612600,298.51392000000004,2.5
0,1,6,2,3,3,False,12612600,292.16256,3.3333333333333335
0,1,6,2,2,4,False,6306300,266.75712,3.3333333333333335
0,1,6,2,1,5,False,1261260,222.29760000000002,3.3333333333333335
0,1,6,1,7,0,False,360360,218.32800000000003,3.6363636363636362
0,1,6,1,6,1,False,2162160,261.9936000000001,3.6363636363636362
0,1,6,1,5,2,False,5405400,305.65920000000006,2.727272727272727
0,1,6,1,4,3,False,7207200,308.57024000000007,2.727272727272727
0,1,6,1,3,4,False,5405400,294.0150400000001,2.727272727272727
0,1,6,1,2,5,False,2162160,261.9936000000001,3.6363636363636362
0,1,6,1,1,6,False,360360,212.50592000000003,3.6363636363636362
0,1,6,0,8,0,False,45045,198.48000000000002,4.0
0,1,6,0,7,1,False,315315,238.17600000000004,4.0
0,1,6,0,6,2,False,945945,277.872,3.0
0,1,6,0,5,3,False,1576575,317.568,3.0
0,1,6,0,4,4,False,1576575,312.27520000000004,3.0
0,1,6,0,3,5,False,945945,291.10400000000004,3.0
0,1,6,0,2,6,False,315315,254.0544,3.0
0,1,6,0,1,7,False,45045,201.12640000000002,4.0
0,1,5,9,0,0,False,30030,235.69500000000002,3.1578947368421053
0,1,5,8,1,0,False,270270,245.61900000000003,3.333333333333333
0,1,5,7,2,0,False,1081080,253.062,2.941176470588235
0,1,5,7,1,1,False,1081080,244.62660000000005,3.529411764705882
0,1,5,6,3,0,False,2522520,258.02400000000006,3.125
0,1,5,6,2,1,False,5045040,261.9936,3.125
0,1,5,6,1,2,False,2522520,242.14559999999997,3.125
0,1,5,5,4,0,False,3783780,260.505,3.3333333333333335
0,1,5,5,3,1,False,11351340,275.391,3.3333333333333335
0,1,5,5,2,2,False,11351340,267.948,3.3333333333333335
0,1,5,5,1,3,False,3783780,238.17600000000004,3.3333333333333335
0,1,5,4,5,0,False,3783780,260.505,2.857142857142857
0,1,5,4,4,1,False,15135120,284.8188,2.857142857142857
0,1,5,4,3,2,False,22702680,288.2922,2.857142857142857
0,1,5,4,2,3,False,15135120,270.9252,2.857142857142857
0,1,5,4,1,4,False,3783780,232.71780000000004,3.5714285714285716
0,1,5,3,6,0,False,2522520,241.89750000000004,3.0769230769230766
0,1,5,3,5,1,False,12612600,290.27700000000004,3.0769230769230766
0,1,5,3,4,2,False,25225200,303.17820000000006,3.0769230769230766
0,1,5,3,3,3,False,25225200,296.7276,3.0769230769230766
0,1,5,3,2,4,False,12612600,270.9252000000001,3.0769230769230766
0,1,5,3,1,5,False,2522520,225.771,3.846153846153846
0,1,5,2,7,0,False,1081080,223.29000000000002,3.3333333333333335
0,1,5,2,6,1,False,6486480,267.94800000000004,3.3333333333333335
0,1,5,2,5,2,False,16216200,312.60600000000005,2.5
0,1,5,2,4,3,False,21621600,315.58320000000003,2.5
0,1,5,2,3,4,False,16216200,300.69720000000007,2.5
0,1,5,2,2,5,False,6486480,267.94800000000004,3.3333333333333335
0,1,5,2,1,6,False,1081080,217.3356,4.166666666666667
0,1,5,1,8,0,False,270270,204.68250000000003,3.6363636363636362
0,1,5,1,7,1,False,1891890,245.61900000000003,3.6363636363636362
0,1,5,1,6,2,False,5675670,286.5555000000001,2.727272727272727
0,1,5,1,5,3,False,9459450,327.492,2.727272727272727
0,1,5,1,4,4,False,9459450,322.03380000000004,2.727272727272727
0,1,5,1,3,5,False,5675670,300.2010000000001,2.727272727272727
0,1,5,1,2,6,False,1891890,261.9936,3.6363636363636362
0,1,5,1,1,7,False,270270,207.41160000000002,3.6363636363636362
0,1,5,0,9,0,False,30030,186.07500000000002,4.0
0,1,5,0,8,1,False,240240,223.29000000000002,4.0
0,1,5,0,7,2,False,840840,260.50500000000005,3.0
0,1,5,0,6,3,False,1681680,297.71999999999997,3.0
0,1,5,0,5,4,False,2102100,334.93500000000006,3.0
0,1,5,0,4,5,False,1681680,322.53000000000003,3.0
0,1,5,0,3,6,False,840840,295.239,3.0
0,1,5,0,2,7,False,240240,253.062,3.0
0,1,5,0,1,8,False,30030,195.99900000000002,4.0
0,1,4,10,0,0,False,15015,231.56,3.5
0,1,4,9,1,0,False,150150,241.98020000000002,3.1578947368421053
0,1,4,8,2,0,False,675675,250.08480000000003,3.333333333333333
0,1,4,8,1,1,False,675675,241.74864,3.333333333333333
0,1,4,7,3,0,False,1801800,255.87380000000005,2.941176470588235
0,1,4,7,2,1,False,3603600,259.81032000000005,2.941176470588235
0,1,4,7,1,2,False,1801800,240.12772,3.529411764705882
0,1,4,6,4,0,False,3153150,259.3472,3.125
0,1,4,6,3,1,False,9459450,274.16704,3.125
0,1,4,6,2,2,False,9459450,266.75712000000004,3.125
0,1,4,6,1,3,False,3153150,237.11744,3.125
0,1,4,5,5,0,False,3783780,260.505,3.3333333333333335
0,1,4,5,4,1,False,15135120,284.8188,2.6666666666666665
0,1,4,5,3,2,False,22702680,288.29220000000004,2.6666666666666665
0,1,4,5,2,3,False,15135120,270.9252,3.3333333333333335
0,1,4,5,1,4,False,3783780,232.7178,3.3333333333333335
0,1,4,4,6,0,False,3153150,243.13799999999998,3.5714285714285716
0,1,4,4,5,1,False,15765750,291.76559999999995,2.857142857142857
0,1,4,4,4,2,False,31531500,304.73296000000005,2.857142857142857
0,1,4,4,3,3,False,31531500,298.24928,2.857142857142857
0,1,4,4,2,4,False,15765750,272.31456,2.857142857142857
0,1,4,4,1,5,False,3153150,226.92879999999997,3.5714285714285716
0,1,4,3,7,0,False,1801800,225.771,3.846153846153846
0,1,4,3,6,1,False,10810800,270.9252,3.0769230769230766
0,1,4,3,5,2,False,27027000,316.0794000000001,3.0769230769230766
0,1,4,3,4,3,False,36036000,319.08968000000004,3.0769230769230766
0,1,4,3,3,4,False,27027000,304.0382800000001,3.0769230769230766
0,1,4,3,2,5,False,10810800,270.9252,3.0769230769230766
0,1,4,3,1,6,False,1801800,219.75044000000003,3.846153846153846
0,1,4,2,8,0,False,675675,208.40399999999997,4.166666666666667
0,1,4,2,7,1,False,4729725,250.08479999999997,3.3333333333333335
0,1,4,2,6,2,False,14189175,291.7656,3.3333333333333335
0,1,4,2,5,3,False,23648625,333.4464,2.5
0,1,4,2,4,4,False,23648625,327.88896000000005,2.5
0,1,4,2,3,5,False,14189175,305.65920000000006,2.5
0,1,4,2,2,6,False,4729725,266.75712,3.3333333333333335
0,1,4,2,1,7,False,675675,211.18272,4.166666666666667
0,1,4,1,9,0,False,150150,191.037,4.545454545454545
0,1,4,1,8,1,False,1201200,229.2444,3.6363636363636362
0,1,4,1,7,2,False,4204200,267.45180000000005,3.6363636363636362
0,1,4,1,6,3,False,8408400,305.65920000000006,2.727272727272727
0,1,4,1,5,4,False,10510500,343.8666,2.727272727272727
0,1,4,1,4,5,False,8408400,331.1308,2.727272727272727
0,1,4,1,3,6,False,4204200,303.11204000000004,2.727272727272727
0,1,4,1,2,7,False,1201200,259.81032,3.6363636363636362
0,1,4,1,1,8,False,150150,201.22564000000006,4.545454545454545
0,1,4,0,10,0,False,15015,173.67,5.0
0,1,4,0,9,1,False,135135,208.404,4.0
0,1,4,0,8,2,False,540540,243.13800000000003,4.0
0,1,4,0,7,3,False,1261260,277.872,3.0
0,1,4,0,6,4,False,1891890,312.606,3.0
0,1,4,0,5,5,False,1891890,347.34,3.0
0,1,4,0,4,6,False,1261260,328.8152,3.0
0,1,4,0,3,7,False,540540,296.39680000000004,3.0
0,1,4,0,2,8,False,135135,250.0848,3.0
0,1,4,0,1,9,False,15015,189.8792,4.0
0,1,3,11,0,0,False,5460,225.77100000000004,3.333333333333333
0,1,3,10,1,0,False,60060,236.52200000000008,3.5
0,1,3,9,2,0,False,300300,245.12280000000004,3.1578947368421053
0,1,3,9,1,1,False,300300,236.95204000000004,3.1578947368421053
0,1,3,8,3,0,False,900900,251.57340000000008,3.333333333333333
0,1,3,8,2,1,False,1801800,255.44376000000008,3.333333333333333
0,1,3,8,1,2,False,900900,236.09196000000003,3.333333333333333
0,1,3,7,4,0,False,1801800,255.87380000000005,2.941176470588235
0,1,3,7,3,1,False,5405400,270.49516000000006,2.941176470588235
0,1,3,7,2,2,False,5405400,263.18448000000006,2.941176470588235
0,1,3,7,1,3,False,1801800,233.94176000000007,3.529411764705882
0,1,3,6,5,0,False,2522520,258.02400000000006,3.125
0,1,3,6,4,1,False,10090080,282.10624000000007,3.125
0,1,3,6,3,2,False,15135120,285.5465600000001,3.125
0,1,3,6,2,3,False,10090080,268.34496000000007,3.125
0,1,3,6,1,4,False,2522520,230.50144000000006,3.75
0,1,3,5,6,0,False,2522520,241.89750000000004,3.3333333333333335
0,1,3,5,5,1,False,12612600,290.27700000000004,2.6666666666666665
0,1,3,5,4,2,False,25225200,303.17820000000006,2.6666666666666665
0,1,3,5,3,3,False,25225200,296.72760000000005,2.6666666666666665
0,1,3,5,2,4,False,12612600,270.9252000000001,3.3333333333333335
0,1,3,5,1,5,False,2522520,225.77100000000002,3.3333333333333335
0,1,3,4,7,0,False,1801800,225.77100000000002,3.5714285714285716
0,1,3,4,6,1,False,10810800,270.9252,2.857142857142857
0,1,3,4,5,2,False,27027000,316.0794000000001,2.857142857142857
0,1,3,4,4,3,False,36036000,319.08968000000004,2.857142857142857
0,1,3,4,3,4,False,27027000,304.0382800000001,2.857142857142857
0,1,3,4,2,5,False,10810800,270.9252,2.857142857142857
0,1,3,4,1,6,False,1801800,219.75044000000003,3.5714285714285716
0,1,3,3,8,0,False,900900,209.64450000000002,3.846153846153846
0,1,3,3,7,1,False,6306300,251.57340000000005,3.0769230769230766
0,1,3,3,6,2,False,18918900,293.5023000000001,3.0769230769230766
0,1,3,3,5,3,False,31531500,335.4312000000001,2.3076923076923075
0,1,3,3,4,4,False,31531500,329.84068000000013,2.3076923076923075
0,1,3,3,3,5,False,18918900,307.4786000000001,3.0769230769230766
0,1,3,3,2,6,False,6306300,268.34496,3.0769230769230766
0,1,3,3,1,7,False,900900,212.43976000000004,3.846153846153846
0,1,3,2,9,0,False,300300,193.518,4.166666666666667
0,1,3,2,8,1,False,2402400,232.22160000000002,3.3333333333333335
0,1,3,2,7,2,False,8408400,270.9252000000001,3.3333333333333335
0,1,3,2,6,3,False,16816800,309.62880000000007,2.5
0,1,3,2,5,4,False,21021000,348.33240000000006,2.5
0,1,3,2,4,5,False,16816800,335.43120000000005,2.5
0,1,3,2,3,6,False,8408400,307.04856000000007,2.5
0,1,3,2,2,7,False,2402400,263.18448,3.3333333333333335
0,1,3,2,1,8,False,300300,203.83896000000004,4.166666666666667
0,1,3,1,10,0,False,60060,177.39150000000004,4.545454545454545
0,1,3,1,9,1,False,540540,212.86980000000005,3.6363636363636362
0,1,3,1,8,2,False,2162160,248.3481000000001,3.6363636363636362
0,1,3,1,7,3,False,5045040,283.8264000000001,2.727272727272727
0,1,3,1,6,4,False,7567560,319.3047000000001,2.727272727272727
0,1,3,1,5,5,False,7567560,354.7830000000001,2.727272727272727
0,1,3,1,4,6,False,5045040,335.86124000000007,2.727272727272727
0,1,3,1,3,7,False,2162160,302.74816000000015,2.727272727272727
0,1,3,1,2,8,False,540540,255.44376000000008,3.6363636363636362
0,1,3,1,1,9,False,60060,193.94804000000008,4.545454545454545
0,1,3,0,11,0,False,5460,161.26500000000001,5.0
0,1,3,0,10,1,False,54600,193.51800000000003,4.0
0,1,3,0,9,2,False,245700,225.77100000000007,4.0
0,1,3,0,8,3,False,655200,258.02400000000006,3.0
0,1,3,0,7,4,False,1146600,290.27700000000004,3.0
0,1,3,0,6,5,False,1375920,322.53000000000003,3.0
0,1,3,0,5,6,False,1146600,354.7830000000001,3.0
0,1,3,0,4,7,False,655200,331.1308000000001,3.0
0,1,3,0,3,8,False,245700,294.57740000000007,3.0
0,1,3,0,2,9,False,54600,245.1228,4.0
0,1,3,0,1,10,False,5460,182.76700000000005,5.0
0,1,2,12,0,0,False,1365,218.32800000000003,3.6363636363636362
0,1,2,11,1,0,False,16380,229.24440000000004,3.333333333333333
0,1,2,10,2,0,False,90090,238.176,3.5
0,1,2,10,1,1,False,90090,230.23680000000004,3.5
0,1,2,9,3,0,False,300300,245.12280000000004,3.1578947368421053
0,1,2,9,2,1,False,600600,248.89392,3.1578947368421053
0,1,2,9,1,2,False,300300,230.03831999999997,3.68421052631579
0,1,2,8,4,0,False,675675,250.08480000000003,3.333333333333333
0,1,2,8,3,1,False,2027025,264.37536,3.333333333333333
0,1,2,8,2,2,False,2027025,257.23008,3.333333333333333
0,1,2,8,1,3,False,675675,228.64896,3.333333333333333
0,1,2,7,5,0,False,1081080,253.062,2.941176470588235
0,1,2,7,4,1,False,4324320,276.68112,2.941176470588235
0,1,2,7,3,2,False,6486480,280.05528000000004,2.941176470588235
0,1,2,7,2,3,False,4324320,263.18448000000006,2.941176470588235
0,1,2,7,1,4,False,1081080,226.06872000000004,3.529411764705882
0,1,2,6,6,0,False,1261260,238.176,3.125
0,1,2,6,5,1,False,6306300,285.81120000000004,3.125
0,1,2,6,4,2,False,12612600,298.51392000000004,2.5
0,1,2,6,3,3,False,12612600,292.16256000000004,3.125
0,1,2,6,2,4,False,6306300,266.75712000000004,3.125
0,1,2,6,1,5,False,1261260,222.29760000000002,3.75
0,1,2,5,7,0,False,1081080,223.28999999999996,3.3333333333333335
0,1,2,5,6,1,False,6486480,267.948,3.3333333333333335
0,1,2,5,5,2,False,16216200,312.606,2.6666666666666665
0,1,2,5,4,3,False,21621600,315.58320000000003,2.6666666666666665
0,1,2,5,3,4,False,16216200,300.69720000000007,2.6666666666666665
0,1,2,5,2,5,False,6486480,267.948,3.3333333333333335
0,1,2,5,1,6,False,1081080,217.3356,4.0
0,1,2,4,8,0,False,675675,208.40399999999997,3.5714285714285716
0,1,2,4,7,1,False,4729725,250.0848,3.5714285714285716
0,1,2,4,6,2,False,14189175,291.76559999999995,2.857142857142857
0,1,2,4,5,3,False,23648625,333.4464,2.857142857142857
0,1,2,4,4,4,False,23648625,327.88896,2.857142857142857
0,1,2,4,3,5,False,14189175,305.6592,2.857142857142857
0,1,2,4,2,6,False,4729725,266.75712,2.857142857142857
0,1,2,4,1,7,False,675675,211.18272000000002,3.5714285714285716
0,1,2,3,9,0,False,300300,193.518,3.846153846153846
0,1,2,3,8,1,False,2402400,232.22160000000002,3.846153846153846
0,1,2,3,7,2,False,8408400,270.9252,3.0769230769230766
0,1,2,3,6,3,False,16816800,309.6288,3.0769230769230766
0,1,2,3,5,4,False,21021000,348.33240000000006,2.3076923076923075
0,1,2,3,4,5,False,16816800,335.4312000000001,2.3076923076923075
0,1,2,3,3,6,False,8408400,307.04856,3.0769230769230766
0,1,2,3,2,7,False,2402400,263.18448000000006,3.0769230769230766
0,1,2,3,1,8,False,300300,203.83896000000001,3.846153846153846
0,1,2,2,10,0,False,90090,178.63199999999998,4.166666666666667
0,1,2,2,9,1,False,810810,214.3584,4.166666666666667
0,1,2,2,8,2,False,3243240,250.08479999999997,3.3333333333333335
0,1,2,2,7,3,False,7567560,285.8112,3.3333333333333335
0,1,2,2,6,4,False,11351340,321.53760000000005,2.5
0,1,2,2,5,5,False,11351340,357.26399999999995,2.5
0,1,2,2,4,6,False,7567560,338.20991999999995,2.5
0,1,2,2,3,7,False,3243240,304.86528000000004,2.5
0,1,2,2,2,8,False,810810,257.23008000000004,3.3333333333333335
0,1,2,2,1,9,False,90090,195.30432,4.166666666666667
0,1,2,1,11,0,False,16380,163.746,4.545454545454545
0,1,2,1,10,1,False,163800,196.4952,4.545454545454545
0,1,2,1,9,2,False,737100,229.2444,3.6363636363636362
0,1,2,1,8,3,False,1965600,261.9936,3.6363636363636362
0,1,2,1,7,4,False,3439800,294.74280000000005,2.727272727272727
0,1,2,1,6,5,False,4127760,327.492,2.727272727272727
0,1,2,1,5,6,False,3439800,360.2412,2.727272727272727
0,1,2,1,4,7,False,1965600,336.22512,2.727272727272727
0,1,2,1,3,8,False,737100,299.10936000000004,2.727272727272727
0,1,2,1,2,9,False,163800,248.89391999999998,3.6363636363636362
0,1,2,1,1,10,False,16380,185.57880000000006,4.545454545454545
0,1,2,0,12,0,False,1365,148.85999999999999,5.0
0,1,2,0,11,1,False,15015,178.632,5.0
0,1,2,0,10,2,False,75075,208.404,4.0
0,1,2,0,9,3,False,225225,238.176,4.0
0,1,2,0,8,4,False,450450,267.94800000000004,3.0
0,1,2,0,7,5,False,630630,297.71999999999997,3.0
0,1,2,0,6,6,False,630630,327.49199999999996,3.0
0,1,2,0,5,7,False,450450,357.264,3.0
0,1,2,0,4,8,False,225225,329.47679999999997,3.0
0,1,2,0,3,9,False,75075,289.7808,3.0
0,1,2,0,2,10,False,15015,238.17600000000004,4.0
0,1,2,0,1,11,False,1365,174.66240000000002,5.0
0,1,1,13,0,0,False,210,209.23100000000002,3.91304347826087
0,1,1,12,1,0,False,2730,220.14740000000006,3.6363636363636362
0,1,1,11,2,0,False,16380,229.24440000000004,3.333333333333333
0,1,1,11,1,1,False,16380,221.60292000000007,3.333333333333333
0,1,1,10,3,0,False,60060,236.52200000000005,3.5
0,1,1,10,2,1,False,120120,240.16080000000002,3.5
0,1,1,10,1,2,False,60060,221.96680000000003,3.5
0,1,1,9,4,0,False,150150,241.9802,3.1578947368421053
0,1,1,9,3,1,False,450450,255.80764000000002,3.1578947368421053
0,1,1,9,2,2,False,450450,248.89392,3.1578947368421053
0,1,1,9,1,3,False,150150,221.23904000000005,3.68421052631579
0,1,1,8,5,0,False,270270,245.61900000000003,3.333333333333333
0,1,1,8,4,1,False,1081080,268.54344000000003,2.7777777777777777
0,1,1,8,3,2,False,1621620,271.81836000000004,2.7777777777777777
0,1,1,8,2,3,False,1081080,255.44376000000003,3.333333333333333
0,1,1,8,1,4,False,270270,219.41964000000002,3.888888888888889
0,1,1,7,6,0,False,360360,231.97350000000006,3.529411764705882
0,1,1,7,5,1,False,1801800,278.36820000000006,2.941176470588235
0,1,1,7,4,2,False,3603600,290.74012000000005,2.941176470588235
0,1,1,7,3,3,False,3603600,284.5541600000001,2.941176470588235
0,1,1,7,2,4,False,1801800,259.81032000000005,2.941176470588235
0,1,1,7,1,5,False,360360,216.50860000000003,3.529411764705882
0,1,1,6,7,0,False,360360,218.32800000000003,3.75
0,1,1,6,6,1,False,2162160,261.9936,3.125
0,1,1,6,5,2,False,5405400,305.65920000000006,2.5
0,1,1,6,4,3,False,7207200,308.57024000000007,2.5
0,1,1,6,3,4,False,5405400,294.0150400000001,3.125
0,1,1,6,2,5,False,2162160,261.9936,3.125
0,1,1,6,1,6,False,360360,212.50592000000003,3.75
0,1,1,5,8,0,False,270270,204.6825,4.0
0,1,1,5,7,1,False,1891890,245.61900000000003,3.3333333333333335
0,1,1,5,6,2,False,5675670,286.55550000000005,2.6666666666666665
0,1,1,5,5,3,False,9459450,327.4920000000001,2.6666666666666665
0,1,1,5,4,4,False,9459450,322.03380000000004,2.6666666666666665
0,1,1,5,3,5,False,5675670,300.2010000000001,2.6666666666666665
0,1,1,5,2,6,False,1891890,261.9936,3.3333333333333335
0,1,1,5,1,7,False,270270,207.41160000000002,4.0
0,1,1,4,9,0,False,150150,191.037,4.285714285714286
0,1,1,4,8,1,False,1201200,229.24439999999998,3.5714285714285716
0,1,1,4,7,2,False,4204200,267.45180000000005,2.857142857142857
0,1,1,4,6,3,False,8408400,305.6592,2.857142857142857
0,1,1,4,5,4,False,10510500,343.86660000000006,2.857142857142857
0,1,1,4,4,5,False,8408400,331.1308,2.857142857142857
0,1,1,4,3,6,False,4204200,303.11204,2.857142857142857
0,1,1,4,2,7,False,1201200,259.81032000000005,2.857142857142857
0,1,1,4,1,8,False,150150,201.22564000000003,4.285714285714286
0,1,1,3,10,0,False,60060,177.39150000000004,4.615384615384615
0,1,1,3,9,1,False,540540,212.86980000000003,3.846153846153846
0,1,1,3,8,2,False,2162160,248.34810000000004,3.0769230769230766
0,1,1,3,7,3,False,5045040,283.82640000000004,3.0769230769230766
0,1,1,3,6,4,False,7567560,319.3047000000001,3.0769230769230766
0,1,1,3,5,5,False,7567560,354.7830000000001,2.3076923076923075
0,1,1,3,4,6,False,5045040,335.86124,2.3076923076923075
0,1,1,3,3,7,False,2162160,302.74816000000015,3.0769230769230766
0,1,1,3,2,8,False,540540,255.44376000000005,3.0769230769230766
0,1,1,3,1,9,False,60060,193.94804,3.846153846153846
0,1,1,2,11,0,False,16380,163.746,5.0
0,1,1,2,10,1,False,163800,196.4952,4.166666666666667
0,1,1,2,9,2,False,737100,229.24440000000004,3.3333333333333335
0,1,1,2,8,3,False,1965600,261.9936,3.3333333333333335
0,1,1,2,7,4,False,3439800,294.74280000000005,3.3333333333333335
0,1,1,2,6,5,False,4127760,327.492,2.5
0,1,1,2,5,6,False,3439800,360.24119999999994,2.5
0,1,1,2,4,7,False,1965600,336.22512,2.5
0,1,1,2,3,8,False,737100,299.10936000000004,2.5
0,1,1,2,2,9,False,163800,248.89392,3.3333333333333335
0,1,1,2,1,10,False,16380,185.57880000000003,4.166666666666667
0,1,1,1,12,0,False,2730,150.10050000000004,5.454545454545454
0,1,1,1,11,1,False,30030,180.12060000000002,4.545454545454545
0,1,1,1,10,2,False,150150,210.14070000000007,3.6363636363636362
0,1,1,1,9,3,False,450450,240.16080000000005,3.6363636363636362
0,1,1,1,8,4,False,900900,270.18090000000007,3.6363636363636362
0,1,1,1,7,5,False,1261260,300.2010000000001,2.727272727272727
0,1,1,1,6,6,False,1261260,330.2211,2.727272727272727
0,1,1,1,5,7,False,900900,360.24120000000005,2.727272727272727
0,1,1,1,4,8,False,450450,332.22244000000006,2.727272727272727
0,1,1,1,3,9,False,150150,292.19564,2.727272727272727
0,1,1,1,2,10,False,30030,240.1608000000001,3.6363636363636362
0,1,1,1,1,11,False,2730,176.11792000000005,4.545454545454545
0,1,1,0,13,0,False,210,136.455,6.0
0,1,1,0,12,1,False,2520,163.746,5.0
0,1,1,0,11,2,False,13860,191.03700000000003,4.0
0,1,1,0,10,3,False,46200,218.32800000000003,4.0
0,1,1,0,9,4,False,103950,245.61900000000006,4.0
0,1,1,0,8,5,False,166320,272.91,3.0
0,1,1,0,7,6,False,194040,300.20099999999996,3.0
0,1,1,0,6,7,False,166320,327.492,3.0
0,1,1,0,5,8,False,103950,354.783,3.0
0,1,1,0,4,9,False,46200,323.8532,3.0
0,1,1,0,3,10,False,13860,282.00700000000006,3.0
0,1,1,0,2,11,False,2520,229.2444,4.0
0,1,1,0,1,12,False,210,165.5654,5.0
0,1,0,14,0,0,False,15,198.48000000000005,3.7499999999999996
0,1,0,13,1,0,False,210,209.23100000000002,3.91304347826087
0,1,0,12,2,0,False,1365,218.32800000000003,3.6363636363636362
0,1,0,12,1,1,False,1365,211.05040000000005,3.6363636363636362
0,1,0,11,3,0,False,5460,225.77100000000004,3.333333333333333
0,1,0,11,2,1,False,10920,229.24440000000004,3.333333333333333
0,1,0,11,1,2,False,5460,211.87740000000002,3.8095238095238093
0,1,0,10,4,0,False,15015,231.56,3.5
0,1,0,10,3,1,False,45045,244.79200000000003,3.5
0,1,0,10,2,2,False,45045,238.176,3.5
0,1,0,10,1,3,False,15015,211.712,3.5
0,1,0,9,5,0,False,30030,235.69500000000002,3.1578947368421053
0,1,0,9,4,1,False,120120,257.6932,3.1578947368421053
0,1,0,9,3,2,False,180180,260.8358,3.1578947368421053
0,1,0,9,2,3,False,120120,245.12280000000004,3.1578947368421053
0,1,0,9,1,4,False,30030,210.5542,3.68421052631579
0,1,0,8,6,0,False,45045,223.29000000000002,3.333333333333333
0,1,0,8,5,1,False,225225,267.94800000000004,2.7777777777777777
0,1,0,8,4,2,False,450450,279.8568,2.7777777777777777
0,1,0,8,3,3,False,450450,273.9024,2.7777777777777777
0,1,0,8,2,4,False,225225,250.08480000000003,3.333333333333333
0,1,0,8,1,5,False,45045,208.404,3.888888888888889
0,1,0,7,7,0,False,51480,210.88500000000005,3.529411764705882
0,1,0,7,6,1,False,308880,253.06200000000004,2.941176470588235
0,1,0,7,5,2,False,772200,295.23900000000003,2.941176470588235
0,1,0,7,4,3,False,1029600,298.05080000000004,2.941176470588235
0,1,0,7,3,4,False,772200,283.9918000000001,2.941176470588235
0,1,0,7,2,5,False,308880,253.06200000000004,2.941176470588235
0,1,0,7,1,6,False,51480,205.26140000000007,4.117647058823529
0,1,0,6,8,0,False,45045,198.48000000000002,3.75
0,1,0,6,7,1,False,315315,238.17600000000004,3.125
0,1,0,6,6,2,False,945945,277.872,3.125
0,1,0,6,5,3,False,1576575,317.56800000000004,2.5
0,1,0,6,4,4,False,1576575,312.27520000000004,2.5
0,1,0,6,3,5,False,945945,291.10400000000004,3.125
0,1,0,6,2,6,False,315315,254.0544,3.125
0,1,0,6,1,7,False,45045,201.12640000000002,3.75
0,1,0,5,9,0,False,30030,186.07500000000002,4.0
0,1,0,5,8,1,False,240240,223.29000000000002,3.3333333333333335
0,1,0,5,7,2,False,840840,260.505,3.3333333333333335
0,1,0,5,6,3,False,1681680,297.72,2.6666666666666665
0,1,0,5,5,4,False,2102100,334.93500000000006,2.6666666666666665
0,1,0,5,4,5,False,1681680,322.5300000000001,2.6666666666666665
0,1,0,5,3,6,False,840840,295.23900000000003,2.6666666666666665
0,1,0,5,2,7,False,240240,253.062,3.3333333333333335
0,1,0,5,1,8,False,30030,195.99900000000002,4.0
0,1,0,4,10,0,False,15015,173.67000000000002,4.285714285714286
0,1,0,4,9,1,False,135135,208.404,3.5714285714285716
0,1,0,4,8,2,False,540540,243.138,3.5714285714285716
0,1,0,4,7,3,False,1261260,277.872,2.857142857142857
0,1,0,4,6,4,False,1891890,312.606,2.857142857142857
0,1,0,4,5,5,False,1891890,347.34000000000003,2.142857142857143
0,1,0,4,4,6,False,1261260,328.81519999999995,2.857142857142857
0,1,0,4,3,7,False,540540,296.39680000000004,2.857142857142857
0,1,0,4,2,8,False,135135,250.08480000000003,3.5714285714285716
0,1,0,4,1,9,False,15015,189.8792,4.285714285714286
0,1,0,3,11,0,False,5460,161.26500000000001,4.615384615384615
0,1,0,3,10,1,False,54600,193.51800000000003,3.846153846153846
0,1,0,3,9,2,False,245700,225.77100000000002,3.846153846153846
0,1,0,3,8,3,False,655200,258.02400000000006,3.0769230769230766
0,1,0,3,7,4,False,1146600,290.27700000000004,3.0769230769230766
0,1,0,3,6,5,False,1375920,322.53000000000003,2.3076923076923075
0,1,0,3,5,6,False,1146600,354.7830000000001,2.3076923076923075
0,1,0,3,4,7,False,655200,331.1308,2.3076923076923075
0,1,0,3,3,8,False,245700,294.5774,3.0769230769230766
0,1,0,3,2,9,False,54600,245.1228,3.0769230769230766
0,1,0,3,1,10,False,5460,182.76700000000002,4.615384615384615
0,1,0,2,12,0,False,1365,148.86,5.0
0,1,0,2,11,1,False,15015,178.632,4.166666666666667
0,1,0,2,10,2,False,75075,208.40400000000002,4.166666666666667
0,1,0,2,9,3,False,225225,238.17600000000002,3.3333333333333335
0,1,0,2,8,4,False,450450,267.94800000000004,3.3333333333333335
0,1,0,2,7,5,False,630630,297.72,2.5
0,1,0,2,6,6,False,630630,327.492,2.5
0,1,0,2,5,7,False,450450,357.264,2.5
0,1,0,2,4,8,False,225225,329.4768,2.5
0,1,0,2,3,9,False,75075,289.78080000000006,3.3333333333333335
0,1,0,2,2,10,False,15015,238.17600000000002,3.3333333333333335
0,1,0,2,1,11,False,1365,174.6624,5.0
0,1,0,1,13,0,False,210,136.455,5.454545454545454
0,1,0,1,12,1,False,2520,163.74600000000004,4.545454545454545
0,1,0,1,11,2,False,13860,191.03700000000003,4.545454545454545
0,1,0,1,10,3,False,46200,218.32800000000003,3.6363636363636362
0,1,0,1,9,4,False,103950,245.61900000000003,3.6363636363636362
0,1,0,1,8,5,False,166320,272.91,2.727272727272727
0,1,0,1,7,6,False,194040,300.2010000000001,2.727272727272727
0,1,0,1,6,7,False,166320,327.4920000000001,2.727272727272727
0,1,0,1,5,8,False,103950,354.783,2.727272727272727
0,1,0,1,4,9,False,46200,323.8532,2.727272727272727
0,1,0,1,3,10,False,13860,282.0070000000001,2.727272727272727
0,1,0,1,2,11,False,2520,229.2444,3.6363636363636362
0,1,0,1,1,12,False,210,165.56539999999998,4.545454545454545
0,1,0,0,14,0,False,15,124.05000000000001,6.0
0,1,0,0,13,1,False,195,148.86,5.0
0,1,0,0,12,2,False,1170,173.67000000000002,5.0
0,1,0,0,11,3,False,4290,198.48000000000002,4.0
0,1,0,0,10,4,False,10725,223.29000000000002,4.0
0,1,0,0,9,5,False,19305,248.10000000000002,3.0
0,1,0,0,8,6,False,25740,272.91,3.0
0,1,0,0,7,7,False,25740,297.72,3.0
0,1,0,0,6,8,False,19305,322.53,3.0
0,1,0,0,5,9,False,10725,347.34,3.0
0,1,0,0,4,10,False,4290,314.26000000000005,3.0
0,1,0,0,3,11,False,1170,271.25600000000003,3.0
0,1,0,0,2,12,False,195,218.32799999999997,4.0
0,1,0,0,1,13,False,15,155.476,5.0
0,0,15,0,0,0,False,1,200.0,4.0
0,0,14,1,0,0,False,15,211.20000000000005,3.6363636363636362
0,0,14,0,1,0,False,15,211.20000000000005,4.0
0,0,13,2,0,0,False,105,220.79999999999998,4.166666666666667
0,0,13,1,1,0,False,210,222.64000000000001,3.6363636363636362
0,0,13,0,2,0,False,105,220.79999999999995,4.0
0,0,13,0,1,1,False,105,213.44000000000003,4.0
0,0,12,3,0,0,False,455,228.80000000000004,3.846153846153846
0,0,12,2,1,0,False,1365,232.32000000000005,3.3333333333333335
0,0,12,1,2,0,False,1365,232.32000000000005,3.6363636363636362
0,0,12,1,1,1,False,1365,224.5760000000001,3.6363636363636362
0,0,12,0,3,0,False,455,228.80000000000007,4.0
0,0,12,0,2,1,False,910,232.32000000000005,4.0
0,0,12,0,1,2,False,455,214.72000000000003,4.0
0,0,11,4,0,0,False,1365,235.2,3.5714285714285716
0,0,11,3,1,0,False,5460,240.24000000000007,3.0769230769230766
0,0,11,2,2,0,False,8190,241.92000000000002,3.3333333333333335
0,0,11,2,1,1,False,8190,233.85600000000002,3.3333333333333335
0,0,11,1,3,0,False,5460,240.24000000000004,3.6363636363636362
0,0,11,1,2,1,False,10920,243.936,3.6363636363636362
0,0,11,1,1,2,False,5460,225.45600000000002,3.6363636363636362
0,0,11,0,4,0,False,1365,235.20000000000002,4.0
0,0,11,0,3,1,False,4095,248.64000000000001,3.0
0,0,11,0,2,2,False,4095,241.92,4.0
0,0,11,0,1,3,False,1365,215.04000000000002,4.0
0,0,10,5,0,0,False,3003,240.0,3.3333333333333335
0,0,10,4,1,0,False,15015,246.40000000000003,3.5714285714285716
0,0,10,3,2,0,False,30030,249.60000000000002,3.0769230769230766
0,0,10,3,1,1,False,30030,241.28000000000003,3.0769230769230766
0,0,10,2,3,0,False,30030,249.6,3.3333333333333335
0,0,10,2,2,1,False,60060,253.44,3.3333333333333335
0,0,10,2,1,2,False,30030,234.24,3.3333333333333335
0,0,10,1,4,0,False,15015,246.40000000000003,3.6363636363636362
0,0,10,1,3,1,False,45045,260.48,3.6363636363636362
0,0,10,1,2,2,False,45045,253.44000000000003,3.6363636363636362
0,0,10,1,1,3,False,15015,225.28000000000003,3.6363636363636362
0,0,10,0,5,0,False,3003,240.0,4.0
0,0,10,0,4,1,False,12012,262.40000000000003,3.0
0,0,10,0,3,2,False,18018,265.6,3.0
0,0,10,0,2,3,False,12012,249.60000000000002,3.0
0,0,10,0,1,4,False,3003,214.4,4.0
0,0,9,6,0,0,False,5005,243.20000000000002,3.125
0,0,9,5,1,0,False,30030,250.80000000000007,3.3333333333333335
0,0,9,4,2,0,False,75075,255.35999999999999,3.5714285714285716
0,0,9,4,1,1,False,75075,246.84800000000004,3.5714285714285716
0,0,9,3,3,0,False,100100,256.88000000000005,3.0769230769230766
0,0,9,3,2,1,False,200200,260.83200000000005,3.0769230769230766
0,0,9,3,1,2,False,100100,241.072,3.0769230769230766
0,0,9,2,4,0,False,75075,255.36,3.3333333333333335
0,0,9,2,3,1,False,225225,269.952,3.3333333333333335
0,0,9,2,2,2,False,225225,262.656,3.3333333333333335
0,0,9,2,1,3,False,75075,233.47200000000004,3.3333333333333335
0,0,9,1,5,0,False,30030,250.8,3.6363636363636362
0,0,9,1,4,1,False,120120,274.208,2.727272727272727
0,0,9,1,3,2,False,180180,277.5520000000001,2.727272727272727
0,0,9,1,2,3,False,120120,260.83200000000005,3.6363636363636362
0,0,9,1,1,4,False,30030,224.04800000000006,3.6363636363636362
0,0,9,0,6,0,False,5005,228.0,4.0
0,0,9,0,5,1,False,25025,273.6,3.0
0,0,9,0,4,2,False,50050,285.76000000000005,3.0
0,0,9,0,3,3,False,50050,279.68,3.0
0,0,9,0,2,4,False,25025,255.36000000000004,3.0
0,0,9,0,1,5,False,5005,212.8,4.0
0,0,8,7,0,0,False,6435,244.8,3.529411764705882
0,0,8,6,1,0,False,45045,253.44000000000005,3.125
0,0,8,5,2,0,False,135135,259.20000000000005,3.3333333333333335
0,0,8,5,1,1,False,135135,250.56000000000003,3.3333333333333335
0,0,8,4,3,0,False,225225,262.08,2.857142857142857
0,0,8,4,2,1,False,450450,266.112,2.857142857142857
0,0,8,4,1,2,False,225225,245.952,3.5714285714285716
0,0,8,3,4,0,False,225225,262.08,3.0769230769230766
0,0,8,3,3,1,False,675675,277.05600000000004,3.0769230769230766
0,0,8,3,2,2,False,675675,269.56800000000004,3.0769230769230766
0,0,8,3,1,3,False,225225,239.61600000000004,3.846153846153846
0,0,8,2,5,0,False,135135,259.2,3.3333333333333335
0,0,8,2,4,1,False,540540,283.39200000000005,3.3333333333333335
0,0,8,2,3,2,False,810810,286.848,3.3333333333333335
0,0,8,2,2,3,False,540540,269.568,3.3333333333333335
0,0,8,2,1,4,False,135135,231.55200000000002,3.3333333333333335
0,0,8,1,6,0,False,45045,237.60000000000002,3.6363636363636362
0,0,8,1,5,1,False,225225,285.12,2.727272727272727
0,0,8,1,4,2,False,450450,297.79200000000003,2.727272727272727
0,0,8,1,3,3,False,450450,291.456,2.727272727272727
0,0,8,1,2,4,False,225225,266.1120000000001,3.6363636363636362
0,0,8,1,1,5,False,45045,221.76000000000002,3.6363636363636362
0,0,8,0,7,0,False,6435,216.0,4.0
0,0,8,0,6,1,False,38610,259.2,3.0
0,0,8,0,5,2,False,96525,302.40000000000003,3.0
0,0,8,0,4,3,False,128700,305.28000000000003,3.0
0,0,8,0,3,4,False,96525,290.88000000000005,3.0
0,0,8,0,2,5,False,38610,259.2,3.0
0,0,8,0,1,6,False,6435,210.24,4.0
0,0,7,8,0,0,False,6435,244.80000000000007,3.333333333333333
0,0,7,7,1,0,False,51480,254.3200000000001,2.941176470588235
0,0,7,6,2,0,False,180180,261.12000000000006,3.125
0,0,7,6,1,1,False,180180,252.41600000000008,3.125
0,0,7,5,3,0,False,360360,265.2000000000001,3.3333333333333335
0,0,7,5,2,1,False,720720,269.2800000000001,3.3333333333333335
0,0,7,5,1,2,False,360360,248.88000000000005,3.3333333333333335
0,0,7,4,4,0,False,450450,266.56000000000006,2.857142857142857
0,0,7,4,3,1,False,1351350,281.7920000000001,2.857142857142857
0,0,7,4,2,2,False,1351350,274.17600000000004,2.857142857142857
0,0,7,4,1,3,False,450450,243.71200000000005,3.5714285714285716
0,0,7,3,5,0,False,360360,265.2000000000001,3.0769230769230766
0,0,7,3,4,1,False,1441440,289.9520000000001,3.0769230769230766
0,0,7,3,3,2,False,2162160,293.48800000000006,3.0769230769230766
0,0,7,3,2,3,False,1441440,275.8080000000001,3.0769230769230766
0,0,7,3,1,4,False,360360,236.91200000000006,3.846153846153846
0,0,7,2,6,0,False,180180,244.80000000000007,3.3333333333333335
0,0,7,2,5,1,False,900900,293.76000000000005,3.3333333333333335
0,0,7,2,4,2,False,1801800,306.8160000000001,2.5
0,0,7,2,3,3,False,1801800,300.28800000000007,2.5
0,0,7,2,2,4,False,900900,274.1760000000001,3.3333333333333335
0,0,7,2,1,5,False,180180,228.48000000000005,3.3333333333333335
0,0,7,1,7,0,False,51480,224.4000000000001,3.6363636363636362
0,0,7,1,6,1,False,308880,269.2800000000001,3.6363636363636362
0,0,7,1,5,2,False,772200,314.16000000000014,2.727272727272727
0,0,7,1,4,3,False,1029600,317.15200000000016,2.727272727272727
0,0,7,1,3,4,False,772200,302.1920000000002,2.727272727272727
0,0,7,1,2,5,False,308880,269.2800000000001,3.6363636363636362
0,0,7,1,1,6,False,51480,218.41600000000008,3.6363636363636362
0,0,7,0,8,0,False,6435,204.00000000000006,4.0
0,0,7,0,7,1,False,45045,244.80000000000007,4.0
0,0,7,0,6,2,False,135135,285.6000000000001,3.0
0,0,7,0,5,3,False,225225,326.4000000000001,3.0
0,0,7,0,4,4,False,225225,320.9600000000001,3.0
0,0,7,0,3,5,False,135135,299.2000000000001,3.0
0,0,7,0,2,6,False,45045,261.12000000000006,3.0
0,0,7,0,1,7,False,6435,206.72000000000003,4.0
0,0,6,9,0,0,False,5005,243.2,3.1578947368421053
0,0,6,8,1,0,False,45045,253.44000000000003,3.333333333333333
0,0,6,7,2,0,False,180180,261.12000000000006,2.941176470588235
0,0,6,7,1,1,False,180180,252.41600000000005,2.941176470588235
0,0,6,6,3,0,False,420420,266.24,3.125
0,0,6,6,2,1,False,840840,270.33600000000007,3.125
0,0,6,6,1,2,False,420420,249.856,3.125
0,0,6,5,4,0,False,630630,268.8,3.3333333333333335
0,0,6,5,3,1,False,1891890,284.16,2.6666666666666665
0,0,6,5,2,2,False,1891890,276.48,3.3333333333333335
0,0,6,5,1,3,False,630630,245.76000000000005,3.3333333333333335
0,0,6,4,5,0,False,630630,268.79999999999995,2.857142857142857
0,0,6,4,4,1,False,2522520,293.88800000000003,2.857142857142857
0,0,6,4,3,2,False,3783780,297.472,2.857142857142857
0,0,6,4,2,3,False,2522520,279.552,2.857142857142857
0,0,6,4,1,4,False,630630,240.128,3.5714285714285716
0,0,6,3,6,0,False,420420,249.60000000000002,3.0769230769230766
0,0,6,3,5,1,False,2102100,299.52000000000004,3.0769230769230766
0,0,6,3,4,2,False,4204200,312.83200000000005,3.0769230769230766
0,0,6,3,3,3,False,4204200,306.17600000000004,3.0769230769230766
0,0,6,3,2,4,False,2102100,279.552,3.0769230769230766
0,0,6,3,1,5,False,420420,232.96000000000004,3.846153846153846
0,0,6,2,7,0,False,180180,230.39999999999998,3.3333333333333335
0,0,6,2,6,1,False,1081080,276.48,3.3333333333333335
0,0,6,2,5,2,False,2702700,322.56,2.5
0,0,6,2,4,3,False,3603600,325.63200000000006,2.5
0,0,6,2,3,4,False,2702700,310.27200000000005,2.5
0,0,6,2,2,5,False,1081080,276.48,3.3333333333333335
0,0,6,2,1,6,False,180180,224.256,3.3333333333333335
0,0,6,1,8,0,False,45045,211.20000000000002,3.6363636363636362
0,0,6,1,7,1,False,315315,253.44000000000003,3.6363636363636362
0,0,6,1,6,2,False,945945,295.68000000000006,2.727272727272727
0,0,6,1,5,3,False,1576575,337.9200000000001,2.727272727272727
0,0,6,1,4,4,False,1576575,332.28800000000007,2.727272727272727
0,0,6,1,3,5,False,945945,309.76000000000005,2.727272727272727
0,0,6,1,2,6,False,315315,270.336,3.6363636363636362
0,0,6,1,1,7,False,45045,214.01600000000002,3.6363636363636362
0,0,6,0,9,0,False,5005,192.0,4.0
0,0,6,0,8,1,False,40040,230.4,4.0
0,0,6,0,7,2,False,140140,268.8,3.0
0,0,6,0,6,3,False,280280,307.20000000000005,3.0
0,0,6,0,5,4,False,350350,345.6,3.0
0,0,6,0,4,5,False,280280,332.8,3.0
0,0,6,0,3,6,False,140140,304.64,3.0
0,0,6,0,2,7,False,40040,261.12,3.0
0,0,6,0,1,8,False,5005,202.24,4.0
0,0,5,10,0,0,False,3003,240.0,3.5
0,0,5,9,1,0,False,30030,250.79999999999998,3.1578947368421053
0,0,5,8,2,0,False,135135,259.2,3.333333333333333
0,0,5,8,1,1,False,135135,250.56000000000003,3.333333333333333
0,0,5,7,3,0,False,360360,265.20000000000005,2.941176470588235
0,0,5,7,2,1,False,720720,269.28000000000003,2.941176470588235
0,0,5,7,1,2,False,360360,248.88000000000002,3.529411764705882
0,0,5,6,4,0,False,630630,268.8,3.125
0,0,5,6,3,1,False,1891890,284.16,3.125
0,0,5,6,2,2,False,1891890,276.48,3.125
0,0,5,6,1,3,False,630630,245.76000000000005,3.125
0,0,5,5,5,0,False,756756,270.0,3.3333333333333335
0,0,5,5,4,1,False,3027024,295.20000000000005,2.6666666666666665
0,0,5,5,3,2,False,4540536,298.80000000000007,2.6666666666666665
0,0,5,5,2,3,False,3027024,280.8,2.6666666666666665
0,0,5,5,1,4,False,756756,241.20000000000002,3.3333333333333335
0,0,5,4,6,0,False,630630,251.99999999999997,3.5714285714285716
0,0,5,4,5,1,False,3153150,302.4,2.857142857142857
0,0,5,4,4,2,False,6306300,315.84000000000003,2.857142857142857
0,0,5,4,3,3,False,6306300,309.12,2.857142857142857
0,0,5,4,2,4,False,3153150,282.24,2.857142857142857
0,0,5,4,1,5,False,630630,235.2,3.5714285714285716
0,0,5,3,7,0,False,360360,234.0,3.846153846153846
0,0,5,3,6,1,False,2162160,280.8,3.0769230769230766
0,0,5,3,5,2,False,5405400,327.6,2.3076923076923075
0,0,5,3,4,3,False,7207200,330.72,2.3076923076923075
0,0,5,3,3,4,False,5405400,315.1200000000001,3.0769230769230766
0,0,5,3,2,5,False,2162160,280.8,3.0769230769230766
0,0,5,3,1,6,False,360360,227.76000000000002,3.846153846153846
0,0,5,2,8,0,False,135135,216.0,4.166666666666667
0,0,5,2,7,1,False,945945,259.2,3.3333333333333335
0,0,5,2,6,2,False,2837835,302.4,2.5
0,0,5,2,5,3,False,4729725,345.59999999999997,2.5
0,0,5,2,4,4,False,4729725,339.84000000000003,2.5
0,0,5,2,3,5,False,2837835,316.8,2.5
0,0,5,2,2,6,False,945945,276.48,3.3333333333333335
0,0,5,2,1,7,False,135135,218.88,4.166666666666667
0,0,5,1,9,0,False,30030,198.00000000000003,4.545454545454545
0,0,5,1,8,1,False,240240,237.60000000000002,3.6363636363636362
0,0,5,1,7,2,False,840840,277.20000000000005,2.727272727272727
0,0,5,1,6,3,False,1681680,316.8,2.727272727272727
0,0,5,1,5,4,False,2102100,356.40000000000003,2.727272727272727
0,0,5,1,4,5,False,1681680,343.20000000000005,2.727272727272727
0,0,5,1,3,6,False,840840,314.16,2.727272727272727
0,0,5,1,2,7,False,240240,269.28000000000003,3.6363636363636362
0,0,5,1,1,8,False,30030,208.56000000000003,3.6363636363636362
0,0,5,0,10,0,False,3003,180.0,5.0
0,0,5,0,9,1,False,27027,216.0,4.0
0,0,5,0,8,2,False,108108,252.0,3.0
0,0,5,0,7,3,False,252252,288.0,3.0
0,0,5,0,6,4,False,378378,324.0,3.0
0,0,5,0,5,5,False,378378,360.0,3.0
0,0,5,0,4,6,False,252252,340.8,3.0
0,0,5,0,3,7,False,108108,307.20000000000005,3.0
0,0,5,0,2,8,False,27027,259.2,3.0
0,0,5,0,1,9,False,3003,196.79999999999998,4.0
0,0,4,11,0,0,False,1365,235.20000000000002,3.333333333333333
0,0,4,10,1,0,False,15015,246.4,3.0
0,0,4,9,2,0,False,75075,255.35999999999999,3.1578947368421053
0,0,4,9,1,1,False,75075,246.84800000000007,3.1578947368421053
0,0,4,8,3,0,False,225225,262.08,3.333333333333333
0,0,4,8,2,1,False,450450,266.112,2.7777777777777777
0,0,4,8,1,2,False,225225,245.95199999999997,3.333333333333333
0,0,4,7,4,0,False,450450,266.56000000000006,2.941176470588235
0,0,4,7,3,1,False,1351350,281.79200000000003,2.941176470588235
0,0,4,7,2,2,False,1351350,274.17600000000004,2.941176470588235
0,0,4,7,1,3,False,450450,243.71200000000005,3.529411764705882
0,0,4,6,5,0,False,630630,268.8,3.125
0,0,4,6,4,1,False,2522520,293.8880000000001,3.125
0,0,4,6,3,2,False,3783780,297.4720000000001,2.5
0,0,4,6,2,3,False,2522520,279.5520000000001,3.125
0,0,4,6,1,4,False,630630,240.12800000000004,3.125
0,0,4,5,6,0,False,630630,252.0,3.3333333333333335
0,0,4,5,5,1,False,3153150,302.40000000000003,2.6666666666666665
0,0,4,5,4,2,False,6306300,315.84000000000003,2.6666666666666665
0,0,4,5,3,3,False,6306300,309.12000000000006,2.6666666666666665
0,0,4,5,2,4,False,3153150,282.24,2.6666666666666665
0,0,4,5,1,5,False,630630,235.20000000000002,3.3333333333333335
0,0,4,4,7,0,False,450450,235.2,3.5714285714285716
0,0,4,4,6,1,False,2702700,282.24,2.857142857142857
0,0,4,4,5,2,False,6756750,329.28000000000003,2.857142857142857
0,0,4,4,4,3,False,9009000,332.416,2.857142857142857
0,0,4,4,3,4,False,6756750,316.73600000000005,2.857142857142857
0,0,4,4,2,5,False,2702700,282.24,2.857142857142857
0,0,4,4,1,6,False,450450,228.928,3.5714285714285716
0,0,4,3,8,0,False,225225,218.4,3.846153846153846
0,0,4,3,7,1,False,1576575,262.08000000000004,3.0769230769230766
0,0,4,3,6,2,False,4729725,305.76000000000005,3.0769230769230766
0,0,4,3,5,3,False,7882875,349.44000000000005,2.3076923076923075
0,0,4,3,4,4,False,7882875,343.6160000000001,2.3076923076923075
0,0,4,3,3,5,False,4729725,320.32,2.3076923076923075
0,0,4,3,2,6,False,1576575,279.552,3.0769230769230766
0,0,4,3,1,7,False,225225,221.312,3.846153846153846
0,0,4,2,9,0,False,75075,201.6,4.166666666666667
0,0,4,2,8,1,False,600600,241.92000000000002,3.3333333333333335
0,0,4,2,7,2,False,2102100,282.24,3.3333333333333335
0,0,4,2,6,3,False,4204200,322.56,2.5
0,0,4,2,5,4,False,5255250,362.88000000000005,2.5
0,0,4,2,4,5,False,4204200,349.44,2.5
0,0,4,2,3,6,False,2102100,319.872,2.5
0,0,4,2,2,7,False,600600,274.176,3.3333333333333335
0,0,4,2,1,8,False,75075,212.35200000000003,4.166666666666667
0,0,4,1,10,0,False,15015,184.8,4.545454545454545
0,0,4,1,9,1,False,135135,221.76000000000005,3.6363636363636362
0,0,4,1,8,2,False,540540,258.72,3.6363636363636362
0,0,4,1,7,3,False,1261260,295.68000000000006,2.727272727272727
0,0,4,1,6,4,False,1891890,332.64000000000004,2.727272727272727
0,0,4,1,5,5,False,1891890,369.6,2.727272727272727
0,0,4,1,4,6,False,1261260,349.88800000000003,2.727272727272727
0,0,4,1,3,7,False,540540,315.3920000000001,2.727272727272727
0,0,4,1,2,8,False,135135,266.1120000000001,3.6363636363636362
0,0,4,1,1,9,False,15015,202.04800000000003,4.545454545454545
0,0,4,0,11,0,False,1365,168.0,5.0
0,0,4,0,10,1,False,13650,201.60000000000002,4.0
0,0,4,0,9,2,False,61425,235.20000000000002,4.0
0,0,4,0,8,3,False,163800,268.8,3.0
0,0,4,0,7,4,False,286650,302.40000000000003,3.0
0,0,4,0,6,5,False,343980,336.0,3.0
0,0,4,0,5,6,False,286650,369.6,2.0
0,0,4,0,4,7,False,163800,344.96000000000004,3.0
0,0,4,0,3,8,False,61425,306.88000000000005,3.0
0,0,4,0,2,9,False,13650,255.36,3.0
0,0,4,0,1,10,False,1365,190.40000000000003,4.0
0,0,3,12,0,0,False,455,228.8,3.6363636363636362
0,0,3,11,1,0,False,5460,240.24,3.333333333333333
0,0,3,10,2,0,False,30030,249.60000000000002,3.0
0,0,3,10,1,1,False,30030,241.28000000000003,3.5
0,0,3,9,3,0,False,100100,256.88,3.1578947368421053
0,0,3,9,2,1,False,200200,260.832,3.1578947368421053
0,0,3,9,1,2,False,100100,241.07199999999997,3.1578947368421053
0,0,3,8,4,0,False,225225,262.08,3.333333333333333
0,0,3,8,3,1,False,675675,277.05600000000004,2.7777777777777777
0,0,3,8,2,2,False,675675,269.568,2.7777777777777777
0,0,3,8,1,3,False,225225,239.616,3.333333333333333
0,0,3,7,5,0,False,360360,265.20000000000005,2.941176470588235
0,0,3,7,4,1,False,1441440,289.95200000000006,2.941176470588235
0,0,3,7,3,2,False,2162160,293.48800000000006,2.941176470588235
0,0,3,7,2,3,False,1441440,275.80800000000005,2.941176470588235
0,0,3,7,1,4,False,360360,236.91200000000003,3.529411764705882
0,0,3,6,6,0,False,420420,249.60000000000002,3.125
0,0,3,6,5,1,False,2102100,299.52000000000004,2.5
0,0,3,6,4,2,False,4204200,312.83200000000005,2.5
0,0,3,6,3,3,False,4204200,306.17600000000004,2.5
0,0,3,6,2,4,False,2102100,279.5520000000001,3.125
0,0,3,6,1,5,False,420420,232.96,3.75
0,0,3,5,7,0,False,360360,234.0,3.3333333333333335
0,0,3,5,6,1,False,2162160,280.8,2.6666666666666665
0,0,3,5,5,2,False,5405400,327.6,2.6666666666666665
0,0,3,5,4,3,False,7207200,330.72,2.6666666666666665
0,0,3,5,3,4,False,5405400,315.1200000000001,2.6666666666666665
0,0,3,5,2,5,False,2162160,280.8,2.6666666666666665
0,0,3,5,1,6,False,360360,227.76,3.3333333333333335
0,0,3,4,8,0,False,225225,218.39999999999998,3.5714285714285716
0,0,3,4,7,1,False,1576575,262.08,2.857142857142857
0,0,3,4,6,2,False,4729725,305.76,2.857142857142857
0,0,3,4,5,3,False,7882875,349.44,2.142857142857143
0,0,3,4,4,4,False,7882875,343.61600000000004,2.857142857142857
0,0,3,4,3,5,False,4729725,320.32,2.857142857142857
0,0,3,4,2,6,False,1576575,279.55199999999996,2.857142857142857
0,0,3,4,1,7,False,225225,221.312,3.5714285714285716
0,0,3,3,9,0,False,100100,202.8,3.846153846153846
0,0,3,3,8,1,False,800800,243.36000000000004,3.0769230769230766
0,0,3,3,7,2,False,2802800,283.92,3.0769230769230766
0,0,3,3,6,3,False,5605600,324.48,2.3076923076923075
0,0,3,3,5,4,False,7007000,365.04,2.3076923076923075
0,0,3,3,4,5,False,5605600,351.52000000000004,2.3076923076923075
0,0,3,3,3,6,False,2802800,321.776,2.3076923076923075
0,0,3,3,2,7,False,800800,275.808,3.0769230769230766
0,0,3,3,1,8,False,100100,213.61600000000004,3.846153846153846
0,0,3,2,10,0,False,30030,187.2,4.166666666666667
0,0,3,2,9,1,False,270270,224.64000000000001,3.3333333333333335
0,0,3,2,8,2,False,1081080,262.08,3.3333333333333335
0,0,3,2,7,3,False,2522520,299.52000000000004,2.5
0,0,3,2,6,4,False,3783780,336.96,2.5
0,0,3,2,5,5,False,3783780,374.4,2.5
0,0,3,2,4,6,False,2522520,354.432,2.5
0,0,3,2,3,7,False,1081080,319.48800000000006,2.5
0,0,3,2,2,8,False,270270,269.568,3.3333333333333335
0,0,3,2,1,9,False,30030,204.672,4.166666666666667
0,0,3,1,11,0,False,5460,171.60000000000002,4.545454545454545
0,0,3,1,10,1,False,54600,205.92000000000004,3.6363636363636362
0,0,3,1,9,2,False,245700,240.24000000000004,3.6363636363636362
0,0,3,1,8,3,False,655200,274.56000000000006,2.727272727272727
0,0,3,1,7,4,False,1146600,308.88000000000005,2.727272727272727
0,0,3,1,6,5,False,1375920,343.20000000000005,2.727272727272727
0,0,3,1,5,6,False,1146600,377.5200000000001,2.727272727272727
0,0,3,1,4,7,False,655200,352.3520000000001,2.727272727272727
0,0,3,1,3,8,False,245700,313.4560000000001,2.727272727272727
0,0,3,1,2,9,False,54600,260.83200000000005,3.6363636363636362
0,0,3,1,1,10,False,5460,194.48000000000005,4.545454545454545
0,0,3,0,12,0,False,455,156.0,5.0
0,0,3,0,11,1,False,5005,187.20000000000002,4.0
0,0,3,0,10,2,False,25025,218.4,4.0
0,0,3,0,9,3,False,75075,249.60000000000002,3.0
0,0,3,0,8,4,False,150150,280.8,3.0
0,0,3,0,7,5,False,210210,312.0,3.0
0,0,3,0,6,6,False,210210,343.20000000000005,3.0
0,0,3,0,5,7,False,150150,374.40000000000003,2.0
0,0,3,0,4,8,False,75075,345.28,3.0
0,0,3,0,3,9,False,25025,303.68,3.0
0,0,3,0,2,10,False,5005,249.60000000000005,3.0
0,0,3,0,1,11,False,455,183.04000000000002,5.0
0,0,2,13,0,0,False,105,220.79999999999998,3.4782608695652177
0,0,2,12,1,0,False,1365,232.32000000000005,3.1818181818181817
0,0,2,11,2,0,False,8190,241.92000000000002,3.333333333333333
0,0,2,11,1,1,False,8190,233.85600000000005,3.333333333333333
0,0,2,10,3,0,False,30030,249.60000000000002,3.0
0,0,2,10,2,1,False,60060,253.44000000000003,3.0
0,0,2,10,1,2,False,30030,234.24,3.5
0,0,2,9,4,0,False,75075,255.35999999999999,3.1578947368421053
0,0,2,9,3,1,False,225225,269.952,3.1578947368421053
0,0,2,9,2,2,False,225225,262.65599999999995,3.1578947368421053
0,0,2,9,1,3,False,75075,233.47199999999998,3.68421052631579
0,0,2,8,5,0,False,135135,259.2,3.333333333333333
0,0,2,8,4,1,False,540540,283.39200000000005,2.7777777777777777
0,0,2,8,3,2,False,810810,286.848,2.7777777777777777
0,0,2,8,2,3,False,540540,269.56800000000004,2.7777777777777777
0,0,2,8,1,4,False,135135,231.55200000000002,3.333333333333333
0,0,2,7,6,0,False,180180,244.8,3.529411764705882
0,0,2,7,5,1,False,900900,293.76000000000005,2.941176470588235
0,0,2,7,4,2,False,1801800,306.8160000000001,2.941176470588235
0,0,2,7,3,3,False,1801800,300.28800000000007,2.941176470588235
0,0,2,7,2,4,False,900900,274.1760000000001,2.941176470588235
0,0,2,7,1,5,False,180180,228.48000000000005,3.529411764705882
0,0,2,6,7,0,False,180180,230.4,3.75
0,0,2,6,6,1,False,1081080,276.48,3.125
0,0,2,6,5,2,False,2702700,322.56000000000006,2.5
0,0,2,6,4,3,False,3603600,325.63200000000006,2.5
0,0,2,6,3,4,False,2702700,310.27200000000016,2.5
0,0,2,6,2,5,False,1081080,276.48,3.125
0,0,2,6,1,6,False,180180,224.256,3.75
0,0,2,5,8,0,False,135135,216.0,4.0
0,0,2,5,7,1,False,945945,259.20000000000005,3.3333333333333335
0,0,2,5,6,2,False,2837835,302.40000000000003,2.6666666666666665
0,0,2,5,5,3,False,4729725,345.6,2.6666666666666665
0,0,2,5,4,4,False,4729725,339.8400000000001,2.6666666666666665
0,0,2,5,3,5,False,2837835,316.8,2.6666666666666665
0,0,2,5,2,6,False,945945,276.48,3.3333333333333335
0,0,2,5,1,7,False,135135,218.88000000000002,4.0
0,0,2,4,9,0,False,75075,201.6,4.285714285714286
0,0,2,4,8,1,False,600600,241.92,3.5714285714285716
0,0,2,4,7,2,False,2102100,282.24,2.857142857142857
0,0,2,4,6,3,False,4204200,322.56,2.857142857142857
0,0,2,4,5,4,False,5255250,362.87999999999994,2.142857142857143
0,0,2,4,4,5,False,4204200,349.44,2.142857142857143
0,0,2,4,3,6,False,2102100,319.87199999999996,2.857142857142857
0,0,2,4,2,7,False,600600,274.17600000000004,2.857142857142857
0,0,2,4,1,8,False,75075,212.35200000000003,3.5714285714285716
0,0,2,3,10,0,False,30030,187.20000000000002,4.615384615384615
0,0,2,3,9,1,False,270270,224.64000000000001,3.846153846153846
0,0,2,3,8,2,False,1081080,262.08000000000004,3.0769230769230766
0,0,2,3,7,3,False,2522520,299.52000000000004,3.0769230769230766
0,0,2,3,6,4,False,3783780,336.96,2.3076923076923075
0,0,2,3,5,5,False,3783780,374.40000000000003,2.3076923076923075
0,0,2,3,4,6,False,2522520,354.432,2.3076923076923075
0,0,2,3,3,7,False,1081080,319.48800000000006,3.0769230769230766
0,0,2,3,2,8,False,270270,269.56800000000004,3.0769230769230766
0,0,2,3,1,9,False,30030,204.672,3.846153846153846
0,0,2,2,11,0,False,8190,172.79999999999998,5.0
0,0,2,2,10,1,False,81900,207.36,4.166666666666667
0,0,2,2,9,2,False,368550,241.92000000000002,3.3333333333333335
0,0,2,2,8,3,False,982800,276.48,3.3333333333333335
0,0,2,2,7,4,False,1719900,311.03999999999996,2.5
0,0,2,2,6,5,False,2063880,345.59999999999997,2.5
0,0,2,2,5,6,False,1719900,380.16,2.5
0,0,2,2,4,7,False,982800,354.816,2.5
0,0,2,2,3,8,False,368550,315.648,2.5
0,0,2,2,2,9,False,81900,262.656,3.3333333333333335
0,0,2,2,1,10,False,8190,195.84000000000006,4.166666666666667
0,0,2,1,12,0,False,1365,158.4,5.454545454545454
0,0,2,1,11,1,False,15015,190.08000000000004,4.545454545454545
0,0,2,1,10,2,False,75075,221.76000000000005,3.6363636363636362
0,0,2,1,9,3,False,225225,253.44000000000003,3.6363636363636362
0,0,2,1,8,4,False,450450,285.12,2.727272727272727
0,0,2,1,7,5,False,630630,316.8,2.727272727272727
0,0,2,1,6,6,False,630630,348.48,2.727272727272727
0,0,2,1,5,7,False,450450,380.1600000000001,2.727272727272727
0,0,2,1,4,8,False,225225,350.59200000000004,2.727272727272727
0,0,2,1,3,9,False,75075,308.35200000000003,2.727272727272727
0,0,2,1,2,10,False,15015,253.44000000000008,3.6363636363636362
0,0,2,1,1,11,False,1365,185.85600000000002,4.545454545454545
0,0,2,0,13,0,False,105,144.0,6.0
0,0,2,0,12,1,False,1260,172.8,5.0
0,0,2,0,11,2,False,6930,201.60000000000002,4.0
0,0,2,0,10,3,False,23100,230.4,4.0
0,0,2,0,9,4,False,51975,259.2,3.0
0,0,2,0,8,5,False,83160,288.0,3.0
0,0,2,0,7,6,False,97020,316.8,3.0
0,0,2,0,6,7,False,83160,345.6,3.0
0,0,2,0,5,8,False,51975,374.40000000000003,2.0
0,0,2,0,4,9,False,23100,341.76,3.0
0,0,2,0,3,10,False,6930,297.6000000000001,3.0
0,0,2,0,2,11,False,1260,241.92,4.0
0,0,2,0,1,12,False,105,174.72,5.0
0,0,1,14,0,0,False,15,211.20000000000007,3.7499999999999996
0,0,1,13,1,0,False,210,222.64000000000004,3.4782608695652177
0,0,1,12,2,0,False,1365,232.32000000000005,3.1818181818181817
0,0,1,12,1,1,False,1365,224.5760000000001,3.6363636363636362
0,0,1,11,3,0,False,5460,240.2400000000001,3.333333333333333
0,0,1,11,2,1,False,10920,243.93600000000006,3.333333333333333
0,0,1,11,1,2,False,5460,225.45600000000005,3.333333333333333
0,0,1,10,4,0,False,15015,246.4,3.0
0,0,1,10,3,1,False,45045,260.48,3.0
0,0,1,10,2,2,False,45045,253.44000000000003,3.0
0,0,1,10,1,3,False,15015,225.28000000000003,3.5
0,0,1,9,5,0,False,30030,250.80000000000004,3.1578947368421053
0,0,1,9,4,1,False,120120,274.208,3.1578947368421053
0,0,1,9,3,2,False,180180,277.5520000000001,3.1578947368421053
0,0,1,9,2,3,False,120120,260.83200000000005,3.1578947368421053
0,0,1,9,1,4,False,30030,224.04800000000006,3.68421052631579
0,0,1,8,6,0,False,45045,237.60000000000005,3.333333333333333
0,0,1,8,5,1,False,225225,285.12000000000006,2.7777777777777777
0,0,1,8,4,2,False,450450,297.7920000000001,2.7777777777777777
0,0,1,8,3,3,False,450450,291.4560000000001,2.7777777777777777
0,0,1,8,2,4,False,225225,266.1120000000001,2.7777777777777777
0,0,1,8,1,5,False,45045,221.76000000000002,3.333333333333333
0,0,1,7,7,0,False,51480,224.40000000000006,3.529411764705882
0,0,1,7,6,1,False,308880,269.2800000000001,2.941176470588235
0,0,1,7,5,2,False,772200,314.1600000000001,2.352941176470588
0,0,1,7,4,3,False,1029600,317.15200000000016,2.352941176470588
0,0,1,7,3,4,False,772200,302.1920000000002,2.941176470588235
0,0,1,7,2,5,False,308880,269.2800000000001,2.941176470588235
0,0,1,7,1,6,False,51480,218.41600000000005,3.529411764705882
0,0,1,6,8,0,False,45045,211.20000000000005,3.75
0,0,1,6,7,1,False,315315,253.44000000000005,3.125
0,0,1,6,6,2,False,945945,295.68000000000006,2.5
0,0,1,6,5,3,False,1576575,337.9200000000001,2.5
0,0,1,6,4,4,False,1576575,332.2880000000001,2.5
0,0,1,6,3,5,False,945945,309.7600000000001,2.5
0,0,1,6,2,6,False,315315,270.33600000000007,3.125
0,0,1,6,1,7,False,45045,214.01600000000005,3.75
0,0,1,5,9,0,False,30030,198.00000000000006,4.0
0,0,1,5,8,1,False,240240,237.60000000000005,3.3333333333333335
0,0,1,5,7,2,False,840840,277.20000000000005,2.6666666666666665
0,0,1,5,6,3,False,1681680,316.8,2.6666666666666665
0,0,1,5,5,4,False,2102100,356.4000000000001,2.6666666666666665
0,0,1,5,4,5,False,1681680,343.2000000000001,2.6666666666666665
0,0,1,5,3,6,False,840840,314.16,2.6666666666666665
0,0,1,5,2,7,False,240240,269.2800000000001,3.3333333333333335
0,0,1,5,1,8,False,30030,208.56000000000006,4.0
0,0,1,4,10,0,False,15015,184.80000000000004,4.285714285714286
0,0,1,4,9,1,False,135135,221.76000000000005,3.5714285714285716
0,0,1,4,8,2,False,540540,258.72,2.857142857142857
0,0,1,4,7,3,False,1261260,295.68,2.857142857142857
0,0,1,4,6,4,False,1891890,332.64000000000004,2.857142857142857
0,0,1,4,5,5,False,1891890,369.6000000000001,2.142857142857143
0,0,1,4,4,6,False,1261260,349.88800000000003,2.142857142857143
0,0,1,4,3,7,False,540540,315.3920000000001,2.857142857142857
0,0,1,4,2,8,False,135135,266.112,2.857142857142857
0,0,1,4,1,9,False,15015,202.04800000000003,4.285714285714286
0,0,1,3,11,0,False,5460,171.60000000000005,4.615384615384615
0,0,1,3,10,1,False,54600,205.92000000000004,3.846153846153846
0,0,1,3,9,2,False,245700,240.24000000000007,3.0769230769230766
0,0,1,3,8,3,False,655200,274.56000000000006,3.0769230769230766
0,0,1,3,7,4,False,1146600,308.88000000000005,3.0769230769230766
0,0,1,3,6,5,False,1375920,343.2000000000001,2.3076923076923075
0,0,1,3,5,6,False,1146600,377.52000000000004,2.3076923076923075
0,0,1,3,4,7,False,655200,352.3520000000001,2.3076923076923075
0,0,1,3,3,8,False,245700,313.4560000000001,3.0769230769230766
0,0,1,3,2,9,False,54600,260.83200000000005,3.0769230769230766
0,0,1,3,1,10,False,5460,194.48000000000008,3.846153846153846
0,0,1,2,12,0,False,1365,158.40000000000003,5.0
0,0,1,2,11,1,False,15015,190.08000000000004,4.166666666666667
0,0,1,2,10,2,False,75075,221.76000000000005,3.3333333333333335
0,0,1,2,9,3,False,225225,253.44,3.3333333333333335
0,0,1,2,8,4,False,450450,285.12000000000006,3.3333333333333335
0,0,1,2,7,5,False,630630,316.80000000000007,2.5
0,0,1,2,6,6,False,630630,348.48,2.5
0,0,1,2,5,7,False,450450,380.1600000000001,2.5
0,0,1,2,4,8,False,225225,350.59200000000004,2.5
0,0,1,2,3,9,False,75075,308.35200000000003,2.5
0,0,1,2,2,10,False,15015,253.44000000000005,3.3333333333333335
0,0,1,2,1,11,False,1365,185.85600000000002,4.166666666666667
0,0,1,1,13,0,False,210,145.20000000000005,5.454545454545454
0,0,1,1,12,1,False,2520,174.24000000000004,4.545454545454545
0,0,1,1,11,2,False,13860,203.28000000000006,3.6363636363636362
0,0,1,1,10,3,False,46200,232.32000000000005,3.6363636363636362
0,0,1,1,9,4,False,103950,261.36000000000007,3.6363636363636362
0,0,1,1,8,5,False,166320,290.4000000000001,2.727272727272727
0,0,1,1,7,6,False,194040,319.44000000000005,2.727272727272727
0,0,1,1,6,7,False,166320,348.4800000000001,2.727272727272727
0,0,1,1,5,8,False,103950,377.5200000000001,2.727272727272727
0,0,1,1,4,9,False,46200,344.60800000000006,2.727272727272727
0,0,1,1,3,10,False,13860,300.08000000000015,2.727272727272727
0,0,1,1,2,11,False,2520,243.93600000000006,3.6363636363636362
0,0,1,1,1,12,False,210,176.17600000000004,4.545454545454545
0,0,1,0,14,0,False,15,132.00000000000003,6.0
0,0,1,0,13,1,False,195,158.40000000000003,5.0
0,0,1,0,12,2,False,1170,184.80000000000004,4.0
0,0,1,0,11,3,False,4290,211.20000000000002,4.0
0,0,1,0,10,4,False,10725,237.60000000000005,4.0
0,0,1,0,9,5,False,19305,264.00000000000006,3.0
0,0,1,0,8,6,False,25740,290.40000000000003,3.0
0,0,1,0,7,7,False,25740,316.80000000000007,3.0
0,0,1,0,6,8,False,19305,343.20000000000005,3.0
0,0,1,0,5,9,False,10725,369.6,2.0
0,0,1,0,4,10,False,4290,334.4000000000001,3.0
0,0,1,0,3,11,False,1170,288.64000000000004,3.0
0,0,1,0,2,12,False,195,232.32,4.0
0,0,1,0,1,13,False,15,165.44000000000005,5.0
0,0,0,15,0,0,False,1,200.0,4.0
0,0,0,14,1,0,False,15,211.20000000000007,3.7499999999999996
0,0,0,13,2,0,False,105,220.79999999999998,3.4782608695652177
0,0,0,13,1,1,False,105,213.44,3.4782608695652177
0,0,0,12,3,0,False,455,228.8,3.6363636363636362
0,0,0,12,2,1,False,910,232.32000000000005,3.1818181818181817
0,0,0,12,1,2,False,455,214.72000000000003,3.6363636363636362
0,0,0,11,4,0,False,1365,235.20000000000002,3.333333333333333
0,0,0,11,3,1,False,4095,248.64000000000001,3.333333333333333
0,0,0,11,2,2,False,4095,241.92000000000002,3.333333333333333
0,0,0,11,1,3,False,1365,215.04000000000002,3.8095238095238093
0,0,0,10,5,0,False,3003,240.0,3.5
0,0,0,10,4,1,False,12012,262.40000000000003,3.0
0,0,0,10,3,2,False,18018,265.6,3.0
0,0,0,10,2,3,False,12012,249.60000000000002,3.0
0,0,0,10,1,4,False,3003,214.4,3.5
0,0,0,9,6,0,False,5005,228.0,3.68421052631579
0,0,0,9,5,1,False,25025,273.59999999999997,3.1578947368421053
0,0,0,9,4,2,False,50050,285.76,2.6315789473684212
0,0,0,9,3,3,False,50050,279.68,3.1578947368421053
0,0,0,9,2,4,False,25025,255.36000000000004,3.1578947368421053
0,0,0,9,1,5,False,5005,212.79999999999998,3.68421052631579
0,0,0,8,7,0,False,6435,216.0,3.888888888888889
0,0,0,8,6,1,False,38610,259.2,3.333333333333333
0,0,0,8,5,2,False,96525,302.40000000000003,2.7777777777777777
0,0,0,8,4,3,False,128700,305.28000000000003,2.7777777777777777
0,0,0,8,3,4,False,96525,290.8800000000001,2.7777777777777777
0,0,0,8,2,5,False,38610,259.2,3.333333333333333
0,0,0,8,1,6,False,6435,210.24000000000004,3.888888888888889
0,0,0,7,8,0,False,6435,204.00000000000003,4.117647058823529
0,0,0,7,7,1,False,45045,244.8,3.529411764705882
0,0,0,7,6,2,False,135135,285.6,2.941176470588235
0,0,0,7,5,3,False,225225,326.40000000000003,2.352941176470588
0,0,0,7,4,4,False,225225,320.9600000000001,2.352941176470588
0,0,0,7,3,5,False,135135,299.2000000000001,2.941176470588235
0,0,0,7,2,6,False,45045,261.12000000000006,2.941176470588235
0,0,0,7,1,7,False,6435,206.72000000000003,4.117647058823529
0,0,0,6,9,0,False,5005,192.0,4.375
0,0,0,6,8,1,False,40040,230.4,3.75
0,0,0,6,7,2,False,140140,268.8,3.125
0,0,0,6,6,3,False,280280,307.20000000000005,2.5
0,0,0,6,5,4,False,350350,345.6,2.5
0,0,0,6,4,5,False,280280,332.8,2.5
0,0,0,6,3,6,False,140140,304.64000000000004,2.5
0,0,0,6,2,7,False,40040,261.12000000000006,3.125
0,0,0,6,1,8,False,5005,202.24,3.75
0,0,0,5,10,0,False,3003,180.0,4.666666666666667
0,0,0,5,9,1,False,27027,216.0,4.0
0,0,0,5,8,2,False,108108,252.0,3.3333333333333335
0,0,0,5,7,3,False,252252,288.0,2.6666666666666665
0,0,0,5,6,4,False,378378,324.0,2.6666666666666665
0,0,0,5,5,5,False,378378,360.0,2.6666666666666665
0,0,0,5,4,6,False,252252,340.8,2.6666666666666665
0,0,0,5,3,7,False,108108,307.2000000000001,2.6666666666666665
0,0,0,5,2,8,False,27027,259.20000000000005,3.3333333333333335
0,0,0,5,1,9,False,3003,196.8,4.0
0,0,0,4,11,0,False,1365,168.0,5.0
0,0,0,4,10,1,False,13650,201.6,4.285714285714286
0,0,0,4,9,2,False,61425,235.2,3.5714285714285716
0,0,0,4,8,3,False,163800,268.79999999999995,2.857142857142857
0,0,0,4,7,4,False,286650,302.4,2.857142857142857
0,0,0,4,6,5,False,343980,336.0,2.857142857142857
0,0,0,4,5,6,False,286650,369.59999999999997,2.142857142857143
0,0,0,4,4,7,False,163800,344.96,2.142857142857143
0,0,0,4,3,8,False,61425,306.88,2.857142857142857
0,0,0,4,2,9,False,13650,255.35999999999996,3.5714285714285716
0,0,0,4,1,10,False,1365,190.40000000000003,4.285714285714286
0,0,0,3,12,0,False,455,156.0,5.384615384615384
0,0,0,3,11,1,False,5005,187.20000000000002,4.615384615384615
0,0,0,3,10,2,False,25025,218.4,3.846153846153846
0,0,0,3,9,3,False,75075,249.60000000000002,3.0769230769230766
0,0,0,3,8,4,False,150150,280.8,3.0769230769230766
0,0,0,3,7,5,False,210210,312.0,3.0769230769230766
0,0,0,3,6,6,False,210210,343.2,2.3076923076923075
0,0,0,3,5,7,False,150150,374.40000000000003,2.3076923076923075
0,0,0,3,4,8,False,75075,345.28000000000003,2.3076923076923075
0,0,0,3,3,9,False,25025,303.68000000000006,3.0769230769230766
0,0,0,3,2,10,False,5005,249.60000000000005,3.0769230769230766
0,0,0,3,1,11,False,455,183.04000000000002,4.615384615384615
0,0,0,2,13,0,False,105,144.0,5.833333333333334
0,0,0,2,12,1,False,1260,172.79999999999998,5.0
0,0,0,2,11,2,False,6930,201.6,4.166666666666667
0,0,0,2,10,3,False,23100,230.39999999999998,3.3333333333333335
0,0,0,2,9,4,False,51975,259.2,3.3333333333333335
0,0,0,2,8,5,False,83160,288.0,3.3333333333333335
0,0,0,2,7,6,False,97020,316.8,2.5
0,0,0,2,6,7,False,83160,345.59999999999997,2.5
0,0,0,2,5,8,False,51975,374.4,2.5
0,0,0,2,4,9,False,23100,341.75999999999993,2.5
0,0,0,2,3,10,False,6930,297.6000000000001,2.5
0,0,0,2,2,11,False,1260,241.92000000000002,3.3333333333333335
0,0,0,2,1,12,False,105,174.72,5.0
0,0,0,1,14,0,False,15,132.0,6.363636363636363
0,0,0,1,13,1,False,195,158.4,5.454545454545454
0,0,0,1,12,2,False,1170,184.8,4.545454545454545
0,0,0,1,11,3,False,4290,211.20000000000002,3.6363636363636362
0,0,0,1,10,4,False,10725,237.60000000000002,3.6363636363636362
0,0,0,1,9,5,False,19305,264.0,3.6363636363636362
0,0,0,1,8,6,False,25740,290.40000000000003,2.727272727272727
0,0,0,1,7,7,False,25740,316.8,2.727272727272727
0,0,0,1,6,8,False,19305,343.20000000000005,2.727272727272727
0,0,0,1,5,9,False,10725,369.6,2.727272727272727
0,0,0,1,4,10,False,4290,334.40000000000003,2.727272727272727
0,0,0,1,3,11,False,1170,288.64000000000004,2.727272727272727
0,0,0,1,2,12,False,195,232.31999999999996,3.6363636363636362
0,0,0,1,1,13,False,15,165.44000000000003,4.545454545454545
0,0,0,0,15,0,False,1,120.0,7.0
0,0,0,0,14,1,False,14,144.0,6.0
0,0,0,0,13,2,False,91,168.0,5.0
0,0,0,0,12,3,False,364,192.0,4.0
0,0,0,0,11,4,False,1001,216.0,4.0
0,0,0,0,10,5,False,2002,240.0,4.0
0,0,0,0,9,6,False,3003,264.0,3.0
0,0,0,0,8,7,False,3432,288.0,3.0
0,0,0,0,7,8,False,3003,312.0,3.0
0,0,0,0,6,9,False,2002,336.0,3.0
0,0,0,0,5,10,False,1001,360.0,3.0
0,0,0,0,4,11,False,364,323.20000000000005,3.0
0,0,0,0,3,12,False,91,276.8,3.0
0,0,0,0,2,13,False,14,220.8,4.0
0,0,0,0,1,14,False,1,155.20000000000002,5.0
